userName,score,content,at,thumbsUpCount,source,category
Kayanat Anika,1,honestly i think there is a problem cuz i can't download it,2026-03-12 23:21:40,0,ali-express_reviews,other
Nunya Biz,5,"apparently when i set settings for notifications, and turn off specific ones because i hate being spammed, your company ignores it. i don't need to be notified 5 times a day because you think i need to know that fingernail clippers are on sale. stop it.",2026-03-12 22:42:39,4,ali-express_reviews,other
Samarth Sandeep,1,this is by far the worst app i have bought 3 products from it and non of them have came and when i contact the shipping company they instantly hang up highly whould not recommend most of the 5 star reviews are probobly bots and this is one of the worst apps do not install or use and the same happend to my friend,2026-03-12 22:14:26,0,ali-express_reviews,delivery_shipping
Rubysu aka Natalie Debler,3,"my first package arrived, but with counterfeit postage! i had to pay an extra $13.75 to get from my local post office! i hope the other 2 do not happen this way!!",2026-03-12 21:38:03,0,ali-express_reviews,delivery_shipping
Toni Dawn Moore,4,never shopped there yet,2026-03-12 21:24:39,0,ali-express_reviews,other
Asia Johnson,3,buy from these guys,2026-03-12 20:36:18,0,ali-express_reviews,other
Lebohang Pasane,1,"worst experience ever, they were so nice before i bought but after i bought they became cold and negligent. they lied and said my order is in my country but it never arrived. if that's how they go about scamming people, judgement is surely to befall them. i forgive you, no strings attached. i just feel sorry for you.",2026-03-12 20:04:32,0,ali-express_reviews,other
Charles Jenkins,5,i like the app i've only had it a couple days but it is better than doing surveys,2026-03-12 20:00:07,0,ali-express_reviews,app_usability
Falodun Akinwale,4,nice app...has very good and genuine products vendors are good,2026-03-12 19:48:10,0,ali-express_reviews,app_usability
e G,1,imma have to give this one star ⭐ only because of it's false advertisement on the pricing.,2026-03-12 19:22:18,0,ali-express_reviews,other
Dash Mxt,1,if you're in need of the products very quickly you may get a heart attack coz they take forever and you may even forget and think it's a scam,2026-03-12 19:19:55,0,ali-express_reviews,scam_trust
Honor Ao,1,"the item i ordered never arrived.... i also reorder, still nothing.... waste of money....on this apk",2026-03-12 18:57:06,0,ali-express_reviews,other
Michael Ward,1,"i've tried contacting aliexpress on numerous occasions with no reply,i ordered an item in january and order still not arrived checked tracker saying shipment cancelled but have no explanation into when it will arrive lost patience with them,why can't i have some communication.",2026-03-12 18:54:50,0,ali-express_reviews,customer_service
Nyanda,2,"these people are scammers, if you buy something that comes in bulk or that is more than one, (like the turquoise rings, that comes in more than one size, a mix, that comes in 20/30pcs, that i have not received) , they don't show up mysteriously, and they blame you and the carrier. but items that were bought that is single items or set, oh those show up fine no problem. then they don't want to refund you back anything. these are not honest, or godly people, it's a facade to sale their products.",2026-03-12 18:47:06,1,ali-express_reviews,refund_return
Karl Carroll,3,why do i need this app to track my package? why can't i do it online through a browser exactly?,2026-03-12 18:00:39,0,ali-express_reviews,delivery_shipping
Cynthia Butler,3,ad said pick 3 free items i picked them then they said it would cost me $8.00 to recieve them how is that free?false advertising,2026-03-12 17:20:41,0,ali-express_reviews,pricing_discount
GIZMO SATANICO,1,i can not sign in 10003 server or network error,2026-03-12 16:56:00,0,ali-express_reviews,app_usability
Rahl Gadu,5,למה זה לא מוריד לי ניסיתי אד 24 שאות אפילו יתמול,2026-03-12 16:48:37,0,ali-express_reviews,other
Zelda Hulley,1,funny how the discount is removed as soon as you need to pay,2026-03-12 14:39:26,0,ali-express_reviews,pricing_discount
Sara Oliver,5,easy shopping with fun innovative broad selections,2026-03-12 14:36:42,0,ali-express_reviews,other
Candy Biehle,1,never got my stuff i paid for my watch ⌚ daughter jerrika kids cup or cap for her head pissed off please fix the problem,2026-03-12 14:12:58,0,ali-express_reviews,other
Joni Shkembi,1,very high prices as if they are selling diamonds,2026-03-12 13:05:50,0,ali-express_reviews,other
Jagger Norden,2,prices are good but i hate that choice thing. almost everything is a choice. i want to buy one thing not three. please remove this aliexpress,2026-03-12 13:02:02,1,ali-express_reviews,other
Jesson,1,"brought faulty item, refused credit or refund, unable to submit video or pictures due to their site not accepting the files even though format was correct, uninstalling over a mere $12",2026-03-12 12:23:59,0,ali-express_reviews,refund_return
Jamie Harris,1,"when i unsubscribe from certain notification categories, i still receive notifications for those categories. this practice is unlawful.",2026-03-12 10:41:23,0,ali-express_reviews,ads_promotions
Michael K,1,"aliexpress has reached a new low. not only did they fail to deliver a combined shipment of multiple items, but they also provided false tracking information to paypal to block a legitimate refund. the support is non-existent, and the 'buyer protection' is a complete fabrication. i am now escalating this as a fraudulent transaction through my credit card company to force a chargeback. do not trust this platform with your money; they will lie to payment processors to avoid taking responsibility",2026-03-12 10:28:27,1,ali-express_reviews,delivery_shipping
rrockstaarr,1,"terrible app, havnt received my orders and its been well over a month no refund. they keep replying that someone will get back to me within 24-48 hours so i message every three days and still the same response. do not buy from here !!!",2026-03-12 10:18:33,1,ali-express_reviews,refund_return
Cynthia Swartout,1,it's just not for me i unsubscribed and i still get emails from them. i am not interested in this company and don't know why i still get emails from them when i unsubscribed i wish they would stop sending me emails please and thank you.,2026-03-12 09:46:43,0,ali-express_reviews,other
John Ogba,1,"very bad experience. i bought a fake and damaged glasses no compensation. i just wasted my £32.99 for nothing. i did not use the video camera glasses twice, it stopped charging and all of a sudden the glasses pulled out from the lens. i am so disappointed that your customer service said they cannot do anything that means i should dispose the glasses and lose my money. i will continue to give you bad feedback if nothing is done.",2026-03-12 09:40:26,0,ali-express_reviews,refund_return
Martin Gray,1,"tried this and ordered a few things through one of their offers. the package arrived with yodel, left on my doorstep for hours. finally got home and opened it and half the items are missing and the ""customer support"" is unable to figure out i want a refund or the items replacing. keep trying to blame courier. edit - went through the horrendous refund process where you have to raise a refund per item missing. all got rejected as i have no proof from the courier and didn't video the opening? crazy",2026-03-12 09:22:16,1,ali-express_reviews,delivery_shipping
Hans Ko,1,"site that dispose off factory defects at attractive prices, as well as advertised for one thing and shipped you another. customer service for return & refund are a nightmare as many here have already stated. don't fall for this scam site!",2026-03-12 09:12:24,1,ali-express_reviews,refund_return
Arminas Matulevicius,5,i couldn't say anything bad is like amazon but cheaper a lot cheaper and u get prizes....,2026-03-12 08:39:04,0,ali-express_reviews,other
Gary Shaw,3,"it's ok to play games and shop, really not for me",2026-03-12 08:08:25,0,ali-express_reviews,other
Thomas Arthur,5,amazed,2026-03-12 07:25:11,0,ali-express_reviews,other
See Ro,5,l'app è meravigliosa ma vogliamo di nuovo per i nuovi utenti l'offerta del 0.99€ oppure 3 articoli con 3€ di disconto,2026-03-12 07:21:47,0,ali-express_reviews,app_usability
Senzo blessing Cele,5,yes i will pay,2026-03-12 06:20:22,0,ali-express_reviews,other
Zachary Hernandez,1,"signed up for an account and instantly got my account locked before i could even make my first purchase. when i appealed, they still didn't tell me why my account was locked. waste of my time.",2026-03-12 05:26:23,0,ali-express_reviews,other
Paris Tunc,1,crime gang,2026-03-12 04:52:53,0,ali-express_reviews,other
Paris Tunc,1,"there r seller send me a scam 2kg battery instead of 20kg and 160$ they charged me after 2 weeks they make me still stuck to in limbo and i read all review and he is a well known con artist as many people had same l. so this is a criminal minded company for not cancelling those fraud. r:everyday, multiple times and they did nothing. as i warned them to put bank into case to give a total black list for that brand and they didn't listen and i got email that they are paying me and they willpenalise",2026-03-12 04:45:50,0,ali-express_reviews,ads_promotions
Emily Coleman,5,everything is so cheap and easy to order and receive it on time and it's always good products,2026-03-12 01:45:45,0,ali-express_reviews,pricing_discount
Ankur Jain,1,"in simple words, pathetic experience with aliexpress. all the best whoever using their portal.",2026-03-12 01:40:07,0,ali-express_reviews,other
ПСИХОПАТИНА,1,lies at every turn,2026-03-12 01:37:03,0,ali-express_reviews,other
Eyo Peter,3,"if you are ordering from nigeria just know that it's a one way trip. if item is damaged, you won't be able to return it. i've lost serious money because of this. almost 100k after one of the sellers sent me a amoled display that doesn't work. the platform doesn't have a realistic return logistics for nigeria like temu. so if you can take the risk then go ahead.",2026-03-12 01:16:13,1,ali-express_reviews,refund_return
Leashanta Chism,1,i wish i could give it a minus i had a package stolen even have a police report and couldn't get a refund,2026-03-12 01:02:10,0,ali-express_reviews,delivery_shipping
Ruth Mawson,1,my account is locked. i've never used aliexpress. download this again. same thing you're account is locked. tried to sign in. wouldn't have email. phone number. first of all no uk code. suddenly i'm on the aliexpress site. go to look at something.. please sign in with your phone number. please enter a valid phone number. i enter it again this time with the uk code in front. please enter a valid phone number. never again. uninstalling,2026-03-12 00:58:13,2,ali-express_reviews,app_usability
Scott Conder,1,sellers photos and descriptions are misleading. prices have gotten too high. sellers have raised prices by 500% on most items. not worth it. the search algorithm is garbage. aliexpress needs to govern the seller's actions better. i waste too much time looking for what i want. i get frustrated and go to ebay instead.,2026-03-12 00:27:03,4,ali-express_reviews,other
Mr Smith,1,has stopped accepting my debit/credit card.,2026-03-12 00:05:51,0,ali-express_reviews,other
Faith McLean,5,i love aliexpress they're so much better than another online place where you can buy stuff you can buy something for $2 off of here you don't have to spend 20 like you do on the other website so far i have not been disappointed on anything i bought from them and i have bought a lot of stuff and just a month and a half i've bought over 100 items if not more,2026-03-11 23:58:23,0,ali-express_reviews,other
Christopher Atkin,5,"i thought this was going to be like wish or temu, where they make these wild claims of free stuff or discounts under a buck, the weirdest thing happened though, they were telling the truth. now they aren't making extravagant claims like the others, but the ones they are making, they honor them. i have my whole family ordering from them. long shipping times are the only downside, not even enough to knock a star off because they tell you in advance how long it will take.",2026-03-11 23:56:47,0,ali-express_reviews,delivery_shipping
Lio B10,1,3 packages never received. arrived to wrong city. no one answered 4 mails. sent back. no refund. now aliexpress take no responsibility. never again order with them,2026-03-11 21:57:21,0,ali-express_reviews,refund_return
Adina L,5,"there are many items to see from different vendors. be sure to read product reviews and use common sense. you can find great items and if things do not work out like expected, the customer service is there to help and is amazing.",2026-03-11 21:55:53,1,ali-express_reviews,customer_service
Marcie Graham,1,never got my stuff.. they lied about the mailing source. don't trust them... i lost out on my money too. temu is better,2026-03-11 21:53:27,0,ali-express_reviews,scam_trust
Dontae Hufflin,5,awesome services. never have had a single issue. they send what is advertised every single time and you can't beat their prices or their products! temu & wish have nothing on aliexpress!,2026-03-11 21:14:59,0,ali-express_reviews,other
Jo Carbonell,1,i orrderd window tint and that was two weeks ago . still nothing .guess the delivery person wanted the package more .or they just decided not to fill the order and keep the money..why you think things are cheap on advertising.they keep your money .,2026-03-11 17:23:22,0,ali-express_reviews,delivery_shipping
Ammar M.Ahmad,5,very nice app,2026-03-11 16:56:04,0,ali-express_reviews,app_usability
Bridgette Schram,1,"horrible business, avoid at all cost. i was missing an item from my order and they refused a refund. asked me to prove that i never received it. use temu, faster shipping, reliable, and excellent customer service.",2026-03-11 16:39:01,1,ali-express_reviews,delivery_shipping
Nicole Trammell,5,fun. 😛😛,2026-03-11 15:29:00,0,ali-express_reviews,other
tjan putri,1,honestly i havent experience the app because i couldnt use it. i live in indonesia and i downloaded this shopping app because i saw cute bags in this app but when i oppened it you need to choose the country or region where you live right? so i searched for my country indonesia but i only saw my neighbouring country malaysia so i couldnt experience the full shopping experience i hope you could add indonesia to you app please.,2026-03-11 15:12:44,1,ali-express_reviews,app_usability
Matas Matas,5,this is the good app i'm not going to lie i found garbage items that could explode easily,2026-03-11 13:54:08,0,ali-express_reviews,app_usability
D Bier,1,"absolute garbage. i dint suggest this app, as when you make a purchase over $50, and its stolen, you lose your money, time, and sanity. there is no customer service and theres even less in these low quality items i tried to get a refund for stolen package 5 times!, they said prove it... how does one do that? how can i prove that i shook a person's hand i just met. app is stupid and pointless. go to temu.",2026-03-11 13:52:46,0,ali-express_reviews,delivery_shipping
CATCH22,3,sellers are polite and helpful but some use chat bots that when an item is not sent you can't get a satisfactory answer .,2026-03-11 13:23:47,1,ali-express_reviews,other
J,5,it's s really good app and all the products come in good shape and it has affordable prices,2026-03-11 12:05:12,0,ali-express_reviews,app_usability
Sara J,1,no where to register for an account 😕,2026-03-11 11:22:59,0,ali-express_reviews,other
Coems,1,ordered a charger waited for 10 days when it arrived at my county the order was unsucesfull.,2026-03-11 08:54:13,1,ali-express_reviews,other
Benjamin Brewer,4,i like this app very good,2026-03-11 08:53:13,0,ali-express_reviews,app_usability
Jaco van As,1,i was hesitant from the start and should have trusted my gut. aliexpress is a scam. you wait for ever to get your product and then they robbed you by not giving it the way you ordered. when you complain they put it on you to provide solid proof. the you do that and they say it's still not enough proof. i just lost money. what a scam. will be reporting this to play store as well.,2026-03-11 08:42:40,1,ali-express_reviews,scam_trust
philip paranthoiene,4,"nb , i never give 5 stars for anything so 4 stars is a maximum. i had an issue with a delivery, got to my country, then disappeared.ali express were prompt and courteous to deal with it . i was eventually refunded the full amount. i have now purchased the same item again.",2026-03-11 08:06:57,0,ali-express_reviews,delivery_shipping
Alex,1,"i can not buy from their shop. it doesn't allow me to use my real name. their customer service, even email, is ai and goes in circles. if they don't want me to buy, fine, that's on them.",2026-03-11 07:43:39,1,ali-express_reviews,customer_service
Alex likes dogs,1,"very slow.it shows gross images no matter what you look up,things like infections or sexual images. if an item says delivered and you didn't get it, you don't get a refund. the page refreshes every time i try to get one, so i just cant. also has things like swastikas and l0li. the customer service doesn't help and you have to take 50 pictures of each item to return it, even if you didn't get the item? literally no way to get refunds. do not install.",2026-03-11 06:46:07,12,ali-express_reviews,refund_return
Ronnie,1,full of scammers. constantly spamming emails and push notifications. dogs,2026-03-11 04:56:46,1,ali-express_reviews,other
Ethel Reid,1,it's not letting me pick what i want,2026-03-11 04:43:07,0,ali-express_reviews,other
Kimberly Dumas,1,this sells your credit card number,2026-03-11 04:25:58,0,ali-express_reviews,other
Tammy Skifstad,5,useful,2026-03-11 03:40:25,0,ali-express_reviews,other
Craig Maybury,1,the app is crashing constantly now i cant acess the play and earm area at all.,2026-03-11 02:53:35,0,ali-express_reviews,app_usability
King Cardigan,4,"terrible experience on a z fold! all my other samsung devices, this app is cool. but on the fold, it's ... well all i will say is that it's confusing. it's so confusing i cannot describe it except it looks like there are two aliexpress apps running side by side and you don't know which one to use. so annoying.",2026-03-11 02:26:43,0,ali-express_reviews,app_usability
Rob G,1,terrible customer service. impossible to get your money back when a faulty product is shipped,2026-03-11 02:20:19,1,ali-express_reviews,product_quality
Dirty South 316,1,absolute jokedo not use this website absolute joke,2026-03-11 00:23:02,1,ali-express_reviews,other
Hassan Jones,1,"they did not deliver my package. when i asked for a refund or for a replacement, i was ignored and never received anything back regarding the situation.",2026-03-10 23:58:35,1,ali-express_reviews,delivery_shipping
Kevin Mcmahon,4,excellent 👍🏻💯,2026-03-10 23:47:10,0,ali-express_reviews,other
Matt Schellhaas,5,i lalalaley try aliexpress before and thery are not freaking scammers trust me aliexpress it's good,2026-03-10 23:33:59,0,ali-express_reviews,scam_trust
Ti to,5,شكرا لجهودكم,2026-03-10 23:33:12,0,ali-express_reviews,other
Eric Laforge,1,i always get scammed. they always find a way.,2026-03-10 23:15:15,198,ali-express_reviews,other
Zack,1,signed up and it instantly started spamming me. uninstalled,2026-03-10 21:40:26,1,ali-express_reviews,other
Promise Abumere,1,"i was scammed by aliexpress, seller accept to do a partial refund for a defective item, yet aliexpress refused to no refund and complete. the lcd screen i purchase, the fame doesn't fit pouches and doesn't touch well, i followed all the instructions when fix it, but it not the case, i am complaining about the overheating and the frame side, the heat sink on the frame is small unlike the original screen, some parts does not touch. i try another screen different from the screen i order it worked",2026-03-10 20:18:45,1,ali-express_reviews,refund_return
Sonia Ikie,1,awful scammers my transaction history is lost after paying for goods,2026-03-10 19:19:07,1,ali-express_reviews,other
Atif Ahmed,5,good,2026-03-10 17:21:46,0,ali-express_reviews,other
Mike M,2,advertising one thing but sending another. still waiting for their customer service to get back to me on my order,2026-03-10 16:17:36,1,ali-express_reviews,customer_service
Keno Ken,1,"worst customer service in the world. they keep repeating the same answer over and over again, ignoring the customers completely. they also allow so many counterfeit and fraudulent items, like ""2tb thumb drives for $5!"". they don't only refuse to take obvious scams down, they seem to encourage them. zero care for their users.",2026-03-10 15:46:49,1,ali-express_reviews,product_quality
Enrique El Sato de Hato Rey,2,i prefer the website. the app is buggy and doesn't offer much.,2026-03-10 13:31:02,1,ali-express_reviews,app_usability
GTepanator,1,app kept sending me here. one star for my troubles,2026-03-10 12:59:45,1,ali-express_reviews,app_usability
Evarest Natse,1,"ali express are the worst i've been following up on a refund for 4 months and till today i have never gotten my money back, the app is full of scammers who just want your money, don't buy anything from ali express again!!",2026-03-10 12:19:25,1,ali-express_reviews,refund_return
Patryk,4,"na stronie z punktami, pokazują się losowe zniżki, których nie da się uzyskać. mocno utrudnia to zakupy. edit. okazało się że procentowa zniżka obok produktu uwzględnia też kupon zniżkowy a nie tylko punkty. nadal uważam że nie powinno tak być, bo jest ikona punktu obok zniżki.",2026-03-10 12:11:14,0,ali-express_reviews,other
Phil,1,"i am trying to get a simple refund for something that is clearly not going to be delivered and i ordered a long time ago. instead of simply refunding my money which is less than €3, i am getting a big runaround by stupid little bots. they will not refund my money or at least i think they won't. by the time i'm finished with aliexpress they're going to wish they had refunded it",2026-03-10 11:37:23,1,ali-express_reviews,refund_return
Russell Perkins,1,"disgusting treatment. false advertising a pair of products that were sold but never recieved. claiming it was only one of the items when ive got evidence from advert and order receipt. delayed delayed delayed. now im still fighting for a refund 2 months down the line. never been treated like this by a company and their seller. watch out for navrider seller, total scam. ali express are enabling many like them and withholding my refund after admission of negligence.",2026-03-10 10:50:39,1,ali-express_reviews,refund_return
Anthoz Duppiez,4,i love this app,2026-03-10 09:31:45,0,ali-express_reviews,app_usability
Kyri J,1,"as a long term loyal customer it is clear that sellers and aliexpress work together against their customers when problems arise.misleading adverts, documented verbal abuse from sellers when legitimately complaining, aliexpress really does not care to act, even after appeals.when you order something, your probability of success in return is very low if there is a problem, shipping is often not covered.""contact support so we can help"" is an automated waste of time and endless loop.",2026-03-10 09:12:56,1,ali-express_reviews,delivery_shipping
Misty Vanhorn,5,fast delivery & good prices on most the items. products look good..,2026-03-10 07:58:37,0,ali-express_reviews,delivery_shipping
Johan Spruyt,1,"i do not recommend aliexpress. ordered item never received. after tracking it appears the item was never sent. no item and no refund. they say item is in local customs, yet when contacting customs, they find nothing under the supplied tracking number. shop on own risk!",2026-03-10 06:37:24,1,ali-express_reviews,delivery_shipping
Xzaevory Gonzalez,3,👍,2026-03-10 06:16:52,1,ali-express_reviews,other
David GIlmore,5,excellent,2026-03-10 06:11:11,0,ali-express_reviews,other
Angela Stern,1,garbage no comment,2026-03-10 06:11:01,1,ali-express_reviews,other
S LMK,1,"really sick of the constant pop ups and ads. just let me purchase in peace ffs. unable to turn off constant promotional messages from stores, which flood your message center until it's impossible to find important messages. the user experience could not possibly be more frustrating, i do not want to play a stupid mobile game for coins. absolute masterclass in user-hostile, hateful design.",2026-03-10 05:43:29,3,ali-express_reviews,other
Tia Cummings,5,great app love it,2026-03-10 04:53:59,0,ali-express_reviews,app_usability
Katelyn Selvaggio,2,"i bought a pair of earbuds but the charger was completely broken and they don't work, i also bought other stuff and they arrived broken and unusable",2026-03-10 02:58:21,2,ali-express_reviews,product_quality
Holly Benitez,5,i purchased a set of ear buds for.99 and i've been so happy with them now i'm going to try to make another purchase for another great item 😀,2026-03-10 02:35:23,0,ali-express_reviews,other
Kinsley,5,i love it 😀,2026-03-10 01:40:24,0,ali-express_reviews,other
Meyola chudasama,1,i order stuff as a 1st time customer and never received them. i tried to get a refund it was also impossible as well. i will never use this app to shop again,2026-03-10 01:16:48,1,ali-express_reviews,refund_return
Michael M,1,horrible app and customer service.,2026-03-10 01:08:04,1,ali-express_reviews,app_usability
Gerri Cooper,1,i've had enough of purchasing things and then having the item come totally different from what i purchased. or not coming at all and then i get a refund without even let me know that it's not coming. i'm not shopping with them anymore. the sellers are crooks false advertising and just straight up not a good platform to buy things from i give it one star because there's no less than one,2026-03-10 00:51:45,1,ali-express_reviews,refund_return
Angie,1,"their prices are not honest. if you add to cart and select the shipping, their prices will become higher. be careful this is dishonest marketing. they tell you one cheap price, then upcharge once you are about to purchase the item.",2026-03-09 23:47:09,1,ali-express_reviews,delivery_shipping
Benjamin Van Dermark,1,"all 3 of the items from my welcome gifts (get 3, but only pay for 1) got canceled on me after being very late. now i don't get things i ordered, and lost out on the welcome deal.",2026-03-09 23:32:33,1,ali-express_reviews,pricing_discount
trish Pyles,1,did not load,2026-03-09 23:21:46,1,ali-express_reviews,other
--,1,"i'm not registered with a google email address! why are you are forcing me to do it? you useless npc's... i can't sign in anymore, can't write my email address because aliexpress is reading my google play email. you are violating gdpr!",2026-03-09 22:52:26,1,ali-express_reviews,app_usability
Mark -,1,i can't upload videos to the app when requesting a refund,2026-03-09 21:28:32,1,ali-express_reviews,refund_return
porscha foster,1,talk about false advertisements!! only downloaded to prove that the ps5 they advertise on the ads was for $1 i said yeah right!! downloaded and they are between £900-1.6k plus between £40-65 shipping fees. i'm sure you can grab a ps5 for around 500 in shops with no shipping!?,2026-03-09 20:28:00,1,ali-express_reviews,delivery_shipping
Emmanuel,2,i login and they keep logging me out and now they've temporarily suspended all my accounts,2026-03-09 20:06:16,1,ali-express_reviews,app_usability
Eric Malcomb,1,they have been a nightmare to deal with! placed an order saw where it had been shipped and it was in colorado. i tried to track it again and it said i didn't have an order even though i confirmed it with paypal. first email i got back said they found my order and i should be able to track it now. i wasn't. contact customer service again. they tell me the order doesn't exist with my account to use a different one. i have only ever had one account with them. now they won't give me a refund!,2026-03-09 18:29:16,1,ali-express_reviews,refund_return
I love Fnaf,5,"ι αм ηєω нєяє αη∂ ѕσяяу ι υѕє∂ тнιѕ ƒσηт, ι αм 9 уєαяѕ σℓ∂ αη∂ ι ƒιη∂ тнιѕ νєяу ¢σηƒυѕιηg вυт ι ℓσνє ιт ιт'ѕ ƒυη ωнєяє уσυ gєт αρρѕ!",2026-03-09 18:15:45,0,ali-express_reviews,other
Sissie Payne,1,bad customer service!,2026-03-09 16:56:06,1,ali-express_reviews,customer_service
Luna,1,had a item missing from order and having trouble getting my money back.,2026-03-09 16:33:13,1,ali-express_reviews,other
kourtly dentley,1,don't order wates of time never came then win i order again price went up,2026-03-09 15:51:48,1,ali-express_reviews,pricing_discount
A Mamun,1,"full of fraud and scam sellers ⛔ messaging is never comfortable, always mixed with promotional messages.",2026-03-09 15:39:22,1,ali-express_reviews,scam_trust
Stefan Flavius Chiper,5,cumpărați cu încredere. produsele sunt de calitate înaltă și chiar sunt foarte bune. indiferent de faptul că sunt produse în china nu am avut niciodată problema cu cumpărăturile. ba chiar am prins niște oferte foarte avantajoase la produse de la branduri populare.,2026-03-09 15:26:03,0,ali-express_reviews,other
adamebrahiem 6,1,that is terrible. it keep saying your account is freezing and your account has risk registration.,2026-03-09 15:16:40,0,ali-express_reviews,other
Captain Traveler,1,the worst company ever see you at the court.,2026-03-09 14:48:05,0,ali-express_reviews,other
Dokiware,1,the shipping fees are way too ridiculous,2026-03-09 14:26:16,0,ali-express_reviews,delivery_shipping
Kelly Baker,3,hi i am having problems with the app i've updated it and also uninstall it and reinstalled it but it won't let me have the free gjft that it says i have won as it keeps saying it doesn't support me viewing local supermarket items please update your app to our latest version i have done please sort this out,2026-03-09 13:48:51,0,ali-express_reviews,app_usability
Sal,5,thank you 😊,2026-03-09 13:29:35,0,ali-express_reviews,other
Tracey Grimm,5,so far i always receive my delivery earlier then stated and never a problem 🤞👌,2026-03-09 12:34:17,0,ali-express_reviews,delivery_shipping
Chris Smith,1,uninstalled because 12 forms of payment couldn't go through.,2026-03-09 09:57:23,0,ali-express_reviews,other
Hard Catz,1,worst experience..i try to purchase on this apps..the transaction was okey..i payed split through tabby..the big big problem is when they the deliverd..i waiting almost a month..no chat from the courier no code..they just mark delivered ..and i dont received anything..i try to contack the seller..and ask for a.refund..they refuse..they said i shows delivered..the big question this i purchase it febuary 7..i paid febuary 7..but on their tracking number..i bought it january's 28..how come..👎 👎,2026-03-09 08:34:06,0,ali-express_reviews,delivery_shipping
Steven Brookshire,2,the item i purchased came as expected and a very great price but i did not get my two free items as a first time buyer which never came it was deleted from the cart and that promise was never fulfilled so i am very unsatisfied that was the main reason why i even started it because i needed those items and i was going to get the bag also because i liked it,2026-03-09 08:32:36,0,ali-express_reviews,pricing_discount
W. Simmons,5,"so, many cool gifts",2026-03-09 08:25:34,0,ali-express_reviews,other
Liam Schrape,1,"buyer beware! i bought a ""lego style"" brick building kit for my son. it was some time after purchase when he finally started working on it. the quality was very poor, even with adult assistance, the toy would fall apart with the slightest movement... even when trying to add the next pieces to the model! aliexpress and the seller (mi ya toy)neither will take responsibility or make a good-will refund or credit. moral of the story - check all purchases for quality quickly when you receive them!",2026-03-09 07:04:42,0,ali-express_reviews,refund_return
Eric Thomas,5,"great app, easy to use, discounts applied automatically with fast shipping and local stores for even faster deliveries",2026-03-09 05:17:33,0,ali-express_reviews,delivery_shipping
Victor S,3,"after years of usage i've noticed something different with some purchases. after buying something with high ratings, and later open the item you already bought, you realize it's from another store where that same item has low ratings (obviously another store owned by the same person), like you buy something with average rating of 4.9 stars in one store and later see that it was purchased from another store with a 4.1 rating.",2026-03-09 05:11:23,8,ali-express_reviews,other
Shermonia Dobbs,5,wait on my package and they do offer discounts and play games to add to your order,2026-03-09 04:43:07,0,ali-express_reviews,delivery_shipping
Kevin Rankin,1,they have taken my money on 2 occasions and never delivered the item and did not provide a refund. their customer service is the worst they send lengthy pasted messages that have no relevance. their response was to go back to the same pathetic customer service that i wrote this about.,2026-03-09 04:12:30,0,ali-express_reviews,refund_return
Davis Ron,5,good app,2026-03-09 03:54:02,0,ali-express_reviews,app_usability
SHaina Callaway,5,i can biy plows for 67 since,2026-03-09 03:42:08,0,ali-express_reviews,other
frank quru,1,"repetitive and irrelevant responses never address raised issues directly. been 2 months since i placed a order, they still keep telling me it's in transit. arrived i. country 40 days ago. see reply. how stupid can they be. still wanting me to repeat my issue again. see their ridiculous response",2026-03-09 03:10:22,1,ali-express_reviews,customer_service
Diane,1,"mostly everything that i bought from them was cheap flimsy junk! especially the clothing, i was new on this site and i bought a lot of stuff, i wish i hadn't, i could have found nicer stuff thrown away in a dumpster. several items i never even received, when complained i was ignored. no customer service phone number, i tried to cancel a couple orders immediately after i ordered them, it was sent anyway and i was charged for it despite all of the effort that i put in with customer service.",2026-03-09 03:00:26,0,ali-express_reviews,refund_return
Travis Campbell,2,good,2026-03-09 02:27:46,0,ali-express_reviews,other
Trisna Di Japan,1,"scam, my order was not sent, maybe because it was free",2026-03-08 23:13:33,0,ali-express_reviews,scam_trust
Abba abdullahi,5,gud app,2026-03-08 22:25:24,0,ali-express_reviews,app_usability
sathish malamkunnu,1,what is this? what a price for the goods. temu is better than aliexpress.,2026-03-08 21:31:38,1,ali-express_reviews,pricing_discount
Rick Hess,5,so far everything i have ordered has been fine and i will order more things as the need them,2026-03-08 19:14:09,0,ali-express_reviews,other
Bertha Mata,5,"i love them i will continue to order from here. update: i haven't purchased anything in a few years now because someone used my info and purchased $200 dollars worth of stuff so i uninstalled this app, but i do miss ali🥲",2026-03-08 19:08:19,0,ali-express_reviews,app_usability
Lion Soldier,3,"title: great app, but impossible to pay in ghana ""i really want to use this app more and give it 5 stars, but i am forced to give it 3 stars because of the payment methods. in ghana, most of us do not have bank accounts or international cards. we use mtn mobile money (momo) for everything. there are millions of us ready to buy, but we are stuck at the checkout. if you add mtn momo, your app will be the #1 choice in ghana. please help us shop by adding local mobile money options!""",2026-03-08 19:03:02,0,ali-express_reviews,app_usability
Colin Crowley,1,"shortest app and service , they ask for photos of bank cards and id which is illegal in aus , should be closed down",2026-03-08 16:37:29,1,ali-express_reviews,app_usability
Victor Hugo,1,"minha conta está dando problemas de ""segurança"" na hora de aplicar cupons, porque só para aplicar cupons que dá erro de segurança? duvido que se fosse uma compra ele iria dar o mesmo bloqueio",2026-03-08 15:49:28,0,ali-express_reviews,other
CRO stress,1,support is a total joke. i suggest that you use any other app than this one. edit: i am trying to contact support on the 2 open cases. and getting same robotic answers for more than 20 times. nobody reads anything. total joke. avoid aliexpress.,2026-03-08 14:39:18,0,ali-express_reviews,app_usability
Marky B,1,"don't expect refunds, avoid or be robbed, customer service ai and just sends repetitive replies to any and all complaints. avoid they sent a link that doesn't work as a reply, too late deleted app all i can do is warn others not to install.",2026-03-08 14:32:21,0,ali-express_reviews,app_usability
Herby Osbourne,1,horrible customer service locked my account and won't give a reason or help to get it back,2026-03-08 13:09:19,0,ali-express_reviews,customer_service
S Marie,1,twice i never received my items and was never given a refund. the courier never presented proof of delivery both times but said the items were delivered. hit or miss good luck i'm out 70 bucks. was told i needed to provide proof i never received the item but wheres the delivery proof picture ??? scam artists. edit: i contacted aliexpress help center everyday for almost 3 weeks. spent hours wasting my time. so no ill just never buy anything ever again. please dont waste your time and money people,2026-03-08 12:52:49,0,ali-express_reviews,delivery_shipping
Ben Hunt,1,they don't honor their fast ship program all you get is the run around spend the few extra dollars and get it from tic tok shop,2026-03-08 12:35:23,0,ali-express_reviews,delivery_shipping
roger whittle,4,positive overall. sometimes confusing,2026-03-08 11:19:38,0,ali-express_reviews,other
Philip Brady,5,really positive with 95% of tbe vendors,2026-03-08 10:33:57,0,ali-express_reviews,other
Ben P,1,"after using a number of times. my last order came broken in transit. packaging was insufficient. aliexpress made me jump through hoop after hoop and i had to film and photo an reasonable amount for the application. then what they asked for was unreasonable, a long video and photos of the package before it was opened time and date stamped which showed me opening it and finding the broken items. they did not honour the their refund policy. wont be using these scammer again!! avoid!",2026-03-08 10:17:58,1,ali-express_reviews,delivery_shipping
Fractal Codex,1,"no way to view a complete order, only individual items. is this a joke?",2026-03-08 08:14:27,0,ali-express_reviews,other
Karel Zegers,3,"mostly very good. but the advertising behaviour of some sellers is pretty bad. advertising products for a price, which when actually ordered changes to a much higher cost. examples are; mitutoyo digimatic verniers, most memory card sellers and others. no reponse to queries or requests for explanations. very shady behaviour, and not very well dealt with by aliexpress when complained about. very disappointing of an otherwise good site.",2026-03-08 07:27:35,0,ali-express_reviews,pricing_discount
De P,1,i consistently got a pop up saying there was an error and my order could not be completed. contacting customer service did not help as i just kept getting sent in circles.,2026-03-08 06:01:26,1,ali-express_reviews,app_usability
Gorebox gaming yt,5,"very very cheap and almost all items have free shipping, tho shipping times could be faster",2026-03-08 05:43:35,0,ali-express_reviews,delivery_shipping
a7med_fix,1,the take my item for returned then refund. but unfortunately first they take item then refuse to refund. they cheating unfortunately. very bad customer service and my money 1050 usd dollars gone . i will not give them all my life.,2026-03-08 05:00:26,0,ali-express_reviews,refund_return
Yamileth Vides,1,muy mal experiencia con esta app no te permite hacer ningún retorno ni aunque el cliente tenga la razón yo ordene dos vestido de quinceañera y me enviaron algo totalmente diferente a lo que ofrece yo les envie fotos y pruebas de lo que estaba diciendo y ni aun asi me dieron la autorización para devolver los vestido asi que me toco quedarme con ellos solo malgaste mi dinero en esta app mi calificación para alixpress es de cero,2026-03-08 04:36:45,0,ali-express_reviews,app_usability
Hjbihb Bjhbihb,1,app crashes when i search,2026-03-08 04:26:43,0,ali-express_reviews,app_usability
Hazator,1,"theres no new suggestions,if u ever search or click on one product itll haunt u forever in the recommendations and everything related to it would be throwed at u even if u ""uninterest"" them.",2026-03-08 04:26:35,1,ali-express_reviews,other
Pedram Rezaeian,1,"this app is a fraud! with unmatched prices, i approved with $38 and i end up with $48, the shipping time takes ages and now they are charging %10 tax as well! it was my third time and definitely the last time i ordered something from this app! i'll make sure nobody else that i know makes the same mistake! unreliable, unworthy of time, misleading prices! (meanwhile i put the quality aside)",2026-03-08 04:15:44,0,ali-express_reviews,delivery_shipping
Kim Barber,5,very good so far.,2026-03-08 04:08:52,0,ali-express_reviews,other
Bennett Woodsum,2,i am mad it said my total was 2 dollars and i was charged 10 i am mad,2026-03-08 02:37:57,0,ali-express_reviews,other
Luis Arroyos,4,working great so far,2026-03-08 02:12:34,0,ali-express_reviews,other
Davnar Ragnar,1,"this app is either broken or designed to deliberately deceive customers. i spent some time building a ""bundle"", checked the list and went ahead with the purchase only to find most items had disappeared leaving only 10 poorer quality items for the same purchase price i had been given for 20 items. no way to trace the transaction or see any itemised receipt after purchase. if you must deal with ali express do it via their website on a secure browser. do not install this app!",2026-03-08 02:01:10,0,ali-express_reviews,product_quality
Jasmine Morris,5,awesome 😎,2026-03-08 01:32:57,0,ali-express_reviews,other
Roeleen Bloemhof,2,i am not spanish all emails come in spanish. it is very annoying. nothing happens following and doing what you said,2026-03-08 00:34:54,0,ali-express_reviews,other
Delislav Asparuhov,1,too much notifications and spam!!!!!!,2026-03-07 21:51:08,1,ali-express_reviews,ads_promotions
Irina kalpacka,5,страхотно,2026-03-07 21:45:13,0,ali-express_reviews,other
Billy Pierce,1,no good,2026-03-07 20:57:37,0,ali-express_reviews,other
Juan Roldan,1,sucked. too many ads. buggy. super hard to stop from sending emails. everything takes forever to arrive. also you might find a 5 dollar item but with 20 dollar shipping. so yeah kinda useless,2026-03-07 20:31:42,1,ali-express_reviews,delivery_shipping
Mairaj Aslam,2,high taxes other app are without taxes disappointed,2026-03-07 20:22:13,0,ali-express_reviews,app_usability
Andy Nisbet,1,massively reduce the pointless animations. nobody wants them and they're not necessary. they make using the app an endurance rather than an enjoyment.,2026-03-07 18:45:13,1,ali-express_reviews,app_usability
Kandis Nikol Marek (BATMAN),2,why are yall making your app like temu?? just don't be so much like them that you can't just order what you want and that's it. we don't need anymore apps like temu. temu sucks! don't be temu,2026-03-07 18:30:10,1,ali-express_reviews,app_usability
J R,3,"great things for cheap. the only thing that sucks is delivery, if you live in a building they leave it on the lobby floor for anyone to take it, not in front of your door.",2026-03-07 16:47:47,0,ali-express_reviews,delivery_shipping
parky,1,"scammers who refuse to refund you when they make a shipping error. in the uk, for your own sanity, do not choose locker delivery at checkout. instead, tell evri to deliver to a locker when they send you the email. otherwise, aliexpress might send your stuff to a different courier, who will then be unable to deliver to evri's locker, and you will be unable to get a refund from these scammers. edit: ""contact the help centre"" what do you think i've been trying to do for the past week",2026-03-07 16:18:37,1,ali-express_reviews,delivery_shipping
Simon Jewry,1,"rubbish this is a scam app you will get burnt, i didn't want to give it one star but not able, seems stupid so no stars",2026-03-07 16:13:24,1,ali-express_reviews,app_usability
FRITOSPORT,1,"scammers and frauds! they will protect a seller store that never ships your products. they provide fake tracking numbers and their ""senior teams"" will never help you get your refund for an item that is never delivered. you can provide all of the proof and yet they will never help you at all. this company doesnt honor their ""20day or refund rule"". stay away from these thieves.",2026-03-07 15:46:25,1,ali-express_reviews,delivery_shipping
Adam,1,"i paid the 3 for 90p deal and the delivery driver put it in my bin without a notice, they have refunded my the 90p but i can't get anything with it, im asking to get the bundle/deal back.",2026-03-07 15:29:54,0,ali-express_reviews,delivery_shipping
Marie Barrow,4,great app with great products.,2026-03-07 14:57:35,0,ali-express_reviews,app_usability
Nwaneri Chrisbless,1,its just the delivery tracking process for me. especially electronics or gadgets coming from china. very terrible at times. even the tracking update stops updating you. their customer service know nothing. you'll be in the dark for weeks with no information about your order's whereabouts or condition. yeah i understand delivery time varies buh at least just fv ck ing keep me updated. sometimes i do feel like uninstalling the app and then stick to temu.,2026-03-07 13:45:51,0,ali-express_reviews,delivery_shipping
Muhammadu Abubakar abdu,5,this is a good app for order the things that you are doing,2026-03-07 09:49:17,0,ali-express_reviews,app_usability
Great Mogbey,4,it agood app for buy old thing buy has high shipping fee,2026-03-07 09:20:04,0,ali-express_reviews,delivery_shipping
Delawno Allen,5,"personally, this app has been very reliable. i really like the selection of items. they are affordable and exceeded my expectations on my first order. overall, it is a wonderful app.",2026-03-07 08:17:18,0,ali-express_reviews,app_usability
CLEAVER SAMAKAYI,2,"improve african services, not a good app to use if you are ordering from africa. also stop sending ads in my email",2026-03-07 06:58:50,1,ali-express_reviews,app_usability
Chris Diera,1,they gave me a broken mess toys black suit action figure,2026-03-07 06:42:54,0,ali-express_reviews,product_quality
Trevor Thornborough,3,a very complicated device or system to follow at time but the most annoying part is contant repeatitive mailing and including immediately straight after you finished ordering ? before you get the goods theyre trying to encourage more purchases from you ? damn annoying 😑,2026-03-07 05:47:56,0,ali-express_reviews,other
GalaxyA05s,5,5stars,2026-03-07 05:08:31,0,ali-express_reviews,other
Mark KERR,5,easy to navigate.,2026-03-07 03:48:09,0,ali-express_reviews,other
Mellissa Cecil,5,fast shipping great products,2026-03-07 03:25:27,0,ali-express_reviews,delivery_shipping
Marisol Chico (TheAmazingDuck),1,"alot of the sellers ""sell"" extremely cheap items just so that you can purchase the item which boosts their profile and sales on their page and makes them look good. in reality they don't have the item and will message you to cancel the order because "" the price was accidentally marked incorrectly "". another seller told me they don't receive that item that much so they wouldn't know when it will get shipped and to cancel if i need it urgently . one stop store and carino store are the scammers",2026-03-07 02:24:39,1,ali-express_reviews,refund_return
Akun John,4,"thumbs up,is there a way to turn on ""dark theme mode"" in the app?",2026-03-07 02:14:24,0,ali-express_reviews,app_usability
Mark Santiago,1,useless app especially the help center! all my order not ship!,2026-03-07 01:53:16,1,ali-express_reviews,delivery_shipping
Nanci-lee,1,if you have this app or you are about to download it i hope you read this review first. this app is full of scammers that just want your money. i have made a few purchases from here over the past few months and both items were lost and it took weeks to finally get a refund. i am reporting this company to the bbb on monday morning.,2026-03-07 01:38:27,1,ali-express_reviews,refund_return
Hector Torres,1,it's a scam. people will say you can get a controller for a low price but every controller i see or expensive prices. honestly i will never buy from them every again,2026-03-07 00:09:50,1,ali-express_reviews,pricing_discount
Farah Harper,4,amazing and really nice product,2026-03-06 22:38:07,0,ali-express_reviews,other
Dallas Jensen,1,the text in the app is impossible to read because the graphics hide 90% of it. full descriptions of products cannot be seen. uninstalling as wasted memory.,2026-03-06 22:36:50,1,ali-express_reviews,app_usability
Mustapha Maruf,5,an interesting app that outperformed among other alternatives.,2026-03-06 22:29:19,0,ali-express_reviews,app_usability
Catherine Gladwyn,5,it's great. no complaints at all.,2026-03-06 20:59:32,0,ali-express_reviews,other
karl haxthausen,1,"scam site and bad app.. designed to fool you. products are generally bad, falsely advertised and/or broken on arrival. app is either incompetently structured or intentionally confusing. avoid this site/app.",2026-03-06 20:17:22,0,ali-express_reviews,product_quality
Lillian Ames,1,nothing but scammers,2026-03-06 20:10:48,0,ali-express_reviews,other
Ronald Augenstein,1,"unable to return, 15 days should be from when received, not from purchase date! it took 3 weeks for the watch to arrive! now you say there is no purchase in my account. i won't be buying anything from aliexpress again! and, you don't even have a means of sending this message.",2026-03-06 19:30:21,1,ali-express_reviews,refund_return
Gracey Kangwa,5,products are received as ordered but they take long to be delivered,2026-03-06 19:18:51,0,ali-express_reviews,other
Boris Dongarov,1,"the review is not about the app itself, but the super aggressive ads that seem to be specific only to aliexpress (and most recently probably to shein). i'm referring to the aliexpress app (or website) opening automatically while playing a game or using an app without a warning or any user interaction. it needs to stop.",2026-03-06 16:23:40,0,ali-express_reviews,app_usability
Cam & Family,5,"ali is a great app for almost anything you need, items i have purchased have all been exactly what i asked for and wanted and they last a longtime",2026-03-06 16:21:07,0,ali-express_reviews,app_usability
Anthony Bawa Lemissah,5,fast delivery. very satisfying i've never been disappointed with aliexpress. keep up the good work 👏,2026-03-06 15:01:38,0,ali-express_reviews,delivery_shipping
paul alibone,1,more problems with ali express. items not sent in time. orders cancelled 2 weeks after placing order. poor tracking updates. the childish promotions are making ali express as bad as temu (which i now don't use as tired of pop up offers constantly.,2026-03-06 14:49:43,4,ali-express_reviews,delivery_shipping
Brandi McDowell,5,love this shop too,2026-03-06 12:11:21,0,ali-express_reviews,other
Moses Kuyoro,1,don't ever buy from this app all sellers here are fraudulent,2026-03-06 12:01:28,0,ali-express_reviews,app_usability
Oarabile Malate,1,🤦it's been 4 months and i haven't received my package,2026-03-06 11:39:41,0,ali-express_reviews,delivery_shipping
Zied,1,"edit: i already contacted customer service countless times, but it was just a waste of time... it's unhelpful. the app is getting worse every day... more complicated, uncomfortable and more difficult to get discounts... not too mention the annoying bugs and errors in the app notably the world tour go missions that immediately turn into a loop of ""5 levels of rush hour"" every task... a lot to talk about, but can't say everything in this review. so, i'll give the lowest review, sorry.",2026-03-06 11:19:18,2,ali-express_reviews,app_usability
Ivan Lo,5,"first time using aliexpress. bought an old laptop battery. very quick shipping, cheap price, and surprisingly premium package and product quality.",2026-03-06 10:54:31,0,ali-express_reviews,delivery_shipping
deli X,1,they lie about prices. prices look great but when you try to check out the prices skyrocket.,2026-03-06 10:52:55,0,ali-express_reviews,other
Micaelrm,1,"good for cheap stuff. if u buy expensive ones and the item is defective they scam u and u get no refunds, even with the 30days policy",2026-03-06 10:40:06,0,ali-express_reviews,pricing_discount
David,1,"don't install this app. it is lying, doesn't respect protocols, and it's chinese",2026-03-06 10:39:25,0,ali-express_reviews,app_usability
Edward Dibartolo,1,my packige dident come. ive bean scamed i whant 30$ in damage if you whant to call me aliexpress find out your self. warning: dont buy things here because you will get scamed and noy get your packige. it sead that it had bean delivered. what a wast of money.,2026-03-06 09:39:39,0,ali-express_reviews,other
Lauri Koivu,1,aliexpress used to work well. nowadays aliexpress does not follow their own rules. you end up paying for faulty advertised products. i do recommend temu.,2026-03-06 09:33:19,5,ali-express_reviews,product_quality
Mudiwa Sheltoniey Dekeshe,5,"best app ever , this one never disappoint",2026-03-06 09:08:38,0,ali-express_reviews,app_usability
mohamed zahran,1,it was the best app for shopping online. good price compared to others. fast shipping to sri lanka but now they have added tax for everything and the prices are high compared to the local market. other platforms doesn't charge any extra taxes.,2026-03-06 08:38:54,4,ali-express_reviews,delivery_shipping
tanya wagenaar,1,"i ordered 3 x packets of a specific item. apparently, my order was split into 2 parcels. i only received the first parcel with 1 packet in it. after trying for almost 10 days to locate the second missing parcel, going back and forth between the seller and the courier, i applied to aliexpress for a refund for the missing items. it was declined despite all the proof i submitted. don't waste your time or money. there are other more reliable (and far cheaper!) platforms out there.",2026-03-06 08:13:10,2,ali-express_reviews,delivery_shipping
Jaselin C,5,it's a great shopping experience.,2026-03-06 07:32:47,0,ali-express_reviews,other
John Arcese,1,"every other order ""doesn't have the items you purchased in stock"". it's getting worse every day",2026-03-06 06:09:57,0,ali-express_reviews,other
Tyler Mitchell,1,the best place to buy chinese counterfeits at full price.,2026-03-06 06:09:55,0,ali-express_reviews,pricing_discount
Tara Seranus,5,awesome,2026-03-06 05:46:17,0,ali-express_reviews,other
christolene jaftha,1,i bought a a25 clear pouch and glasses 1 purchase was january and the other 1 in feb i don't know what happened to my account but i can't find my previous account and now my orders are just lost no trace of it i am so disappointed but i ordered again with the hope it will come,2026-03-06 05:43:17,0,ali-express_reviews,other
Brent Canterbury,3,i've only selected 3 stars for now bc i have placed my 1st order and have not received it yet if it's good quality i will add the other two,2026-03-06 05:33:48,0,ali-express_reviews,product_quality
A Google user,5,"edit: this is an issue i had in 2019/2020 their response is 6/7 years late do not get scamed. i was a dimond member, purchased hundreds of items. however since 2019 i have received 1 out of 40 orders. ali refeused to help so i lost 100's of dollars. and even freebies cost me 20$ now, such a joke! its not free if it costs more than it normally would! i am so disappointed the scams this site is playing now. they don't protect their customers, looking for alternative sites. save your money avoid.",2026-03-06 04:54:27,3,ali-express_reviews,pricing_discount
Daryl Arndt,1,order could not be filled....waiting for my refund as order was canceled. this site is a joke. seller says the item is out of stock but has the same item being sold for a higher price now....we will see if i get a refund!,2026-03-06 03:51:12,0,ali-express_reviews,refund_return
Dave Wurz,3,not user friendly but beats ytemu,2026-03-06 03:30:38,0,ali-express_reviews,other
I AM LIMITLESS,1,scam. they tell you there's a problem with the item then try to get you to pay triple for the same item in your account. beware.,2026-03-06 03:16:15,0,ali-express_reviews,scam_trust
Jt,1,i'll stick with shein. this shopping site is a headache to deal with.,2026-03-06 03:08:47,0,ali-express_reviews,pricing_discount
T Bramble,1,"bundles discounts not showing. glitch this month when you click bundles section, it just shows you the price of items at their normal price, not the bundle discount price. you have to use the desktop website if you want the bundles discounted price. very annoying. please fix it",2026-03-06 02:44:58,0,ali-express_reviews,pricing_discount
MrEdinLaw (MrEdinLaw),1,very bad refund policy. even if seller admits mistake. no refund. forgot to mention. i had sent the video of opening the package too. and they denied my refund.,2026-03-06 00:43:09,1,ali-express_reviews,delivery_shipping
Gabriel Frost,1,"downloaded the app to see about the hype, i dont trust the low prices so i deleted the app and im still bombarded with their adds on you tube , even after blocking several of them, dont get this if you want constant adds",2026-03-06 00:18:42,0,ali-express_reviews,app_usability
Woody O Vazco,1,"this app is a scam dont buy whit them. first my package was stuck for about 10 days in customs, then when i requested a refund they moved the package, in the past the others carriers always showed proof whit pictures of delivery, now the last package shows as a delivered in front door and i never had it, i requested for refund and they only said ho we will speed up your request making me wait for more time, scam scam scam",2026-03-06 00:15:35,0,ali-express_reviews,delivery_shipping
Jeff Cumberlin,1,this app keeps installing itself without my permission. big red flag!,2026-03-05 23:15:45,0,ali-express_reviews,app_usability
DAVID RICHARDS,1,"bought a medical scooter for $ 50, 3 years ago and to no avail, no receive or no refund. that was on wife... cheap a-holes...",2026-03-05 23:15:10,0,ali-express_reviews,refund_return
Harley Molson,2,took my account away and it was good at first at the end terrible i don't know if my package is even coming any more and they did not get back all the money,2026-03-05 23:06:27,0,ali-express_reviews,delivery_shipping
Keith Glasgow,1,i have not received my products after 3 months. you bother me several times a day. yet i cannot get my products from you. act now. send my products. i need them.,2026-03-05 22:18:30,0,ali-express_reviews,other
Igor C. Alonso Rocha,1,"não caiam nessa enganação de moedas e diamantes, não é igual a shoppe que é honesta. diamante e moedas inúteis, te leva a crer que você vai ter descontos, mas no fim os descontos são pífios. fique de olho na validade dos cupons e dos créditos, eles não avisam quando expira!",2026-03-05 22:12:35,0,ali-express_reviews,other
Tanya Nicole,5,"favorite app on here. plus the games they have where you can earn coins to shop with. love it💯🫶💯 takes some time to learn how it all works, with the games and coins, but it's worth it to me...and it's fun, too!!! one important thing to pay attention to are the reviews from, not just the product, the actual digital store and seller individually. give it a try, you'll love it!!!",2026-03-05 19:23:25,25,ali-express_reviews,app_usability
Nicole Stanton,1,prices change at checkout. uninstalled app,2026-03-05 17:26:15,0,ali-express_reviews,app_usability
Nimusiima Trussy,5,changed my mind ...ali express rocks,2026-03-05 17:23:09,1,ali-express_reviews,other
AL,1,"search results often include many irrelevant items, and many of the relevant ones aren’t actually available when you try to add them to the cart, wasting a lot of time. after adding 7 items, none of the coupons that were advertised for the us and for that week worked; each said it wasn’t valid in the region, even though it was the us. to make matters worse, during checkout with the order confirmed, the payment failed because some discounts had supposedly expired within the 5 min it took to pay.",2026-03-05 17:19:02,2,ali-express_reviews,other
Tana Wright,1,"buying small things no issue, but buying furniture and bigger things is a hassle. either you wait for over a month for them to tell you its out of stock, can't ship to your address, or its delivered and not missing parts of the furniture. use this site for trinkets only, cause the rest is a waste of time if you're purchasing from usa",2026-03-05 17:16:49,1,ali-express_reviews,delivery_shipping
William Appleget,5,"as a watch builder, this site is it",2026-03-05 16:30:01,0,ali-express_reviews,other
Sidono Hambayi,4,good so far,2026-03-05 14:13:59,0,ali-express_reviews,other
Amanda Albertson,1,got my order this time but 2 of my products stop working after one day of using it and they will not refund me for both only 1 that is not fair. will not order anything else from this company,2026-03-05 13:26:37,0,ali-express_reviews,refund_return
chikara persaud,1,promotional discounts are a scam and will not apply when you go to check out. customer service will not help either and will simply lie and say its expired despite the promotion clearly still showing as in effect.,2026-03-05 12:34:22,0,ali-express_reviews,customer_service
Rosan Asaraf,4,good,2026-03-05 12:31:05,0,ali-express_reviews,other
Carl Kaufman,4,"new update added passkeys which i love, yet you add the passkey and then you can't even use it to login, so what's the point 😂",2026-03-05 12:22:26,0,ali-express_reviews,app_usability
Rick Chant,1,broken beast. the merge boss game freezes after clicking 'deliver'. the delivered items disappear and no rewards are issued. feeling a little robbed after giving aliexpress my time and data without receiving fair reward.,2026-03-05 12:17:58,1,ali-express_reviews,delivery_shipping
Diego Garcia,1,the discounts on the coins page no longer work,2026-03-05 11:58:59,0,ali-express_reviews,other
James,1,"my item was so late that i was overseas when delivery was attempted. now it's on its way back to the seller and aliexpress are so far are just making me go through appeal after appeal. they claim that it's at my local post office even though i provided a statement from the post office that it's on its way back. they haven't provided me with any evidence that it's with my local post office, despite their claim that it is.",2026-03-05 11:56:06,0,ali-express_reviews,delivery_shipping
Shahidalikhushik,5,ok,2026-03-05 11:49:01,0,ali-express_reviews,other
Marko Popovic,1,disaster!!!! they have decided to collect all orders from different senders into one order and then send it to you. this is causing the value of single order to be high and thus you have to pay import taxes. with ttaxes goods are more expensive then if i would by them in shop in serbia. i will never use aliexpress again!!!!!!!!!!,2026-03-05 11:43:19,0,ali-express_reviews,pricing_discount
Ken Elliott,1,"ayear or so has passed. and still zeeo 25/10 zero stars. prize draw is a confidence trick. very misleading, avoid. zero stars. 21/10 the worst thing is fakes prompted to the top of searches and sales. the updated prize draw, huge disappointment, both in time wasted and prizes. and still locks up. 6/9. frozen and crashes regularly since prize draw update. broken like eva and the help.",2026-03-05 11:40:04,12,ali-express_reviews,product_quality
Vlad True,2,"возникли проблемы со входом, потом с данными в моем аккаунте, у меня пропала вся информация о покупках, и я не вижу трекинги. служба поддержки отреагировала на мое обращение, потом начали давать бесполезные советы о чистке браузера, и как получить посылки в моем отделении. трекинги и информация где и что купил утеряны, сказали что больше не могут ничего сделать. 3 недели я на нервах ждал дойдут ли посылки, дошли. связь с продавцами так и не восстановили, только давали циклические отмазки.",2026-03-05 11:27:02,0,ali-express_reviews,other
Davida,5,perfect!!!!!,2026-03-05 11:03:54,0,ali-express_reviews,other
Alvaro Solves Fuster,1,"if you have a problem now ai answers for aliexpress, good luck if you have any issues with your order. after easily more than 10 years buying on aliexpress i'm abandoning it. a pity",2026-03-05 10:14:48,0,ali-express_reviews,other
Brenda Trow,5,i love shopping from home with you so much 💕,2026-03-05 10:14:04,0,ali-express_reviews,other
Teodor Valtchev,1,"scammed aliexpress sided with the scammera, returned me 30% of the money, still scammed with dangerous item, can cause explosion or fire, 10 times less capacity then states, other type",2026-03-05 09:19:19,0,ali-express_reviews,other
Jo-Lynn Gruszewski,1,"no i love apps like this i am a consistent temu fanatic, but upon downloading this app i was promised to free gifts placing my first order and becoming a new customer, and yet i placed my order right after i chose my gifts and surprise surprise my order was confirmed and now i'm not eligible for my free gifts for some reason total rip-off they just lied to get me to sign up very very bad experience i'll stick with temu",2026-03-05 08:15:35,0,ali-express_reviews,app_usability
Cyber boy,4,"i made a lot of purchases from aliexpress it's quite good experience, but lately i'm facing a difficulty with a shipping fee that for 1$ item shipping is like 50$ and even more, so please try fixing that",2026-03-05 08:05:48,0,ali-express_reviews,delivery_shipping
Penelope ybarbo,5,love it,2026-03-05 07:53:25,0,ali-express_reviews,other
William Webster,1,i am along time buyer on aliexpress. aliexpress forced me to download their app(that doesn't work) and on my original site i can't change the currency any more and can't check my orders. aliexpress sucks!,2026-03-05 07:02:50,0,ali-express_reviews,app_usability
Okenwa Joseph,5,very happy customer. your security is what makes me keep repeating. blessed to people. love from nigeria,2026-03-05 07:02:35,0,ali-express_reviews,other
ismael jimenez,1,lies in many prices,2026-03-05 06:56:02,0,ali-express_reviews,other
Lawal Mariam,5,"i really like to get things from your app but recently, whenever i pick products and add to cart, their prices change from the previous one i saw before adding to cart",2026-03-05 05:53:44,0,ali-express_reviews,app_usability
Kenneth Green,4,you can find some goodie goods but buyer beware you get what you get sometimes you might get something really good sometimes you may get something have decent most of the time you'll get something that you can work with,2026-03-05 04:33:44,0,ali-express_reviews,other
Tracy,1,downloaded from an ad that said three items for $0.99 and i don't see three items for $0.99 can you say false advertisement,2026-03-05 02:58:28,0,ali-express_reviews,ads_promotions
Alex,1,"bought something with coins, they shadow banned me after, with the error ""to protect the security of your account, your request can't be processed at this time."" it's been 4 weeks+ and i've contacted support at least five times and they are completely useless. they kept saying a ""higher team"" will email me regarding the shadow ban, but the emails just kept repeating the same useless garbage like ""log off and in"" like a bot. also, the app drains 20% battery in 1 hour.",2026-03-05 02:36:23,7,ali-express_reviews,app_usability
Muhammad Ali,4,any thing on the go. their customer service is worst have blocked my payment system and not telling reason,2026-03-05 01:38:05,16,ali-express_reviews,customer_service
Reason Brad boy,5,"very useful. they serve, they deliver i reccomend aliexpress.... try it and increase your shopping experience",2026-03-05 01:18:17,0,ali-express_reviews,delivery_shipping
Corey Polume,3,"good site and app. enormous number of products to choose from and one of the best delivery update systems i have seen (better than amazon). you know where your package is at any time. product reviews are questionable as you are only able to review products as you receive them. i would also question a lot of the reviews as they are not linked to product. for example, ordered bike tubes and when i used after 4 months, both of them failed due to design faults but not able to provide feedback.",2026-03-05 01:00:57,1,ali-express_reviews,delivery_shipping
Cory Berge,3,have bought almost 50 items so far some like to come some don't everything i have got had been good just wish there wasn't so many fake products,2026-03-05 00:58:40,0,ali-express_reviews,product_quality
Hendry Glyn,1,terrible,2026-03-05 00:44:07,0,ali-express_reviews,other
Aarti Rawal,1,there are scam shops; they mention some items and send others. don't trust on this app,2026-03-05 00:08:44,0,ali-express_reviews,app_usability
Bęrla Kouzapas,1,it's literally impossible to exchange your game points to shopping credits due bots snatching them immediately,2026-03-04 23:55:01,3,ali-express_reviews,other
David Wilkins,1,ur getting ripped off by aliexpress,2026-03-04 23:37:04,1,ali-express_reviews,other
stephen thompson,5,the few transactions i have made have gone great. satisfied with every purchase.,2026-03-04 23:10:09,0,ali-express_reviews,other
Ale M,1,"han quitado la opción de ""agregar al carrito"" para un montón de artículos, ya no compraré en esta plataforma.",2026-03-04 22:21:53,0,ali-express_reviews,other
MGselecta,2,"it's bad, haven't used it for a while. now you can't buy anything. everything is on some kind of a bundles. it's shite",2026-03-04 22:02:50,0,ali-express_reviews,other
عبدالله الهاشمي,1,it's become trash online service ever. first they changed there prices to higher then stop refunding for eror and reasonable refunds solving now added taxes also means you will pay the payment of order and shipment and tax also which around (40 to 60 percentage of tax). really stupid service,2026-03-04 21:45:23,0,ali-express_reviews,pricing_discount
Saiu (Sai),2,"i love using aliexpress , with the cheap prices and little niche items i can find super annoyed that the app make me login for every action i do ( going to my account , trying to look at my purchases , trying to look at my wishlist) to the point that despite logging in multiple times in the same session im still getting asked to it doesn't help that it freezes constantly when logging in so i have to reopen the app and try again , just to look at my wishlist",2026-03-04 20:20:59,0,ali-express_reviews,pricing_discount
James Friend,1,cheap products but very poor refund process and no option to properly dispute. i returned two products which cost $50 each to post to hong kong. i was refunded for one of the two products and did not receive a refund for the postage cost which i was guaranteed before posting. i contacted the aliexpress help centre well over 10 times but each time felt like dead end or black hole.of unhelpfulness.,2026-03-04 19:48:32,0,ali-express_reviews,refund_return
Kathy Borley,1,"trying to cart and you hav different carting areas your shipping is ridiculous, way more than other sites !!!",2026-03-04 18:57:20,0,ali-express_reviews,delivery_shipping
December Perez,1,"while i use to really enjoy using the app, i don't appreciate the extremely obnoxious ads i see on other apps. fake ""x"" or ridiculously small ones keep making me open this app while i am simply trying to go back to the game i am playing. it's annoying and making me hate aliexpress.",2026-03-04 18:47:24,0,ali-express_reviews,product_quality
Taj Tablet,1,"shopping credits are a scam. ae gives shopping credits for watching ads and playing games, but you can only exchange them for real dollar credits once a day and they are all sold out in less than one second. ae knows this but keeps promoting the credits even though most can't make use of them. then they just tell you to contact customer service (like they'll do now) who will be all nice and say they really want to help, but then actually do nothing. it's just a big scam.",2026-03-04 17:52:06,24,ali-express_reviews,customer_service
Alex Mzrv,3,"is getting worse every time. pop-ups, notifications, ads ads ads...",2026-03-04 17:35:03,0,ali-express_reviews,other
Carol Breshears,1,scam vendors,2026-03-04 17:31:30,0,ali-express_reviews,scam_trust
Usman Nuhu,1,"useless app please don't use this app, takes more than a month for your package to be delivered customer service not responding",2026-03-04 17:00:15,1,ali-express_reviews,delivery_shipping
Stephane Cherpit,1,"i have a purchase being shipped. the app doesn't know.about. 0 orders with my account. pitiful, worst app.ever.",2026-03-04 16:28:56,0,ali-express_reviews,app_usability
Farouk Hammad,1,very bad they deal with dishonest couriers,2026-03-04 16:28:09,0,ali-express_reviews,pricing_discount
David Turner,5,if u shop online you are a fool if you don't use aliexpress,2026-03-04 16:18:59,0,ali-express_reviews,other
Fernando Uribe,1,my package was delivered with items missing and they won't refund me.,2026-03-04 16:12:24,2,ali-express_reviews,delivery_shipping
Yetty Osanyinmuko,1,stop buying from aliexpress they are scammers.they send me empty package,2026-03-04 15:40:17,1,ali-express_reviews,delivery_shipping
Helaria Iipinge,4,"awesome, live chat not active as on browsers",2026-03-04 15:15:38,0,ali-express_reviews,other
Daniel (Lovesteady),1,everything on here is made terrible or just a lie,2026-03-04 14:51:52,0,ali-express_reviews,other
Jay Bee,2,"deleted the app, too many scam and dodgy items on the site,also the app was a bit muddled, compared to the main website... 2026... let's try again & see if things have improved 🤔",2026-03-04 13:35:12,0,ali-express_reviews,app_usability
Boris Pajovic,3,very slow shipping,2026-03-04 13:22:37,0,ali-express_reviews,delivery_shipping
Shiiqa,1,horrible customer service. they are lairs,2026-03-04 12:56:25,1,ali-express_reviews,customer_service
Amelia Mizaque,5,"não tenho com o que reclamar desse aplicativo. topo demais, tem alguns probleminhas mas nada grave, dá pra fazer vista grossa de boa.",2026-03-04 12:28:03,0,ali-express_reviews,other
David Affram Arthur,2,i cancelled an order and there have been no refund.,2026-03-04 12:18:25,0,ali-express_reviews,refund_return
lyle l. Nirenberg,1,numerous warnings of delayed shipping! items break consistently after several weeks or months. no refunds for items returned with their shipping labels. buyer beware! aliexpress falling apart and rapidly losing thousands of customers. full of scams and extremely low quality.,2026-03-04 11:34:40,1,ali-express_reviews,delivery_shipping
Kryztiel Conde,1,"was told i was getting 3 or 4 things free, for first time users & it turned out being a lie! 😡 😞 i'm deleting app not returning 🙃👎 🤷‍♀️",2026-03-04 09:57:35,1,ali-express_reviews,app_usability
Hussein Al Obeidi,1,"ali express scammed me and stole my money, when i wanted to make a purchase using my paypal account, i was notified that the payment failed and i was asked to use a different payment method, when i used my other payment method, it was accepted but when i checked my paypal account, i found that the transaction was made, when i contacted customer service to get refunded on paypal , i didn't get the help. so be careful before you make a purchase. ali express is using thieves as sellers on pletform.",2026-03-04 08:28:52,0,ali-express_reviews,customer_service
Afroja Jiva,5,"it's nice item and good to download, service so fast and items good as well recommend to download",2026-03-04 07:54:26,0,ali-express_reviews,customer_service
Tina Smart,5,love shopping here only the best,2026-03-04 07:04:13,0,ali-express_reviews,other
Christos Stylianou,1,shipped me a defective item. i needed to pay for the return making return not worth it. also my review of the item doesn't show as they appear to be hiding negative reviews.,2026-03-04 06:37:01,0,ali-express_reviews,refund_return
God Ussop,2,has been a very good app cheap prices and good stuff but now if you use pay after delivery the ask card details. really if i had a card why would i choose a pay after delivery option. i don't use my card and have always used payment after delivery but know i can't even order stuff. very well ali express,2026-03-04 06:05:05,0,ali-express_reviews,delivery_shipping
Natalie Aponte,4,"i liked the app when i first used it in 2023 where i could add anything to cart and it all be really cheap. but now prices have been upped. and there's deals on stuff where the price is cheap but you can't add it to cart which sucks cuz when you do find the item, it's way more expensive. it's still good deals but wish it was the same as it was in 2023",2026-03-04 05:33:59,0,ali-express_reviews,pricing_discount
Nancy Burgess,1,"i ordered a 'welcome deals new customer' item of a queen mattress on feb 21st. i was told today that i had been refunded my purchase and my mattress was not coming. very first thing i ordered and they defaulted on that. not happy with this app. on top of that, i lost my welcome deals. good going!!",2026-03-04 04:34:10,0,ali-express_reviews,app_usability
Julian Betancourt Rengifo,1,terrible experience,2026-03-04 03:58:23,0,ali-express_reviews,other
Ali Raza,5,"good store great alipay ,mpay gpay",2026-03-04 03:50:34,0,ali-express_reviews,other
Andrea Basquez,1,i do not recommend them!!¡ they said they delivered my item but i never received it then they take forever to investigate it and finaly they think giving u a $1 coupon makes up for it when u spent hundreds of dollars . you been warned..,2026-03-04 02:06:22,0,ali-express_reviews,other
Jago (Average_Dude),1,🤷,2026-03-04 01:38:10,0,ali-express_reviews,other
Stefanie Goodrum,3,they don't rip u off like temu but some items came not working,2026-03-04 00:48:45,0,ali-express_reviews,other
Devon Karle,1,trash. don't buy from this company.,2026-03-04 00:45:12,0,ali-express_reviews,other
Barry Simpson,5,"i've unsubscribed and blocked those arse wipes but still they jam up my phone with spam,i have more important things to do than checking messages for spam. i'm hoping deleating the app will work.",2026-03-03 23:05:19,0,ali-express_reviews,app_usability
Tyeanna Robinson,1,i order a couple things and changed my address to the address i stay at now and it changed back to my old address it won't refund me and will not let me cancel the rest of the stuff i have order and customer service will not help,2026-03-03 22:41:06,0,ali-express_reviews,refund_return
Sheila Reed,1,they are complete and utter con artist. they promote and advertise these amazing deals like their competitor temu. unlike their competitors who actually deliver on their goods they don't they will advertise insanely sweet deals and never deliver your items that you paid for so you will wait and have seen him out of time for your items to be delivered to absolutely never never receive your delivered items and that is a damn shame their customer service is non- existent do not order from them,2026-03-03 22:37:48,0,ali-express_reviews,delivery_shipping
Iskandarbek,1,"this app has become one of the worst. it used to be so convenient — i could easily add different products to my cart, choose quantities, and pay for everything in one order. now there’s only one option: “buy now.” you can’t add more items, can’t change quantities, and can’t combine multiple products in a single purchase. thank goodness other online stores haven’t removed such a basic and useful feature — you can still add items to your cart and choose quantities there. time to switch?",2026-03-03 22:37:44,2,ali-express_reviews,app_usability
Mike Davis,1,"i ordered from this place-a mini pc. they said it was was delivered but i never received it. they told me in writing that they would not send another or a refund. i hate this place. thank you. i did everything asked to do for a refund or pc. i was still rejected. you can say sorry all you want, but i still did not receive my mini pc i ordered and paid for. somebody got my money though. thank you very much.",2026-03-03 21:15:58,0,ali-express_reviews,refund_return
Devin Santana Haraseb,5,very great app good prices and everything it's just the waiting times can be long and stressful when ordering items to recieve it. but overall i got my items i wanted.,2026-03-03 21:01:15,0,ali-express_reviews,app_usability
Mrs B Apraku,1,every thing looks fine on the picture but everything was super horrible do not waste your time,2026-03-03 19:49:00,0,ali-express_reviews,other
Rethabile Madileng,3,"prices of items are great, but shipping to south africa is expensive on some items",2026-03-03 19:36:18,0,ali-express_reviews,delivery_shipping
oscillator,3,i feel i am being ambushed by invisible & ruthless car sales men ...on sale... on overdrive! max manipulation mode.while i become confusion 😬 itself??. am i 🐁 being run through a maze? again! & again! cykleogicly like.,2026-03-03 19:13:42,0,ali-express_reviews,other
Pamela,1,horrible app! i had multiple items in my cart. then suddenly the cart was emptied. i had to search over and fill the cart again. i made my purchase then i was alerted that my order was partially paid. my card was charged 2 times for everything. no customer service number. now i have multiple orders coming. can anyone help me to get a phone number?,2026-03-03 18:50:48,2,ali-express_reviews,app_usability
Brian Bloom,1,"""your discount code expired"" while in the middle of checkout. so the truth is, there was no discount, it was a lie, also known as false advertising. i don't give money to shady, illegal companies.",2026-03-03 18:11:43,1,ali-express_reviews,pricing_discount
Ernie Nagy,2,"product description is deceptive and inadequate, prices change in cart (upwards), and some vendors use bait and switch on their product. free returns?? ha ha. i had to pay $105 to return a product i did not order (product received not product ordered) with the promise of reimbursement. instead of reimbursement, they gave me ""coupons"" for future purchase. ultimately they applied ""credit"" to a future purchase (not reimbursement). i am uninstalling this app. use temu instead!",2026-03-03 15:12:07,2,ali-express_reviews,refund_return
_,5,i love them i got stuff from them two years ago and it still works that's why i'm still on this platform. so don't think it's like temu cause it's not have a good day,2026-03-03 14:59:07,0,ali-express_reviews,other
Shannon B.W (shayshay),3,"would have been a 5 but ßtill no package without deception,.. still nothing",2026-03-03 14:58:26,0,ali-express_reviews,delivery_shipping
Sportssure Prediction,5,bidhaa ni uhakika kuwa worldwide na aliexpress,2026-03-03 13:47:31,0,ali-express_reviews,other
Jason Sardie,1,absolute rubbish products. very very miss and hit. (way way more misses than hits). stick to ebay and avoid the rubbish. so disappointing. clothing sizes are falsely advertised. photos used in advertising is seriously manipulative. it's totally deceptive. out of 20 purchases i've had maybe 7 or 8 parcels of quality stuff.,2026-03-03 12:31:40,0,ali-express_reviews,product_quality
Tgnsg nsg,5,good 💯😊,2026-03-03 12:10:40,0,ali-express_reviews,other
Rakesh kathayat,5,good 👍💯,2026-03-03 11:23:26,0,ali-express_reviews,other
John Mason,1,this application is a joke. legitimate complaints do not get taken seriously. i have given up asking why the products i paid for have not been delivered.,2026-03-03 10:45:00,1,ali-express_reviews,other
Miloš R.,1,"i have ordered an item, something happened and i did not get that, i have provided all the evidence for the refund and they decided not to give refunds. i have proven that the mistake was from the seller, item never came to the local curier as it said on the application (also provided evidence for that).",2026-03-03 10:33:10,1,ali-express_reviews,refund_return
Martin,3,coins are useless u collect coins but you can only use them from what you viewed should be able to use the on everythink,2026-03-03 09:05:10,1,ali-express_reviews,other
Yunn Chin,2,most confusing non logical app ever. waste of time.,2026-03-03 08:13:00,1,ali-express_reviews,app_usability
Tomasz Jokiel,1,"i used to like it, but recently my shipping address is showing for sellers not as my town but as a distinct that happen to be also name of the other town, so packages not delivered to my home. checked my address is correct in the app :/",2026-03-03 07:37:40,1,ali-express_reviews,delivery_shipping
Sheona Baldacchino,2,very late delivery,2026-03-03 06:13:09,1,ali-express_reviews,delivery_shipping
Nikki Brown,2,good morning 🎮,2026-03-03 04:17:29,1,ali-express_reviews,other
dominic baloyi,5,they deliver👌,2026-03-03 04:15:37,0,ali-express_reviews,delivery_shipping
Travel,4,it's 👍,2026-03-03 02:25:03,0,ali-express_reviews,other
Autumn Atkins,1,"the ads are a lie. you cannot get 3 things for .99 with free shipping. because when you try, it reloads & says you can't partake because the deal is only for new users. literally just made my account, but okay.",2026-03-03 01:40:45,1,ali-express_reviews,delivery_shipping
Him Laif,1,🚨beware aliexpress will not refund orders in package for which sister company cainiao logistics (alibaba group) issued proof of loss document.,2026-03-03 01:28:12,1,ali-express_reviews,delivery_shipping
Mirian Nieves,1,"a store took payment but never arrived. i asked the store & aliexpress to intervene but it was ignored. it wouldn't been a problem if only my granddaughter of 9yrs old wasn't expecting her vanity. every time i would give more time, another answer was not shipped yet. this went back & forth a month & no solution. i was warned about this, yet i wanted to give aliexpress a chance, the store name is carlno & they have lied 😔",2026-03-03 00:40:35,1,ali-express_reviews,other
Whitte Cat,2,there were a few errors like i can't use coupons and i can't play gogo match i've tried it every day and it's still the same,2026-03-02 23:48:26,1,ali-express_reviews,other
Amanda Jean Shelton,5,a lot better than temu and other apps. definitely recommend it over other apps. deserves alot more stars for rating🙂,2026-03-02 23:34:34,0,ali-express_reviews,other
Matt Deck,1,i ordered something 2 weeks ago it's still ain't even left the factory i've reached out to the provider and no response from them i've reached out to all the express no response from them i mean it's kind of bad that i spend money and i still ain't receive my stuff they'll talk about they'll discount me i bought a bed and a mattress is what it is still haven't gotten it still hasn't even shipped it says it's being processed even though they've taken my money and everything else,2026-03-02 22:47:24,1,ali-express_reviews,pricing_discount
Noor khoda Amani,5,lovely 😍 👌,2026-03-02 20:40:46,0,ali-express_reviews,other
seun david ademola,4,good app,2026-03-02 20:06:12,0,ali-express_reviews,app_usability
Christopher McKinney,1,scamers heaven. do not use it you will get scammed. 99% of the vendors are scammers.,2026-03-02 18:30:46,1,ali-express_reviews,other
Aderaw Aweke,3,ante vayrse,2026-03-02 17:17:44,0,ali-express_reviews,other
Thapelo Radebe,1,they scammed me. a product didn't get delivered by denied refund. avoid this app,2026-03-02 17:06:22,1,ali-express_reviews,refund_return
Arjun M,1,there is no free gift for new users once you enter your credit card info it says one or more of your offers has expired,2026-03-02 16:58:29,1,ali-express_reviews,other
Juan Diego Botiva,1,"even after disabling all notifications in the app, it'll keep pushing spam",2026-03-02 16:53:07,1,ali-express_reviews,app_usability
teleportation_ noises,2,the ads. i'm unsure if you people have control over it or not. but please stop having your ads auto open the app. i love aliexpress but im so sick of it😭,2026-03-02 16:03:41,1,ali-express_reviews,app_usability
callum Williams,1,"i had my package left outside of my property, opposite a park, my items have been stolen and they refuse to do anything to resolve the issue. that's not to mention the delivery dates which take weeks to month's, and the low quality tat that ends up arriving. awful ap",2026-03-02 15:42:58,1,ali-express_reviews,delivery_shipping
Hazel Fang,2,"once my items come in, im deleting and never reinstalling again. how sketchy is it that they hook me with some free items, but then say my payment wont work. forces me to do an appeal process that requires photos of my credit card, but wont accept my credit card... yet. the full price items i bought had literally no payment issues at all. only the free items that are at risk of expiring if not resolved soon. its just beyond sketchy and i dont need to support such underhanded tactics",2026-03-02 15:37:22,1,ali-express_reviews,pricing_discount
Chikondi Nhlema,1,same same,2026-03-02 15:37:15,1,ali-express_reviews,other
Jason,3,"this thing keeps hiding the add to cart button, i don't want to do 10 individual transactions when i'm looking at small adapters, i want to add them to cart so i can continue browsing and comparing, its like the app is actively discouraging me from shopping with it.",2026-03-02 14:44:43,0,ali-express_reviews,app_usability
Domantas,5,good,2026-03-02 14:38:04,0,ali-express_reviews,other
Christian Lozano,5,"good shipping and products, the time of shipping is about 1 to 2 weeks and some are low quality items but still work and i love the dollar express",2026-03-02 14:28:36,0,ali-express_reviews,delivery_shipping
Canea Callery,1,i have been robbed on here by either aliexpress or evri . either way i can not allow myself to be apart of this app. i have had 3 deliveries delivered to the incorrect address. the tracking gps clearly shows a different location than my address. after contacting aliexpress customer service i was told there is nuffing i can do i need to contact the delivery company. if any one in the uk has ever contacted evri they will know the stress .,2026-03-02 13:48:56,1,ali-express_reviews,delivery_shipping
Dejunai Jackson,4,works as described.but all the little games are a nuisance.,2026-03-02 11:19:09,0,ali-express_reviews,other
Kenan YILDIRIM,1,"aliexpress is not a good option in my opinion. they don’t refund the full amount for returned items. there’s basically no real customer service you only get automated replies that don’t solve anything. i still haven’t been able to get my money back. unfortunately, it’s been a complete waste of time.",2026-03-02 10:40:41,97,ali-express_reviews,refund_return
Danny Harrison,1,i have used this app for a few years with 1000s of orders placed but just been scammed by aliexpress the order was a advertised 2tb flash drive but once the product arrived i tested the space using validrive and to my surprise only 7.29gb available so after processing a return i finally get a notification that they want me to pay the return fee which is a total joke so spoke to customer service who said they can't do anything just read of the system 🤦‍♂️,2026-03-02 10:30:59,1,ali-express_reviews,refund_return
Abey Mathew,1,false promotional prices that disappear at checkout.,2026-03-02 10:25:42,1,ali-express_reviews,other
Ahmed Yosri,1,"i have been buying choise items for the past 2 years, but i received a scam item from a choise purchase. the store was selling a xiaomi mouse, but what i received was a different local-brand mouse, not xiaomi the mouse cost 12$, they asked me to pay 27$ on top to send it back to china. and told me i will be reimbursed the total amount in ae vouchers, no refund. the seller after a month of negotiation agreed on a 50% partial refund, only then to find ae support team rejecting the request. scam",2026-03-02 09:46:47,1,ali-express_reviews,refund_return
Antonio Antonelli,1,"full of scammers. got a defective item, given proof and still they expect me to pay for the return. submitted a claim to the european customer center update: they replied here and invited me to reach the customer service which still claims i should pay for the fee. clowns.",2026-03-02 09:41:02,2,ali-express_reviews,refund_return
Raihan Bin Mofidul,1,"customer service kept sending the same copy‑paste bot replies again and again, even after my case was “escalated” multiple times to the so‑called senior team. every response ignored what i actually said and did nothing to resolve the problem. i contacted them through chat, online consultation, and even called the hotline — no result at all. aliexpress repeatedly claimed the issue was “being processed” or “finished,” but the problem was never solved. this is extremely frustrating, misleading.",2026-03-02 09:04:29,1,ali-express_reviews,customer_service
Matome Lucky,1,got scammed r4000 on two packages.aliexpress investigaters helped the suppliers to scam me 4k ..they delay the matter while screenshot of evidence was supplied ..they promote suppliers scamming people extra money after ordering i've reported the supplier nothing was done about supplier he still continues scamming other people... be carefully of this app rather us alibaba for your safety as a customer..,2026-03-02 08:49:14,1,ali-express_reviews,app_usability
Susan Young,1,"my delivery time was made for the 2nd march the order date was made on 13th feb 2026 it had not been delivered, i contacted the seller they inform me that it would take a further 70days for delivery. i went ahead an had to cancell the order an request a refund. 70days for delivery sounds like to be a scam to me",2026-03-02 08:11:16,1,ali-express_reviews,delivery_shipping
Erick H,2,like haggling in china the price changes it can go down but every item is a haggle and annoying when trying to buy more than one and can't add to cart i have to checkout is so predatory i discourage this as it's toxic and other things being you find something and have to buy combo sucks,2026-03-02 07:11:05,0,ali-express_reviews,pricing_discount
Tyler Bass,1,save my searches!!! i am so sick and tired of having to redo my search filters every single time i hit back on the app!!!,2026-03-02 06:59:55,1,ali-express_reviews,app_usability
B,1,i have used the app for years buying hundreds of items but i'm moving to temu because they have refused to refund for a fake battery. they ignore scientific fact when analyzing the complaint. good riddance,2026-03-02 06:44:48,1,ali-express_reviews,refund_return
mirandia scoggins,1,can't even order nothing what's wrong with this app,2026-03-02 06:04:51,0,ali-express_reviews,app_usability
R B,1,"scam. it gave prices for items. i added them to my cart, and once in your cart they cost several times more than that and also the shipping is expensive. it said if i waited a certain number of hours they'd be the promised price so i came back then, and they got even more expensive (the shipping did too). also, it says you get free items but once you choose them it tells you you also need to buy one of a more expensive item to ""earn"" the free items and makes you confirm exiting multiple times.",2026-03-02 05:35:09,3,ali-express_reviews,delivery_shipping
T K Vines,3,👍,2026-03-02 05:21:55,0,ali-express_reviews,other
Harrison,1,"loved it! until it started to flag an cancel my orders and no one would do anything to fix it!! there ridiculous system has lost my business!! i was really enjoying buying these figures from a seller on here. made a ton of purchases. then one night i try to pay with pay pal it kept kicking me out so im like whatever and used my card ! it flagged the order and asked me to appeal send them my id, cc information and bank statements i did that it took forever then it proceeded to do it 2 more times!",2026-03-02 05:16:43,1,ali-express_reviews,refund_return
Simon Leigh-Lancaster,1,item never came after contacting them 4-5 times and every time to be told to wait 48 hours someone will get in touch got boring real quick. got a refund through paypal. scummy and untrustworthy company and now my account is banned.,2026-03-02 04:13:29,3,ali-express_reviews,refund_return
Anuli Rivers-Wair,5,results!!omgg it's so easy to use and the items r very cheap i love it and keep up the great work guyssss,2026-03-02 03:46:24,0,ali-express_reviews,pricing_discount
Michael Seaman,5,easy to use. great service. very good prices and very quick delivery,2026-03-02 03:41:00,0,ali-express_reviews,delivery_shipping
Ren Estelle,1,"locked out before i could ever place an order. 5 day appeal process which would prevent me from getting the new customer discount. i use a vpn, so at this point, i think its just meant to discourage privacy. dissappointing. i was really excited for the products they had.",2026-03-02 02:28:38,0,ali-express_reviews,pricing_discount
Sarah Stephen,5,has the best offers and discounts!,2026-03-02 02:12:15,0,ali-express_reviews,other
John Scribner,1,"not a very good first impression. the first piece of equipment that i ordered (4/5g wifi) has a default password printed on the label in the battery compartment, i have tried entering that password on several devices dozens of times and the response has always come back as incorrect password. i waited 3 weeks for this garbage to arrive. so it looks like i have to wait 3 more weeks for it to get back there and 3 more weeks to get one back. probably wrong password again. sorely disappointed.",2026-03-02 01:12:33,3,ali-express_reviews,customer_service
Paul Bowsher,2,"not going to download an app, just to try to find a part or price.....too many other ads to look at.",2026-03-02 00:22:44,0,ali-express_reviews,pricing_discount
Kyle,1,"their bad website auto directed me to the app page when i tried to search something, so i am leaving a bad review. this pissed me off and i hate being directed to install things. i'll make my own choices thanks aliexpress.",2026-03-01 23:46:11,1,ali-express_reviews,app_usability
MsShimmeringSue,4,does the trick but annoyingly email links dont open the app immediately and choice stays on screen for 2 milliseconds,2026-03-01 23:19:37,0,ali-express_reviews,app_usability
Valentina Mustafa,1,"they told me that my order was a total of 90p. i then go to my bank account to find £5 was taken out. please kindly refund my £4.10 aliexpress. also depending on the quality of my order, will i be adding an extra star. in conclusion my trust in this place is gone. will not be ordering again!!!",2026-03-01 22:55:27,1,ali-express_reviews,refund_return
Chris Mules,5,"i've bought many great products from aliexpress, planning to buy many more. normally quick delivery, thanks generally, all the products are well made and great quality.",2026-03-01 21:52:31,0,ali-express_reviews,delivery_shipping
lakewolf sunrise,1,"glitches when trying to switch account, have to re install app to log in to another account",2026-03-01 21:40:23,0,ali-express_reviews,app_usability
Angela Alce,1,i've been to make the account ever since i download this app.it is not working every single time is always being slow and it tells me that my account is locked and i have to regain access.i do every gmail i have.this is the worst app i ever had i don't even write views.but this is the worst app that i have to,2026-03-01 19:15:16,0,ali-express_reviews,app_usability
Sajida,1,delivery to the middle east is very bad; sadly you have to pay the shipping for every item you add. i wish it was like shein or temu in terms of shipping,2026-03-01 19:10:45,1,ali-express_reviews,delivery_shipping
Saima Munawar,5,bht acha app h............,2026-03-01 18:37:23,0,ali-express_reviews,app_usability
Sue Bridger,5,love to shop here,2026-03-01 17:53:15,0,ali-express_reviews,other
Merlin,5,aliexpress is great for chinese goods.,2026-03-01 17:44:23,1,ali-express_reviews,other
Moon Lee,2,"shipping fees more expensive than other shopping platforms. no paynow, or paylah for payment. (card numbers not safe, many scams...)",2026-03-01 16:59:17,8,ali-express_reviews,delivery_shipping
Why Asking,1,issue after issue with item not delivered and no refund or possibility to get adequate response. customer service pretends to be on your side just to deny any evidence regarding orders not received. sad to see customer service going downhill.,2026-03-01 15:26:30,1,ali-express_reviews,refund_return
Lise,1,stop sending me demandais please,2026-03-01 15:11:01,0,ali-express_reviews,other
Jason Morgan,1,well i downloaded the app from google play and i looked around but i couldn't see anything you see i have a problem seeing anything on a white background you do not have a dark mode or a dark theme so i uninstalled so when and if you ever add or create a dark mode version i will redownload but not until then,2026-03-01 15:05:20,0,ali-express_reviews,app_usability
Barbara Ranse Hammonds,3,takes a week or so after you order to even get shipped out. i don't see a good reason for waiting so long.,2026-03-01 14:44:22,1,ali-express_reviews,other
Lua,2,"it was a very pretty good app, and much faster compared to the website. however, besides it yields to many annoying (and irrelevant) notifications, it charged my bank card twice today for the orders without arranging them into the shipping section. the orders were just silently ignored, but the money were charged.",2026-03-01 14:15:55,1,ali-express_reviews,delivery_shipping
Citizen ff,5,the best,2026-03-01 13:48:59,0,ali-express_reviews,other
Rickard Terfelt,3,"update: after yet another contacts with aliexpress, i got my refund. however that cost a lot of time! ‐------- i have shopped a lot from ali in resent years, and problems have mostly been resolved if proof of problem gave been given, but now proof is not enough. i got a obvoius scam, a package with only wrapping in it, no goods at all! several communication sessions with pictures and video with ali (and seller) in wain. still they now ask for more proof, and disregarded my claim!",2026-03-01 13:44:18,1,ali-express_reviews,delivery_shipping
Jason Nicholas,1,"i'll have a look at this-load error. i'll have a look at that-load error. i'll select that link-load error. i'll see what that is-load error. i'll buy that-wait a wk-out of stock. i'll order it from there-wait-no out of stock. fine, i'll order it from that seller then-wait another few days-no out of stock. i wonder if they'll have it, they say they do-wait-nope, load error, out of stock. recurring theme.",2026-03-01 13:33:11,186,ali-express_reviews,app_usability
Petra Mijajlovic,1,"they don't want to help at all, my package delivery failed, no reason listed, when i tried to contact aliexpress they just spammed ""no refund"" again, with no explanation. now neither will i get my package nor my money back. worst of all, i didn't get a single explanation.",2026-03-01 13:21:23,1,ali-express_reviews,delivery_shipping
Guy Elsenburg,1,beware they will send incorrect items and then demand you re package and return it back to them even though they incorrectly sent it to you and then you will recieve nothing but harassing messages daily,2026-03-01 13:11:42,1,ali-express_reviews,delivery_shipping
Aira Guro,1,aliexpress is good but what disappointed me is that there is no gcash option in payment method i can't order can you fix this cause not all buyers have a bank account like me i only use gcash and even worst is the customer service didn't help me and didn't answer my complain like he doesn't know what his job!!!,2026-03-01 13:06:16,0,ali-express_reviews,customer_service
Sakura Boo,1,"5 free returns a month. unopened. denied return. buyer beware. reached out multiple times to the customer service. they are not aware, when caught lying about the return process, decided to give up and escalate the issue.",2026-03-01 12:36:30,1,ali-express_reviews,refund_return
Ruthra Ninel Aicrag,1,"aliexpress does not filter who does not sell authentic items. i have experienced several times buying items that say what they are, but they are not. i think people should know that they need protection from these kind of sellers who advertised fraud items. don't use this app it also send lots of mail ads filling your inbox. thanks for nothing!",2026-03-01 12:27:52,1,ali-express_reviews,app_usability
Luis Orjuela,1,"it's not worth the hassle, you get poor quality items and sometimes you don't even get what you order and the refund process is a nightmare. good riddance of this application and sellers",2026-03-01 11:53:06,1,ali-express_reviews,refund_return
David Watson,1,aliexpress allows sellers to sell non functional products which dont match item descriptions on this platform. be wary!,2026-03-01 11:52:04,0,ali-express_reviews,other
Kudakwashe Chakanya,5,best e commerce app ever,2026-03-01 11:22:49,0,ali-express_reviews,app_usability
Centre Orbit,1,unsafe platform lost 180 pounds fake product. sellers are selling fake cmputters running scripts to make them appear a higher spec. the computers eventually fail to work. there are thousands of fake items being sold on this platform and yoi have very little prpteection. if you use paypal you have poor consumer proyection. always use a credit card instead of paypal buy dont use aliexpress. googgle the fraud that is active on aliexpress ... its huge and you will loose money at some point..,2026-03-01 11:05:13,2,ali-express_reviews,product_quality
Leigh Morris-Ashton,1,"i paid for 5 items, only got 2, and they were broken. aliexpress refused to refund me even though the shop said they would refund me. i never got a refund. items were described as silicone and were made of cheap plastic, total ripoff. terrible service, and i shall not ever be buying again.",2026-03-01 10:53:36,2,ali-express_reviews,refund_return
Chandana Spence,5,i love this program i ordered my hair and i get it was 100 human wig,2026-03-01 10:40:43,0,ali-express_reviews,other
Robert Gregory,3,reduce the adds!,2026-03-01 10:36:47,0,ali-express_reviews,other
Vladimir Berta,1,"aliexpress just started billing shipping fees for products that are marketed as ""free shipping"" for a product that was 7 euros and ""free shipping"" i was charged 5 euros for shipping on delivery. no pay no product. if i was charged that initially i wouldn't have placed the order! that's just not how you do business!",2026-03-01 09:25:07,1,ali-express_reviews,delivery_shipping
Brian Myers,5,been good so far,2026-03-01 09:20:10,0,ali-express_reviews,other
Catherine Jung,1,this online apps is not good takes to long to delivery the item give you hardtime to refund your money,2026-03-01 09:06:45,0,ali-express_reviews,delivery_shipping
Henry kanayo,5,🚫,2026-03-01 07:19:30,0,ali-express_reviews,other
Peter Jorgensen,1,"consistent double tax, no receipt, bad paperwork, no support and no service.",2026-03-01 06:53:17,0,ali-express_reviews,pricing_discount
Mark Grant,1,ads that push themselves into install on your phones with no choice to say no is the same as technological rape! there should be fkn laws against it.,2026-03-01 06:09:24,0,ali-express_reviews,other
Adam Zorzi,1,scammers!,2026-03-01 05:56:06,1,ali-express_reviews,other
Devon Bond,1,the help center is just a stupid bot. no wonder they don't screen sellers with all this free for all nonsense. my first purchase in years to get car mats and the seller sends me 1 inch stickers instead. i spent us$300 and until now i cannot get any assistance. how does such a large company like this allow such behavior?,2026-03-01 04:45:38,2,ali-express_reviews,customer_service
Seren,2,"the welcome gift is a scam. i won 2 free items and also free shipping, but i had to pick a ""discounted"" item to get my gifts! nothing on there is actually free!",2026-03-01 02:52:31,1,ali-express_reviews,delivery_shipping
Rebecca Jenkins,4,idk its great but just not perfect,2026-03-01 01:44:44,0,ali-express_reviews,other
Andri Pech,1,"the seller canceled my order and made a refund but i can't withdraw my money because the app does not accept a withdraw by using your original method-payment (i paid by oxxo), so my money turned into a frozen ""refund"" that i'm uncapable to withdraw, in a nutshell i wasted money and time",2026-03-01 01:37:50,1,ali-express_reviews,refund_return
Adam J Butler,5,so far this has been a good place to order anything!,2026-03-01 00:38:36,0,ali-express_reviews,other
C Taylor,1,i purchased a package but when i found out the delivery guy is speed x i know i was never going to receive the package that i purchased. it's been over 15 days and our customer service has not helped me out.,2026-02-28 23:14:20,1,ali-express_reviews,delivery_shipping
Shirley Smith,1,did not receive my potable dryer..my tracking number was scanned at p.o. and was not sent to my address. p. o. stated that my package had another address on it. i only gave my address. l can't understand how this happen. i have no dryer and no refund. l will not deal with this company or the company from where i bought the potable dryer. really needed the dryer.,2026-02-28 22:29:54,1,ali-express_reviews,delivery_shipping
Duncan Davis,1,"worst shopping app ever, deleted. i installed it to get a load of electronics for a project, few hundred quids worth. first thing after install was 2 free items, ok selected 2, then have to buy 2 to get, ok. tried to pay with paypal and it just kept looping and saying it took payment, but then saying i needed to pay. useless. impossible to use to buy what i wanted because of all the ""special offers"" and key popups.",2026-02-28 22:23:40,1,ali-express_reviews,app_usability
Michelle Cooley,5,absolutely 💯 love aliexpress app,2026-02-28 22:18:25,0,ali-express_reviews,app_usability
April Kimmell,5,"they have good deals. you need to go into your settings to change what notifications you be getting and how often. they have a really good deal for new customers. you only get to pick one deal though. if you take your time and choose wisely he won't regret it. here's a tip. when you open an account, go to the ""search bar"" and search for things that you're interested in. close it down and reopen it. this will save you time scrolling on the deal pages. when u click on sumthin it will show u more!",2026-02-28 20:21:47,3,ali-express_reviews,pricing_discount
Adreana,1,took well over a month to get here and wasn't even exactly what i ordered,2026-02-28 19:53:50,0,ali-express_reviews,other
•coconut•,3,they have good stuff but want too much for shipping tax,2026-02-28 19:00:57,0,ali-express_reviews,delivery_shipping
Abolarinwa David,5,i'm not getting my goods,2026-02-28 18:39:49,0,ali-express_reviews,other
Leslie-Ann Albanese,5,"the ultimate in transparency! you can speak/see live the seller. knowing exactly where my money goes is paramount. small b2b is refreshing and hopefully with the tariff reduction we, (humans living on planet earth)can (only wish) to actually make some money.",2026-02-28 18:36:03,1,ali-express_reviews,other
Mikail Maharoof,1,its like temu with a different name 🤬 its a scam!!!!,2026-02-28 18:21:38,1,ali-express_reviews,scam_trust
Sigge Sigvardsson,2,"they just cancel your orders and there's isn't any information in the cancelation why. the other product was damaged, and not even in the packed showed. third was was ok,so 2 out of 5. after the developer replied here i contacted their support, and i know english is my third language but i would still consider it at a decent level. they do not understand what i'm trying to write or the problem at all,doing everything to get out of their responsibility it feels like, probably under order to do so",2026-02-28 18:11:57,2,ali-express_reviews,refund_return
Yassine Play,1,i haven't received any of the packages and i haven't received my money back. it's a scam.,2026-02-28 17:47:02,1,ali-express_reviews,scam_trust
Mario Guerrero,1,it doesn't even have things to exercise with.,2026-02-28 17:19:33,0,ali-express_reviews,other
Ms Sheree L Taylor,3,so far they are ok check back later,2026-02-28 17:18:16,0,ali-express_reviews,other
Mirza Muhammad Nauman,1,useless now in pakistan. they are charging double tax to the value of item. i'm going to uninstall it.,2026-02-28 17:17:12,1,ali-express_reviews,pricing_discount
Dave Mack,1,bad customer service no problem solution i ordered from temu and already received this platform allows scam sellers,2026-02-28 16:22:05,1,ali-express_reviews,customer_service
Hans Wurst,1,"since 2026 i have to return goods of a values below usd 1.0 that were sent wrong. aliexpress pays return shipping, so prices will raise. ofc i asked support on this more than once, but as always: support is either ai or morans (get a brain) and ""escalation teams"" just semd standard answers. i will switch to bnggd or tmu, with lower prices. they blocked me from playing games needed for their worldtour game at 85% completion - all progress lost, and 20 escalated support tickets later: 0 progress.",2026-02-28 15:20:04,1,ali-express_reviews,delivery_shipping
Brandon Carson,1,i'm completely done with this app every time i order stuff off of here there's always a problem so yea i'm give aliexpress a bad name i rather oder from temu at least you get your packages in on time instead of wait almost a month to get it so yea as soon as i get my package in from aliexpress i'm deleting this app and i will never use this app again,2026-02-28 15:18:36,0,ali-express_reviews,delivery_shipping
Michael Oyimba,5,best shopping app goods are delivered fast and accurate and they communicate well too i recommend this if u want to buy directly from china,2026-02-28 13:30:40,0,ali-express_reviews,app_usability
Frazer Williams,5,very good. glorious app,2026-02-28 12:42:45,0,ali-express_reviews,app_usability
Giorgi Karkusashvili,1,"i live in georgia and aliexpress is only letting me use the russian version of the app. georgia isn't russia, never was and never will be. i used to use the global version of aliexpress a few years ago, but everything has turned into a terrible experience now. i can't even log in",2026-02-28 12:03:30,0,ali-express_reviews,app_usability
craig williams,1,"a rubbish conglomerate that will not refund any orders that yodel decide to leave in an unsafe place and so go missing,even though in their own terms they refund if package is lost.already have been in touch with customer service 18 times + numerous appeals! you are not interested and deny refund every time (in response to your reply)",2026-02-28 11:51:40,1,ali-express_reviews,delivery_shipping
Iftikhar Ahmad,1,i am prchase 5 time difrant prodect but all prodect is not good,2026-02-28 11:25:57,1,ali-express_reviews,other
Pushpitha kavinda,5,good,2026-02-28 10:29:21,0,ali-express_reviews,other
Otunba Olufemi Omotayo,5,excellently,2026-02-28 09:03:25,0,ali-express_reviews,other
Joshua Carter,1,"what a scam! they will tell you things are delivered and when they were not. if you then utilize the chat to ask about it, you get some ai chatbot in china that does nothing for you. i'm out money now with no product to show for it!",2026-02-28 07:59:14,1,ali-express_reviews,scam_trust
Peter L,1,"devs: learn how to do sign in properly!!! the website tries to force any mobile browser user in to the app, and the app forces signings by different methods the whole time you are shopping. this causes your cart and price to update at random. stop forcing people and your app might work properly.",2026-02-28 06:52:24,0,ali-express_reviews,pricing_discount
Mr. Salem,1,bad update. when searching for something and checking product then go back it take you to home page?! even if you use the arrow to go back same thing happens takes you to home screen. please fix this issue it's wasting time,2026-02-28 06:45:49,0,ali-express_reviews,app_usability
Cash Fuller,1,"do not shop on this platform, orders never arrived and can't make a dispute to get a refund, complete scam.",2026-02-28 03:21:08,0,ali-express_reviews,refund_return
Chip Helton,5,great so far,2026-02-28 03:03:10,0,ali-express_reviews,other
Sony Yang,1,they linked my x account with one of their twitter@aliexpress email when signing in so now i cannot change any of my settings because i do not get any notifications sent to my real email,2026-02-28 02:34:23,0,ali-express_reviews,ads_promotions
MKII,3,"really buggy and slow app. customer service with agents feel like ai or a bot, waiting for return after received an item that incorrectly advertised... sellers ignore you or deny their mistakes, they really changed my thoughts about chinese people.. let's hope i get money back",2026-02-28 02:13:13,1,ali-express_reviews,refund_return
donald h samuel sr,1,they don't show you the negative ones either they lost the cell phone that was sent back they never gave me a refund for it very terrible customer service in my own opinion i would never ever ever buy anything from these people again that's how bad they are as far as customer service,2026-02-28 00:27:25,1,ali-express_reviews,refund_return
Mike,1,i have to wait longer than 3 days for two things to get shipped at me,2026-02-28 00:19:57,1,ali-express_reviews,other
Roe Zohar,1,the app is not that good. the search options are very poor and that choise stuff are really bad,2026-02-27 23:32:33,0,ali-express_reviews,app_usability
Claire Mole,1,ordered from there. they then decided to order something for themselves of nearly £40. scammers stay away. quality of items isn't great either. do not order from here,2026-02-27 22:54:01,2,ali-express_reviews,product_quality
shadi humeid,1,thieves liers and scammers the worst experience you can have the cheat lie and allow their sellers to embezzle. money from you and not honor the deal if they dont feel like it and pressure you for more payment. and when you aske for customer service for help you get a bunch of empty promises and lies and a 1$ coupon nothing will be done to protect you. i hope you all get what you deserve,2026-02-27 22:44:43,1,ali-express_reviews,pricing_discount
Jordan H,1,"i avoided using this for years as i had reservations about the quality. very first time using, i completely understand why i avoided it. the return system is a joke. they basically squeeze you into accepting a partial refund for a broken item. will never use this service again. one and done",2026-02-27 22:41:26,2,ali-express_reviews,refund_return
Stanislav Kalashnik,1,bad,2026-02-27 22:29:41,0,ali-express_reviews,other
Keri Spears,1,"i am reading this one star because\nwhen i ordered something, it was very expensive.and it's telling me that i haven't ordered anything , and i've been waiting for a very long time",2026-02-27 22:14:54,1,ali-express_reviews,pricing_discount
Dustin Emerson,2,they haven't gave me my stuff yet,2026-02-27 22:13:57,0,ali-express_reviews,other
Ahmed ololade,5,good,2026-02-27 21:31:58,0,ali-express_reviews,other
10 year joint guy,3,"great. usually get my orders on time if not earlier. customer service is generally useless as they ""gave me a solution"", i went to try said solution, failed and would get back on customer service. tried to ask an upfront question about if its possible to get a refund in which i wanted the answer to be yes or no but they beat around the bush. had to learn on my own that the refund was not possible and all the solutions they gave me were utterly ridiculous. other than that, packages usually come.",2026-02-27 21:30:30,0,ali-express_reviews,refund_return
Eneverem,1,first order never arrived. not a good first impression. wont be using if products dont arrive. 0 stars if possible.,2026-02-27 21:23:50,1,ali-express_reviews,other
zadarn Asd,4,hipik,2026-02-27 20:26:53,0,ali-express_reviews,other
Anurugwo Virginus,1,very bad. i order clipper.they send me accessories.my money is gone.,2026-02-27 17:36:53,1,ali-express_reviews,other
chris Fourzan,1,"worse than temu, delivey time is terrible, rather order from tiktok because they ship in 3 days.",2026-02-27 17:25:03,0,ali-express_reviews,delivery_shipping
Fry Eren,1,"horrible app, horrible service. i followed the official dispute instructions which clearly stated “return shipping paid by: seller.” i returned the item internationally and provided proof of delivery. after refunding the item price, aliexpress refused to reimburse the return shipping despite what was shown in the dispute page. very disappointing experience with policy inconsistency. do not recommend!",2026-02-27 17:07:07,1,ali-express_reviews,delivery_shipping
Courtney Bigelow,1,i paid for my items and the next day they are telling me i owe more. not very happy. i'll go back to temu. they don't double charge your account.,2026-02-27 16:25:49,1,ali-express_reviews,pricing_discount
tuffguy48,1,i didn't install this app it installed it self when i installed an other app,2026-02-27 16:05:39,1,ali-express_reviews,app_usability
Michelle Grooms,5,it's great to get 3 items for 99 cents,2026-02-27 15:53:00,0,ali-express_reviews,other
Chris Christopherson,1,"they cancel orders, i still got charged. watch prices in your cart as you check items to buy. prices will increase with no notification.",2026-02-27 14:53:55,1,ali-express_reviews,refund_return
Rao Asif,1,send fake product,2026-02-27 14:15:16,1,ali-express_reviews,product_quality
Kerri,5,my most favorite shopping app!!,2026-02-27 13:07:43,0,ali-express_reviews,app_usability
Daz Aylward (DarrenA),5,i was always dubious about purchasing from here but made the jump because of the ridiculously cheap price of their building block sets. i haven't looked back. as long as you go with 'choice' sellers your purchase is protected and delivery quick - usually about a week. i can't recommend them enough. you can even get cashback on top!,2026-02-27 10:44:04,10,ali-express_reviews,delivery_shipping
Jose Goris,1,"unable to add items to cart, only options is to buy now.",2026-02-27 10:40:51,1,ali-express_reviews,other
Rebecca South,1,$20 shipping is robbery no matter how much you buy! they are deceiving & then won't leave you alone!!!!,2026-02-27 10:27:59,1,ali-express_reviews,delivery_shipping
Iyanu Iyamu,3,"the experience is great, i suggest you change your delivery partner speedaf for nigeria because the experience this day concerning delivery is appalling. or better still charge a fee for delivery.",2026-02-27 10:16:26,0,ali-express_reviews,delivery_shipping
David iwu,3,it is a nice app the customer service is good,2026-02-27 10:05:12,0,ali-express_reviews,app_usability
Hem Bahadur,5,awesome,2026-02-27 09:53:21,0,ali-express_reviews,other
Waliyat Imran,1,if only i can rate it zero star. they are all heartless people who won't refund me my money telling me to send evidence of my baby coughing and choking on the nipple replacement i complained about before they can refund me my money. no sympathy or human feelings whatsoever. i'm so disappointed i trusted you again. this is the height of wickedness.,2026-02-27 09:49:42,4,ali-express_reviews,refund_return
Jon L,1,avoid. refuse to let you shop due to rudiculos checks.. goodbye you arsehxles,2026-02-27 09:24:36,1,ali-express_reviews,other
Hesham Musabeh,1,"very poor customer support, please use paypal to protect your payment.",2026-02-27 09:16:30,2,ali-express_reviews,customer_service
Bronwynne Theodossio,1,shouldn't have to use an app to purchase,2026-02-27 09:15:32,1,ali-express_reviews,app_usability
Roy Ellis,5,i have had no issues with this site deliveries and products are as they described very good information on were the package is.,2026-02-27 06:54:07,0,ali-express_reviews,delivery_shipping
Kamorudeen Ganiyu,5,excellent,2026-02-27 06:32:16,0,ali-express_reviews,other
James Brunette,1,it's great until you just randomly don't receive your order and have zero recourse,2026-02-27 06:18:08,1,ali-express_reviews,other
kerry powell,1,i cant belive the shipping prices on one item i wanted it was £108.00 for shipping thsts ridiculous as its coming from the ssme place as temu & they are free shipping (if i could get the item off temu i would of done) but they are out of stock ....never purchasing anything off here agen,2026-02-27 05:58:56,1,ali-express_reviews,delivery_shipping
Dan Snively,5,so far very pleased with the app and service. reasonably priced products and fast tracked shipping.,2026-02-27 05:28:18,0,ali-express_reviews,delivery_shipping
Xander,1,"it's pretty sus, they say you get a coupon if your item doesn't arrive by the stated date, but if it's delayed they just change the date it says.",2026-02-27 04:51:27,1,ali-express_reviews,other
SMILE JESUS LOVE U,1,just too many pop-ups,2026-02-27 03:44:14,0,ali-express_reviews,other
Gentry Edwards jr,5,five star for giving first time users the chance of purchasing items that are ready to make use of in everyday life. thanks from gentry j edwards jr 87,2026-02-27 03:31:37,0,ali-express_reviews,other
Mr E,1,"didn't receive my product in full, only half of it. i requested a refund and they are refusing saying the pictures i sent don't show the problem even though i received a box with an empty space and only half of the product. shipping takes twice as long as ebay amazon even temu is way way faster. this app is just the same products as temu but more expensive",2026-02-27 01:28:52,3,ali-express_reviews,delivery_shipping
Wayne Beitzel,5,gets me where i want to go... bargain shopping!,2026-02-27 00:47:02,0,ali-express_reviews,other
Achraf Mouhsine,1,السعر مرتفع جدا,2026-02-27 00:14:55,0,ali-express_reviews,other
Wanda Rigsby,1,i don't want this app and i've never used it i've tried everything to stop getting emails i've even deleted the app and re-download to try and just to log out. and that didn't work. so i deleted the app again. and i'm still getting emails i do not want this app please don't send me anymore emails.,2026-02-26 23:56:57,1,ali-express_reviews,app_usability
D,1,"prices change to quickly and not always lower while in cart before you have time to add all you want in cart, can not depend on prices to stay in short amount of time and as new customer it says you get lower price but does give you that price in cart when not ordered yet. when finding lower price out of app or online the price increases by a lot in app. while playing its games to save money the prices increase and takes way to long to save very little. hard to see differences in similar items.",2026-02-26 23:43:35,3,ali-express_reviews,pricing_discount
donte vail,1,barely support cashapp cards,2026-02-26 23:12:29,0,ali-express_reviews,customer_service
Ad,1,"poor service, ordered a part and never arrived. won't refund me a joke!. be careful with this platform.",2026-02-26 23:06:52,0,ali-express_reviews,refund_return
Ben Martin,3,"200% price hike on your account for a bad review the range of products is good. the delivery is terrible. i am always excited to find stuff i need on the website but disappointed when i see delayed delayed delayed a three week delivery window is long enough, but when the delivery date keeps getting pushed out it's very annoying",2026-02-26 23:04:22,2,ali-express_reviews,delivery_shipping
Martin Roa,5,"prices are all over the place but its still my go to place to get some surprisingly quality goods. give it a shot. also you can talk directly to the seller if you have questions and they answer quickly, and its not a robot 99% of the time i was skeptical of this app but it won me over.",2026-02-26 19:38:02,0,ali-express_reviews,product_quality
Charles Guzman,1,scamers,2026-02-26 19:19:25,1,ali-express_reviews,other
Joseph Kumi,4,"ok, i am satisfied now😊",2026-02-26 18:13:28,0,ali-express_reviews,other
Farah Naz,5,best for online products,2026-02-26 17:51:38,0,ali-express_reviews,other
Vako Maglakelidze,1,so cool frk ai ad it's fake everything fake,2026-02-26 17:43:59,1,ali-express_reviews,product_quality
Peah Dorante,5,i ❤️ aliexpress because it's cheap and easy to use and the prices are fantabulous because there are so many different varieties to pick. i recommend everyone to download so i rated this app a 5 star 🌟 🌟🌟🌟🌟 pee from palmerston. 👍👌👏🙌❤️,2026-02-26 16:29:38,0,ali-express_reviews,pricing_discount
Rilwanu Maiwada,4,excellent,2026-02-26 14:57:10,0,ali-express_reviews,other
tracy nyaoro,5,excellent,2026-02-26 14:46:00,0,ali-express_reviews,other
Smoothie “Smoothie”,1,"scam website. if you don't receive the product they don't replace it or refund it even if they say it everywhere on the website. lost almost a hundred euros and support just say ""git gud"" and that is sad and bye bye. edit: support said again ""lol u mad""",2026-02-26 14:45:29,2,ali-express_reviews,refund_return
Esther Ayoo,4,"my first time shopping with aliexpress the experience was good the store communication was on point, but the goods took to long to arrive in kenya i didn't receive them on the expected date.",2026-02-26 13:57:12,0,ali-express_reviews,other
Abenether shumet,3,nice update but the filter is not working specially free shiping option is not accurate and what is with shipping too expensive,2026-02-26 13:45:54,0,ali-express_reviews,delivery_shipping
Starme Lipox,5,"first of all, i would like to congratulate aliexpress on its wonderful job but nowadays shipments to ghana are very slow compared to the past years and i would like the board members to address this issue on our behalf and fix the problem we are facing. i hope my humble request will be put into consideration. thanks.",2026-02-26 12:42:21,5,ali-express_reviews,app_usability
Bojan Petreski,1,"it is impossible to exchange the diamonds for shopping credits because after the daily refresh they are gone within milliseconds. i contacted customer service and was told that many people try to grab the rewards every day, so they run out right at the start of the exchange, and i was encouraged to keep trying. i have been trying for the last month with absolutely no success. at this point, collecting diamonds feels pointless and misleading, since there is realistically no chance to redeem them.",2026-02-26 12:39:09,1,ali-express_reviews,customer_service
Tracy Green,1,temu has better prices.,2026-02-26 12:35:42,1,ali-express_reviews,other
Jason Armfield,3,okay for cheap things. the games will lead you down a 30 day or 100 day challenge to win points for which you can never cash and challenges with irritating tasks like completing 10 levels of the rush game - the worst and longest to play,2026-02-26 12:00:53,0,ali-express_reviews,pricing_discount
C D,1,"shopping credits earnt are near impossible to use. aliexpress encourages users to earn shopping credits by watching ads and playing games. it can take many many hours to earn enough shopping credits to exchange for actual dollar amounts. but then when you try to exchange them, the credits are only available once a day and are all gone in less than one second. aliexpress must know that their customers have little chance of getting the dollar credits, yet they dont really let the customer know",2026-02-26 10:07:40,64,ali-express_reviews,other
Shaikh Akbar,1,"this is my first time i am having issue with aliexpress customer service. i am frequent shopper here. i received a product with an issue, uploaded the pictures as proof but aliexpress didn't approved it yet. keep showing messages lack of evidence. i have no idea what are the evidence they want. i even send messages to seller and seller just read the message.",2026-02-26 09:50:45,2,ali-express_reviews,customer_service
Michael Anderson,5,"love this app, quick shipping, cheep prices, easy to use, fun games to earn points. by far my favorite shopping app.",2026-02-26 07:31:54,0,ali-express_reviews,delivery_shipping
Isra Al-hakim,3,not sure what is happening with the app lately but it has been glitching a lot. siging in has become a real pain. i keep signing in and it still tell me to sign in.,2026-02-26 07:30:32,0,ali-express_reviews,app_usability
Sean Gribben,1,tried to scam me,2026-02-26 06:28:18,1,ali-express_reviews,scam_trust
Sven Jesper,1,one of the most annoying and confusing shop apps. just buy what you want and uninstall,2026-02-26 05:58:15,1,ali-express_reviews,other
TriLife,1,"totally overcrowded app! too much going on. order information cannot be sorted. it's just one stream of data. updates, delivery information etc. often repeated. you can't find the information that matters. you cannot turn off promo spam. the slider just goes back to ""allow"" the products are good, but the app positively is useless. stick to the website",2026-02-26 01:43:09,3,ali-express_reviews,delivery_shipping
Cristina Sanchez,5,best company ever!!! great customer service!!! lots of other companies should learn what loyalty means ( i ditched shein 👎 long time ago)!!!,2026-02-26 01:41:50,0,ali-express_reviews,customer_service
Sincere Sanders,3,no i'm good with it and,2026-02-26 01:23:23,0,ali-express_reviews,other
Nick Worrell,1,"customer service nightmare! if you have a package with fast shipping selected, it'll never arrive on time and they will never fulfill their claims of refund, 1$ if late, or coupon on your next order. i have multiple packages from separate orders that were ordered months ago. talking with customer service doesn't yield anything other than false understanding and fake sympathy. infuriating, especially when they feed me a fake tracking number that wants me to sign into amazon to view tracking info",2026-02-26 01:05:18,5,ali-express_reviews,delivery_shipping
Elizabeth Grimes,1,not helpful took my money off my debit card when i did not tell them they could,2026-02-26 00:29:52,1,ali-express_reviews,other
Ayesha Siddiqui,2,why so much tax in pakistan 😭😭😭,2026-02-26 00:22:58,0,ali-express_reviews,pricing_discount
Susannah Blood,5,this company responds quickly,2026-02-26 00:11:27,0,ali-express_reviews,other
marcia Crumpton,1,thanks i place an order with them and they did not deliver the item and did not issue any type of refund i sent screenshot that usps said there is an unpaid postage item will not be delivered and i uninstalled them they kept the item and the refund,2026-02-25 23:30:14,1,ali-express_reviews,delivery_shipping
Colin Biggs,1,not getting deliveries to my address spent £150 and over what can you do about it.,2026-02-25 23:05:10,1,ali-express_reviews,other
THE D3AD P1X3L,1,terrible app just keeps loading,2026-02-25 21:41:22,1,ali-express_reviews,app_usability
Laura,1,"awful experience, cant purchase anything, sends me in a loop of signing in again and again and again. never being able to finish the order. uninstall ed after a few minutes!",2026-02-25 21:10:32,1,ali-express_reviews,other
Mary Lanier,3,it's like temu it's easy to get in trouble because you keep wanting to spend money that you don't always have ⚠️😀,2026-02-25 20:48:08,0,ali-express_reviews,other
Jan Rebekah,1,i ordered a mosquito killing lamp and it's not working. also the rest of the products i ordered were low quality,2026-02-25 20:04:06,1,ali-express_reviews,product_quality
Brandy Jones,1,i shop with ali express often and for years i've never had a problem until now. i purchased a wig. on feb 4th by feb 9th they marked it delivered. i never received it. i contacted the live chat and explained that i never received my purchase and they sent so called proof that it was delivered to me when i look at the proof its pictures of a different place with stairs then the next pic is the address which isn't mine and i explained all this and they still haven't made this right. im pissed 😤,2026-02-25 19:38:38,1,ali-express_reviews,other
Cannon “Cannon”,1,"everything seems to be rip offs of another product and this does lead to uninformed customers buying products with incorrect descriptions. if your getting what you wanted, i simply dont believe you. spent hundreds, nothing authentic and nothing made it this far without a broken piece or similar issues",2026-02-25 18:06:48,2,ali-express_reviews,product_quality
Simon Pickering,1,"frustrating, sneaky advertising( for example find ads at £10 by time you have picked the specifics it's £100.every time i try to send an item back i get locked out of my account!! the robots you try talk to are beyond useless,like talking to a bunch of scammers from pakistan/india....by the end of the conversation they have had your pants down & taken your money.... moral of the story....these people are scammers that hind behind bent laws...",2026-02-25 16:38:15,2,ali-express_reviews,other
Beckie Tharp,5,great,2026-02-25 16:09:41,0,ali-express_reviews,other
Rise_Above,5,so much going on in the app with games and sales that the app lags alot.,2026-02-25 15:19:28,0,ali-express_reviews,app_usability
Sime akter,5,tell us more ( optional) ❤️🇸🇦,2026-02-25 14:38:01,0,ali-express_reviews,other
Richard Connor,1,poor,2026-02-25 14:36:02,0,ali-express_reviews,other
XQFXUOGL FDSMKLIP,1,👎👎👎👎👎,2026-02-25 13:51:41,0,ali-express_reviews,other
Simon Wright,1,"terrible customer service if you need to return items. they won't provide a clear return address for large items. can't use a po box with couriers. too large to send through postal service. keep getting given the same useless instructions and going in circles!! very frustrating. i have tried 6 times to get an address but keep getting the same answer. ""follow the instructions"" no-one reads the request. just terrible",2026-02-25 13:18:52,2,ali-express_reviews,refund_return
Muhammad Eissa,1,"for eu residents, open a complaint in the ecc to get aliexpress legal info, ask any ai. my case was so frustrating, the package was lost, but they ask me to call the carrier who refused to share with me the loss report. bacause i am not the sender i did request the refund 5 times and they rejected the 5 times. i am still in the same loop and don't know how to get me money back",2026-02-25 12:54:53,1,ali-express_reviews,delivery_shipping
Siraj Ahmed,1,sellers delivers defective item,2026-02-25 12:49:10,1,ali-express_reviews,other
Kyra Robins,1,the amount of pop ups and can't buy unless it's this or that. i just want to put stuff in my basket deal or not on the product. but deal this and that when i click on something then takes me to pay. just ad bad as temu,2026-02-25 12:42:06,1,ali-express_reviews,pricing_discount
Joshua Billman,1,trash dont waist your time! claims 3 items for .99 cents but when you click pay it charged me 14 dollars. what a joke. click bait 100000000% ill never suggest this app to anyone,2026-02-25 11:26:10,1,ali-express_reviews,app_usability
Kelly McCloy,2,"there's too many bugs in the app atm. when i scroll thru the feed and click on an item, not only is it super slow- but it shows a completely different item. this then throws off the algorithm and then the feed continues to shoe items which aren't of interest. so i haven't even been able to place my first order and get the benefit of the welcome deal because i give up looking out of frustration.",2026-02-25 08:34:32,4,ali-express_reviews,pricing_discount
George Shimo,5,good,2026-02-25 08:24:42,0,ali-express_reviews,other
Igwenagu Ifeoma,5,the app is good and doesn't have any hidden charges,2026-02-25 07:50:46,0,ali-express_reviews,app_usability
Redge Jelliman,1,buying from aliexpress was easy. receiving my parcel a nightmare,2026-02-25 05:50:14,1,ali-express_reviews,other
David Lim,1,"worst experience to make an official report regarding a seller that make a fake listing, url section is not correct hence clearly is the right one. first and last for this app. what a disappointment!",2026-02-25 05:47:23,1,ali-express_reviews,product_quality
John Murray,1,"avoid, beware of any android devices you buy as there's loads of fake devices on sale,and to return the goods they'll only provide you with a photo returns label that you'll have to print yourself as the mail company won't print it.",2026-02-25 05:46:15,1,ali-express_reviews,refund_return
Mohammed sameh elawady,1,شركة حراميه قمت بطلب منتج وظهر ان به خلل (لا يعمل) وعندما طالبت بأرجاعه قالو انهم لا يستطيعون الارجاع ويجب ان اذهب لشركه مختصه بالشحن وارسل لهم الطرد مغلف ثم يتم فحصه الى اخره مع العلم طلب الارجاع تم في نفس يوم الاستلام,2026-02-25 04:57:02,1,ali-express_reviews,other
Nia Pia,1,scam,2026-02-25 04:54:57,1,ali-express_reviews,scam_trust
M Wahid,1,bad app,2026-02-25 04:44:56,1,ali-express_reviews,app_usability
AHMED SALEH,1,scammers,2026-02-25 04:23:16,1,ali-express_reviews,other
J C,1,turn off the damned annoying music!,2026-02-25 04:02:48,1,ali-express_reviews,other
Logan King,5,"i love the app... everything works, tons of very unbelievably cheap things that have amazing quality 1,000% better than temu. i never knew this app existed and now i can't live without it. 😎🤙🏻",2026-02-25 03:10:54,1,ali-express_reviews,product_quality
Cyrus taba,1,"i entered the number, and then it asked for gmail. every time i entered it, it asked again. i tried with two different ones, but it was still the same.",2026-02-25 03:07:07,1,ali-express_reviews,other
Sharon Rees,5,excellent service,2026-02-25 02:34:17,0,ali-express_reviews,customer_service
Dale DuBowik,1,it is a hack after personal info see,2026-02-25 02:20:24,1,ali-express_reviews,other
denngsi,1,"horrible experience, was sold defected phone that stopped charging on 2nd day, online support always giving me false hope and than robotic email answers decline...i gave them videos and documents as proof it could not charge and bill from verified phone repair shop saying the phone has been taken apart before by someone else than the company that makes them so its not even new and all i get is ( phone has value and proof not good enough ) never hated a shop like this before so much.",2026-02-25 02:05:57,2,ali-express_reviews,pricing_discount
Bonnie Burton,2,they used to be good but now no matter if how much money you got on your card they only want to accept paypal and they got to they're unreasonable i used to like them it was easy to pay at checkout i have more than enough money to buy anything they have until they improve the app i'm uninstalling this app too many problems,2026-02-25 01:50:12,0,ali-express_reviews,app_usability
Colleen Williams,5,excellent.,2026-02-25 00:49:27,0,ali-express_reviews,other
Mr Sin,2,very bad experience. don't buy any electric stuff from them as i was mostly disappointed and when i started returning items they said first return is free not others. i was going to give one star but some non electric items are some good as they are cheap.,2026-02-25 00:03:01,0,ali-express_reviews,refund_return
Angelia Pleasent,5,i'm happy with everything!,2026-02-25 00:00:27,0,ali-express_reviews,other
ghvzt,2,don't know don't use just don't use it,2026-02-24 23:13:09,0,ali-express_reviews,other
Diane Bausch,1,took nearly 1 months to get to my country then get an email to say delivery unsuccessful. starting to think i've been scamed. i have no idea who the courier is so i can track my parcel. not happy 😒,2026-02-24 22:32:29,1,ali-express_reviews,delivery_shipping
Mustafa,1,not straight to the point,2026-02-24 22:14:00,1,ali-express_reviews,other
Nikodemus Niinkoti,5,"i,m very happy for this app because l, received my order on time 👏👏",2026-02-24 21:48:57,0,ali-express_reviews,app_usability
Haroon tariq,4,the app is amazing but this should have a separate menu for affiliate also when i refer a buyer to a product the seller response to the customer is not promising i usually send customers for container houses but througout my journey no response was satisfied for the customers hopefully ali should solve this matter.,2026-02-24 21:16:15,0,ali-express_reviews,app_usability
Osagie Osas,5,tough but still work at last,2026-02-24 21:09:04,0,ali-express_reviews,other
Del,5,"i had to give 5 stars however if i could i would give you -5 stars because apparently you let just anybody sell on aliexpress. my wife ordered 6 items. they were all in the same package. it never got to her she tracked it four or five times a day. that was six months ago. the delivery man said ""sheila refused to sign"". why? why would she not want her package? 5 of the six were refunded the 6th refused the refund and insists she received it although the delivery says she did not screen your stor",2026-02-24 19:21:14,1,ali-express_reviews,delivery_shipping
Fahad Al Maliki,2,they have some problem if you return item. they not return back!!! will not buy something expensive it's piece of advice your money they will fly awy,2026-02-24 19:12:46,1,ali-express_reviews,refund_return
Artak Khashkhashyan,1,"too much wrong or damaged items, absolutely not recommended",2026-02-24 19:08:10,3,ali-express_reviews,product_quality
Hafiz #21,5,easy to buy,2026-02-24 18:05:58,0,ali-express_reviews,other
Zaid Bhatti,1,"horrible app, horrible people. passionately hate the ceo, probably assaulting someone with his money. they did not accept any return request, do not recommend if wanting to purchase items in bulk or lots.",2026-02-24 17:59:08,2,ali-express_reviews,refund_return
David,3,edit: ai customer support service. poor ai previous4/5 probably best place for online shopping but should be more reliable! scammers exists but most of my purchases are ok aliexpress doesn't deserve the blame for the scammers that use it but they can make a few changes to drastically nerf scammers,2026-02-24 16:14:15,1,ali-express_reviews,customer_service
stephen amos,5,"good, range of products",2026-02-24 15:49:30,0,ali-express_reviews,other
William Khoemarga,1,this apps is probably scam,2026-02-24 14:45:54,1,ali-express_reviews,scam_trust
Sir Meowington,1,"probably will never buy from them again unless they stop using speedx. if there is a way, make sure your shipping isn't coming from them and going through a postal/a more proper delivery service like fedex or ups.",2026-02-24 14:45:03,2,ali-express_reviews,delivery_shipping
Ronishia Towns,5,y'all my packages just delivered from this app and it's not a scam because y'all have to have the actual money me it costed me $3.06 for these items because my 2 free plus a discount all 3 items came to my house today 😀😃😄 i think i should do it again one day actually.,2026-02-24 14:44:46,0,ali-express_reviews,pricing_discount
Steve C,2,"although the app is bloated with collecting points etc, there's plenty of choice, delivery is relatively quick with plenty of notification updates.... the big problem is when you either don't receive your item, it's the incorrect item ordered or it is simply faulty - then your problems begin.... even after sending plenty of photos, a comprehensive description and videos, aliexpress usually sides with the seller and your problem isn't resolved. ordering from aliexpress is a last resort for me.",2026-02-24 14:03:47,10,ali-express_reviews,delivery_shipping
Richard Menhinick,3,"app does not perform well on tablets. text is too big, and display area is very restricted in portrait mode making it difficult to find and select products quickly. even on most current large screen phones this makes your app look clumsy, amateurish and difficult to use.",2026-02-24 13:20:54,1,ali-express_reviews,app_usability
Nay Nay,5,love it,2026-02-24 13:19:37,0,ali-express_reviews,other
Robert Juda,1,got robbed of my money! beware buyers!,2026-02-24 12:03:26,2,ali-express_reviews,other
MONDI BUNGAJA,1,"this app allows the costums to collect every package in the same place and place extra charges on the product we buy, even if we pay for the shipping. they also give it to subcontractors that make us pay extra payments for delivery. if you are from albania, don't use this app.",2026-02-24 12:00:33,2,ali-express_reviews,delivery_shipping
Simon Hall,1,"terrible customer service, wrong size item delivered. messaged choice support with photos showing the wrong sized item. customer service didn't understand the difference between the size ordered and the size sent, rejected the return even through item sent back. update to reply: i tried customer service 3 times, each time they rejected the return as they couldnt under metric sizes. i ordered a 13mm size, i received a 14mm size. a photo showed 14mm, they rejected it every time. i now use temu.",2026-02-24 11:57:27,3,ali-express_reviews,refund_return
David Sykes,1,"horrible logistics, no package and no refund",2026-02-24 11:22:47,2,ali-express_reviews,delivery_shipping
Rainer S.,1,"only use aliexpress for cheap items & be prepared to write it off. in my case: 10 orders, all addressed correctly, arrived(2 got stuck for weeks, 7 got just dumped nearby). no 11 arrived at our airport on jan 31, but wasn't handed to customs for 17 days! customs cleared it in 11 hrs. 7 days later, without even bother to arrange a last mile / local courier: ""recipient uncontactable"". now aliexpress wants me to contact the courier in china on the chinese only website and no end-consumer support.",2026-02-24 11:22:26,2,ali-express_reviews,delivery_shipping
Alex M,2,"great variety and good prices, but there's a lot of time wasting in the app, with excessive notifications , stupid games...",2026-02-24 09:45:19,1,ali-express_reviews,app_usability
Piter,1,"sent by a broken airplane control panel.they won't send a new one, they won't refund the money. many stores on aliexpress sell defective goods, it is problematic to get your money back . appeal result aliexpress costomer servise regarding this request, we have carefully re.visited all the proof provided, including the newly updated proof and found that the proof is not effective enough to prove your claim. and now this request has exceeded the aliexpress protection period.",2026-02-24 09:23:51,3,ali-express_reviews,refund_return
Megan Ramdin,2,"hi, i wish i can say something positive but i am feeling disappointed because i placed and order, paid for it and i am still waiting for the delivery. i sent emails to no avail. ,it seems like this is the place where i might get a response to who i should contact. i tried tracking my order. i placed this order via google i suppose tht is a 3rd party but i also downloaded the app. can't for some reason track my order there. it just does not show up..any help for me please, from rsa megan",2026-02-24 09:17:55,1,ali-express_reviews,delivery_shipping
becky wise,5,highly recommend no tricks advertisements work perfectly no hidden fees or purchases. best app!!! ❤️‍🔥,2026-02-24 09:14:29,0,ali-express_reviews,app_usability
Maysoon Abdelhamid,5,رائع,2026-02-24 07:50:29,0,ali-express_reviews,other
Tommy Yang,1,everyone just a heads up dont shop from these scammers and this app and they will not give u your refund only put it in ur account as credit...china sellers are scammers...its better u all go for amazon or ebay 💯,2026-02-24 07:20:16,2,ali-express_reviews,refund_return
Jayden Hendy,5,it's great,2026-02-24 06:35:17,0,ali-express_reviews,other
ザカリーエイケン（Aiken）,4,"update: my experience with aliexpress has improved a bit. it’s very useful for parts i need as someone who does diy projects and repairs, but it’s not ideal for everyday purchases since shipping can be very expensive. overall, it’s ok.",2026-02-24 05:40:13,0,ali-express_reviews,delivery_shipping
Zoltan Bartha,5,"very good app, tracking works great.",2026-02-24 04:55:03,0,ali-express_reviews,delivery_shipping
Mil .Wanmoon,5,"literally so cool bro. i thought it was scam (sorry 😔) but it's actually not!! like things are so affordable and you get benefits as a new member. orders arrive based on where it comes from and sometimes it comes late but that's just reasonable honestly - oh and the packages arrive safely. i've already got so many things. i love you aliexpress, you da goat fr 🫶.",2026-02-24 04:44:42,0,ali-express_reviews,scam_trust
Cresta Bills,1,"i'm grateful i read all the reviews! that's what sells me right away& it also saves me a lot apparently of frustration &waisted time! especially the shipping , that's way to long for any store, idc how cheap it is , no way, i'll stick with amazon & temu & others that have sufficient no headaches & my sanity shipping & return policies!!",2026-02-24 02:40:25,2,ali-express_reviews,delivery_shipping
Shadell Beggs,1,not giving my money back,2026-02-24 02:17:08,2,ali-express_reviews,other
Keandre Singleton,2,the ordering is really slow 😞,2026-02-24 02:13:51,2,ali-express_reviews,app_usability
Among us,1,too many ads and stealing data without permission,2026-02-24 01:59:00,2,ali-express_reviews,other
jason packer,4,some of the navigation requires you to backtrack to the main screen to go to your account which is annoying,2026-02-24 01:38:21,0,ali-express_reviews,other
Jt Bradshaw-Smith,1,didn't give me my package at all,2026-02-24 01:36:45,1,ali-express_reviews,delivery_shipping
the trash gremlin,5,great app there was a problem but they fixed it quickly,2026-02-24 00:01:01,0,ali-express_reviews,app_usability
Muhammad Waseem,5,happy,2026-02-23 23:56:31,0,ali-express_reviews,other
Gauge Mullins,5,my mom said it was a really good app in her opinion and you actually get free stuff!,2026-02-23 23:32:49,0,ali-express_reviews,app_usability
رواد التاجوري,5,so cool 😎,2026-02-23 23:09:53,0,ali-express_reviews,other
Lisander Doda,1,even if i report their email as spam they chenge the sender address. it is not possible to stop their emails. do not signup,2026-02-23 22:36:40,1,ali-express_reviews,ads_promotions
Lester Campillo,1,"terrible service! they misdeliver a package and tell you to pound sand and talk to the courier. i purchase with a store, and am told to talk to the shipper they hire. make sure you go through your credit card so that you can still get your money back, or better yet don't buy from this app developer response edit: who do you think i talked to? customer service told me to contact the courier and would not help me. not even on appeal, it kept being denied when your courier misdelivered it",2026-02-23 22:27:30,2,ali-express_reviews,delivery_shipping
Hazem Ali,1,"i ordered a product from aliexpress that arrived faulty. returning it became a nightmare — the delivery service repeatedly missed scheduled appointments (around 5–6 times), causing major inconvenience. on top of that, aliexpress customer service failed to properly address my issue and repeatedly declined my return, despite the fault being on their side. after all this hassle, i have a faulty item and no resolution. if aliexpress does not refund this amount, i will not ordering again from them",2026-02-23 22:24:36,13,ali-express_reviews,delivery_shipping
Rini Baxi,2,"i ordered a product from aliexpress that arrived faulty. returning it became a nightmare — the delivery service repeatedly missed scheduled appointments (around 5–6 times), causing major inconvenience. on top of that, aliexpress customer service failed to properly address my issue and repeatedly declined my return, despite the fault being on their side. after all this hassle, i have a faulty item and no resolution. if aliexpress does not refund this amount, i will not be using their platform.",2026-02-23 22:24:04,0,ali-express_reviews,delivery_shipping
MALCOLM RICHARDS,2,showed 6 lamp bundle but only one arrived and the remote did not work.,2026-02-23 22:23:59,0,ali-express_reviews,other
Zarmeena Khan,1,they are scam and fraud. they should be banned,2026-02-23 22:21:50,1,ali-express_reviews,scam_trust
Lorenz Meier,1,terrible experience,2026-02-23 21:05:05,1,ali-express_reviews,other
Bernard Eardley,5,its got alot of more things for your money,2026-02-23 21:04:26,0,ali-express_reviews,other
Joe Herig,1,"custom service was so horrible! they sent a completely different doll in one order that i paid $68 for. a customer service lady said ""she will come with clothes and blue eyes, they lied. i got a nude doll and the eyes keep falling out and hair wont stay on head. their return police makes you wait up to 90 days they said before you get a return (and its not guaranteed). they have to inspect your return even if its their fault. i can not recommend this store. i'm done shopping here.",2026-02-23 20:05:28,2,ali-express_reviews,refund_return
Tom H,1,"items in cart all changed price the moment i added a new payment method (credit card) some cheaper ones doubled some, from 0.86 to 2.30 some for from around 10 to 15 euro its ridiculous and pretty sure ilegall in some countries. you really think people are gonna fall for it ang check out for 150% more money than they planned? reported",2026-02-23 19:20:13,1,ali-express_reviews,pricing_discount
Gagandeep Tahim,1,worst customer service,2026-02-23 19:10:50,1,ali-express_reviews,customer_service
David Wilson,4,great,2026-02-23 15:25:05,0,ali-express_reviews,other
Melicho Mduda,5,it's a best app ever based on honest but there is no update of product price when products price it's low in ali express it's still high,2026-02-23 15:04:58,0,ali-express_reviews,pricing_discount
Jack Gartland,1,sold my data within a couple hours,2026-02-23 14:52:33,1,ali-express_reviews,other
Philip Quinn,1,if you want to return something they ignore you.i have tried to contact customer support and you geta robot telling you they are working on itit is a simple case of you sent the wrong stuff so sort otout.,2026-02-23 14:44:35,1,ali-express_reviews,refund_return
Terry Steele,4,i wish there was a way to clear the messages about orders you've already received from your message center because it makes it very confusing,2026-02-23 13:49:57,1,ali-express_reviews,other
###,1,"too bloated imo, almost 1 gig storage for a shopping app is way too much. also most loyalty programs require playing mini games that are no fun at all and take up too much time. if you enable notifications be prepared for a flurry of notices which are hard to set up because there are dozens of notification categories.",2026-02-23 13:14:47,2,ali-express_reviews,app_usability
Robin Gillam,1,they claim that if you don't receive your item you get a refund. i contacted them to let them know i received my order except the elsa wand i ordered for my granddaughter. i was treated like i was lying and they had to escalate my case to their specialist. i think if i was going to try and get a free item it would be more then the $2 item i didn't receive. now since i was treated as a thief i'm done with this app. update: still got the same bs. don't order from here. rip off,2026-02-23 12:02:53,1,ali-express_reviews,refund_return
nickyp234,1,no customer service at all,2026-02-23 11:29:18,1,ali-express_reviews,customer_service
Muhammad Fawad,1,loser app,2026-02-23 11:04:54,1,ali-express_reviews,app_usability
Shane Williams,1,extremely poor experience...non delivery of item. virtually impossible to follow up with ali express.,2026-02-23 10:12:48,1,ali-express_reviews,delivery_shipping
asif shaikh,1,"stupid customer service.. poor service... most disgusting app.. products are worse than ever. make a favour to your self, never use aliexpress.. rather use some other chinese app.. like temu or shin..",2026-02-23 10:07:06,2,ali-express_reviews,app_usability
Michael C,5,i have been using aliexpress for a good while now. and i've not had any issues with them. it can take a bit of time for delivery with certain products but overall it's quick enough. and very reasonable prices. and the amount of products is unreal anything and everything.. so all good with me...,2026-02-23 10:03:49,2,ali-express_reviews,delivery_shipping
Terri Turner,5,can you say amazing prices?,2026-02-23 09:58:06,0,ali-express_reviews,other
Lavanda Violette,1,"normal platform to buy some products. gaming platform is fun, but not possible to redeem diamond points for a year now, simply does not allow to exchange. costumer service is useless, always escalates cases, never a result, been having issues with game rewards for 2 years, waste of time, don't play any games, you will not get any rewards.",2026-02-23 09:46:35,5,ali-express_reviews,customer_service
It'sNotJustice ItJustIs,1,i initially had a bad experience with these guys but needed information about a purchase that i made. i ordered a few things and was quickly reminded why i stopped using them.,2026-02-23 08:50:42,1,ali-express_reviews,other
Lency Gooden,5,app has updated waiting to see promotions,2026-02-23 08:13:14,0,ali-express_reviews,app_usability
Amy Winter,1,this is the worst app i have ever used. it doesn't deliver your packages it will keep saying delivery issues and not even sure if it will give me the refund i requested because i know it will not get delivered when i know my own address. do not use this app plus it takes too long for packages to get here and u talk to a bot if u have any issues. you are better off sticking with amazon and temu and walmart or anywhere else but here true rip off this site is. do not use at all,2026-02-23 07:02:06,1,ali-express_reviews,delivery_shipping
00bartek00bartek00,1,you can easily be misguided by the positive reviews of products in the store. very disappointing experience. the limited review and refund timeframe makes it easy for low-quality sellers to avoid responsibility. products that break after a month leave buyers with no options. the platform should extend protection to better support honest customers and sellers.,2026-02-23 04:42:28,1,ali-express_reviews,refund_return
bryan walden,5,awesome,2026-02-23 02:52:16,0,ali-express_reviews,other
Scott Fleming,1,"it is now impossible to redeem game points for vouchers. constantly says restocking. the games within the app are a complete con, you will never get any cash vouchers. help desk is completely useless. google needs to take this app down it is fraud. still no way to get vouchers and google doesn't care. google must remove this blatant fraud app from their store. after 30 seconds all vouchers are sold out every night. it is impossible to get these because aliexpress is just conning people.",2026-02-23 01:05:26,18,ali-express_reviews,app_usability
Dalila Hm,1,"my experience went very bad since the latest update... world tour go is asking the same mission in a loop, can't even skip it",2026-02-23 00:34:40,1,ali-express_reviews,app_usability
Merritt Rahn,2,tried to order several items which took me forever. it's the most user unfriendly app i ever used. when i tried to pay for whatever reason it wouldn't take my card. . when i tried to use another card it completely erased my order. i tried to contact ali and it was virtually impossible. i immediately uninstalled the app.,2026-02-23 00:27:27,0,ali-express_reviews,app_usability
MD Mamunur Rashid Mamun,5,all everything is goods,2026-02-22 23:46:36,0,ali-express_reviews,other
Anton Litvin,1,"bad user interface, lots of spam notifications, difficult to search beyond constant ads and a settings are all scrambled.",2026-02-22 23:44:06,4,ali-express_reviews,ads_promotions
Yasmin Karam,1,"i've uninstalled the app last week. they've shadow banned me for over 2 months at that point (i do not use auto clickers or login from different devices/locations), preventing me from playing my favourite game (merge boss). the whole app became painfully slow! i spoke to customer service 4-5 times. they give me the same spiel, but nothing gets sorted. had enough of them.",2026-02-22 23:44:02,1,ali-express_reviews,app_usability
Anouar B,1,"to much marketing, emails sms ect... report as spam",2026-02-22 22:58:16,1,ali-express_reviews,ads_promotions
Oliver Kelly,3,"not bad, but has a few bugs",2026-02-22 21:08:27,0,ali-express_reviews,other
Omary Mbwana,5,it's good platform for buying with good delivery,2026-02-22 20:28:01,0,ali-express_reviews,delivery_shipping
taimur abbasi,3,very nice but sometimes the images of the items don't load,2026-02-22 17:56:32,0,ali-express_reviews,other
Giulia,3,hiii! question: is this app entirely about fast fashion products?,2026-02-22 17:49:33,0,ali-express_reviews,app_usability
Muhammad Masood,1,fake company sell fake products.,2026-02-22 17:16:30,2,ali-express_reviews,product_quality
Joey J.,3,"prices are low enough. the app has been a, ""buy now"" without an option to put into your cart. for that reason i deleted it.",2026-02-22 15:48:58,0,ali-express_reviews,app_usability
John Sweet,1,"overall poor quality app and products. items received are seem to vary from being ok (although often cheap chinese knock offs) to not quite matching the description. wouldn't recommend if you need decent quality, but generally ok for cheap alternatives if you don't mind risk of defective products. customer service useless - if you get something faulty (quite likely), they now make it virtually impossible to claim for it.",2026-02-22 15:20:08,33,ali-express_reviews,product_quality
KAYODE AJAYI,5,awesome,2026-02-22 15:01:16,0,ali-express_reviews,other
Trae Patterson,1,to much add,2026-02-22 14:52:56,0,ali-express_reviews,other
Geørge.6,1,"the ""scam"" in the system impossibility of redemption: many users on platforms like reddit report that as soon as the shopping credits become available (often at a specific time, like midnight), they are instantly ""sold out"" within milliseconds. users feel cheated of the time spent playing games to earn the diamonds, believing the system is designed to be impossible to win, potentially using bots or a very small allocation.",2026-02-22 14:50:17,5,ali-express_reviews,scam_trust
Charbel Elias,1,"scam platform very bad app with very bad support, i bought 2 items i received only one, the one that i received comes with damage they refuse to refund it and they refused to refund my money for the missing one the delivery is via australia post. don't buy from this app , i contacted the help centre they do nothing. there is no guarantee on your purchase via this app",2026-02-22 13:04:34,3,ali-express_reviews,delivery_shipping
Jennifer Ponce,1,they take more money out of your account after you place your order and pay. i did the 3 for .99 cents and after shipping fees and taxes my total came to 2.22. i got 2.22 taken out of my account that night and when i woke up and checked my account they ended up taking 14.80 out. and it's been a hassle to get the order cancelled. they cancelled 2 items but still not wanting to cancel the 3rd item.,2026-02-22 12:41:05,4,ali-express_reviews,delivery_shipping
Dale Brown,3,"they have some good stuff but what i find annoying is the constant bombardment of adds and whenever i access my cctv app the ali one opens within it, i find it too annoying so i've uninstalled it.",2026-02-22 12:18:26,0,ali-express_reviews,app_usability
tuan manh vu,1,"its kind of scam. show up shipping guarantee, will get a coupon if package is late, but never seen any coupon. customer service is not helpful at all. dont waste your time and money here",2026-02-22 08:36:15,3,ali-express_reviews,delivery_shipping
Nicole O'hehir,1,i paid so much for a few posters and stickers. they cancelled my order and never gave me my money back. i emailed the several times and they never got back to me,2026-02-22 08:34:29,4,ali-express_reviews,other
Tara w,1,"what's the point of offering choice bundle orders of items, if your couriers or mail company can't never deliver the items at all in australia? you make ppl spend more money but they don't receive the goods. then couriers are just wasting time delivering to the wrong addresses or steal them",2026-02-22 07:49:58,1,ali-express_reviews,delivery_shipping
Matthias,2,"bad support experience; told them they're shipping hazardous and volatile carcinogens that aren't labeled in the shop and shipped like regular goods without user notice, via the regular shipping line of aliexpress, in thin packaging, but their english or iq is so poor that they don't even understand that. two out of two cases i had to contact them, same issue. shipping chemicals to end users like that, and they aren't even aware about the necessary safety protocols.",2026-02-22 07:35:28,1,ali-express_reviews,delivery_shipping
Jester Lebowski,1,"very dirty unsanitary products, reports of bedbugs and mites inside products and packaging. dont buy from aliexpress the majority is counterfeit and electrical fire hazards. the anime products are counterfeit and illegal to resell in usa. their cellphone chargers are a fire hazard and don't follow safety laws. there are reports the fabric items have bedbugs and mites infesting the customers and their homes. aliexpress should be sued and shut down! aliexpress allows intellectual property theft",2026-02-22 06:52:26,1,ali-express_reviews,product_quality
Joseph Farley,1,so i'm a pretty new user to this app and i've tried buying things on there. however recently i purchased a few items that either didn't work had the wrong description and i even had one purchase that i purchased because the first transaction didn't go through so i purchased it again and they sent me duplicate. after receiving these items this company would not take them back and i am out a few hundred dollars and hours and hours of time trying to get them to confirm the return. stay away,2026-02-22 06:09:00,4,ali-express_reviews,refund_return
Mango Tango,4,"love this app, especially if you like online aesthetics. great for trinkets and accessories but the bigger you go, the quality scales down. i buy press on nails, shoes, hair clips, etc. you do get what you pay for but if you do your due diligence you can get some good stuff! things i've bought years ago i still use to this day with no issues! if you buy things that are hard to break regardless of quality (e.g desk mats, enamel pins...) you trade price for speed tho, delivery to us is 2-4 weeks",2026-02-22 05:26:03,4,ali-express_reviews,delivery_shipping
A'Jewell Davis,1,"for the love of god, please remove that stupid ""buy now"" feature if i can't even have the option to place it into a cart. it's useless and genuinely ruining the entire app.",2026-02-22 04:23:02,1,ali-express_reviews,app_usability
Mikolop Harmeszka,1,"overall they just try to get as much of your time as possoble, fale advertstiment, gamification and so on. then, you will eventually get shadowbanned without further explanation and without real support.",2026-02-22 04:16:20,1,ali-express_reviews,customer_service
CHICO SMITH,5,satisfaction guarantee,2026-02-22 03:01:00,0,ali-express_reviews,other
Nadir Mian,2,"tone down the notifications. even with all but the 'order update' notifications off, the notifications are still continuous, and unnecessary. and update when it is 'on it's way' and 'delivered' is really all that is needed.",2026-02-22 02:35:17,1,ali-express_reviews,app_usability
S,1,"if you buy expensive item , cancel after one month. no penalty for fraud sellers only listing expensive 🫰 items to hold your money ( to get interest) for long time. only good for low price items . offers too good but get cancelled after one month. if item stolen by their delivery, take 2 months to refund.",2026-02-22 02:26:10,6,ali-express_reviews,delivery_shipping
Bill Graham,1,"totally sucks! ordered an item and 3 weeks later it still hasn't been shipped! get daily messages to pay, yet payment was made the day of the order. now let's see if i get a refund or have to contact the bank for theft.",2026-02-22 01:22:11,2,ali-express_reviews,refund_return
Dwayne Miller,1,ordered stuff took my money and never received the items,2026-02-22 00:49:58,2,ali-express_reviews,other
Timothe Lampkin,1,this app is not the right app the delivery was taking forever do not recommend.,2026-02-21 23:29:57,2,ali-express_reviews,delivery_shipping
Thomas Carney,2,never buy clothes or pokemon cards they are fake.,2026-02-21 22:21:44,0,ali-express_reviews,product_quality
Ron Meikle,1,"app won't show any categories to the right of automotive. just shows the same stuff, not handy if you're looking for tools...",2026-02-21 21:14:41,1,ali-express_reviews,app_usability
S “S N” Nadaraja,2,"the site is user unfriendly .there is no logo to go back to my orders, instead of "" shipped"" and "" to be shipped"" are the logos which doesn't help much. tracking is a joke . email doesn't have any current tracking number once reached local airport. so expected delivery is "" unknown"". this site need more work to do to make it usable.",2026-02-21 21:12:57,1,ali-express_reviews,delivery_shipping
Peter Street,1,you have lost many a sale by not allowing me to add things to a cart and forcing me to buy now. instead i just don't buy anything at all. really dumb of you. id honestly pay more for the items just to able to put in in my damn cart,2026-02-21 21:08:13,1,ali-express_reviews,other
Jackson,5,excellent experience,2026-02-21 21:06:10,0,ali-express_reviews,other
Afzaal Mian,5,"i had issue with aliexpress seller but resolved by aliexpress help centre, thank you for refund",2026-02-21 20:07:23,0,ali-express_reviews,refund_return
Rigz143 Boykin,1,i thought it was great till i bought a labubu n now they suddenly cant find my address ugh? all the other packages made it fine? why this one! total ripp off it says contact carrier and its all in chinese so cant contact them total ripped off please help,2026-02-21 20:03:41,1,ali-express_reviews,other
Dark AlchemyXEX,1,"lost $98.00 from a stolen package , aliexpress said i got it and there's nothing further they can do . i am done with aliexpress update : i did reply to aliexpress , they refused to refund me & directed me to the courier whom stated it was delivered to me . went back and forth with no resolution",2026-02-21 19:59:01,4,ali-express_reviews,delivery_shipping
Rohit D,1,"easy to use and find items never crashed, straight forward with order updates. but customer service... another ballgame! when i ran into problems with an order: after sharing clear photos of a wrong item sent, suppliers original packaging, and explicitly showing the issue with a measuring tape, they asked to provide date stamped videos of me unpacking the item!? ridiculous save yourselves a headache and buy from a reputable sources, customer service here is non existent.",2026-02-21 19:34:24,3,ali-express_reviews,customer_service
George Corris,4,i like the way things work with out the app !,2026-02-21 19:09:41,0,ali-express_reviews,app_usability
Stephen Allen,5,product arrived within timescale as described and in good condition,2026-02-21 19:07:13,0,ali-express_reviews,other
Celine Murray,1,"avoid, good for selling fake goods especially android devices, with the software nowhere near what it's supposed to have. then returning something they give you a photo returns label that you'll have to print yourself as the mail company may not do.",2026-02-21 18:16:37,1,ali-express_reviews,product_quality
Adams Mallory,1,i never down loaded this app i got hacked,2026-02-21 16:21:38,2,ali-express_reviews,app_usability
Femi Femlad,3,good app cheap and affordable but i suggested u should be reduce the shipping fee i would buy good of 300 and the shipping fee is 2000 pls do something about it,2026-02-21 16:07:09,0,ali-express_reviews,delivery_shipping
Riva Levitt,1,"good value finds but look carefully, the delivery charge could be 3 times the cost of the item. the homepage is not user friendly. they have the ""choice"" on random objects with low minimum compared to similar sites. recently, if item doesn't arrive or is damaged, a photo is not enough. you have to supply sometimes impossible proof, like impossible post office documents. it won't take responsibility for your bad packaging. no list of items on package. no late compensation. just lost 1 more ✴️.",2026-02-21 16:03:27,10,ali-express_reviews,delivery_shipping
Alan Morris,5,aliexpress is an excellent easy to use clear to understand app that works well for my needs when shopping on this platform.app developers have done a good job..thank you(am,2026-02-21 15:55:28,0,ali-express_reviews,app_usability
S A,1,"worst customer service ever, i have deleted my account after 10 years. day after day they get worse than yesterday. you tell them that your package is not arrived you have cctv... and still they say more prove more prove at the end you didn't received your package, lost your hard working money and dealing with customer service which is not taking a sec to read understand your... don't waste your money go to temu, amazon, allegro etc...just read their replay 😂 and it showed all.",2026-02-21 14:40:19,2,ali-express_reviews,delivery_shipping
Nikola Jovanović,3,traže mi da platim još iako je sve plaćeno i cena svega je bila ispod 5000 dinara što je manje od 50 evra.,2026-02-21 14:12:56,3,ali-express_reviews,other
NIRO SAN,5,perfect shopping app !!,2026-02-21 14:08:44,0,ali-express_reviews,app_usability
Travis Bone,5,"usually pretty good always ordering something off of this app,",2026-02-21 13:30:20,0,ali-express_reviews,app_usability
Shah Alom,4,good,2026-02-21 13:00:59,0,ali-express_reviews,other
Sam Austin,1,"so many scammers. i got a bad product, but aliexpress wouldn't send a courier to pick up the return. they expected me to post it back to china & wait for an approved refund. * i contacted customer service 6 times - each time they refused to send a courier * 사기꾼 같은 판매자가 너무 많습니다. 불량 제품을 받았는데도 aliexpress는 반품 택배를 보내주지 않았습니다. 제가 직접 중국으로 반송하고 환불 승인을 기다리라고 했습니다. 고객센터에 총 6번이나 문의했지만, 매번 반품 택배를 보내는 것은 거부했습니다.",2026-02-21 12:48:06,4,ali-express_reviews,delivery_shipping
Tokuijin,1,i still haven't received my refund and the customer service is abysmal.,2026-02-21 12:36:59,3,ali-express_reviews,refund_return
Penelope,5,"i love aliexpress. i have ordered many, many times, and have always received my order although some items take a while to arrive. make sure you read product specifications about items to ensure you are getting what you think you are ordering.",2026-02-21 11:29:34,1,ali-express_reviews,other
Rayna Stoyanova,1,"is just the next fake app. the prices are expensive, the description is aways incorrect. the searching algoritem present pears when you search tommatos, but the worst thing that they claim buyer protection if your item delay whicj is not true anx if you want to contact the support to ask about it. simple -the is no option to reach the support or if there is, is heeden somewhere deeply. just avoid it. aliexpress is not what was years ago.",2026-02-21 11:22:06,4,ali-express_reviews,product_quality
Norbert Gal,1,"my parcel got lost by evri, had an email confirming this and still aliexpress said not enough proof to get a refund. money gone!! i'm wasting my time chasing up on refund, they should talk to each other",2026-02-21 11:04:29,2,ali-express_reviews,refund_return
Han Sytsma,3,"the app is getting worse by the day, all kind of unwanted popups, fast checking isn't possible anymore because of all thes unwanted rubish.",2026-02-21 11:02:32,3,ali-express_reviews,app_usability
Peter,5,great app great prices great service. always check around for the very best prices any platform like this watch out if sellers say offer deal outside platform say no only order via platform protect yourself,2026-02-21 10:54:22,0,ali-express_reviews,pricing_discount
Wasimgondal9 Gondal,5,aliexpress is a very good app i purchase many times from this app very fast delivery and if you cancel your parcel they will refund you back soon only the problem on this app the people show you in the picture other things but when you try to purchase devils and you different before you purchase you have to make sure this is the same item are different,2026-02-21 10:11:45,0,ali-express_reviews,delivery_shipping
Pseudonymous,1,"customer support is garbage, time wasting humans who give robotic responses and don't directly address issues. no respect for customer time or effort. 'senior reps' don't address problems they just copy and paste a script... edit in response to aliexpress reply: where do you think i came from to have this experience... i complain about terrible customer service and robotic replies that don't address the actual concern and your response is to refer me to the same customer service 🤣",2026-02-21 09:57:59,3,ali-express_reviews,customer_service
A Google user,1,be careful when you buy anything fragile from aliexpress. if possible open the item in the presence of the courier agent to confirm it's intact. aliexpress will blame you for the broken item.,2026-02-21 09:04:46,4,ali-express_reviews,delivery_shipping
Cyphon,5,"wow, this app is a 10 out of 10 🔥🔥 each and every order i make is safely delivered to me 🤗",2026-02-21 08:11:58,1,ali-express_reviews,app_usability
Mark Pettengill,5,"as you can tell, i love window shopping here",2026-02-21 07:20:06,0,ali-express_reviews,other
*Chrissy* R,5,love this shop,2026-02-21 06:12:18,0,ali-express_reviews,other
Dinesh Mirpuri (D'Gaia),1,horrible experience to verify. when they say they have sent email nothing comes to the email at all.,2026-02-21 05:12:53,2,ali-express_reviews,ads_promotions
G H,1,scammers are abundant. they will mail you an empty package or a piece of trash in the package. it's impossible dealing with aliexpress to get a refund so you're left to try and work it out with your bank.,2026-02-21 05:09:11,1,ali-express_reviews,delivery_shipping
Ankit Kapuria,1,worst customer service ever,2026-02-21 04:40:44,2,ali-express_reviews,customer_service
Brittany Behnk,2,there prices are way to high and there deal are still hight,2026-02-21 04:25:41,1,ali-express_reviews,pricing_discount
microRiZu,1,"item cost to pakistan, 10 $, tax 15$ what a joke, all items are affordable at first glance then at checkout you pay at least 90% to 150% of item's actual value, it's not even funny ! it wasn't like this back in early 2025 i ordered many things. fix your shipping, i'm ordering items from chinese sellers and have to pay 0.50$ at most upon receiving parcel to my door. aliexpress has become a big joke. maybe use yunexpress????",2026-02-21 02:21:18,3,ali-express_reviews,delivery_shipping
Jo Mutt,1,"didn't recieve an item, got a empty bag with a slit in it and a shipping label. no refund yet",2026-02-21 00:52:03,1,ali-express_reviews,delivery_shipping
Goodnews Okesola,5,enjoy 😉 ordering something from this app very trusted,2026-02-21 00:32:33,0,ali-express_reviews,app_usability
tsukwii,5,love this app! i've been using it for about two years now and everything i've ordered has mostly arrived without any problems; the interface of each section is great! and the purchase/refund method is just as good. i recommend buying here (⁠ ⁠ꈍ⁠ᴗ⁠ꈍ⁠),2026-02-21 00:21:31,0,ali-express_reviews,refund_return
Imiennik Nazwijski,1,gdzie night mode,2026-02-20 23:46:47,0,ali-express_reviews,other
Md Mehedi12,1,ভালো না😔😔,2026-02-20 22:15:56,0,ali-express_reviews,other
Daniel,1,this app sucks. i give specific information and am both ignored and led on a goose chase. no more wasting time here !!!! see ya!!!!,2026-02-20 22:03:19,0,ali-express_reviews,app_usability
Tori,1,"so i ordered three items in november right it said it would be delivered in december ,side note never received anything ..... it is now february. about to be march ..... never order from here ... shein or temo. is wayyyyy better pls don't waste your money.",2026-02-20 21:45:15,1,ali-express_reviews,other
Jennifer McBride,1,"won one of the games was told not receiving prize not available in my region, what?",2026-02-20 20:51:49,0,ali-express_reviews,other
Who Who,1,i have ordered from them twice. the first time it came in late and damaged. the second time i have yet to receive my package. no way to get customer service. if you order plan on waiting for a few weeks and then have to cancel your order. also the website is almost impossible to read the print. i've tried everything to increase it on my phone.,2026-02-20 19:14:24,0,ali-express_reviews,delivery_shipping
Taran Deol,1,worst customer service.,2026-02-20 18:58:00,0,ali-express_reviews,customer_service
Danice Dolar,1,my birthday is in ten days and i still need my package to arrive before it but on the app it says that it has been delivered when it clearly hasn't been also when i tried contacting the courier they did not answer and i've been trying for the past two days.,2026-02-20 18:26:30,0,ali-express_reviews,delivery_shipping
Marlene Stemple,3,it's ok but can't play games on my tablet cause the game is large or just doesn't fit.,2026-02-20 17:21:14,0,ali-express_reviews,other
osama daou,1,useless in lebanon supper high shipping rates,2026-02-20 15:17:00,0,ali-express_reviews,delivery_shipping
Night Yuu,1,"everything is suddenly unavailable, you search for something and tis suddenly gone.",2026-02-20 14:46:06,0,ali-express_reviews,other
Ruan Rhind,1,"aliexpress promotes buyer protection, but my $1,830 item was lost after the seller authorised the courier to dump it unattended outside my unit in a publicly accessible complex. i was never told authority to leave was enabled. tracking showed delivery for 12/01/2026. this happened 7/1/2026, when i wasn't home, without requiring signature! when i returned, the package was gone. despite clear proof, ae refuses a refund and tries to make me pay for the seller’s mistake. my response in new review",2026-02-20 12:49:52,3,ali-express_reviews,delivery_shipping
Eugen Pries,3,"overall pretty good. but notifications for messages from sellers keep pinging even tho messages from them are blocked, deleting that message seemingly worked, but opening the app after awhile causes notification to trigger again and guess what message reappears. also, when searching for an item, you select it, then you select a store that sells it, then when looking around that store, going back returns you 2 steps back to search result instead back to store main page, very inconvenient.",2026-02-20 12:06:41,1,ali-express_reviews,app_usability
John Westray,1,"although they have great prices and a great choice, you use them at your own risk, i have had a number of parcel delivered not containing what i ordered. on one occasion i received a wooden fork instead of the inverter i ordered. the seller does this so that a proof of postage is available. customer service is hell to deal with 👎 avoid there are better traders available.",2026-02-20 11:56:12,2,ali-express_reviews,pricing_discount
A Google user,1,be very carefull you are ordering what you want. items and prices are not as they seem. my purchase was incorrect but couldn't locate sale invoice to claim refund/return. seller and aliexpress were both asked for help but both had unrealistic demands and offered no assistance. a hit and miss company which should be avoided. lacking professionism. ☺️,2026-02-20 11:55:26,4,ali-express_reviews,refund_return
Ofer Shemesh,1,"very poor customer service, the business ignore the customer. if a product doesn't get to to customer the business ignore him and doesn't refund. beware. ** i'm editing to let you all know that aliexpressed reached out to me and still didn't take responsibility for anything. good job folks!",2026-02-20 10:29:36,1,ali-express_reviews,refund_return
Michael York,1,you never know what will happen when you click on something.,2026-02-20 10:04:09,0,ali-express_reviews,other
Timothee Cox,1,i want my refund back it's been since december,2026-02-20 09:48:10,0,ali-express_reviews,refund_return
Woofles Nookington,1,if i ever get my refund i'll bump the review up to 5 stars!,2026-02-20 09:35:04,0,ali-express_reviews,refund_return
Vaeh,5,so much katy perry things,2026-02-20 08:44:15,0,ali-express_reviews,other
Glenda R,4,a little better than temu...i wish i'd spent all that money here,2026-02-20 07:05:19,0,ali-express_reviews,other
Dean K,1,so sorry i told yall ggod things about shopping here.... past tents =so far i'm starting to like aliexpress better than shopping at amz the shipping time is a little longer but i expect what i get when i order from here for some reason. so far they haven't did me wrong. now!!! oops was i wrong it's a big scam community. they ship out stuff it doesn't get delivered they promised they help you and they don't. they don't stand behind their customers at all on times when you really need it. my guess,2026-02-20 06:37:29,1,ali-express_reviews,delivery_shipping
Ion Popescu,2,chaotic,2026-02-20 06:25:10,0,ali-express_reviews,other
Fozan Z,1,"waste of time, money and efforts. the new built-in delivery address locator for saudi arabia is misleading. when i choose my address, it provides the wrong national address. on the other hand, the local cheap courier who contracted with aliexpress they only read the national address and say it is in a remote area. they don't bother to read the detailed written address. that's why i don't get my purchased items delivered to me. i cannot even contact the courier because their name were left blank.",2026-02-20 06:09:37,3,ali-express_reviews,delivery_shipping
Ryan Barron,5,great. made many good purchases. for myself and my vulcan 650,2026-02-20 05:01:26,0,ali-express_reviews,other
E.S. Roarke,1,"this has to b run by temu! decided to download the app and every so called ""new account"" offers said i wasnt eligible, i didnt live in an area that was eligible or the item i clicked on, from an ad, wasn't available to me & to check back later! the free gifts for 1st time users was also a click-bait scam! the page comes up but im not eligible yo scroll through it! so why the hell dont they just stop all the bs instead of basically scamming people",2026-02-20 04:35:24,61,ali-express_reviews,app_usability
Mehrzad,5,great prices.,2026-02-20 04:17:09,0,ali-express_reviews,other
neutral,4,"great app, neve had problem buying from this, it's just another e-commerce that gives you access to a lot of sellers, best tip is o buy from trusted/well rated stores, recommed",2026-02-20 02:08:19,0,ali-express_reviews,app_usability
David Mosson,1,absolutely shocking customer service. purchased a branded item that broke after 7 days of use. as it was outwith 15days return period i was effectively told. go away tough luck. nothing we can do. absolutely despicable service. would recommend that you stay away from this app,2026-02-20 00:35:25,2,ali-express_reviews,refund_return
Keirsten Griswold,5,"other than the fact i'm unable to play gogo match, and customer service can't seem to help nor fix it, the app works great. i hope this glitch will be figured out and corrected as soon as possible.",2026-02-20 00:06:51,0,ali-express_reviews,app_usability
Emiliano Miguel Esteban,1,"las pruebas de 1¢ no funciona, por mas que te aplicas para mas de 100 productos, jamas te eligen. no dispone de darkmode en todas las secciones, cansa la vista.",2026-02-19 22:11:00,0,ali-express_reviews,other
Vibexz,1,"they banned my account for no reason and when i try to sign in, it shows the reason and it literally says, ""idk"" and sometimes it'll just say something random, honestly i would give it negative stars if i could(update) they contacted me and told me to go to customer support however i can't because my account is frozen and won't allow me to do anything on the account. if theres anyway you can help me with this please email me",2026-02-19 21:56:07,7,ali-express_reviews,app_usability
Elton Mamo,1,"do not trust this app. they send out terrible and low quality items, and when requesting a refund, no one from aliexpress speaks fluent english, so they refuse to provide you with a refund as they cannot understand.",2026-02-19 19:45:15,1,ali-express_reviews,refund_return
Monica Mensah,5,having problems with switching my account,2026-02-19 19:23:45,0,ali-express_reviews,other
Leonardo “Lionheart” K.,4,good exprience with most sellers but i can't see their feedback.,2026-02-19 19:22:22,0,ali-express_reviews,other
Ka'Nia Glass,1,i will no longer shop with aliexpress due to loss of money and items. i had multiple orders that were attempted delivery once beginning of january and never again i ordered them in december its about to be march and no items. update... i again tried to talk to customer service and now they said my orders weren't paid for when they were and ended my chat in the middle of it... horrible customer service... ive never had an issue before but like i said i will never shop here again.,2026-02-19 19:02:19,16,ali-express_reviews,delivery_shipping
Nazik Osman,5,friendly user app easy to deal with 💕,2026-02-19 18:20:05,0,ali-express_reviews,pricing_discount
Willie Hooper,1,this is one of the worst delivery apps i have ever seen in my life!!! they don't have a working number to contact customer service period and it's been 3qeeks since i placed my order but yet still nothing. guys please do not order nothing from these people they will take your money and everything about them are a complete scam heads up...,2026-02-19 17:05:24,0,ali-express_reviews,delivery_shipping
Godknows “Nna” Chinda,5,great job!,2026-02-19 16:50:05,0,ali-express_reviews,other
Bianca Stanca,5,"i love you guyss so muchhh!!!!! y'all got demon slayer sticker, i've been searching for them for such a long time",2026-02-19 16:07:38,0,ali-express_reviews,other
Ben Love,5,"my experience with aliexpress is not bad, and they are my best websites to order things",2026-02-19 15:21:20,0,ali-express_reviews,other
Teri O.,4,it is okay.,2026-02-19 15:15:38,0,ali-express_reviews,other
Kashvir Deepchand,5,"used ali express for a good amount of purchases and feel good in writing this review. no issues with their services. on the singular occasion where a package was not shipped on the date stipulated, ali express immediately canceled the order and gave me a full refund. would recommend!",2026-02-19 13:25:31,1,ali-express_reviews,delivery_shipping
Vincent,1,way too confusing to navigate cart and prices changing from listed items!,2026-02-19 13:02:33,0,ali-express_reviews,other
sani nuhu (Binnuh),5,best seller,2026-02-19 12:10:10,0,ali-express_reviews,other
Surv. Anthony Kwesi Takyi Turkson,1,i placed an order and made payment but the order still shows that the order is awaiting payment. and customer service doesn't seems to have a way to help.,2026-02-19 11:53:13,0,ali-express_reviews,customer_service
NOVA 2021RDX,1,"very bad experience haaaa i we're sorry, but due to high demand, shipments are taking longer than usual. we are doing everything we can to ship the order as quicklvy as possible.thank you for your patience,",2026-02-19 11:13:26,1,ali-express_reviews,delivery_shipping
Andre Smith,5,"works really well and does what it's meant to. the notification can become a bit much but everything can be changed in the settings. only downside is i'm finding too many things to by, lol",2026-02-19 10:45:40,0,ali-express_reviews,ads_promotions
Orrian Moulton,5,aliexpress & with dollar express the best 👌,2026-02-19 08:33:08,1,ali-express_reviews,other
Burner,1,stop using speedx for deliveries,2026-02-19 08:16:39,0,ali-express_reviews,other
Ian Edwards Sr,1,was gonna give it 5 stars. had been using cashapp afterpay for a long time but now it tells me that i can't because im not in the us. well im in the us and your app is broken. i'll update this after they fix the app.,2026-02-19 07:29:25,0,ali-express_reviews,product_quality
Johannes Gudnason,5,awsome,2026-02-19 05:24:18,0,ali-express_reviews,other
Noah Friedman,1,"i can't get this damned thing to upload any photos from my phone. permissions are fine, but they never upload. i cannot finish dispute resolutions without being able to upload evidence.",2026-02-19 04:48:48,0,ali-express_reviews,other
Antonio,4,great variety and awesome prices.,2026-02-19 04:12:17,0,ali-express_reviews,other
Conor Morgan,1,used to be great but aliexpress has switched to a last mile delivery agent which either delivers months late or does not deliver at all. customer service is primarily ai and they will not provide a refund. do not use aliexpress.,2026-02-19 04:05:59,2,ali-express_reviews,delivery_shipping
Monique Parker,1,scam checkout item is $3 total including tax free shipping they take $15 from my account i got refunded but never trusting again edit after being refunded they went ahead and took another $14 now im starting a lawsuit,2026-02-19 03:12:02,2,ali-express_reviews,delivery_shipping
Mishy Wishy,1,"i purchased a watch from ciloa – self operating store that arrived faulty. i have clear photo and video evidence. despite this, they offered a refund of only 1/8 of the price, which is unacceptable. processing the return will take 2–3 hours of my time plus weeks of waiting. this is extremely disappointing. sellers should fix their mistakes, not buyers. i feel scammed and disheartened and will never shop on aliexpress again.",2026-02-19 02:38:03,0,ali-express_reviews,refund_return
Alexandra Tuquerres,1,"all the discount charges at the moment to pay, it is a fraud. the app change very fast and charge the triple of the regular price.",2026-02-19 02:16:18,1,ali-express_reviews,pricing_discount
S H Lam,2,keep hanging upon launch.,2026-02-19 02:05:53,0,ali-express_reviews,other
Moussa Gueye,1,"awful! i ordered a jacket and i receive pants and when you try to send a video of the fact it doesn't work, because allow videos over 10mb, basically less than 5 seconds, which isn't nearly enough to show proof, total scam avoid this app",2026-02-19 00:59:40,0,ali-express_reviews,app_usability
sravanthi dodda,1,i have negative expectations in this app please don't download this one there told free return available but there don't take return there will send damaged pieces,2026-02-19 00:13:18,0,ali-express_reviews,refund_return
LilBookie Baby,5,great,2026-02-18 23:38:10,0,ali-express_reviews,other
jacob,5,"aliexpress is a very nice place to get things at a good price, america cannot compete.",2026-02-18 23:25:29,0,ali-express_reviews,pricing_discount
Juan Fresneda,1,app since last updates reboots and i can't use it. tried uninstalling it and cleaning everything but happens again and again,2026-02-18 23:10:13,0,ali-express_reviews,app_usability
James Morgan,1,"scam central, avoid like the plague",2026-02-18 21:49:01,0,ali-express_reviews,scam_trust
Doc Jackson,1,this is now riduculous bought a 'genuine leather' jacket from seller wellsome. when it arrived it obvioulsly wasn't made from leather. it also had a label in it which i translated via google translate which clearly stated the jacket was 92% polyester and 8% spandex. i immediately contacted ali who ignored this absolute evidence of fraud. instead they allowed the seller to continue selling fakes while repeatedly refusing my claim. i went to my credit card company who gave me a refund.,2026-02-18 21:12:24,3,ali-express_reviews,refund_return
nnamdi ejiofor,5,great app. been using it to buy things from all over the world,2026-02-18 20:55:05,0,ali-express_reviews,app_usability
Ste Morton,5,very good indeed.,2026-02-18 20:48:11,0,ali-express_reviews,other
Best Plan Seguros,1,fraudulent sellers,2026-02-18 20:07:28,0,ali-express_reviews,other
renita wuyts,1,"i downloaded the app and ordered a wedding dress... and i specially checked if i can return the dress.. on the site it was mentioned that you can return the order for free if you are not satisfied.but i had very horrible experience,i didn't like the dress on me, so i asked to return but the seller very bluntly said no, you have to pay the return. than after opening the dispute and discussing almost for 3 weeks.i lost the case and all my money is wasted. so ali express is not a good platform..",2026-02-18 19:50:40,3,ali-express_reviews,refund_return
lindsey kirk,3,well my free gift got taken cuz i accidentally pushed the back button and now says nothing about any free gifts,2026-02-18 19:31:43,0,ali-express_reviews,other
Saminu Hassan,1,"any way i was told about aliexpress as one of the best and trusted online market, that's why i give a trial to purchase some items, which was promised to be delivered to me on 15 febuary but up to date 18 february am still waiting. no items no money that is why i am thinking if those people are scammers.",2026-02-18 18:33:33,0,ali-express_reviews,other
faith ilwsre,5,good seller app very pleased,2026-02-18 16:58:02,0,ali-express_reviews,app_usability
Ashlee Hernandez,1,"this app is a scam, ordered suff and didn't arrive ,when i tried to get a refund it logged me out",2026-02-18 16:38:31,0,ali-express_reviews,refund_return
Thebi Pheta,1,"counterfeit goods, and they separate items you ordered to scam you in paying custom fees for each item instead of paying a single custom fee. be careful and stay away. its not even a month but the items not working. biggest scam and poo products. i want my money back",2026-02-18 16:33:37,3,ali-express_reviews,product_quality
Matīss Laugalis,1,they won't post a bad review on items so all ratings for items are fake/ai generated and you won't know if a item is bad or not. shipping back items is too expensive and impossible so i really don't recommend buying anything above 10 eur. as i ordered item worth 60 eur and it was the wrong item and nevar had my momey back sent...,2026-02-18 15:45:25,2,ali-express_reviews,delivery_shipping
Sulaiman Ado lampo,5,good e commerce,2026-02-18 15:40:15,0,ali-express_reviews,other
Dav Wallace.,5,"great app, with the choice of items you could buy going on forver, which if you're not careful, could end with you buying much much more than you initially intended to lol.. it's also actually fun doing the challenges or playing the games in the app, to earn credits that you can then use to put towards any purchases you intend to make. the shipping seems really fast with regular updates, as to where your package currently is, which gives you a good idea for when to expect it. 5* from me.",2026-02-18 14:53:28,13,ali-express_reviews,delivery_shipping
Amponsah Jacob,1,"all those selling on this app are scams, the picture they show are different from the item they ship to buyers.",2026-02-18 14:51:24,0,ali-express_reviews,delivery_shipping
PAPA _DOC SOFTASME,1,"you cannot buy individual pieces. why is it that, is the products for the consumer also or just companies",2026-02-18 14:37:25,0,ali-express_reviews,other
Usman Dauda,5,this application is very reable and cheap in price,2026-02-18 13:58:19,0,ali-express_reviews,pricing_discount
ibrahemperson1,1,"worst experience. these days no customer protection. very bad even if you receive wrong item. less than one star for them. also be careful from (bdf cn go go store), lier and very bad",2026-02-18 13:54:19,0,ali-express_reviews,other
KINGDY KINGDY,1,very friendly,2026-02-18 13:48:52,0,ali-express_reviews,other
sagi machlin,1,allowed a seller to scam me and provided no protection only excuses and a lot of bots and automated emails.,2026-02-18 12:01:15,1,ali-express_reviews,scam_trust
KHALIL KHALIL,1,"bad app, failing company, terrible customer service, everything is a failure. this app is stolen and has been corrupted for a month, and i haven't received my money back or had the problem resolved. the customer service is terrible, the products are awful, and i have a 000000 rating. i will be filing a lawsuit against this company.",2026-02-18 10:35:58,3,ali-express_reviews,app_usability
Delia Dizon,3,shipping fee is expensive😥🥺😥,2026-02-18 08:19:50,0,ali-express_reviews,delivery_shipping
Muhammad Amir,5,good,2026-02-18 07:17:24,0,ali-express_reviews,other
Alli Cat,1,what a joke dude,2026-02-18 05:27:10,1,ali-express_reviews,other
D J,1,cant log in and see my account anymore. forcing sign in with google.,2026-02-18 03:51:24,1,ali-express_reviews,app_usability
Mark Davis,5,good,2026-02-18 02:51:34,0,ali-express_reviews,other
4TheMostHighJesus #1 (4themosthighjesus),1,doesn't work. buggy. keeps telling me i have to reset password then says i have unusual activity when i am trying to create a brand new account. wt fruitcake?,2026-02-18 02:29:06,0,ali-express_reviews,other
Emma Smith,2,my order first said the 20 of february at the start then it changes to the 21st now its the 24th and i got told i would get a counpond if delayed but its fine i don't care about the coupon i just want my order 😭 i mean tbf the app is good but just not getting the package delivered to you and its cheap,2026-02-18 02:26:53,0,ali-express_reviews,delivery_shipping
Ronishia Towns,5,i think this is a good app because i had 3 items and it only coated me $3.06 and i had the money i ordered 2 night lights and a box of mystery fidget toys 🤪😛,2026-02-18 01:38:52,0,ali-express_reviews,app_usability
S Ad,1,"its okay but a lot of things are overpriced when you compare them to other sites. and i always have problems with sellers lying and saying that goods are still in transit even months after the expected delivery date to avoid giving you a refund (and spoiler alert they are a hundred percent lost in the mail forever.) i do enjoy the chat to seller feature when i want to ask questions or make customised things, but it's a pain when you need a refund and i've been using this for 5+ years",2026-02-18 01:33:24,4,ali-express_reviews,delivery_shipping
Mahmoud Damlakhi,1,"lots of scam sellers. i was scammed by them. also, the customer service is fake, they did not provide any solution to any dispute and were in cahoots with fraudulent sellers, i edited my comment because i was scammed on the app for the fifth time. i'm sorry for wasting my time and money on such a terrible app.",2026-02-18 00:57:31,2,ali-express_reviews,product_quality
Legend Life777,5,i buy a lot of things from the app the app is very good you get a lot of good deals and everything were good i've been buying a lot everything from the app sometimes it takes time to come get you get good things the price is very good,2026-02-18 00:40:11,1,ali-express_reviews,pricing_discount
Sir Raqua,1,this app is beyond bad! search sucks. it keeps pushing the same items you are not interested in all the time. some stupid games are included... and you are getting constant notifications to play them. when there are promotions you must buy 3 things. you can not buy just one item. but you can not find the non promotion version of it or but without promotion discount. then there are multiple kinds of promotions. incompatible. you can not combine them. so you have like multiple shopping carts...,2026-02-17 23:54:54,0,ali-express_reviews,pricing_discount
Michael Wojciak,3,"search engine is spotty at best and can be difficult to navigate. but once you get accustom, a great place to shop. coins can be beneficial too since rakuten reimbursement is spotty at best. edited, review and dropped one star. search engine is now even worse when it comes to finding things. plus shipping fees are becoming ridiculous.",2026-02-17 23:34:05,68,ali-express_reviews,delivery_shipping
XIQAD POXAD,1,my first orders got delivered very fast after just 10-12 days. now im waiting 20 days for my orders because my order arrives at my region after 6 days and then they wait another 13 days without moving the items and wait for more orders of me to arrive so they can deliver them all together to save money :(,2026-02-17 22:55:56,0,ali-express_reviews,delivery_shipping
Teddy,1,"they steal your money, even when you refund something you never even received or something that didn't make it to you.",2026-02-17 22:39:43,0,ali-express_reviews,refund_return
Igor,1,"a lot of fake low quality items, no option to show the price with delivery. a lot of scams in general. no help from support at all",2026-02-17 22:39:01,3,ali-express_reviews,delivery_shipping
Condeliza ikhlas,1,its very long,2026-02-17 21:09:39,0,ali-express_reviews,other
John ThankGod,5,the best online buying app💯,2026-02-17 19:42:19,0,ali-express_reviews,app_usability
Gordo Bonito,1,"everything that they sell it's a low quality defective items. if you want to refund or return, it's the most difficult thing ever. you are going to be face. i do not recommend to buy anything from the store or for china because they are taking your money but never fix ur issues what they did or when they're sending the garbage stuff, they don't care and they don't give you the answer. so you are going to lose your money totally. i do not recommend this.",2026-02-17 18:03:27,1,ali-express_reviews,refund_return
"CB, CMA",1,forcing a crazy amount of creepy spying permissions.,2026-02-17 17:45:38,0,ali-express_reviews,other
BABLOU ON FIRE,5,very good apps,2026-02-17 16:35:14,0,ali-express_reviews,other
hamzah mayanja,5,exceptional app,2026-02-17 16:19:55,0,ali-express_reviews,app_usability
Ardee Feliciano,1,"the longest time to deliver of all online platform. i placed the order january 11, 2026 delivery was supposedly february 11, 2026 but until today february 17, 2026 it hasn't arrived.",2026-02-17 14:44:04,1,ali-express_reviews,delivery_shipping
Boyakacha,1,the worst shopping platform. gls is the worst delivery company,2026-02-17 13:24:50,0,ali-express_reviews,delivery_shipping
Michael Litvak,1,ads! *#!,2026-02-17 12:36:42,0,ali-express_reviews,other
Justin Alex,1,"worst customer service i've ever seen, multiple times ive returned items unopened completely seal in original bag and i either get no refund or partial refund, they are scammers",2026-02-17 11:31:33,0,ali-express_reviews,refund_return
ALI ABDULLAH,3,the quality of the substance are medium to good but the contact & shipping good during this time of my orders tow orders not received i told the service seller but without any response & the order must received from one month,2026-02-17 10:51:23,1,ali-express_reviews,delivery_shipping
Peter Honda,5,great,2026-02-17 10:45:42,0,ali-express_reviews,other
Neera Nuff,1,awful.,2026-02-17 10:44:09,0,ali-express_reviews,other
Olasunkanmi Omodara,5,excellent app! the user experience is topnotched!,2026-02-17 10:18:11,0,ali-express_reviews,app_usability
Ante B,5,been using it for years now! 🙂. renovated my home and replaced my old kitchen ware and home electronics. 9.9 out of 10 times super happy with my purchases.,2026-02-17 09:48:03,0,ali-express_reviews,other
Lee Wise,1,"do not use, absolute con artists, returned a dangerous faulty electrical item then was refused a refund saying they had not received the item even though i had sent it first class tracked with photo evidence of the return, so they basically just took my money, they must not have a trading account in china, item could have burnt my house down. do not buy from here at all costs.",2026-02-17 09:29:03,0,ali-express_reviews,refund_return
Robert Long,1,worst rhapsody of all time! at least i only lost 16 american dollars,2026-02-17 08:57:27,0,ali-express_reviews,other
Roman Ukhach,5,"i always found what to buy there, and shipping took around 12 days to my place.",2026-02-17 08:20:11,0,ali-express_reviews,delivery_shipping
Rafaela Barragan (EllaBaez),1,fix your problems,2026-02-17 07:40:20,0,ali-express_reviews,other
mohamed Aouni,1,bad service and scammer,2026-02-17 06:11:42,0,ali-express_reviews,customer_service
nobody,1,scam. didn't even get my order. this app sucks,2026-02-17 05:34:46,0,ali-express_reviews,app_usability
April Roache,1,"lousy, they substitute for the item that you select and send trash instead. then they play ignorant when it comes to refunds, their cat toys only work 3-4 days. major disappointment. app uninstalled.",2026-02-17 05:29:33,2,ali-express_reviews,app_usability
NA NA,1,worst app in the world i am still waiting to get my package and i just ordered last month and it's almost been a month now nobody orders from this app anymore better off with amazon instead,2026-02-17 03:57:19,0,ali-express_reviews,delivery_shipping
Gros Inès,5,please update the payment method to mobile money ghana that would be very helpful,2026-02-17 03:39:21,0,ali-express_reviews,app_usability
Charles Keyes,1,there are some okay things majority of it seems fake or counterfeit because of all the comments i've read through a lot of the products i will not be using this app and i will not be purchasing anything.,2026-02-17 03:15:58,1,ali-express_reviews,product_quality
Bobbie Gamble,1,hate it!!!,2026-02-17 02:49:05,0,ali-express_reviews,other
Grzegorz Sawicki,1,"they intentionally crippled the web version to force people into installing the app which i find a mischievous behavior. the parcel box delivery is purposely hidden on the website and it took me hours to find out that it's only possible via app, even though it's the most popular delivery option in poland.",2026-02-17 01:36:07,2,ali-express_reviews,delivery_shipping
Egor,1,"after 20 years of constant buying from aliexpress i unfortunately stopped buying from here at all. the refund policy completely changed for the last couple years and if you received broken product it is almost impossible to return it via their return system... disputes, appeals don't work at all and you are just loosing money if you received broken product... terrible don't recommend to buy from here at all especially something expensive as you will lose your money!!!",2026-02-17 01:12:30,7,ali-express_reviews,refund_return
Samantha Woodruff,5,love this app better than temu,2026-02-17 00:39:42,0,ali-express_reviews,app_usability
Mark,1,"beware! i have placed four orders in which they held my money for a month, then send it back. i firmly believe that they have no inventory for a lot of the 'great deals' that they advertise. it's just a scam so they can use your money for a month, interest free. i should have known better not to do business with them. aliexpress is still using their 'bait ad' to try to scam us. this is currently still happening despite what their bogus reply. beware of china!!!",2026-02-17 00:05:51,2,ali-express_reviews,customer_service
Sam Fall,1,has gone downhill in recent years. i have been a loyal customer since 2010. the dispute process has become overcomplicated and some couriers used like cainao are not reputable they mark parcels as being delivered and do not respond to enquiries. if you order from this platform ensure the seller is using imile courier they provide photos as proof of delivery. edit: any appeal or escalation ends in the same way. items that arrive faulty or damaged good luck trying to go through the dispute.,2026-02-16 23:40:25,3,ali-express_reviews,delivery_shipping
Javanti Harrison,5,"aliexpress has a huge variety of products at low prices. shipping can take a while, but most items arrive as described. it’s a good place to find affordable options if you don’t mind waiting.",2026-02-16 22:55:24,1,ali-express_reviews,delivery_shipping
Sunnie Ray (Sunnie),5,"i really love this app. it's definitely my go-to place to buy cosplays or accessories or just things i need!! it does take a while for things to be delivered, but that really isn't a problem for me. the only problem i have is that sometimes i get ai generated ads, and i hate it >~< other than that, i freaking love you, aliexpress 👅",2026-02-16 20:48:13,0,ali-express_reviews,app_usability
Mohamed Ibrahim,1,ازعاج وكل شويه ايميل,2026-02-16 19:50:44,0,ali-express_reviews,other
Remus W,1,"be weary purchasing anything right now from aliexpress they use evri as their main courier service (because its the cheapest) evri are on the verge of bust and refusing to pick parcels from the airports in the uk. my 2nd order got lost and now my 3rd order is stuck at the airport ""waiting courier pickup"" its been 7 days now and unlikely again i will receive my order. wait ✋️ before purchasing until they sort better delivery's service out.",2026-02-16 19:41:59,1,ali-express_reviews,delivery_shipping
Subin Mathew,1,i bought 2 jbl tune 760nc from aliexpress with the help of my friend and the two of the products are fake of jbl . this is a waste of money and time . if you are buying something from aliexpress do it at your own risk . and also one thing is we need to pay the delivery boy also for the worst product. if you return the products there's also a charge for the delivery boys .,2026-02-16 18:56:21,1,ali-express_reviews,delivery_shipping
Kevin Mukisa,4,it seems nice but i can't pay through the given payment methods because i have non. my money is on my sim card and i use airtel. if it's possible to help me pay via mobile money then it wud be 👍 great.,2026-02-16 18:37:18,0,ali-express_reviews,other
Quebec Patriot,5,useful,2026-02-16 17:57:49,0,ali-express_reviews,other
Hennie Duvenhage,3,"service from aliexpress is very robotic, online agents questions and answers are identical. but i can live with that, the biggest issues is the courier service they use, speedaf. worst service ever and you are never able to get hold of any agents regarding packages not being delivered on time or ever.",2026-02-16 17:46:02,0,ali-express_reviews,delivery_shipping
Danny Pierce,1,bad bad not letting me in,2026-02-16 17:41:45,0,ali-express_reviews,other
Santiago Farero,1,not good anymore you can buy things and there is no way to return faulty items and get refund back they keep asking you additional information,2026-02-16 17:28:10,0,ali-express_reviews,refund_return
sher bahadar,5,the website is very helpful for consumer but not for wholesale,2026-02-16 17:21:16,0,ali-express_reviews,other
Victor Brown,1,doesn't work,2026-02-16 16:07:13,0,ali-express_reviews,other
Adnan Mamlouk,1,they scam me after i pay for the product i buy and mention clearly free delivery but when come to my door they ask me 13 aed so i pay it coz no choice and they are easy to say we will refund it i will not trust u any more scam company like u am not happy at all,2026-02-16 15:57:16,0,ali-express_reviews,delivery_shipping
choppa,1,"was a long time user for years, however just encountered a scam seller and no matter how many times i try customer support aliexpress seems more interested in protecting a scammer than helping a long time user. will not be using the platform again if they can't be bothered recovering a measly $37 from a scam seller.",2026-02-16 15:50:22,0,ali-express_reviews,customer_service
DarkJhiaxus (DarkJhiaxus),1,1 star until you sort out the ridiculous game requirement for daily check in from day 90. absolute insult to long time app players!,2026-02-16 13:24:36,0,ali-express_reviews,app_usability
Harley Sommer,1,i keep having delivery failed on my 2 packages and it goes back to wearhouse 😭,2026-02-16 12:51:06,0,ali-express_reviews,delivery_shipping
GC Sixixix,1,i have never shopped here before but have been blocked from using. tried the process to unblock and says i have passed the time given to do so. app is unworkable so uninstalled!,2026-02-16 11:34:47,0,ali-express_reviews,app_usability
Bogdan P,1,"sellers are scammers that lie about shipping items, the people that run this app don't want your money. spend it somewhere else.",2026-02-16 11:33:56,0,ali-express_reviews,delivery_shipping
Eninca Mshighati,1,trust me i don't need to buy now so stop that nonsense.. plz i need my add to cart option like a normal person 💔💔,2026-02-16 09:39:11,1,ali-express_reviews,scam_trust
Matteo Sordi,1,"terrible, absolutely terrible. customer service is either nonexistent or incompetent. prices are high compared to other similar platforms. delivery is slow, not so much from china, which takes a while to ship, but from european countries. for example, a package was only shipped to me (and has yet to arrive) from france after two weeks. product quality is always poor or doesn't match the description on the store page. i can only advise against this app.",2026-02-16 08:14:20,5,ali-express_reviews,delivery_shipping
Sloth WithABaseballbatt,2,this place is no longer is affordable. it wants more out of the customer and reviews are so fake.,2026-02-16 06:08:32,2,ali-express_reviews,product_quality
Taewook,1,"all my orders either get canceled or takes 3 months to get delivered. the concept is great but the execution is not good, the customer service was great in dealing with my orders but the vendors for aliexpress is not so good for me personally. even now, i'm waiting on a order that said fast shipping...something i ordered in the beginning of december.",2026-02-16 05:30:59,15,ali-express_reviews,delivery_shipping
A Google user,1,"it used to be a really good online shopping, with competitive prices and reliable shipping services. but now you cannot choose the shipping method. aliexpress is now using speedx and speedx is a scam. they don't have tax number nor registration number here in australia. there is no physical address, no contact information, and zero customer support. good luck receiving your package/s. i shopped here since 2015 and now i am going to stop until they remove unreliable courier companies.",2026-02-16 02:14:28,7,ali-express_reviews,delivery_shipping
zedestroyer,5,works as intended and it's pretty fast and responsive.,2026-02-16 00:35:29,0,ali-express_reviews,other
Kay Harris,1,im still waiting for mine must. be 3 was or more,2026-02-16 00:04:06,2,ali-express_reviews,other
CryptKreeper83,1,ever since i bought some items from aliexpress my inbox has been flooded with phishing emails from fake different domains every day! they are leaking my information to the sellers who i believe are spamming me. i'm not buying from here anymore. plus they use speedx delivery service which the drivers dumps my packages on the side of the road anyways.,2026-02-15 22:38:37,2,ali-express_reviews,delivery_shipping
Steven Bowen (Zener Dragon),1,"ali will claim to protect buyers but has absolutely no integrity. they will turn their back on you even when obvious fraud has occurred and you have documented evidence of this. do not pay their extra fees for ""protection"" you're wasting your time and money. go through reputable suppliers directly. buyer beware",2026-02-15 22:38:02,2,ali-express_reviews,scam_trust
L p,1,"be aware of scam tactics on this app, the prices shown change from the checkout to the payment confirmation !",2026-02-15 21:49:06,3,ali-express_reviews,app_usability
Maxwell,4,"has a wide variety of products.butbi have one issue .am kenyan and i realized food staff cant be brought to my location and i wonder why ,like the noodles ,the canned tea .i want to taste foods from outside but it seem i cant buy any please enable food staffs to arrive in kenya",2026-02-15 20:59:17,0,ali-express_reviews,other
DK Eigelaar,4,ˡᵒᵒᵏˢ ᵍᵒᵒᵈ ᵃⁿᵈ ᶠᵃⁿᶜʸ,2026-02-15 20:59:07,0,ali-express_reviews,other
Heather Canter,5,love this platform and game,2026-02-15 20:43:46,0,ali-express_reviews,other
Rodriges Rodrigues,5,very good work perfect,2026-02-15 20:39:10,0,ali-express_reviews,other
Nova Cane,5,is one of the best apps that i could use to order stuff international thank god...,2026-02-15 19:54:26,0,ali-express_reviews,other
Kevin highfill,5,great,2026-02-15 19:41:29,0,ali-express_reviews,other
jasmine,1,"i haven't had a bad experience with this app until recently. i've noticed the option to 'add to cart' is virtually impossible now and has greatly declined my user experience. i'm not going to check out one item that's worth $3, it makes absolutely no sense.",2026-02-15 18:53:11,3,ali-express_reviews,app_usability
Hwang Hyunjin,1,i put my right address and both my order's say delivery unsuccessful i don't recommend this app and i want my ten dollars back and i still want all my stuff to be delivered,2026-02-15 18:05:21,2,ali-express_reviews,delivery_shipping
Jignesh Patel,1,fraud app. ordered two times and never received product. they do not provide refund for undelivered product . stay away.,2026-02-15 17:58:40,3,ali-express_reviews,refund_return
Mansur Muhammad (Smart prince),5,goods apps,2026-02-15 17:31:22,0,ali-express_reviews,other
Crystal Rayburn,5,love it,2026-02-15 17:25:42,0,ali-express_reviews,other
Windel Magpayo,1,"i didn't recieved my order, and ots already paid. they will call about the address for many times till then they don't deliver my order. i will never use apps. anymore its a big scam...",2026-02-15 17:10:33,1,ali-express_reviews,delivery_shipping
Djoni Amman,3,"why i can't have option to block stores i don't like. for example stores that sell bad technology, fake sd card, why is there no option to block such store so that items from that store don't show anymore in my search bar",2026-02-15 16:44:41,1,ali-express_reviews,product_quality
kye evans,5,"my go to fo everything i do. its just the wait time, but overall really good app. play games and get money off.",2026-02-15 13:58:43,0,ali-express_reviews,app_usability
Donnie Ellenberger,1,horrible app full of scammers the customer service does not help customers ever stay away used to be good now is horrible,2026-02-15 13:43:00,1,ali-express_reviews,app_usability
Muhammad Moosa,1,poor refunds process. dishonest,2026-02-15 13:28:42,1,ali-express_reviews,scam_trust
Ramo,1,"app is failing platform suppliers dishonest and chinese companies are favored in disputes i got scammed ,10k alibaba guarantee was useless!",2026-02-15 12:47:46,0,ali-express_reviews,app_usability
Thomas Safar,5,very prompt door to door delivery alli expreßs is awesome very reasonable pricing.,2026-02-15 12:26:26,0,ali-express_reviews,delivery_shipping
Marcin P,1,"avoid, shady trading practices, difficult returns, bad app interface",2026-02-15 12:17:05,0,ali-express_reviews,app_usability
Joan Awuor,1,my country kenya isn't in the categories,2026-02-15 12:09:24,0,ali-express_reviews,other
Yuvinalis Mwamba,5,amazing app.,2026-02-15 11:48:33,0,ali-express_reviews,app_usability
Ali Khan,5,"excellent shopping experience, i am facing an issue in the app nowadays, pictures of products are not loading, app is updated on the latest version. i checked on different wifi connections and cellular 4g internet but the problem is still there. please look into this issue.",2026-02-15 11:32:20,0,ali-express_reviews,app_usability
Sultan Awan,1,"worst experience with them i ordered a watch value of 108$ and received empty package and record a video before opening of parcel that parcel was super slim but ali express rejected the refund and help line is also not providing any solution, they are total fraud don't buy from them",2026-02-15 11:30:27,3,ali-express_reviews,delivery_shipping
Mark Fenech,2,although items are generally ok. best avoid tech as mostly fake or below standard.,2026-02-15 11:13:05,0,ali-express_reviews,product_quality
TK,5,nice,2026-02-15 10:45:48,0,ali-express_reviews,other
Unknown Tor,1,oh!your delivery suck.scam.take the money lost package and after one month refund.ayou are holding customer money for a month.,2026-02-15 10:08:11,0,ali-express_reviews,delivery_shipping
Konard Aleksander Sepp,1,"cannot add items to your cart. all items only have ""buy now"" option.",2026-02-15 10:04:34,1,ali-express_reviews,other
Jada Randall,1,"do not shop on the 3 for 99 cents. they will scam you and make you pay for the original prices for (each item) /dont shop here at all/ instead of them giving me my money back, they gave me a bonus to spend only on aliexpress. this is ghetto🙄",2026-02-15 09:12:41,1,ali-express_reviews,scam_trust
Maria Pletneva,2,i just want to add things to my cart as normal. the new features are annoying and hard to use,2026-02-15 07:17:51,1,ali-express_reviews,other
Kaito,1,the app is so incredibly janky forcing you to sign in if you click on anything again and again and really misleading information on where products can be delivered.,2026-02-15 07:14:20,2,ali-express_reviews,app_usability
Lola Lolo,5,awesome app.! have been using for appx. a year and haven't had any problems at all. i use it all the time.,2026-02-15 05:56:34,0,ali-express_reviews,app_usability
Pilar Castanuela,5,my favorite ❣️😍🥰,2026-02-15 04:25:07,0,ali-express_reviews,other
J. Kris Bailey,1,"absolutely awful. i never got past log in. who in the hell wants to have to log into 2 separate emails over a single log in? not me. sooo bubye, uninstall. i am not dealing with this kind of crazy at the front door.",2026-02-15 04:01:47,1,ali-express_reviews,other
Rettana Muon,1,horrible to use on tablet. it uses the same format as the mobile version which makes everything comically enormous on tablet.,2026-02-15 01:14:36,2,ali-express_reviews,other
NanamiiLotus Leelong,1,didnt received my order they sent it to texas whitney its bs won't b uauing anymore till they fix this issue so unprofessional,2026-02-15 00:17:36,1,ali-express_reviews,other
Lauren b Ingram,5,love the look of the stuff on here the stuff is sweet and kool love it 😄😄☺️ love it kool 😍💋😍,2026-02-14 23:37:48,0,ali-express_reviews,other
Ed Crotty-Flieger,1,"most orders canceled the ones that weren't canceled arrived damaged. the return/refund process is a joke. the seller told me to buy a touch-up pen and thought that $5 would cover it. i have one order left, hopefully it's just the box and this app is being deleted. temu for the win! best customer service.",2026-02-14 23:12:55,3,ali-express_reviews,refund_return
tsh,1,"fraud, run away. they lie, at least temu does returns. dont shop with them!!!!!",2026-02-14 23:08:02,0,ali-express_reviews,scam_trust
scott mckinney,1,"won't let me buy anything because the ""authenticating payment"" screen won't stop loading.",2026-02-14 22:17:16,0,ali-express_reviews,other
Mohammed Moharam,5,ممتاز,2026-02-14 22:11:31,0,ali-express_reviews,other
Jessica Chisampala,5,the app is helpful,2026-02-14 22:08:43,0,ali-express_reviews,app_usability
Beauty Queen,5,aelll done,2026-02-14 21:47:58,0,ali-express_reviews,other
Babu Ram Bhandari,5,very nice,2026-02-14 21:20:46,0,ali-express_reviews,other
Jose Cruz,1,to much confusion w.t.f.,2026-02-14 21:19:20,0,ali-express_reviews,other
Kelli Phillips,1,"i find that kind of funny that your ads on games when the guy asked, how do you get so many boxes?and the box.she's holding is not an allie express box it is an amazon prime box",2026-02-14 21:17:28,0,ali-express_reviews,other
Ijaz Ahmed,1,terrible experience per order shipment charges i don't like,2026-02-14 19:57:50,0,ali-express_reviews,other
julz Nunnya,1,why do we have to make account's just to look at a product? i uninstalled it as all i wanted to do is look at something without pop-ups and do the get this or that. i didn't want this or that i just wanted to look 😕 gave my details to have a look 🤔 and low and behold it's not available or not what i thought it was and wasn't going to the checkout to get sucked in again!,2026-02-14 19:57:01,1,ali-express_reviews,other
Joshua Kofi Himil,2,please we will be happy if you can help introduce mobile money payment in your system. it will help we those in ghana. and try to get office across ghana like jumia.,2026-02-14 17:15:20,0,ali-express_reviews,other
Vito Ku,1,"the app has become terrible. when you add an item to your cart, it costs one price. when you click it and want to buy it, the price increases, and when you reload the page, it increases again. anyone who doesn't notice will be cheated.",2026-02-14 16:56:50,2,ali-express_reviews,pricing_discount
Dorian Barrass,5,i love aliexpress more than some members of my family,2026-02-14 16:26:37,0,ali-express_reviews,other
Vincent Newton,1,"i ordered an item, paid for it and the wrong item arrived. my attempts to have this rectified ""lacked evidence"" despite me providing the receipt and then images of the product that arrived along with tracking details of the package. i was encouraged to appeal, which i did, only for it to be declined again for lack of evidence. this is dishonest business practice and downright thievery.",2026-02-14 16:07:07,13,ali-express_reviews,delivery_shipping
Asaf Wasilwa,5,lm trying to buy a macbook air idk if gowing to work,2026-02-14 15:39:29,0,ali-express_reviews,other
Suphije Roka,1,"it can only be paid online, which is very bad, i wish the payment could be in cash too.",2026-02-14 14:49:22,0,ali-express_reviews,other
Musa Paul Yerima,5,for me aliexpress is worth it and is pleasing to use anytime any day,2026-02-14 14:25:44,0,ali-express_reviews,other
ONE PIECE,1,fake fake fake,2026-02-14 14:10:35,0,ali-express_reviews,product_quality
Virginia Durand,1,good cool stuff. but they ship soooo slowly and most the time they don't ship so come the expected delivery date the order gets canceled cause they haven't shipped it. useless app.,2026-02-14 14:09:00,1,ali-express_reviews,delivery_shipping
L Last,3,"the exchange of game points for coupons hasn't worked properly since august 2025. now it's only possible at 1:00 am, when i need to sleep, and that's if i'm lucky enough to pick up a coupon. the exchange time is measured in seconds. furthermore, only $1 and $5 coupons are available. why is this complete nonsense? either disable the exchange of game points for coupons or make it work as it was before august 2025.",2026-02-14 13:27:56,1,ali-express_reviews,other
Doris Maitseo,5,"wow i recommend ali express it's trustworthy, perfect",2026-02-14 12:33:42,0,ali-express_reviews,other
J Solo Project,5,great to shop with.,2026-02-14 12:27:29,1,ali-express_reviews,other
Nicolas Rono,5,greatest app ever,2026-02-14 12:08:57,0,ali-express_reviews,app_usability
medicbro medicbro,5,the one time i was confused about something customer service was great very kind,2026-02-14 11:40:08,0,ali-express_reviews,customer_service
Christine Rafael,1,yep my mom had a reason why she told me this is a scam like why is it stuck in transit and then telling me that its gonna take longer probably its never gonna come stupid scammers,2026-02-14 10:51:06,0,ali-express_reviews,scam_trust
Xelibri Sk,1,"order placed on 04.01, delivered only on 13.02 – more than a month of waiting! this is absolutely unacceptable. it is not an isolated case, but a rule – every order from you meant a long wait, stress and nerves. in addition, the cooperation with your agents is extremely unprofessional – non-specific answers, switching from one to another and without any real help. instead of a solution, you get frustration.",2026-02-14 10:10:44,1,ali-express_reviews,other
king j,1,one dollar express yeah a complete scam i tried to purchase from it and it said order failed,2026-02-14 09:06:38,0,ali-express_reviews,scam_trust
Simon Costisanu,1,"aliexpress's customer service is the worst of all. they act like they don't understand the problem, give poor solutions unrelated to the issue and they close the case washing their hands. there is no possibility to appeal the decision. all they do is apologize and move on. bad experience.",2026-02-14 08:55:45,1,ali-express_reviews,customer_service
Xavier Wilson,1,honestly if i could make this review in negatives i would the app is a scam saying everything is a low price when in reality you get to check out and the price changes do not get this app!,2026-02-14 08:20:02,1,ali-express_reviews,pricing_discount
Petter Blomkvist,1,their costumer service led me on for 2 weeks waiting for buyers protection to run out for the counterfeit product i was sold. do not use this site,2026-02-14 06:53:50,1,ali-express_reviews,product_quality
adejoh ben,5,nice,2026-02-14 06:15:52,0,ali-express_reviews,other
Ori Zadok,1,so many scams (description not matching the actual product and misleading main pictures) prices are no longer cheap like they used to be,2026-02-14 05:18:46,2,ali-express_reviews,pricing_discount
Jessica,5,i've gotten a lot of stuff from here,2026-02-14 04:33:39,0,ali-express_reviews,other
Mubasher zaman,5,good,2026-02-14 02:55:12,0,ali-express_reviews,other
Alex Saunders,1,uninstalled because of the annoying unskippable ads,2026-02-14 02:48:01,1,ali-express_reviews,other
Jacob Coughlin,1,i can't find a good reason why a shopping app needs to screenshot my activity when i haven't opened the app in weeks.. it had 300 megabytes of cache... not trustworthy background activity. prove my suspicion wrong. screenshotservice com.alibaba.aliexpresshd elapsed: 1d 1h 36m 25s services: 62 process: aliexpress,2026-02-14 02:38:36,0,ali-express_reviews,app_usability
Blue Kastrick,3,"it loops you around senselessly peddling. .83 cents off orders of 90$ or to get coins for discounts that dont exist. i am satisfied with the shipping , customer service, and most of the products ordered are exactly as described. but too many fake discounts and notifications",2026-02-14 01:30:39,1,ali-express_reviews,delivery_shipping
Ashly Kinkead,1,"i'm trying to get rid of the items in my wishlist that are sold out and such but a lot of the times i click back out of an item i clicked on in one of my wishlist groups it puts me back to the beginning of the app instead of the group of items i'm going through, it doesn't just show which ones are sold out anymore so i have to click on each item to see if its sold out or not, why did you guys change that? its so annoying and hard to go through everything that's saved now",2026-02-14 00:17:30,16,ali-express_reviews,app_usability
Anathi Dyantyi,1,"this app is a scam, they want money in this app,when i try to buy a phone for r3.50 it doesn't work, i will never use this app again",2026-02-13 22:30:37,0,ali-express_reviews,app_usability
badsmel,1,this app breaks all the rules and is a menace. it opens itself at least ten times per day and i'm not okay with that. shame because i used to use it.,2026-02-13 22:14:38,0,ali-express_reviews,app_usability
Yousef Dababneh,3,"i can't find my order on my account in spite off many people from help centre trying to help, still not seeing my previous order for year 2025. need to talk to someone by voice call to solve this problem by guiding me step by step over the phone, because they tried to help through chatting but didn't work .",2026-02-13 21:56:40,0,ali-express_reviews,other
Red Young-Crandall,1,"spent roughly 12 dollars on a package. never arrived. went to ask for a refund or even credit, they ran circles around d me for days that turned into weeks.",2026-02-13 21:18:45,1,ali-express_reviews,delivery_shipping
Ariel Aldridge,1,"i had bought something for my daughter it would not have came on time so i wanted a refund instead of giving me my money back they took it and put it in the ""bonuses"" i did not want it in the ""bonus' i wanted my money back the app will not allow me to get my money back at all i am so disappointed i do not recommend shopping from this app ever like it said it would not have came in time that's why i canceled the order but did not get my money back 1/5 do not recommend to anyone at all!!!!!!!!!!!!",2026-02-13 21:08:15,0,ali-express_reviews,refund_return
Joshua Mounts,5,truly a perfect experience.,2026-02-13 19:42:32,0,ali-express_reviews,other
Life is Beautiful,1,cheater showing lower price push you to download app once download they will show error this offer finish cheap app and cheap administration,2026-02-13 19:13:19,0,ali-express_reviews,pricing_discount
Rodie J Gendreau,1,cheep products nothing as advertised.,2026-02-13 18:41:08,1,ali-express_reviews,other
Leszek Lex,3,"app is good. but the courier service you are using is rubbish. the parcels are left at random i have to look for them every time. last one i could not find. i got a full refund but it is not something that helped me,i needed the product i ordered.",2026-02-13 18:01:04,3,ali-express_reviews,delivery_shipping
Jackie,1,horrible,2026-02-13 17:06:28,1,ali-express_reviews,other
AZEGBOBORSon,2,since aliexpress cannot add alternate delivery address to enable easy and convenient way to receive a parcel without inconvenience. i will stop using it.,2026-02-13 17:05:21,1,ali-express_reviews,delivery_shipping
Christopher Horch (UpNorth2021),1,"half the items won't ship yo the us, the other half show one price on the item screen, then it's double or triple in your cart. predatory commerce at its best.",2026-02-13 14:03:31,0,ali-express_reviews,delivery_shipping
Andy Frost,5,it is fast and it is very cheap😘,2026-02-13 13:53:01,0,ali-express_reviews,pricing_discount
Asanka Muditha Fernando,5,good tnx,2026-02-13 12:54:44,0,ali-express_reviews,other
Mal Rule,1,"terrible 94 days for a rufund, no care at all, very ignorant, arrogant, no care at all.. ridiculous.. i can't go lower this one star is very grateful, absolute mess",2026-02-13 12:47:19,1,ali-express_reviews,other
William Boardman,1,overly blotted keeps launching itself in the background slowing down my phone very annoying contact your helpless centre ha ha and they have screwed up the messages section plus the search just throws random items not what you're searching for. you want 5 stars rewrite the app into something useful,2026-02-13 11:39:14,3,ali-express_reviews,app_usability
Jacky Chan,1,they make me return an item but issued no refund.,2026-02-13 11:25:53,1,ali-express_reviews,refund_return
Sehmetcat,1,"scams, put one price in basket but took another amount from my bank",2026-02-13 10:32:11,1,ali-express_reviews,pricing_discount
Maged Wahba,1,loads of bad quality and scams... horrible customer service. poor support. there is no support whatsoever from what is called a help centre or customer service. as stated this is a big scam.,2026-02-13 10:10:43,3,ali-express_reviews,product_quality
Anes Modjib Hannachi,1,"two months. zero real assistance. only automated copy-paste replies. if you ever face a serious issue, don’t expect meaningful support. buyer protection feels more like a slogan than a reality. never use this app",2026-02-13 09:44:14,2,ali-express_reviews,app_usability
Myles Preuss,5,i love this app i got a new speaker and new headphones,2026-02-13 08:46:24,0,ali-express_reviews,app_usability
Sergio Toscano Cairampoma,1,"no permite añadir cosas a la sesta, no permiten ver como antes los detalles del vendedor, arruinan la experiencia del usuario",2026-02-13 06:49:49,0,ali-express_reviews,other
Samuel Christenson-Hinze,1,it's a scam 😭😔,2026-02-13 05:06:18,1,ali-express_reviews,scam_trust
J Bah,5,"genial, me encanta...",2026-02-13 04:35:04,0,ali-express_reviews,other
Bryant Green,5,this website is not a scam it's the best to buy titan 13 action figures if you really like action figures,2026-02-13 03:06:39,1,ali-express_reviews,scam_trust
shaban khazem,4,good,2026-02-12 23:43:47,0,ali-express_reviews,other
Atalia Mugabi,5,i love this up so goood😭🙏,2026-02-12 22:27:36,0,ali-express_reviews,other
