userName,score,content,at,thumbsUpCount,source,category
Kayanat Anika,1,honestly i think there is a problem cuz i ca n't download it,2026-03-12 23:21:40,0,ali-express_reviews,other
Nunya Biz,5,apparently when i set setting for notification and turn off specific one because i hate being spammed your company ignores it i do n't need to be notified 5 time a day because you think i need to know that fingernail clipper are on sale stop it,2026-03-12 22:42:39,4,ali-express_reviews,ads_promotions
Samarth Sandeep,1,this is by far the worst app i have bought 3 product from it and non of them have came and when i contact the shipping company they instantly hang up highly whould not recommend most of the 5 star review are probobly bot and this is one of the worst apps do not install or use and the same happend to my friend,2026-03-12 22:14:26,0,ali-express_reviews,delivery_shipping
Rubysu aka Natalie Debler,3,my first package arrived but with counterfeit postage i had to pay an extra 13.75 to get from my local post office i hope the other 2 do not happen this way,2026-03-12 21:38:03,0,ali-express_reviews,delivery_shipping
Toni Dawn Moore,4,never shopped there yet,2026-03-12 21:24:39,0,ali-express_reviews,other
Asia Johnson,3,buy from these guy,2026-03-12 20:36:18,0,ali-express_reviews,other
Lebohang Pasane,1,worst experience ever they were so nice before i bought but after i bought they became cold and negligent they lied and said my order is in my country but it never arrived if that 's how they go about scamming people judgement is surely to befall them i forgive you no string attached i just feel sorry for you,2026-03-12 20:04:32,0,ali-express_reviews,other
Charles Jenkins,5,i like the app i 've only had it a couple day but it is better than doing survey,2026-03-12 20:00:07,0,ali-express_reviews,app_usability
Falodun Akinwale,4,nice app ha very good and genuine product vendor are good,2026-03-12 19:48:10,0,ali-express_reviews,app_usability
e G,1,imma have to give this one star only because of it 's false advertisement on the pricing,2026-03-12 19:22:18,0,ali-express_reviews,other
Dash Mxt,1,if you 're in need of the product very quickly you may get a heart attack coz they take forever and you may even forget and think it 's a scam,2026-03-12 19:19:55,0,ali-express_reviews,scam_trust
Honor Ao,1,the item i ordered never arrived i also reorder still nothing waste of money on this apk,2026-03-12 18:57:06,0,ali-express_reviews,other
Michael Ward,1,i 've tried contacting aliexpress on numerous occasion with no reply i ordered an item in january and order still not arrived checked tracker saying shipment cancelled but have no explanation into when it will arrive lost patience with them why ca n't i have some communication,2026-03-12 18:54:50,0,ali-express_reviews,customer_service
Nyanda,2,these people are scammer if you buy something that come in bulk or that is more than one like the turquoise ring that come in more than one size a mix that come in 20/30pcs that i have not received they do n't show up mysteriously and they blame you and the carrier but item that were bought that is single item or set oh those show up fine no problem then they do n't want to refund you back anything these are not honest or godly people it 's a facade to sale their product,2026-03-12 18:47:06,1,ali-express_reviews,refund_return
Karl Carroll,3,why do i need this app to track my package why ca n't i do it online through a browser exactly,2026-03-12 18:00:39,0,ali-express_reviews,delivery_shipping
Cynthia Butler,3,ad said pick 3 free item i picked them then they said it would cost me 8.00 to recieve them how is that free false advertising,2026-03-12 17:20:41,0,ali-express_reviews,pricing_discount
GIZMO SATANICO,1,i can not sign in 10003 server or network error,2026-03-12 16:56:00,0,ali-express_reviews,app_usability
Rahl Gadu,5,למה זה לא מוריד לי ניסיתי אד 24 שאות אפילו יתמול,2026-03-12 16:48:37,0,ali-express_reviews,other
Zelda Hulley,1,funny how the discount is removed a soon a you need to pay,2026-03-12 14:39:26,0,ali-express_reviews,pricing_discount
Sara Oliver,5,easy shopping with fun innovative broad selection,2026-03-12 14:36:42,0,ali-express_reviews,other
Candy Biehle,1,never got my stuff i paid for my watch daughter jerrika kid cup or cap for her head pissed off please fix the problem,2026-03-12 14:12:58,0,ali-express_reviews,other
Joni Shkembi,1,very high price a if they are selling diamond,2026-03-12 13:05:50,0,ali-express_reviews,pricing_discount
Jagger Norden,2,price are good but i hate that choice thing almost everything is a choice i want to buy one thing not three please remove this aliexpress,2026-03-12 13:02:02,1,ali-express_reviews,pricing_discount
Jesson,1,brought faulty item refused credit or refund unable to submit video or picture due to their site not accepting the file even though format wa correct uninstalling over a mere 12,2026-03-12 12:23:59,0,ali-express_reviews,refund_return
Jamie Harris,1,when i unsubscribe from certain notification category i still receive notification for those category this practice is unlawful,2026-03-12 10:41:23,0,ali-express_reviews,ads_promotions
Michael K,1,aliexpress ha reached a new low not only did they fail to deliver a combined shipment of multiple item but they also provided false tracking information to paypal to block a legitimate refund the support is non-existent and the 'buyer protection is a complete fabrication i am now escalating this a a fraudulent transaction through my credit card company to force a chargeback do not trust this platform with your money they will lie to payment processor to avoid taking responsibility,2026-03-12 10:28:27,1,ali-express_reviews,delivery_shipping
rrockstaarr,1,terrible app havnt received my order and it been well over a month no refund they keep replying that someone will get back to me within 24-48 hour so i message every three day and still the same response do not buy from here,2026-03-12 10:18:33,1,ali-express_reviews,refund_return
Cynthia Swartout,1,it 's just not for me i unsubscribed and i still get email from them i am not interested in this company and do n't know why i still get email from them when i unsubscribed i wish they would stop sending me email please and thank you,2026-03-12 09:46:43,0,ali-express_reviews,ads_promotions
John Ogba,1,very bad experience i bought a fake and damaged glass no compensation i just wasted my £32.99 for nothing i did not use the video camera glass twice it stopped charging and all of a sudden the glass pulled out from the lens i am so disappointed that your customer service said they can not do anything that mean i should dispose the glass and lose my money i will continue to give you bad feedback if nothing is done,2026-03-12 09:40:26,0,ali-express_reviews,refund_return
Martin Gray,1,tried this and ordered a few thing through one of their offer the package arrived with yodel left on my doorstep for hour finally got home and opened it and half the item are missing and the customer support is unable to figure out i want a refund or the item replacing keep trying to blame courier edit went through the horrendous refund process where you have to raise a refund per item missing all got rejected a i have no proof from the courier and did n't video the opening crazy,2026-03-12 09:22:16,1,ali-express_reviews,delivery_shipping
Hans Ko,1,site that dispose off factory defect at attractive price a well a advertised for one thing and shipped you another customer service for return refund are a nightmare a many here have already stated do n't fall for this scam site,2026-03-12 09:12:24,1,ali-express_reviews,refund_return
Arminas Matulevicius,5,i could n't say anything bad is like amazon but cheaper a lot cheaper and u get prize,2026-03-12 08:39:04,0,ali-express_reviews,other
Gary Shaw,3,it 's ok to play game and shop really not for me,2026-03-12 08:08:25,0,ali-express_reviews,other
Thomas Arthur,5,amazed,2026-03-12 07:25:11,0,ali-express_reviews,other
See Ro,5,l'app è meravigliosa ma vogliamo di nuovo per i nuovi utenti l'offerta del 0.99€ oppure 3 articoli con 3€ di disconto,2026-03-12 07:21:47,0,ali-express_reviews,app_usability
Senzo blessing Cele,5,yes i will pay,2026-03-12 06:20:22,0,ali-express_reviews,other
Zachary Hernandez,1,signed up for an account and instantly got my account locked before i could even make my first purchase when i appealed they still did n't tell me why my account wa locked waste of my time,2026-03-12 05:26:23,0,ali-express_reviews,other
Paris Tunc,1,crime gang,2026-03-12 04:52:53,0,ali-express_reviews,other
Paris Tunc,1,there r seller send me a scam 2kg battery instead of 20kg and 160 they charged me after 2 week they make me still stuck to in limbo and i read all review and he is a well known con artist a many people had same l so this is a criminal minded company for not cancelling those fraud r everyday multiple time and they did nothing a i warned them to put bank into case to give a total black list for that brand and they did n't listen and i got email that they are paying me and they willpenalise,2026-03-12 04:45:50,0,ali-express_reviews,ads_promotions
Emily Coleman,5,everything is so cheap and easy to order and receive it on time and it 's always good product,2026-03-12 01:45:45,0,ali-express_reviews,pricing_discount
Ankur Jain,1,in simple word pathetic experience with aliexpress all the best whoever using their portal,2026-03-12 01:40:07,0,ali-express_reviews,other
ПСИХОПАТИНА,1,lie at every turn,2026-03-12 01:37:03,0,ali-express_reviews,other
Eyo Peter,3,if you are ordering from nigeria just know that it 's a one way trip if item is damaged you wo n't be able to return it i 've lost serious money because of this almost 100k after one of the seller sent me a amoled display that doe n't work the platform doe n't have a realistic return logistics for nigeria like temu so if you can take the risk then go ahead,2026-03-12 01:16:13,1,ali-express_reviews,refund_return
Leashanta Chism,1,i wish i could give it a minus i had a package stolen even have a police report and could n't get a refund,2026-03-12 01:02:10,0,ali-express_reviews,delivery_shipping
Ruth Mawson,1,my account is locked i 've never used aliexpress download this again same thing you 're account is locked tried to sign in would n't have email phone number first of all no uk code suddenly i 'm on the aliexpress site go to look at something please sign in with your phone number please enter a valid phone number i enter it again this time with the uk code in front please enter a valid phone number never again uninstalling,2026-03-12 00:58:13,2,ali-express_reviews,app_usability
Scott Conder,1,seller photo and description are misleading price have gotten too high seller have raised price by 500 on most item not worth it the search algorithm is garbage aliexpress need to govern the seller 's action better i waste too much time looking for what i want i get frustrated and go to ebay instead,2026-03-12 00:27:03,4,ali-express_reviews,pricing_discount
Mr Smith,1,ha stopped accepting my debit/credit card,2026-03-12 00:05:51,0,ali-express_reviews,other
Faith McLean,5,i love aliexpress they 're so much better than another online place where you can buy stuff you can buy something for 2 off of here you do n't have to spend 20 like you do on the other website so far i have not been disappointed on anything i bought from them and i have bought a lot of stuff and just a month and a half i 've bought over 100 item if not more,2026-03-11 23:58:23,0,ali-express_reviews,other
Christopher Atkin,5,i thought this wa going to be like wish or temu where they make these wild claim of free stuff or discount under a buck the weirdest thing happened though they were telling the truth now they are n't making extravagant claim like the others but the one they are making they honor them i have my whole family ordering from them long shipping time are the only downside not even enough to knock a star off because they tell you in advance how long it will take,2026-03-11 23:56:47,0,ali-express_reviews,delivery_shipping
Lio B10,1,3 package never received arrived to wrong city no one answered 4 mail sent back no refund now aliexpress take no responsibility never again order with them,2026-03-11 21:57:21,0,ali-express_reviews,delivery_shipping
Adina L,5,there are many item to see from different vendor be sure to read product review and use common sense you can find great item and if thing do not work out like expected the customer service is there to help and is amazing,2026-03-11 21:55:53,1,ali-express_reviews,customer_service
Marcie Graham,1,never got my stuff they lied about the mailing source do n't trust them i lost out on my money too temu is better,2026-03-11 21:53:27,0,ali-express_reviews,scam_trust
Dontae Hufflin,5,awesome service never have had a single issue they send what is advertised every single time and you ca n't beat their price or their product temu wish have nothing on aliexpress,2026-03-11 21:14:59,0,ali-express_reviews,pricing_discount
Jo Carbonell,1,i orrderd window tint and that wa two week ago still nothing guess the delivery person wanted the package more or they just decided not to fill the order and keep the money why you think thing are cheap on advertising.they keep your money,2026-03-11 17:23:22,0,ali-express_reviews,delivery_shipping
Ammar M.Ahmad,5,very nice app,2026-03-11 16:56:04,0,ali-express_reviews,app_usability
Bridgette Schram,1,horrible business avoid at all cost i wa missing an item from my order and they refused a refund asked me to prove that i never received it use temu faster shipping reliable and excellent customer service,2026-03-11 16:39:01,1,ali-express_reviews,delivery_shipping
Nicole Trammell,5,fun,2026-03-11 15:29:00,0,ali-express_reviews,other
tjan putri,1,honestly i havent experience the app because i couldnt use it i live in indonesia and i downloaded this shopping app because i saw cute bag in this app but when i oppened it you need to choose the country or region where you live right so i searched for my country indonesia but i only saw my neighbouring country malaysia so i couldnt experience the full shopping experience i hope you could add indonesia to you app please,2026-03-11 15:12:44,1,ali-express_reviews,app_usability
Matas Matas,5,this is the good app i 'm not going to lie i found garbage item that could explode easily,2026-03-11 13:54:08,0,ali-express_reviews,app_usability
D Bier,1,absolute garbage i dint suggest this app a when you make a purchase over 50 and it stolen you lose your money time and sanity there is no customer service and there even less in these low quality item i tried to get a refund for stolen package 5 time they said prove it how doe one do that how can i prove that i shook a person 's hand i just met app is stupid and pointless go to temu,2026-03-11 13:52:46,0,ali-express_reviews,delivery_shipping
CATCH22,3,seller are polite and helpful but some use chat bot that when an item is not sent you ca n't get a satisfactory answer,2026-03-11 13:23:47,1,ali-express_reviews,other
J,5,it 's s really good app and all the product come in good shape and it ha affordable price,2026-03-11 12:05:12,0,ali-express_reviews,pricing_discount
Sara J,1,no where to register for an account,2026-03-11 11:22:59,0,ali-express_reviews,other
Coems,1,ordered a charger waited for 10 day when it arrived at my county the order wa unsucesfull,2026-03-11 08:54:13,1,ali-express_reviews,other
Benjamin Brewer,4,i like this app very good,2026-03-11 08:53:13,0,ali-express_reviews,app_usability
Jaco van As,1,i wa hesitant from the start and should have trusted my gut aliexpress is a scam you wait for ever to get your product and then they robbed you by not giving it the way you ordered when you complain they put it on you to provide solid proof the you do that and they say it 's still not enough proof i just lost money what a scam will be reporting this to play store a well,2026-03-11 08:42:40,1,ali-express_reviews,scam_trust
philip paranthoiene,4,nb i never give 5 star for anything so 4 star is a maximum i had an issue with a delivery got to my country then disappeared.ali express were prompt and courteous to deal with it i wa eventually refunded the full amount i have now purchased the same item again,2026-03-11 08:06:57,0,ali-express_reviews,delivery_shipping
Alex,1,i can not buy from their shop it doe n't allow me to use my real name their customer service even email is ai and go in circle if they do n't want me to buy fine that 's on them,2026-03-11 07:43:39,1,ali-express_reviews,customer_service
Alex likes dogs,1,very slow.it show gross image no matter what you look up thing like infection or sexual image if an item say delivered and you did n't get it you do n't get a refund the page refreshes every time i try to get one so i just cant also ha thing like swastika and l0li the customer service doe n't help and you have to take 50 picture of each item to return it even if you did n't get the item literally no way to get refund do not install,2026-03-11 06:46:07,12,ali-express_reviews,refund_return
Ronnie,1,full of scammer constantly spamming email and push notification dog,2026-03-11 04:56:46,1,ali-express_reviews,ads_promotions
Ethel Reid,1,it 's not letting me pick what i want,2026-03-11 04:43:07,0,ali-express_reviews,other
Kimberly Dumas,1,this sell your credit card number,2026-03-11 04:25:58,0,ali-express_reviews,other
Tammy Skifstad,5,useful,2026-03-11 03:40:25,0,ali-express_reviews,other
Craig Maybury,1,the app is crashing constantly now i cant acess the play and earm area at all,2026-03-11 02:53:35,0,ali-express_reviews,app_usability
King Cardigan,4,terrible experience on a z fold all my other samsung device this app is cool but on the fold it 's well all i will say is that it 's confusing it 's so confusing i can not describe it except it look like there are two aliexpress apps running side by side and you do n't know which one to use so annoying,2026-03-11 02:26:43,0,ali-express_reviews,app_usability
Rob G,1,terrible customer service impossible to get your money back when a faulty product is shipped,2026-03-11 02:20:19,1,ali-express_reviews,product_quality
Dirty South 316,1,absolute jokedo not use this website absolute joke,2026-03-11 00:23:02,1,ali-express_reviews,other
Hassan Jones,1,they did not deliver my package when i asked for a refund or for a replacement i wa ignored and never received anything back regarding the situation,2026-03-10 23:58:35,1,ali-express_reviews,delivery_shipping
Kevin Mcmahon,4,excellent,2026-03-10 23:47:10,0,ali-express_reviews,other
Matt Schellhaas,5,i lalalaley try aliexpress before and thery are not freaking scammer trust me aliexpress it 's good,2026-03-10 23:33:59,0,ali-express_reviews,scam_trust
Ti to,5,شكرا لجهودكم,2026-03-10 23:33:12,0,ali-express_reviews,other
Eric Laforge,1,i always get scammed they always find a way,2026-03-10 23:15:15,198,ali-express_reviews,other
Zack,1,signed up and it instantly started spamming me uninstalled,2026-03-10 21:40:26,1,ali-express_reviews,other
Promise Abumere,1,i wa scammed by aliexpress seller accept to do a partial refund for a defective item yet aliexpress refused to no refund and complete the lcd screen i purchase the fame doe n't fit pouch and doe n't touch well i followed all the instruction when fix it but it not the case i am complaining about the overheating and the frame side the heat sink on the frame is small unlike the original screen some part doe not touch i try another screen different from the screen i order it worked,2026-03-10 20:18:45,1,ali-express_reviews,refund_return
Sonia Ikie,1,awful scammer my transaction history is lost after paying for good,2026-03-10 19:19:07,1,ali-express_reviews,other
Atif Ahmed,5,good,2026-03-10 17:21:46,0,ali-express_reviews,other
Mike M,2,advertising one thing but sending another still waiting for their customer service to get back to me on my order,2026-03-10 16:17:36,1,ali-express_reviews,customer_service
Keno Ken,1,worst customer service in the world they keep repeating the same answer over and over again ignoring the customer completely they also allow so many counterfeit and fraudulent item like 2tb thumb drive for 5 they do n't only refuse to take obvious scam down they seem to encourage them zero care for their user,2026-03-10 15:46:49,1,ali-express_reviews,product_quality
Enrique El Sato de Hato Rey,2,i prefer the website the app is buggy and doe n't offer much,2026-03-10 13:31:02,1,ali-express_reviews,app_usability
GTepanator,1,app kept sending me here one star for my trouble,2026-03-10 12:59:45,1,ali-express_reviews,app_usability
Evarest Natse,1,ali express are the worst i 've been following up on a refund for 4 month and till today i have never gotten my money back the app is full of scammer who just want your money do n't buy anything from ali express again,2026-03-10 12:19:25,1,ali-express_reviews,refund_return
Patryk,4,na stronie z punktami pokazują się losowe zniżki których nie da się uzyskać mocno utrudnia to zakupy edit okazało się że procentowa zniżka obok produktu uwzględnia też kupon zniżkowy a nie tylko punkty nadal uważam że nie powinno tak być bo jest ikona punktu obok zniżki,2026-03-10 12:11:14,0,ali-express_reviews,other
Phil,1,i am trying to get a simple refund for something that is clearly not going to be delivered and i ordered a long time ago instead of simply refunding my money which is less than €3 i am getting a big runaround by stupid little bot they will not refund my money or at least i think they wo n't by the time i 'm finished with aliexpress they 're going to wish they had refunded it,2026-03-10 11:37:23,1,ali-express_reviews,refund_return
Russell Perkins,1,disgusting treatment false advertising a pair of product that were sold but never recieved claiming it wa only one of the item when ive got evidence from advert and order receipt delayed delayed delayed now im still fighting for a refund 2 month down the line never been treated like this by a company and their seller watch out for navrider seller total scam ali express are enabling many like them and withholding my refund after admission of negligence,2026-03-10 10:50:39,1,ali-express_reviews,refund_return
Anthoz Duppiez,4,i love this app,2026-03-10 09:31:45,0,ali-express_reviews,app_usability
Kyri J,1,a a long term loyal customer it is clear that seller and aliexpress work together against their customer when problem arise.misleading advert documented verbal abuse from seller when legitimately complaining aliexpress really doe not care to act even after appeals.when you order something your probability of success in return is very low if there is a problem shipping is often not covered contact support so we can help is an automated waste of time and endless loop,2026-03-10 09:12:56,1,ali-express_reviews,delivery_shipping
Misty Vanhorn,5,fast delivery good price on most the item product look good,2026-03-10 07:58:37,0,ali-express_reviews,delivery_shipping
Johan Spruyt,1,i do not recommend aliexpress ordered item never received after tracking it appears the item wa never sent no item and no refund they say item is in local custom yet when contacting custom they find nothing under the supplied tracking number shop on own risk,2026-03-10 06:37:24,1,ali-express_reviews,delivery_shipping
Xzaevory Gonzalez,3,,2026-03-10 06:16:52,1,ali-express_reviews,other
David GIlmore,5,excellent,2026-03-10 06:11:11,0,ali-express_reviews,other
Angela Stern,1,garbage no comment,2026-03-10 06:11:01,1,ali-express_reviews,other
S LMK,1,really sick of the constant pop ups and ad just let me purchase in peace ffs unable to turn off constant promotional message from store which flood your message center until it 's impossible to find important message the user experience could not possibly be more frustrating i do not want to play a stupid mobile game for coin absolute masterclass in user-hostile hateful design,2026-03-10 05:43:29,3,ali-express_reviews,ads_promotions
Tia Cummings,5,great app love it,2026-03-10 04:53:59,0,ali-express_reviews,app_usability
Katelyn Selvaggio,2,i bought a pair of earbuds but the charger wa completely broken and they do n't work i also bought other stuff and they arrived broken and unusable,2026-03-10 02:58:21,2,ali-express_reviews,product_quality
Holly Benitez,5,i purchased a set of ear bud for.99 and i 've been so happy with them now i 'm going to try to make another purchase for another great item,2026-03-10 02:35:23,0,ali-express_reviews,other
Kinsley,5,i love it,2026-03-10 01:40:24,0,ali-express_reviews,other
Meyola chudasama,1,i order stuff a a 1st time customer and never received them i tried to get a refund it wa also impossible a well i will never use this app to shop again,2026-03-10 01:16:48,1,ali-express_reviews,refund_return
Michael M,1,horrible app and customer service,2026-03-10 01:08:04,1,ali-express_reviews,app_usability
Gerri Cooper,1,i 've had enough of purchasing thing and then having the item come totally different from what i purchased or not coming at all and then i get a refund without even let me know that it 's not coming i 'm not shopping with them anymore the seller are crook false advertising and just straight up not a good platform to buy thing from i give it one star because there 's no less than one,2026-03-10 00:51:45,1,ali-express_reviews,refund_return
Angie,1,their price are not honest if you add to cart and select the shipping their price will become higher be careful this is dishonest marketing they tell you one cheap price then upcharge once you are about to purchase the item,2026-03-09 23:47:09,1,ali-express_reviews,delivery_shipping
Benjamin Van Dermark,1,all 3 of the item from my welcome gift get 3 but only pay for 1 got canceled on me after being very late now i do n't get thing i ordered and lost out on the welcome deal,2026-03-09 23:32:33,1,ali-express_reviews,pricing_discount
trish Pyles,1,did not load,2026-03-09 23:21:46,1,ali-express_reviews,other
--,1,i 'm not registered with a google email address why are you are forcing me to do it you useless npc 's i ca n't sign in anymore ca n't write my email address because aliexpress is reading my google play email you are violating gdpr,2026-03-09 22:52:26,1,ali-express_reviews,app_usability
Mark -,1,i ca n't upload video to the app when requesting a refund,2026-03-09 21:28:32,1,ali-express_reviews,refund_return
porscha foster,1,talk about false advertisement only downloaded to prove that the ps5 they advertise on the ad wa for 1 i said yeah right downloaded and they are between £900-1.6k plus between £40-65 shipping fee i 'm sure you can grab a ps5 for around 500 in shop with no shipping,2026-03-09 20:28:00,1,ali-express_reviews,delivery_shipping
Emmanuel,2,i login and they keep logging me out and now they 've temporarily suspended all my account,2026-03-09 20:06:16,1,ali-express_reviews,app_usability
Eric Malcomb,1,they have been a nightmare to deal with placed an order saw where it had been shipped and it wa in colorado i tried to track it again and it said i did n't have an order even though i confirmed it with paypal first email i got back said they found my order and i should be able to track it now i wa n't contact customer service again they tell me the order doe n't exist with my account to use a different one i have only ever had one account with them now they wo n't give me a refund,2026-03-09 18:29:16,1,ali-express_reviews,refund_return
I love Fnaf,5,ι αм ηєω нєяє αη∂ ѕσяяу ι υѕє∂ тнιѕ ƒσηт ι αм 9 уєαяѕ σℓ∂ αη∂ ι ƒιη∂ тнιѕ νєяу ¢σηƒυѕιηg вυт ι ℓσνє ιт ιт ѕ ƒυη ωнєяє уσυ gєт αρρѕ,2026-03-09 18:15:45,0,ali-express_reviews,other
Sissie Payne,1,bad customer service,2026-03-09 16:56:06,1,ali-express_reviews,customer_service
Luna,1,had a item missing from order and having trouble getting my money back,2026-03-09 16:33:13,1,ali-express_reviews,other
kourtly dentley,1,do n't order wates of time never came then win i order again price went up,2026-03-09 15:51:48,1,ali-express_reviews,pricing_discount
A Mamun,1,full of fraud and scam seller messaging is never comfortable always mixed with promotional message,2026-03-09 15:39:22,1,ali-express_reviews,scam_trust
Stefan Flavius Chiper,5,cumpărați cu încredere produsele sunt de calitate înaltă și chiar sunt foarte bune indiferent de faptul că sunt produse în china nu am avut niciodată problema cu cumpărăturile ba chiar am prins niște oferte foarte avantajoase la produse de la branduri populare,2026-03-09 15:26:03,0,ali-express_reviews,other
adamebrahiem 6,1,that is terrible it keep saying your account is freezing and your account ha risk registration,2026-03-09 15:16:40,0,ali-express_reviews,other
Captain Traveler,1,the worst company ever see you at the court,2026-03-09 14:48:05,0,ali-express_reviews,other
Dokiware,1,the shipping fee are way too ridiculous,2026-03-09 14:26:16,0,ali-express_reviews,delivery_shipping
Kelly Baker,3,hi i am having problem with the app i 've updated it and also uninstall it and reinstalled it but it wo n't let me have the free gjft that it say i have won a it keep saying it doe n't support me viewing local supermarket item please update your app to our latest version i have done please sort this out,2026-03-09 13:48:51,0,ali-express_reviews,app_usability
Sal,5,thank you,2026-03-09 13:29:35,0,ali-express_reviews,other
Tracey Grimm,5,so far i always receive my delivery earlier then stated and never a problem,2026-03-09 12:34:17,0,ali-express_reviews,delivery_shipping
Chris Smith,1,uninstalled because 12 form of payment could n't go through,2026-03-09 09:57:23,0,ali-express_reviews,other
Hard Catz,1,worst experience i try to purchase on this apps the transaction wa okey i payed split through tabby the big big problem is when they the deliverd i waiting almost a month no chat from the courier no code they just mark delivered and i dont received anything i try to contack the seller and ask for a.refund they refuse they said i show delivered the big question this i purchase it febuary 7 i paid febuary 7 but on their tracking number i bought it january 's 28 how come,2026-03-09 08:34:06,0,ali-express_reviews,delivery_shipping
Steven Brookshire,2,the item i purchased came a expected and a very great price but i did not get my two free item a a first time buyer which never came it wa deleted from the cart and that promise wa never fulfilled so i am very unsatisfied that wa the main reason why i even started it because i needed those item and i wa going to get the bag also because i liked it,2026-03-09 08:32:36,0,ali-express_reviews,pricing_discount
W. Simmons,5,so many cool gift,2026-03-09 08:25:34,0,ali-express_reviews,other
Liam Schrape,1,buyer beware i bought a lego style brick building kit for my son it wa some time after purchase when he finally started working on it the quality wa very poor even with adult assistance the toy would fall apart with the slightest movement even when trying to add the next piece to the model aliexpress and the seller mi ya toy neither will take responsibility or make a good-will refund or credit moral of the story check all purchase for quality quickly when you receive them,2026-03-09 07:04:42,0,ali-express_reviews,refund_return
Eric Thomas,5,great app easy to use discount applied automatically with fast shipping and local store for even faster delivery,2026-03-09 05:17:33,0,ali-express_reviews,delivery_shipping
Victor S,3,after year of usage i 've noticed something different with some purchase after buying something with high rating and later open the item you already bought you realize it 's from another store where that same item ha low rating obviously another store owned by the same person like you buy something with average rating of 4.9 star in one store and later see that it wa purchased from another store with a 4.1 rating,2026-03-09 05:11:23,8,ali-express_reviews,other
Shermonia Dobbs,5,wait on my package and they do offer discount and play game to add to your order,2026-03-09 04:43:07,0,ali-express_reviews,delivery_shipping
Kevin Rankin,1,they have taken my money on 2 occasion and never delivered the item and did not provide a refund their customer service is the worst they send lengthy pasted message that have no relevance their response wa to go back to the same pathetic customer service that i wrote this about,2026-03-09 04:12:30,0,ali-express_reviews,refund_return
Davis Ron,5,good app,2026-03-09 03:54:02,0,ali-express_reviews,app_usability
SHaina Callaway,5,i can biy plow for 67 since,2026-03-09 03:42:08,0,ali-express_reviews,other
frank quru,1,repetitive and irrelevant response never address raised issue directly been 2 month since i placed a order they still keep telling me it 's in transit arrived i country 40 day ago see reply how stupid can they be still wanting me to repeat my issue again see their ridiculous response,2026-03-09 03:10:22,1,ali-express_reviews,customer_service
Diane,1,mostly everything that i bought from them wa cheap flimsy junk especially the clothing i wa new on this site and i bought a lot of stuff i wish i had n't i could have found nicer stuff thrown away in a dumpster several item i never even received when complained i wa ignored no customer service phone number i tried to cancel a couple order immediately after i ordered them it wa sent anyway and i wa charged for it despite all of the effort that i put in with customer service,2026-03-09 03:00:26,0,ali-express_reviews,refund_return
Travis Campbell,2,good,2026-03-09 02:27:46,0,ali-express_reviews,other
Trisna Di Japan,1,scam my order wa not sent maybe because it wa free,2026-03-08 23:13:33,0,ali-express_reviews,scam_trust
Abba abdullahi,5,gud app,2026-03-08 22:25:24,0,ali-express_reviews,app_usability
sathish malamkunnu,1,what is this what a price for the good temu is better than aliexpress,2026-03-08 21:31:38,1,ali-express_reviews,pricing_discount
Rick Hess,5,so far everything i have ordered ha been fine and i will order more thing a the need them,2026-03-08 19:14:09,0,ali-express_reviews,other
Bertha Mata,5,i love them i will continue to order from here update i have n't purchased anything in a few year now because someone used my info and purchased 200 dollar worth of stuff so i uninstalled this app but i do miss ali,2026-03-08 19:08:19,0,ali-express_reviews,app_usability
Lion Soldier,3,title great app but impossible to pay in ghana i really want to use this app more and give it 5 star but i am forced to give it 3 star because of the payment method in ghana most of u do not have bank account or international card we use mtn mobile money momo for everything there are million of u ready to buy but we are stuck at the checkout if you add mtn momo your app will be the 1 choice in ghana please help u shop by adding local mobile money option,2026-03-08 19:03:02,0,ali-express_reviews,app_usability
Colin Crowley,1,shortest app and service they ask for photo of bank card and id which is illegal in au should be closed down,2026-03-08 16:37:29,1,ali-express_reviews,app_usability
Victor Hugo,1,minha conta está dando problemas de segurança na hora de aplicar cupons porque só para aplicar cupons que dá erro de segurança duvido que se fosse uma compra ele iria dar o mesmo bloqueio,2026-03-08 15:49:28,0,ali-express_reviews,other
CRO stress,1,support is a total joke i suggest that you use any other app than this one edit i am trying to contact support on the 2 open case and getting same robotic answer for more than 20 time nobody read anything total joke avoid aliexpress,2026-03-08 14:39:18,0,ali-express_reviews,app_usability
Marky B,1,do n't expect refund avoid or be robbed customer service ai and just sends repetitive reply to any and all complaint avoid they sent a link that doe n't work a a reply too late deleted app all i can do is warn others not to install,2026-03-08 14:32:21,0,ali-express_reviews,refund_return
Herby Osbourne,1,horrible customer service locked my account and wo n't give a reason or help to get it back,2026-03-08 13:09:19,0,ali-express_reviews,customer_service
S Marie,1,twice i never received my item and wa never given a refund the courier never presented proof of delivery both time but said the item were delivered hit or miss good luck i 'm out 70 buck wa told i needed to provide proof i never received the item but wheres the delivery proof picture scam artist edit i contacted aliexpress help center everyday for almost 3 week spent hour wasting my time so no ill just never buy anything ever again please dont waste your time and money people,2026-03-08 12:52:49,0,ali-express_reviews,delivery_shipping
Ben Hunt,1,they do n't honor their fast ship program all you get is the run around spend the few extra dollar and get it from tic tok shop,2026-03-08 12:35:23,0,ali-express_reviews,delivery_shipping
roger whittle,4,positive overall sometimes confusing,2026-03-08 11:19:38,0,ali-express_reviews,other
Philip Brady,5,really positive with 95 of tbe vendor,2026-03-08 10:33:57,0,ali-express_reviews,other
Ben P,1,after using a number of time my last order came broken in transit packaging wa insufficient aliexpress made me jump through hoop after hoop and i had to film and photo an reasonable amount for the application then what they asked for wa unreasonable a long video and photo of the package before it wa opened time and date stamped which showed me opening it and finding the broken item they did not honour the their refund policy wont be using these scammer again avoid,2026-03-08 10:17:58,1,ali-express_reviews,delivery_shipping
Fractal Codex,1,no way to view a complete order only individual item is this a joke,2026-03-08 08:14:27,0,ali-express_reviews,other
Karel Zegers,3,mostly very good but the advertising behaviour of some seller is pretty bad advertising product for a price which when actually ordered change to a much higher cost example are mitutoyo digimatic vernier most memory card seller and others no reponse to query or request for explanation very shady behaviour and not very well dealt with by aliexpress when complained about very disappointing of an otherwise good site,2026-03-08 07:27:35,0,ali-express_reviews,pricing_discount
De P,1,i consistently got a pop up saying there wa an error and my order could not be completed contacting customer service did not help a i just kept getting sent in circle,2026-03-08 06:01:26,1,ali-express_reviews,app_usability
Gorebox gaming yt,5,very very cheap and almost all item have free shipping tho shipping time could be faster,2026-03-08 05:43:35,0,ali-express_reviews,delivery_shipping
a7med_fix,1,the take my item for returned then refund but unfortunately first they take item then refuse to refund they cheating unfortunately very bad customer service and my money 1050 usd dollar gone i will not give them all my life,2026-03-08 05:00:26,0,ali-express_reviews,refund_return
Yamileth Vides,1,muy mal experiencia con esta app no te permite hacer ningún retorno ni aunque el cliente tenga la razón yo ordene do vestido de quinceañera y me enviaron algo totalmente diferente a lo que ofrece yo le envie fotos y pruebas de lo que estaba diciendo y ni aun asi me dieron la autorización para devolver los vestido asi que me toco quedarme con ellos solo malgaste mi dinero en esta app mi calificación para alixpress e de cero,2026-03-08 04:36:45,0,ali-express_reviews,app_usability
Hjbihb Bjhbihb,1,app crash when i search,2026-03-08 04:26:43,0,ali-express_reviews,app_usability
Hazator,1,there no new suggestion if u ever search or click on one product itll haunt u forever in the recommendation and everything related to it would be throwed at u even if u uninterest them,2026-03-08 04:26:35,1,ali-express_reviews,other
Pedram Rezaeian,1,this app is a fraud with unmatched price i approved with 38 and i end up with 48 the shipping time take age and now they are charging 10 tax a well it wa my third time and definitely the last time i ordered something from this app i 'll make sure nobody else that i know make the same mistake unreliable unworthy of time misleading price meanwhile i put the quality aside,2026-03-08 04:15:44,0,ali-express_reviews,delivery_shipping
Kim Barber,5,very good so far,2026-03-08 04:08:52,0,ali-express_reviews,other
Bennett Woodsum,2,i am mad it said my total wa 2 dollar and i wa charged 10 i am mad,2026-03-08 02:37:57,0,ali-express_reviews,other
Luis Arroyos,4,working great so far,2026-03-08 02:12:34,0,ali-express_reviews,other
Davnar Ragnar,1,this app is either broken or designed to deliberately deceive customer i spent some time building a bundle checked the list and went ahead with the purchase only to find most item had disappeared leaving only 10 poorer quality item for the same purchase price i had been given for 20 item no way to trace the transaction or see any itemised receipt after purchase if you must deal with ali express do it via their website on a secure browser do not install this app,2026-03-08 02:01:10,0,ali-express_reviews,product_quality
Jasmine Morris,5,awesome,2026-03-08 01:32:57,0,ali-express_reviews,other
Roeleen Bloemhof,2,i am not spanish all email come in spanish it is very annoying nothing happens following and doing what you said,2026-03-08 00:34:54,0,ali-express_reviews,ads_promotions
Delislav Asparuhov,1,too much notification and spam,2026-03-07 21:51:08,1,ali-express_reviews,ads_promotions
Irina kalpacka,5,страхотно,2026-03-07 21:45:13,0,ali-express_reviews,other
Billy Pierce,1,no good,2026-03-07 20:57:37,0,ali-express_reviews,other
Juan Roldan,1,sucked too many ad buggy super hard to stop from sending email everything take forever to arrive also you might find a 5 dollar item but with 20 dollar shipping so yeah kinda useless,2026-03-07 20:31:42,1,ali-express_reviews,delivery_shipping
Mairaj Aslam,2,high tax other app are without tax disappointed,2026-03-07 20:22:13,0,ali-express_reviews,pricing_discount
Andy Nisbet,1,massively reduce the pointless animation nobody want them and they 're not necessary they make using the app an endurance rather than an enjoyment,2026-03-07 18:45:13,1,ali-express_reviews,app_usability
Kandis Nikol Marek (BATMAN),2,why are yall making your app like temu just do n't be so much like them that you ca n't just order what you want and that 's it we do n't need anymore apps like temu temu suck do n't be temu,2026-03-07 18:30:10,1,ali-express_reviews,app_usability
J R,3,great thing for cheap the only thing that suck is delivery if you live in a building they leave it on the lobby floor for anyone to take it not in front of your door,2026-03-07 16:47:47,0,ali-express_reviews,delivery_shipping
parky,1,scammer who refuse to refund you when they make a shipping error in the uk for your own sanity do not choose locker delivery at checkout instead tell evri to deliver to a locker when they send you the email otherwise aliexpress might send your stuff to a different courier who will then be unable to deliver to evri 's locker and you will be unable to get a refund from these scammer edit contact the help centre what do you think i 've been trying to do for the past week,2026-03-07 16:18:37,1,ali-express_reviews,delivery_shipping
Simon Jewry,1,rubbish this is a scam app you will get burnt i did n't want to give it one star but not able seems stupid so no star,2026-03-07 16:13:24,1,ali-express_reviews,app_usability
FRITOSPORT,1,scammer and fraud they will protect a seller store that never ship your product they provide fake tracking number and their senior team will never help you get your refund for an item that is never delivered you can provide all of the proof and yet they will never help you at all this company doesnt honor their 20day or refund rule stay away from these thief,2026-03-07 15:46:25,1,ali-express_reviews,delivery_shipping
Adam,1,i paid the 3 for 90p deal and the delivery driver put it in my bin without a notice they have refunded my the 90p but i ca n't get anything with it im asking to get the bundle/deal back,2026-03-07 15:29:54,0,ali-express_reviews,delivery_shipping
Marie Barrow,4,great app with great product,2026-03-07 14:57:35,0,ali-express_reviews,app_usability
Nwaneri Chrisbless,1,it just the delivery tracking process for me especially electronics or gadget coming from china very terrible at time even the tracking update stop updating you their customer service know nothing you 'll be in the dark for week with no information about your order 's whereabouts or condition yeah i understand delivery time varies buh at least just fv ck ing keep me updated sometimes i do feel like uninstalling the app and then stick to temu,2026-03-07 13:45:51,0,ali-express_reviews,delivery_shipping
Muhammadu Abubakar abdu,5,this is a good app for order the thing that you are doing,2026-03-07 09:49:17,0,ali-express_reviews,app_usability
Great Mogbey,4,it agood app for buy old thing buy ha high shipping fee,2026-03-07 09:20:04,0,ali-express_reviews,delivery_shipping
Delawno Allen,5,personally this app ha been very reliable i really like the selection of item they are affordable and exceeded my expectation on my first order overall it is a wonderful app,2026-03-07 08:17:18,0,ali-express_reviews,app_usability
CLEAVER SAMAKAYI,2,improve african service not a good app to use if you are ordering from africa also stop sending ad in my email,2026-03-07 06:58:50,1,ali-express_reviews,app_usability
Chris Diera,1,they gave me a broken mess toy black suit action figure,2026-03-07 06:42:54,0,ali-express_reviews,product_quality
Trevor Thornborough,3,a very complicated device or system to follow at time but the most annoying part is contant repeatitive mailing and including immediately straight after you finished ordering before you get the good theyre trying to encourage more purchase from you damn annoying,2026-03-07 05:47:56,0,ali-express_reviews,other
GalaxyA05s,5,5stars,2026-03-07 05:08:31,0,ali-express_reviews,other
Mark KERR,5,easy to navigate,2026-03-07 03:48:09,0,ali-express_reviews,other
Mellissa Cecil,5,fast shipping great product,2026-03-07 03:25:27,0,ali-express_reviews,delivery_shipping
Marisol Chico (TheAmazingDuck),1,alot of the seller sell extremely cheap item just so that you can purchase the item which boost their profile and sale on their page and make them look good in reality they do n't have the item and will message you to cancel the order because the price wa accidentally marked incorrectly another seller told me they do n't receive that item that much so they would n't know when it will get shipped and to cancel if i need it urgently one stop store and carino store are the scammer,2026-03-07 02:24:39,1,ali-express_reviews,refund_return
Akun John,4,thumb up is there a way to turn on dark theme mode in the app,2026-03-07 02:14:24,0,ali-express_reviews,app_usability
Mark Santiago,1,useless app especially the help center all my order not ship,2026-03-07 01:53:16,1,ali-express_reviews,delivery_shipping
Nanci-lee,1,if you have this app or you are about to download it i hope you read this review first this app is full of scammer that just want your money i have made a few purchase from here over the past few month and both item were lost and it took week to finally get a refund i am reporting this company to the bbb on monday morning,2026-03-07 01:38:27,1,ali-express_reviews,refund_return
Hector Torres,1,it 's a scam people will say you can get a controller for a low price but every controller i see or expensive price honestly i will never buy from them every again,2026-03-07 00:09:50,1,ali-express_reviews,pricing_discount
Farah Harper,4,amazing and really nice product,2026-03-06 22:38:07,0,ali-express_reviews,other
Dallas Jensen,1,the text in the app is impossible to read because the graphic hide 90 of it full description of product can not be seen uninstalling a wasted memory,2026-03-06 22:36:50,1,ali-express_reviews,app_usability
Mustapha Maruf,5,an interesting app that outperformed among other alternative,2026-03-06 22:29:19,0,ali-express_reviews,app_usability
Catherine Gladwyn,5,it 's great no complaint at all,2026-03-06 20:59:32,0,ali-express_reviews,other
karl haxthausen,1,scam site and bad app designed to fool you product are generally bad falsely advertised and/or broken on arrival app is either incompetently structured or intentionally confusing avoid this site/app,2026-03-06 20:17:22,0,ali-express_reviews,product_quality
Lillian Ames,1,nothing but scammer,2026-03-06 20:10:48,0,ali-express_reviews,other
Ronald Augenstein,1,unable to return 15 day should be from when received not from purchase date it took 3 week for the watch to arrive now you say there is no purchase in my account i wo n't be buying anything from aliexpress again and you do n't even have a mean of sending this message,2026-03-06 19:30:21,1,ali-express_reviews,refund_return
Gracey Kangwa,5,product are received a ordered but they take long to be delivered,2026-03-06 19:18:51,0,ali-express_reviews,other
Boris Dongarov,1,the review is not about the app itself but the super aggressive ad that seem to be specific only to aliexpress and most recently probably to shein i 'm referring to the aliexpress app or website opening automatically while playing a game or using an app without a warning or any user interaction it need to stop,2026-03-06 16:23:40,0,ali-express_reviews,app_usability
Cam & Family,5,ali is a great app for almost anything you need item i have purchased have all been exactly what i asked for and wanted and they last a longtime,2026-03-06 16:21:07,0,ali-express_reviews,app_usability
Anthony Bawa Lemissah,5,fast delivery very satisfying i 've never been disappointed with aliexpress keep up the good work,2026-03-06 15:01:38,0,ali-express_reviews,delivery_shipping
paul alibone,1,more problem with ali express item not sent in time order cancelled 2 week after placing order poor tracking update the childish promotion are making ali express a bad a temu which i now do n't use a tired of pop up offer constantly,2026-03-06 14:49:43,4,ali-express_reviews,delivery_shipping
Brandi McDowell,5,love this shop too,2026-03-06 12:11:21,0,ali-express_reviews,other
Moses Kuyoro,1,do n't ever buy from this app all seller here are fraudulent,2026-03-06 12:01:28,0,ali-express_reviews,app_usability
Oarabile Malate,1,it 's been 4 month and i have n't received my package,2026-03-06 11:39:41,0,ali-express_reviews,delivery_shipping
Zied,1,edit i already contacted customer service countless time but it wa just a waste of time it 's unhelpful the app is getting worse every day more complicated uncomfortable and more difficult to get discount not too mention the annoying bug and error in the app notably the world tour go mission that immediately turn into a loop of 5 level of rush hour every task a lot to talk about but ca n't say everything in this review so i 'll give the lowest review sorry,2026-03-06 11:19:18,2,ali-express_reviews,pricing_discount
Ivan Lo,5,first time using aliexpress bought an old laptop battery very quick shipping cheap price and surprisingly premium package and product quality,2026-03-06 10:54:31,0,ali-express_reviews,delivery_shipping
deli X,1,they lie about price price look great but when you try to check out the price skyrocket,2026-03-06 10:52:55,0,ali-express_reviews,pricing_discount
Micaelrm,1,good for cheap stuff if u buy expensive one and the item is defective they scam u and u get no refund even with the 30days policy,2026-03-06 10:40:06,0,ali-express_reviews,refund_return
David,1,do n't install this app it is lying doe n't respect protocol and it 's chinese,2026-03-06 10:39:25,0,ali-express_reviews,app_usability
Edward Dibartolo,1,my packige dident come ive bean scamed i whant 30 in damage if you whant to call me aliexpress find out your self warning dont buy thing here because you will get scamed and noy get your packige it sead that it had bean delivered what a wast of money,2026-03-06 09:39:39,0,ali-express_reviews,other
Lauri Koivu,1,aliexpress used to work well nowadays aliexpress doe not follow their own rule you end up paying for faulty advertised product i do recommend temu,2026-03-06 09:33:19,5,ali-express_reviews,product_quality
Mudiwa Sheltoniey Dekeshe,5,best app ever this one never disappoint,2026-03-06 09:08:38,0,ali-express_reviews,app_usability
mohamed zahran,1,it wa the best app for shopping online good price compared to others fast shipping to sri lanka but now they have added tax for everything and the price are high compared to the local market other platform doe n't charge any extra tax,2026-03-06 08:38:54,4,ali-express_reviews,delivery_shipping
tanya wagenaar,1,i ordered 3 x packet of a specific item apparently my order wa split into 2 parcel i only received the first parcel with 1 packet in it after trying for almost 10 day to locate the second missing parcel going back and forth between the seller and the courier i applied to aliexpress for a refund for the missing item it wa declined despite all the proof i submitted do n't waste your time or money there are other more reliable and far cheaper platform out there,2026-03-06 08:13:10,2,ali-express_reviews,delivery_shipping
Jaselin C,5,it 's a great shopping experience,2026-03-06 07:32:47,0,ali-express_reviews,other
John Arcese,1,every other order doe n't have the item you purchased in stock it 's getting worse every day,2026-03-06 06:09:57,0,ali-express_reviews,other
Tyler Mitchell,1,the best place to buy chinese counterfeit at full price,2026-03-06 06:09:55,0,ali-express_reviews,product_quality
Tara Seranus,5,awesome,2026-03-06 05:46:17,0,ali-express_reviews,other
christolene jaftha,1,i bought a a25 clear pouch and glass 1 purchase wa january and the other 1 in feb i do n't know what happened to my account but i ca n't find my previous account and now my order are just lost no trace of it i am so disappointed but i ordered again with the hope it will come,2026-03-06 05:43:17,0,ali-express_reviews,other
Brent Canterbury,3,i 've only selected 3 star for now bc i have placed my 1st order and have not received it yet if it 's good quality i will add the other two,2026-03-06 05:33:48,0,ali-express_reviews,product_quality
A Google user,5,edit this is an issue i had in 2019/2020 their response is 6/7 year late do not get scamed i wa a dimond member purchased hundred of item however since 2019 i have received 1 out of 40 order ali refeused to help so i lost 100 's of dollar and even freebie cost me 20 now such a joke it not free if it cost more than it normally would i am so disappointed the scam this site is playing now they do n't protect their customer looking for alternative site save your money avoid,2026-03-06 04:54:27,3,ali-express_reviews,pricing_discount
Daryl Arndt,1,order could not be filled waiting for my refund a order wa canceled this site is a joke seller say the item is out of stock but ha the same item being sold for a higher price now we will see if i get a refund,2026-03-06 03:51:12,0,ali-express_reviews,refund_return
Dave Wurz,3,not user friendly but beat ytemu,2026-03-06 03:30:38,0,ali-express_reviews,other
I AM LIMITLESS,1,scam they tell you there 's a problem with the item then try to get you to pay triple for the same item in your account beware,2026-03-06 03:16:15,0,ali-express_reviews,scam_trust
Jt,1,i 'll stick with shein this shopping site is a headache to deal with,2026-03-06 03:08:47,0,ali-express_reviews,pricing_discount
T Bramble,1,bundle discount not showing glitch this month when you click bundle section it just show you the price of item at their normal price not the bundle discount price you have to use the desktop website if you want the bundle discounted price very annoying please fix it,2026-03-06 02:44:58,0,ali-express_reviews,pricing_discount
MrEdinLaw (MrEdinLaw),1,very bad refund policy even if seller admits mistake no refund forgot to mention i had sent the video of opening the package too and they denied my refund,2026-03-06 00:43:09,1,ali-express_reviews,delivery_shipping
Gabriel Frost,1,downloaded the app to see about the hype i dont trust the low price so i deleted the app and im still bombarded with their add on you tube even after blocking several of them dont get this if you want constant add,2026-03-06 00:18:42,0,ali-express_reviews,pricing_discount
Woody O Vazco,1,this app is a scam dont buy whit them first my package wa stuck for about 10 day in custom then when i requested a refund they moved the package in the past the others carrier always showed proof whit picture of delivery now the last package show a a delivered in front door and i never had it i requested for refund and they only said ho we will speed up your request making me wait for more time scam scam scam,2026-03-06 00:15:35,0,ali-express_reviews,delivery_shipping
Jeff Cumberlin,1,this app keep installing itself without my permission big red flag,2026-03-05 23:15:45,0,ali-express_reviews,app_usability
DAVID RICHARDS,1,bought a medical scooter for 50 3 year ago and to no avail no receive or no refund that wa on wife cheap a-holes,2026-03-05 23:15:10,0,ali-express_reviews,refund_return
Harley Molson,2,took my account away and it wa good at first at the end terrible i do n't know if my package is even coming any more and they did not get back all the money,2026-03-05 23:06:27,0,ali-express_reviews,delivery_shipping
Keith Glasgow,1,i have not received my product after 3 month you bother me several time a day yet i can not get my product from you act now send my product i need them,2026-03-05 22:18:30,0,ali-express_reviews,other
Igor C. Alonso Rocha,1,não caiam nessa enganação de moedas e diamante não é igual a shoppe que é honesta diamante e moedas inúteis te lev a crer que você vai ter descontos ma no fim o descontos são pífios fique de olho na validade do cupons e do créditos eles não avisam quando expira,2026-03-05 22:12:35,0,ali-express_reviews,other
Tanya Nicole,5,favorite app on here plus the game they have where you can earn coin to shop with love it take some time to learn how it all work with the game and coin but it 's worth it to me and it 's fun too one important thing to pay attention to are the review from not just the product the actual digital store and seller individually give it a try you 'll love it,2026-03-05 19:23:25,25,ali-express_reviews,app_usability
Nicole Stanton,1,price change at checkout uninstalled app,2026-03-05 17:26:15,0,ali-express_reviews,pricing_discount
Nimusiima Trussy,5,changed my mind ali express rock,2026-03-05 17:23:09,1,ali-express_reviews,other
AL,1,search result often include many irrelevant item and many of the relevant one aren ’ t actually available when you try to add them to the cart wasting a lot of time after adding 7 item none of the coupon that were advertised for the u and for that week worked each said it wasn ’ t valid in the region even though it wa the u to make matter worse during checkout with the order confirmed the payment failed because some discount had supposedly expired within the 5 min it took to pay,2026-03-05 17:19:02,2,ali-express_reviews,pricing_discount
Tana Wright,1,buying small thing no issue but buying furniture and bigger thing is a hassle either you wait for over a month for them to tell you it out of stock ca n't ship to your address or it delivered and not missing part of the furniture use this site for trinket only cause the rest is a waste of time if you 're purchasing from usa,2026-03-05 17:16:49,1,ali-express_reviews,delivery_shipping
William Appleget,5,a a watch builder this site is it,2026-03-05 16:30:01,0,ali-express_reviews,other
Sidono Hambayi,4,good so far,2026-03-05 14:13:59,0,ali-express_reviews,other
Amanda Albertson,1,got my order this time but 2 of my product stop working after one day of using it and they will not refund me for both only 1 that is not fair will not order anything else from this company,2026-03-05 13:26:37,0,ali-express_reviews,refund_return
chikara persaud,1,promotional discount are a scam and will not apply when you go to check out customer service will not help either and will simply lie and say it expired despite the promotion clearly still showing a in effect,2026-03-05 12:34:22,0,ali-express_reviews,pricing_discount
Rosan Asaraf,4,good,2026-03-05 12:31:05,0,ali-express_reviews,other
Carl Kaufman,4,new update added passkey which i love yet you add the passkey and then you ca n't even use it to login so what 's the point,2026-03-05 12:22:26,0,ali-express_reviews,app_usability
Rick Chant,1,broken beast the merge bos game freeze after clicking 'deliver the delivered item disappear and no reward are issued feeling a little robbed after giving aliexpress my time and data without receiving fair reward,2026-03-05 12:17:58,1,ali-express_reviews,delivery_shipping
Diego Garcia,1,the discount on the coin page no longer work,2026-03-05 11:58:59,0,ali-express_reviews,pricing_discount
James,1,my item wa so late that i wa overseas when delivery wa attempted now it 's on it way back to the seller and aliexpress are so far are just making me go through appeal after appeal they claim that it 's at my local post office even though i provided a statement from the post office that it 's on it way back they have n't provided me with any evidence that it 's with my local post office despite their claim that it is,2026-03-05 11:56:06,0,ali-express_reviews,delivery_shipping
Shahidalikhushik,5,ok,2026-03-05 11:49:01,0,ali-express_reviews,other
Marko Popovic,1,disaster they have decided to collect all order from different sender into one order and then send it to you this is causing the value of single order to be high and thus you have to pay import tax with ttaxes good are more expensive then if i would by them in shop in serbia i will never use aliexpress again,2026-03-05 11:43:19,0,ali-express_reviews,pricing_discount
Ken Elliott,1,ayear or so ha passed and still zeeo 25/10 zero star prize draw is a confidence trick very misleading avoid zero star 21/10 the worst thing is fake prompted to the top of search and sale the updated prize draw huge disappointment both in time wasted and prize and still lock up 6/9 frozen and crash regularly since prize draw update broken like eva and the help,2026-03-05 11:40:04,12,ali-express_reviews,product_quality
Vlad True,2,возникли проблемы со входом потом с данными в моем аккаунте у меня пропала вся информация о покупках и я не вижу трекинги служба поддержки отреагировала на мое обращение потом начали давать бесполезные советы о чистке браузера и как получить посылки в моем отделении трекинги и информация где и что купил утеряны сказали что больше не могут ничего сделать 3 недели я на нервах ждал дойдут ли посылки дошли связь с продавцами так и не восстановили только давали циклические отмазки,2026-03-05 11:27:02,0,ali-express_reviews,other
Davida,5,perfect,2026-03-05 11:03:54,0,ali-express_reviews,other
Alvaro Solves Fuster,1,if you have a problem now ai answer for aliexpress good luck if you have any issue with your order after easily more than 10 year buying on aliexpress i 'm abandoning it a pity,2026-03-05 10:14:48,0,ali-express_reviews,other
Brenda Trow,5,i love shopping from home with you so much,2026-03-05 10:14:04,0,ali-express_reviews,other
Teodor Valtchev,1,scammed aliexpress sided with the scammera returned me 30 of the money still scammed with dangerous item can cause explosion or fire 10 time less capacity then state other type,2026-03-05 09:19:19,0,ali-express_reviews,other
Jo-Lynn Gruszewski,1,no i love apps like this i am a consistent temu fanatic but upon downloading this app i wa promised to free gift placing my first order and becoming a new customer and yet i placed my order right after i chose my gift and surprise surprise my order wa confirmed and now i 'm not eligible for my free gift for some reason total rip-off they just lied to get me to sign up very very bad experience i 'll stick with temu,2026-03-05 08:15:35,0,ali-express_reviews,app_usability
Cyber boy,4,i made a lot of purchase from aliexpress it 's quite good experience but lately i 'm facing a difficulty with a shipping fee that for 1 item shipping is like 50 and even more so please try fixing that,2026-03-05 08:05:48,0,ali-express_reviews,delivery_shipping
Penelope ybarbo,5,love it,2026-03-05 07:53:25,0,ali-express_reviews,other
William Webster,1,i am along time buyer on aliexpress aliexpress forced me to download their app that doe n't work and on my original site i ca n't change the currency any more and ca n't check my order aliexpress suck,2026-03-05 07:02:50,0,ali-express_reviews,app_usability
Okenwa Joseph,5,very happy customer your security is what make me keep repeating blessed to people love from nigeria,2026-03-05 07:02:35,0,ali-express_reviews,other
ismael jimenez,1,lie in many price,2026-03-05 06:56:02,0,ali-express_reviews,pricing_discount
Lawal Mariam,5,i really like to get thing from your app but recently whenever i pick product and add to cart their price change from the previous one i saw before adding to cart,2026-03-05 05:53:44,0,ali-express_reviews,pricing_discount
Kenneth Green,4,you can find some goodie good but buyer beware you get what you get sometimes you might get something really good sometimes you may get something have decent most of the time you 'll get something that you can work with,2026-03-05 04:33:44,0,ali-express_reviews,other
Tracy,1,downloaded from an ad that said three item for 0.99 and i do n't see three item for 0.99 can you say false advertisement,2026-03-05 02:58:28,0,ali-express_reviews,ads_promotions
Alex,1,bought something with coin they shadow banned me after with the error to protect the security of your account your request ca n't be processed at this time it 's been 4 week and i 've contacted support at least five time and they are completely useless they kept saying a higher team will email me regarding the shadow ban but the email just kept repeating the same useless garbage like log off and in like a bot also the app drain 20 battery in 1 hour,2026-03-05 02:36:23,7,ali-express_reviews,app_usability
Muhammad Ali,4,any thing on the go their customer service is worst have blocked my payment system and not telling reason,2026-03-05 01:38:05,16,ali-express_reviews,customer_service
Reason Brad boy,5,very useful they serve they deliver i reccomend aliexpress try it and increase your shopping experience,2026-03-05 01:18:17,0,ali-express_reviews,delivery_shipping
Corey Polume,3,good site and app enormous number of product to choose from and one of the best delivery update system i have seen better than amazon you know where your package is at any time product review are questionable a you are only able to review product a you receive them i would also question a lot of the review a they are not linked to product for example ordered bike tube and when i used after 4 month both of them failed due to design fault but not able to provide feedback,2026-03-05 01:00:57,1,ali-express_reviews,delivery_shipping
Cory Berge,3,have bought almost 50 item so far some like to come some do n't everything i have got had been good just wish there wa n't so many fake product,2026-03-05 00:58:40,0,ali-express_reviews,product_quality
Hendry Glyn,1,terrible,2026-03-05 00:44:07,0,ali-express_reviews,other
Aarti Rawal,1,there are scam shop they mention some item and send others do n't trust on this app,2026-03-05 00:08:44,0,ali-express_reviews,app_usability
Bęrla Kouzapas,1,it 's literally impossible to exchange your game point to shopping credit due bot snatching them immediately,2026-03-04 23:55:01,3,ali-express_reviews,other
David Wilkins,1,ur getting ripped off by aliexpress,2026-03-04 23:37:04,1,ali-express_reviews,other
stephen thompson,5,the few transaction i have made have gone great satisfied with every purchase,2026-03-04 23:10:09,0,ali-express_reviews,other
Ale M,1,han quitado la opción de agregar al carrito para un montón de artículos ya no compraré en esta plataforma,2026-03-04 22:21:53,0,ali-express_reviews,other
MGselecta,2,it 's bad have n't used it for a while now you ca n't buy anything everything is on some kind of a bundle it 's shite,2026-03-04 22:02:50,0,ali-express_reviews,other
عبدالله الهاشمي,1,it 's become trash online service ever first they changed there price to higher then stop refunding for eror and reasonable refund solving now added tax also mean you will pay the payment of order and shipment and tax also which around 40 to 60 percentage of tax really stupid service,2026-03-04 21:45:23,0,ali-express_reviews,refund_return
Saiu (Sai),2,i love using aliexpress with the cheap price and little niche item i can find super annoyed that the app make me login for every action i do going to my account trying to look at my purchase trying to look at my wishlist to the point that despite logging in multiple time in the same session im still getting asked to it doe n't help that it freeze constantly when logging in so i have to reopen the app and try again just to look at my wishlist,2026-03-04 20:20:59,0,ali-express_reviews,pricing_discount
James Friend,1,cheap product but very poor refund process and no option to properly dispute i returned two product which cost 50 each to post to hong kong i wa refunded for one of the two product and did not receive a refund for the postage cost which i wa guaranteed before posting i contacted the aliexpress help centre well over 10 time but each time felt like dead end or black hole.of unhelpfulness,2026-03-04 19:48:32,0,ali-express_reviews,refund_return
Kathy Borley,1,trying to cart and you hav different carting area your shipping is ridiculous way more than other site,2026-03-04 18:57:20,0,ali-express_reviews,delivery_shipping
December Perez,1,while i use to really enjoy using the app i do n't appreciate the extremely obnoxious ad i see on other apps fake x or ridiculously small one keep making me open this app while i am simply trying to go back to the game i am playing it 's annoying and making me hate aliexpress,2026-03-04 18:47:24,0,ali-express_reviews,product_quality
Taj Tablet,1,shopping credit are a scam ae give shopping credit for watching ad and playing game but you can only exchange them for real dollar credit once a day and they are all sold out in less than one second ae know this but keep promoting the credit even though most ca n't make use of them then they just tell you to contact customer service like they 'll do now who will be all nice and say they really want to help but then actually do nothing it 's just a big scam,2026-03-04 17:52:06,24,ali-express_reviews,customer_service
Alex Mzrv,3,is getting worse every time pop-up notification ad ad ad,2026-03-04 17:35:03,0,ali-express_reviews,ads_promotions
Carol Breshears,1,scam vendor,2026-03-04 17:31:30,0,ali-express_reviews,scam_trust
Usman Nuhu,1,useless app please do n't use this app take more than a month for your package to be delivered customer service not responding,2026-03-04 17:00:15,1,ali-express_reviews,delivery_shipping
Stephane Cherpit,1,i have a purchase being shipped the app doe n't know.about 0 order with my account pitiful worst app.ever,2026-03-04 16:28:56,0,ali-express_reviews,app_usability
Farouk Hammad,1,very bad they deal with dishonest courier,2026-03-04 16:28:09,0,ali-express_reviews,delivery_shipping
David Turner,5,if u shop online you are a fool if you do n't use aliexpress,2026-03-04 16:18:59,0,ali-express_reviews,other
Fernando Uribe,1,my package wa delivered with item missing and they wo n't refund me,2026-03-04 16:12:24,2,ali-express_reviews,delivery_shipping
Yetty Osanyinmuko,1,stop buying from aliexpress they are scammers.they send me empty package,2026-03-04 15:40:17,1,ali-express_reviews,delivery_shipping
Helaria Iipinge,4,awesome live chat not active a on browser,2026-03-04 15:15:38,0,ali-express_reviews,other
Daniel (Lovesteady),1,everything on here is made terrible or just a lie,2026-03-04 14:51:52,0,ali-express_reviews,other
Jay Bee,2,deleted the app too many scam and dodgy item on the site also the app wa a bit muddled compared to the main website 2026 let 's try again see if thing have improved,2026-03-04 13:35:12,0,ali-express_reviews,app_usability
Boris Pajovic,3,very slow shipping,2026-03-04 13:22:37,0,ali-express_reviews,delivery_shipping
Shiiqa,1,horrible customer service they are lair,2026-03-04 12:56:25,1,ali-express_reviews,customer_service
Amelia Mizaque,5,não tenho com o que reclamar desse aplicativo topo demais tem alguns probleminhas ma nada grave dá pra fazer vista grossa de boa,2026-03-04 12:28:03,0,ali-express_reviews,other
David Affram Arthur,2,i cancelled an order and there have been no refund,2026-03-04 12:18:25,0,ali-express_reviews,refund_return
lyle l. Nirenberg,1,numerous warning of delayed shipping item break consistently after several week or month no refund for item returned with their shipping label buyer beware aliexpress falling apart and rapidly losing thousand of customer full of scam and extremely low quality,2026-03-04 11:34:40,1,ali-express_reviews,delivery_shipping
Kryztiel Conde,1,wa told i wa getting 3 or 4 thing free for first time user it turned out being a lie i 'm deleting app not returning,2026-03-04 09:57:35,1,ali-express_reviews,app_usability
Hussein Al Obeidi,1,ali express scammed me and stole my money when i wanted to make a purchase using my paypal account i wa notified that the payment failed and i wa asked to use a different payment method when i used my other payment method it wa accepted but when i checked my paypal account i found that the transaction wa made when i contacted customer service to get refunded on paypal i did n't get the help so be careful before you make a purchase ali express is using thief a seller on pletform,2026-03-04 08:28:52,0,ali-express_reviews,customer_service
Afroja Jiva,5,it 's nice item and good to download service so fast and item good a well recommend to download,2026-03-04 07:54:26,0,ali-express_reviews,customer_service
Tina Smart,5,love shopping here only the best,2026-03-04 07:04:13,0,ali-express_reviews,other
Christos Stylianou,1,shipped me a defective item i needed to pay for the return making return not worth it also my review of the item doe n't show a they appear to be hiding negative review,2026-03-04 06:37:01,0,ali-express_reviews,refund_return
God Ussop,2,ha been a very good app cheap price and good stuff but now if you use pay after delivery the ask card detail really if i had a card why would i choose a pay after delivery option i do n't use my card and have always used payment after delivery but know i ca n't even order stuff very well ali express,2026-03-04 06:05:05,0,ali-express_reviews,delivery_shipping
Natalie Aponte,4,i liked the app when i first used it in 2023 where i could add anything to cart and it all be really cheap but now price have been upped and there 's deal on stuff where the price is cheap but you ca n't add it to cart which suck cuz when you do find the item it 's way more expensive it 's still good deal but wish it wa the same a it wa in 2023,2026-03-04 05:33:59,0,ali-express_reviews,pricing_discount
Nancy Burgess,1,i ordered a 'welcome deal new customer item of a queen mattress on feb 21st i wa told today that i had been refunded my purchase and my mattress wa not coming very first thing i ordered and they defaulted on that not happy with this app on top of that i lost my welcome deal good going,2026-03-04 04:34:10,0,ali-express_reviews,pricing_discount
Julian Betancourt Rengifo,1,terrible experience,2026-03-04 03:58:23,0,ali-express_reviews,other
Ali Raza,5,good store great alipay mpay gpay,2026-03-04 03:50:34,0,ali-express_reviews,other
Andrea Basquez,1,i do not recommend them ¡ they said they delivered my item but i never received it then they take forever to investigate it and finaly they think giving u a 1 coupon make up for it when u spent hundred of dollar you been warned,2026-03-04 02:06:22,0,ali-express_reviews,other
Jago (Average_Dude),1,,2026-03-04 01:38:10,0,ali-express_reviews,other
Stefanie Goodrum,3,they do n't rip u off like temu but some item came not working,2026-03-04 00:48:45,0,ali-express_reviews,other
Devon Karle,1,trash do n't buy from this company,2026-03-04 00:45:12,0,ali-express_reviews,other
Barry Simpson,5,i 've unsubscribed and blocked those arse wipe but still they jam up my phone with spam i have more important thing to do than checking message for spam i 'm hoping deleating the app will work,2026-03-03 23:05:19,0,ali-express_reviews,app_usability
Tyeanna Robinson,1,i order a couple thing and changed my address to the address i stay at now and it changed back to my old address it wo n't refund me and will not let me cancel the rest of the stuff i have order and customer service will not help,2026-03-03 22:41:06,0,ali-express_reviews,refund_return
Sheila Reed,1,they are complete and utter con artist they promote and advertise these amazing deal like their competitor temu unlike their competitor who actually deliver on their good they do n't they will advertise insanely sweet deal and never deliver your item that you paid for so you will wait and have seen him out of time for your item to be delivered to absolutely never never receive your delivered item and that is a damn shame their customer service is non existent do not order from them,2026-03-03 22:37:48,0,ali-express_reviews,delivery_shipping
Iskandarbek,1,this app ha become one of the worst it used to be so convenient — i could easily add different product to my cart choose quantity and pay for everything in one order now there ’ s only one option “ buy now ” you can ’ t add more item can ’ t change quantity and can ’ t combine multiple product in a single purchase thank goodness other online store haven ’ t removed such a basic and useful feature — you can still add item to your cart and choose quantity there time to switch,2026-03-03 22:37:44,2,ali-express_reviews,app_usability
Mike Davis,1,i ordered from this place-a mini pc they said it wa wa delivered but i never received it they told me in writing that they would not send another or a refund i hate this place thank you i did everything asked to do for a refund or pc i wa still rejected you can say sorry all you want but i still did not receive my mini pc i ordered and paid for somebody got my money though thank you very much,2026-03-03 21:15:58,0,ali-express_reviews,refund_return
Devin Santana Haraseb,5,very great app good price and everything it 's just the waiting time can be long and stressful when ordering item to recieve it but overall i got my item i wanted,2026-03-03 21:01:15,0,ali-express_reviews,pricing_discount
Mrs B Apraku,1,every thing look fine on the picture but everything wa super horrible do not waste your time,2026-03-03 19:49:00,0,ali-express_reviews,other
Rethabile Madileng,3,price of item are great but shipping to south africa is expensive on some item,2026-03-03 19:36:18,0,ali-express_reviews,delivery_shipping
oscillator,3,i feel i am being ambushed by invisible ruthless car sale men on sale on overdrive max manipulation mode.while i become confusion itself am i being run through a maze again again cykleogicly like,2026-03-03 19:13:42,0,ali-express_reviews,other
Pamela,1,horrible app i had multiple item in my cart then suddenly the cart wa emptied i had to search over and fill the cart again i made my purchase then i wa alerted that my order wa partially paid my card wa charged 2 time for everything no customer service number now i have multiple order coming can anyone help me to get a phone number,2026-03-03 18:50:48,2,ali-express_reviews,app_usability
Brian Bloom,1,your discount code expired while in the middle of checkout so the truth is there wa no discount it wa a lie also known a false advertising i do n't give money to shady illegal company,2026-03-03 18:11:43,1,ali-express_reviews,pricing_discount
Ernie Nagy,2,product description is deceptive and inadequate price change in cart upwards and some vendor use bait and switch on their product free return ha ha i had to pay 105 to return a product i did not order product received not product ordered with the promise of reimbursement instead of reimbursement they gave me coupon for future purchase ultimately they applied credit to a future purchase not reimbursement i am uninstalling this app use temu instead,2026-03-03 15:12:07,2,ali-express_reviews,refund_return
_,5,i love them i got stuff from them two year ago and it still work that 's why i 'm still on this platform so do n't think it 's like temu cause it 's not have a good day,2026-03-03 14:59:07,0,ali-express_reviews,other
Shannon B.W (shayshay),3,would have been a 5 but ßtill no package without deception still nothing,2026-03-03 14:58:26,0,ali-express_reviews,delivery_shipping
Sportssure Prediction,5,bidhaa ni uhakika kuwa worldwide na aliexpress,2026-03-03 13:47:31,0,ali-express_reviews,other
Jason Sardie,1,absolute rubbish product very very miss and hit way way more miss than hit stick to ebay and avoid the rubbish so disappointing clothing size are falsely advertised photo used in advertising is seriously manipulative it 's totally deceptive out of 20 purchase i 've had maybe 7 or 8 parcel of quality stuff,2026-03-03 12:31:40,0,ali-express_reviews,product_quality
Tgnsg nsg,5,good,2026-03-03 12:10:40,0,ali-express_reviews,other
Rakesh kathayat,5,good,2026-03-03 11:23:26,0,ali-express_reviews,other
John Mason,1,this application is a joke legitimate complaint do not get taken seriously i have given up asking why the product i paid for have not been delivered,2026-03-03 10:45:00,1,ali-express_reviews,other
Miloš R.,1,i have ordered an item something happened and i did not get that i have provided all the evidence for the refund and they decided not to give refund i have proven that the mistake wa from the seller item never came to the local curier a it said on the application also provided evidence for that,2026-03-03 10:33:10,1,ali-express_reviews,refund_return
Martin,3,coin are useless u collect coin but you can only use them from what you viewed should be able to use the on everythink,2026-03-03 09:05:10,1,ali-express_reviews,other
Yunn Chin,2,most confusing non logical app ever waste of time,2026-03-03 08:13:00,1,ali-express_reviews,app_usability
Tomasz Jokiel,1,i used to like it but recently my shipping address is showing for seller not a my town but a a distinct that happen to be also name of the other town so package not delivered to my home checked my address is correct in the app,2026-03-03 07:37:40,1,ali-express_reviews,delivery_shipping
Sheona Baldacchino,2,very late delivery,2026-03-03 06:13:09,1,ali-express_reviews,delivery_shipping
Nikki Brown,2,good morning,2026-03-03 04:17:29,1,ali-express_reviews,other
dominic baloyi,5,they deliver,2026-03-03 04:15:37,0,ali-express_reviews,delivery_shipping
Travel,4,it 's,2026-03-03 02:25:03,0,ali-express_reviews,other
Autumn Atkins,1,the ad are a lie you can not get 3 thing for 99 with free shipping because when you try it reloads say you ca n't partake because the deal is only for new user literally just made my account but okay,2026-03-03 01:40:45,1,ali-express_reviews,delivery_shipping
Him Laif,1,beware aliexpress will not refund order in package for which sister company cainiao logistics alibaba group issued proof of loss document,2026-03-03 01:28:12,1,ali-express_reviews,delivery_shipping
Mirian Nieves,1,a store took payment but never arrived i asked the store aliexpress to intervene but it wa ignored it would n't been a problem if only my granddaughter of 9yrs old wa n't expecting her vanity every time i would give more time another answer wa not shipped yet this went back forth a month no solution i wa warned about this yet i wanted to give aliexpress a chance the store name is carlno they have lied,2026-03-03 00:40:35,1,ali-express_reviews,other
Whitte Cat,2,there were a few error like i ca n't use coupon and i ca n't play gogo match i 've tried it every day and it 's still the same,2026-03-02 23:48:26,1,ali-express_reviews,app_usability
Amanda Jean Shelton,5,a lot better than temu and other apps definitely recommend it over other apps deserves alot more star for rating,2026-03-02 23:34:34,0,ali-express_reviews,other
Matt Deck,1,i ordered something 2 week ago it 's still ai n't even left the factory i 've reached out to the provider and no response from them i 've reached out to all the express no response from them i mean it 's kind of bad that i spend money and i still ai n't receive my stuff they 'll talk about they 'll discount me i bought a bed and a mattress is what it is still have n't gotten it still ha n't even shipped it say it 's being processed even though they 've taken my money and everything else,2026-03-02 22:47:24,1,ali-express_reviews,pricing_discount
Noor khoda Amani,5,lovely,2026-03-02 20:40:46,0,ali-express_reviews,other
seun david ademola,4,good app,2026-03-02 20:06:12,0,ali-express_reviews,app_usability
Christopher McKinney,1,scamers heaven do not use it you will get scammed 99 of the vendor are scammer,2026-03-02 18:30:46,1,ali-express_reviews,other
Aderaw Aweke,3,ante vayrse,2026-03-02 17:17:44,0,ali-express_reviews,other
Thapelo Radebe,1,they scammed me a product did n't get delivered by denied refund avoid this app,2026-03-02 17:06:22,1,ali-express_reviews,refund_return
Arjun M,1,there is no free gift for new user once you enter your credit card info it say one or more of your offer ha expired,2026-03-02 16:58:29,1,ali-express_reviews,other
Juan Diego Botiva,1,even after disabling all notification in the app it 'll keep pushing spam,2026-03-02 16:53:07,1,ali-express_reviews,app_usability
teleportation_ noises,2,the ad i 'm unsure if you people have control over it or not but please stop having your ad auto open the app i love aliexpress but im so sick of it,2026-03-02 16:03:41,1,ali-express_reviews,app_usability
callum Williams,1,i had my package left outside of my property opposite a park my item have been stolen and they refuse to do anything to resolve the issue that 's not to mention the delivery date which take week to month 's and the low quality tat that end up arriving awful ap,2026-03-02 15:42:58,1,ali-express_reviews,delivery_shipping
Hazel Fang,2,once my item come in im deleting and never reinstalling again how sketchy is it that they hook me with some free item but then say my payment wont work force me to do an appeal process that requires photo of my credit card but wont accept my credit card yet the full price item i bought had literally no payment issue at all only the free item that are at risk of expiring if not resolved soon it just beyond sketchy and i dont need to support such underhanded tactic,2026-03-02 15:37:22,1,ali-express_reviews,pricing_discount
Chikondi Nhlema,1,same same,2026-03-02 15:37:15,1,ali-express_reviews,other
Jason,3,this thing keep hiding the add to cart button i do n't want to do 10 individual transaction when i 'm looking at small adapter i want to add them to cart so i can continue browsing and comparing it like the app is actively discouraging me from shopping with it,2026-03-02 14:44:43,0,ali-express_reviews,app_usability
Domantas,5,good,2026-03-02 14:38:04,0,ali-express_reviews,other
Christian Lozano,5,good shipping and product the time of shipping is about 1 to 2 week and some are low quality item but still work and i love the dollar express,2026-03-02 14:28:36,0,ali-express_reviews,delivery_shipping
Canea Callery,1,i have been robbed on here by either aliexpress or evri either way i can not allow myself to be apart of this app i have had 3 delivery delivered to the incorrect address the tracking gps clearly show a different location than my address after contacting aliexpress customer service i wa told there is nuffing i can do i need to contact the delivery company if any one in the uk ha ever contacted evri they will know the stress,2026-03-02 13:48:56,1,ali-express_reviews,delivery_shipping
Dejunai Jackson,4,work a described.but all the little game are a nuisance,2026-03-02 11:19:09,0,ali-express_reviews,other
Kenan YILDIRIM,1,aliexpress is not a good option in my opinion they don ’ t refund the full amount for returned item there ’ s basically no real customer service you only get automated reply that don ’ t solve anything i still haven ’ t been able to get my money back unfortunately it ’ s been a complete waste of time,2026-03-02 10:40:41,97,ali-express_reviews,refund_return
Danny Harrison,1,i have used this app for a few year with 1000 of order placed but just been scammed by aliexpress the order wa a advertised 2tb flash drive but once the product arrived i tested the space using validrive and to my surprise only 7.29gb available so after processing a return i finally get a notification that they want me to pay the return fee which is a total joke so spoke to customer service who said they ca n't do anything just read of the system,2026-03-02 10:30:59,1,ali-express_reviews,refund_return
Abey Mathew,1,false promotional price that disappear at checkout,2026-03-02 10:25:42,1,ali-express_reviews,pricing_discount
Ahmed Yosri,1,i have been buying choise item for the past 2 year but i received a scam item from a choise purchase the store wa selling a xiaomi mouse but what i received wa a different local-brand mouse not xiaomi the mouse cost 12 they asked me to pay 27 on top to send it back to china and told me i will be reimbursed the total amount in ae voucher no refund the seller after a month of negotiation agreed on a 50 partial refund only then to find ae support team rejecting the request scam,2026-03-02 09:46:47,1,ali-express_reviews,refund_return
Antonio Antonelli,1,full of scammer got a defective item given proof and still they expect me to pay for the return submitted a claim to the european customer center update they replied here and invited me to reach the customer service which still claim i should pay for the fee clown,2026-03-02 09:41:02,2,ali-express_reviews,refund_return
Raihan Bin Mofidul,1,customer service kept sending the same copy‑paste bot reply again and again even after my case wa “ escalated ” multiple time to the so‑called senior team every response ignored what i actually said and did nothing to resolve the problem i contacted them through chat online consultation and even called the hotline — no result at all aliexpress repeatedly claimed the issue wa “ being processed ” or “ finished ” but the problem wa never solved this is extremely frustrating misleading,2026-03-02 09:04:29,1,ali-express_reviews,customer_service
Matome Lucky,1,got scammed r4000 on two packages.aliexpress investigaters helped the supplier to scam me 4k they delay the matter while screenshot of evidence wa supplied they promote supplier scamming people extra money after ordering i 've reported the supplier nothing wa done about supplier he still continues scamming other people be carefully of this app rather u alibaba for your safety a a customer,2026-03-02 08:49:14,1,ali-express_reviews,app_usability
Susan Young,1,my delivery time wa made for the 2nd march the order date wa made on 13th feb 2026 it had not been delivered i contacted the seller they inform me that it would take a further 70days for delivery i went ahead an had to cancell the order an request a refund 70days for delivery sound like to be a scam to me,2026-03-02 08:11:16,1,ali-express_reviews,delivery_shipping
Erick H,2,like haggling in china the price change it can go down but every item is a haggle and annoying when trying to buy more than one and ca n't add to cart i have to checkout is so predatory i discourage this a it 's toxic and other thing being you find something and have to buy combo suck,2026-03-02 07:11:05,0,ali-express_reviews,pricing_discount
Tyler Bass,1,save my search i am so sick and tired of having to redo my search filter every single time i hit back on the app,2026-03-02 06:59:55,1,ali-express_reviews,app_usability
B,1,i have used the app for year buying hundred of item but i 'm moving to temu because they have refused to refund for a fake battery they ignore scientific fact when analyzing the complaint good riddance,2026-03-02 06:44:48,1,ali-express_reviews,refund_return
mirandia scoggins,1,ca n't even order nothing what 's wrong with this app,2026-03-02 06:04:51,0,ali-express_reviews,app_usability
R B,1,scam it gave price for item i added them to my cart and once in your cart they cost several time more than that and also the shipping is expensive it said if i waited a certain number of hour they 'd be the promised price so i came back then and they got even more expensive the shipping did too also it say you get free item but once you choose them it tell you you also need to buy one of a more expensive item to earn the free item and make you confirm exiting multiple time,2026-03-02 05:35:09,3,ali-express_reviews,delivery_shipping
T K Vines,3,,2026-03-02 05:21:55,0,ali-express_reviews,other
Harrison,1,loved it until it started to flag an cancel my order and no one would do anything to fix it there ridiculous system ha lost my business i wa really enjoying buying these figure from a seller on here made a ton of purchase then one night i try to pay with pay pal it kept kicking me out so im like whatever and used my card it flagged the order and asked me to appeal send them my id cc information and bank statement i did that it took forever then it proceeded to do it 2 more time,2026-03-02 05:16:43,1,ali-express_reviews,refund_return
Simon Leigh-Lancaster,1,item never came after contacting them 4-5 time and every time to be told to wait 48 hour someone will get in touch got boring real quick got a refund through paypal scummy and untrustworthy company and now my account is banned,2026-03-02 04:13:29,3,ali-express_reviews,refund_return
Anuli Rivers-Wair,5,result omgg it 's so easy to use and the item r very cheap i love it and keep up the great work guyssss,2026-03-02 03:46:24,0,ali-express_reviews,pricing_discount
Michael Seaman,5,easy to use great service very good price and very quick delivery,2026-03-02 03:41:00,0,ali-express_reviews,delivery_shipping
Ren Estelle,1,locked out before i could ever place an order 5 day appeal process which would prevent me from getting the new customer discount i use a vpn so at this point i think it just meant to discourage privacy dissappointing i wa really excited for the product they had,2026-03-02 02:28:38,0,ali-express_reviews,pricing_discount
Sarah Stephen,5,ha the best offer and discount,2026-03-02 02:12:15,0,ali-express_reviews,pricing_discount
John Scribner,1,not a very good first impression the first piece of equipment that i ordered 4/5g wifi ha a default password printed on the label in the battery compartment i have tried entering that password on several device dozen of time and the response ha always come back a incorrect password i waited 3 week for this garbage to arrive so it look like i have to wait 3 more week for it to get back there and 3 more week to get one back probably wrong password again sorely disappointed,2026-03-02 01:12:33,3,ali-express_reviews,customer_service
Paul Bowsher,2,not going to download an app just to try to find a part or price too many other ad to look at,2026-03-02 00:22:44,0,ali-express_reviews,pricing_discount
Kyle,1,their bad website auto directed me to the app page when i tried to search something so i am leaving a bad review this pissed me off and i hate being directed to install thing i 'll make my own choice thanks aliexpress,2026-03-01 23:46:11,1,ali-express_reviews,app_usability
MsShimmeringSue,4,doe the trick but annoyingly email link dont open the app immediately and choice stay on screen for 2 millisecond,2026-03-01 23:19:37,0,ali-express_reviews,app_usability
Valentina Mustafa,1,they told me that my order wa a total of 90p i then go to my bank account to find £5 wa taken out please kindly refund my £4.10 aliexpress also depending on the quality of my order will i be adding an extra star in conclusion my trust in this place is gone will not be ordering again,2026-03-01 22:55:27,1,ali-express_reviews,refund_return
Chris Mules,5,i 've bought many great product from aliexpress planning to buy many more normally quick delivery thanks generally all the product are well made and great quality,2026-03-01 21:52:31,0,ali-express_reviews,delivery_shipping
lakewolf sunrise,1,glitch when trying to switch account have to re install app to log in to another account,2026-03-01 21:40:23,0,ali-express_reviews,app_usability
Angela Alce,1,i 've been to make the account ever since i download this app.it is not working every single time is always being slow and it tell me that my account is locked and i have to regain access.i do every gmail i have.this is the worst app i ever had i do n't even write views.but this is the worst app that i have to,2026-03-01 19:15:16,0,ali-express_reviews,app_usability
Sajida,1,delivery to the middle east is very bad sadly you have to pay the shipping for every item you add i wish it wa like shein or temu in term of shipping,2026-03-01 19:10:45,1,ali-express_reviews,delivery_shipping
Saima Munawar,5,bht acha app h,2026-03-01 18:37:23,0,ali-express_reviews,app_usability
Sue Bridger,5,love to shop here,2026-03-01 17:53:15,0,ali-express_reviews,other
Merlin,5,aliexpress is great for chinese good,2026-03-01 17:44:23,1,ali-express_reviews,other
Moon Lee,2,shipping fee more expensive than other shopping platform no paynow or paylah for payment card number not safe many scam,2026-03-01 16:59:17,8,ali-express_reviews,delivery_shipping
Why Asking,1,issue after issue with item not delivered and no refund or possibility to get adequate response customer service pretend to be on your side just to deny any evidence regarding order not received sad to see customer service going downhill,2026-03-01 15:26:30,1,ali-express_reviews,refund_return
Lise,1,stop sending me demandais please,2026-03-01 15:11:01,0,ali-express_reviews,other
Jason Morgan,1,well i downloaded the app from google play and i looked around but i could n't see anything you see i have a problem seeing anything on a white background you do not have a dark mode or a dark theme so i uninstalled so when and if you ever add or create a dark mode version i will redownload but not until then,2026-03-01 15:05:20,0,ali-express_reviews,app_usability
Barbara Ranse Hammonds,3,take a week or so after you order to even get shipped out i do n't see a good reason for waiting so long,2026-03-01 14:44:22,1,ali-express_reviews,other
Lua,2,it wa a very pretty good app and much faster compared to the website however besides it yield to many annoying and irrelevant notification it charged my bank card twice today for the order without arranging them into the shipping section the order were just silently ignored but the money were charged,2026-03-01 14:15:55,1,ali-express_reviews,delivery_shipping
Citizen ff,5,the best,2026-03-01 13:48:59,0,ali-express_reviews,other
Rickard Terfelt,3,update after yet another contact with aliexpress i got my refund however that cost a lot of time ‐ i have shopped a lot from ali in resent year and problem have mostly been resolved if proof of problem gave been given but now proof is not enough i got a obvoius scam a package with only wrapping in it no good at all several communication session with picture and video with ali and seller in wain still they now ask for more proof and disregarded my claim,2026-03-01 13:44:18,1,ali-express_reviews,delivery_shipping
Jason Nicholas,1,i 'll have a look at this-load error i 'll have a look at that-load error i 'll select that link-load error i 'll see what that is-load error i 'll buy that-wait a wk-out of stock i 'll order it from there-wait-no out of stock fine i 'll order it from that seller then-wait another few days-no out of stock i wonder if they 'll have it they say they do-wait-nope load error out of stock recurring theme,2026-03-01 13:33:11,186,ali-express_reviews,app_usability
Petra Mijajlovic,1,they do n't want to help at all my package delivery failed no reason listed when i tried to contact aliexpress they just spammed no refund again with no explanation now neither will i get my package nor my money back worst of all i did n't get a single explanation,2026-03-01 13:21:23,1,ali-express_reviews,delivery_shipping
Guy Elsenburg,1,beware they will send incorrect item and then demand you re package and return it back to them even though they incorrectly sent it to you and then you will recieve nothing but harassing message daily,2026-03-01 13:11:42,1,ali-express_reviews,delivery_shipping
Aira Guro,1,aliexpress is good but what disappointed me is that there is no gcash option in payment method i ca n't order can you fix this cause not all buyer have a bank account like me i only use gcash and even worst is the customer service did n't help me and did n't answer my complain like he doe n't know what his job,2026-03-01 13:06:16,0,ali-express_reviews,customer_service
Sakura Boo,1,5 free return a month unopened denied return buyer beware reached out multiple time to the customer service they are not aware when caught lying about the return process decided to give up and escalate the issue,2026-03-01 12:36:30,1,ali-express_reviews,refund_return
Ruthra Ninel Aicrag,1,aliexpress doe not filter who doe not sell authentic item i have experienced several time buying item that say what they are but they are not i think people should know that they need protection from these kind of seller who advertised fraud item do n't use this app it also send lot of mail ad filling your inbox thanks for nothing,2026-03-01 12:27:52,1,ali-express_reviews,app_usability
Luis Orjuela,1,it 's not worth the hassle you get poor quality item and sometimes you do n't even get what you order and the refund process is a nightmare good riddance of this application and seller,2026-03-01 11:53:06,1,ali-express_reviews,refund_return
David Watson,1,aliexpress allows seller to sell non functional product which dont match item description on this platform be wary,2026-03-01 11:52:04,0,ali-express_reviews,other
Kudakwashe Chakanya,5,best e commerce app ever,2026-03-01 11:22:49,0,ali-express_reviews,app_usability
Centre Orbit,1,unsafe platform lost 180 pound fake product seller are selling fake cmputters running script to make them appear a higher spec the computer eventually fail to work there are thousand of fake item being sold on this platform and yoi have very little prpteection if you use paypal you have poor consumer proyection always use a credit card instead of paypal buy dont use aliexpress googgle the fraud that is active on aliexpress it huge and you will loose money at some point,2026-03-01 11:05:13,2,ali-express_reviews,product_quality
Leigh Morris-Ashton,1,i paid for 5 item only got 2 and they were broken aliexpress refused to refund me even though the shop said they would refund me i never got a refund item were described a silicone and were made of cheap plastic total ripoff terrible service and i shall not ever be buying again,2026-03-01 10:53:36,2,ali-express_reviews,refund_return
Chandana Spence,5,i love this program i ordered my hair and i get it wa 100 human wig,2026-03-01 10:40:43,0,ali-express_reviews,other
Robert Gregory,3,reduce the add,2026-03-01 10:36:47,0,ali-express_reviews,other
Vladimir Berta,1,aliexpress just started billing shipping fee for product that are marketed a free shipping for a product that wa 7 euro and free shipping i wa charged 5 euro for shipping on delivery no pay no product if i wa charged that initially i would n't have placed the order that 's just not how you do business,2026-03-01 09:25:07,1,ali-express_reviews,delivery_shipping
Brian Myers,5,been good so far,2026-03-01 09:20:10,0,ali-express_reviews,other
Catherine Jung,1,this online apps is not good take to long to delivery the item give you hardtime to refund your money,2026-03-01 09:06:45,0,ali-express_reviews,delivery_shipping
Henry kanayo,5,,2026-03-01 07:19:30,0,ali-express_reviews,other
Peter Jorgensen,1,consistent double tax no receipt bad paperwork no support and no service,2026-03-01 06:53:17,0,ali-express_reviews,pricing_discount
Mark Grant,1,ad that push themselves into install on your phone with no choice to say no is the same a technological rape there should be fkn law against it,2026-03-01 06:09:24,0,ali-express_reviews,ads_promotions
Adam Zorzi,1,scammer,2026-03-01 05:56:06,1,ali-express_reviews,other
Devon Bond,1,the help center is just a stupid bot no wonder they do n't screen seller with all this free for all nonsense my first purchase in year to get car mat and the seller sends me 1 inch sticker instead i spent u 300 and until now i can not get any assistance how doe such a large company like this allow such behavior,2026-03-01 04:45:38,2,ali-express_reviews,customer_service
Seren,2,the welcome gift is a scam i won 2 free item and also free shipping but i had to pick a discounted item to get my gift nothing on there is actually free,2026-03-01 02:52:31,1,ali-express_reviews,delivery_shipping
Rebecca Jenkins,4,idk it great but just not perfect,2026-03-01 01:44:44,0,ali-express_reviews,other
Andri Pech,1,the seller canceled my order and made a refund but i ca n't withdraw my money because the app doe not accept a withdraw by using your original method-payment i paid by oxxo so my money turned into a frozen refund that i 'm uncapable to withdraw in a nutshell i wasted money and time,2026-03-01 01:37:50,1,ali-express_reviews,refund_return
Adam J Butler,5,so far this ha been a good place to order anything,2026-03-01 00:38:36,0,ali-express_reviews,other
C Taylor,1,i purchased a package but when i found out the delivery guy is speed x i know i wa never going to receive the package that i purchased it 's been over 15 day and our customer service ha not helped me out,2026-02-28 23:14:20,1,ali-express_reviews,delivery_shipping
Shirley Smith,1,did not receive my potable dryer my tracking number wa scanned at p.o and wa not sent to my address p o stated that my package had another address on it i only gave my address l ca n't understand how this happen i have no dryer and no refund l will not deal with this company or the company from where i bought the potable dryer really needed the dryer,2026-02-28 22:29:54,1,ali-express_reviews,delivery_shipping
Duncan Davis,1,worst shopping app ever deleted i installed it to get a load of electronics for a project few hundred quid worth first thing after install wa 2 free item ok selected 2 then have to buy 2 to get ok tried to pay with paypal and it just kept looping and saying it took payment but then saying i needed to pay useless impossible to use to buy what i wanted because of all the special offer and key popups,2026-02-28 22:23:40,1,ali-express_reviews,app_usability
Michelle Cooley,5,absolutely love aliexpress app,2026-02-28 22:18:25,0,ali-express_reviews,app_usability
April Kimmell,5,they have good deal you need to go into your setting to change what notification you be getting and how often they have a really good deal for new customer you only get to pick one deal though if you take your time and choose wisely he wo n't regret it here 's a tip when you open an account go to the search bar and search for thing that you 're interested in close it down and reopen it this will save you time scrolling on the deal page when u click on sumthin it will show u more,2026-02-28 20:21:47,3,ali-express_reviews,pricing_discount
Adreana,1,took well over a month to get here and wa n't even exactly what i ordered,2026-02-28 19:53:50,0,ali-express_reviews,other
•coconut•,3,they have good stuff but want too much for shipping tax,2026-02-28 19:00:57,0,ali-express_reviews,delivery_shipping
Abolarinwa David,5,i 'm not getting my good,2026-02-28 18:39:49,0,ali-express_reviews,other
Leslie-Ann Albanese,5,the ultimate in transparency you can speak/see live the seller knowing exactly where my money go is paramount small b2b is refreshing and hopefully with the tariff reduction we human living on planet earth can only wish to actually make some money,2026-02-28 18:36:03,1,ali-express_reviews,other
Mikail Maharoof,1,it like temu with a different name it a scam,2026-02-28 18:21:38,1,ali-express_reviews,scam_trust
Sigge Sigvardsson,2,they just cancel your order and there 's is n't any information in the cancelation why the other product wa damaged and not even in the packed showed third wa wa ok so 2 out of 5 after the developer replied here i contacted their support and i know english is my third language but i would still consider it at a decent level they do not understand what i 'm trying to write or the problem at all doing everything to get out of their responsibility it feel like probably under order to do so,2026-02-28 18:11:57,2,ali-express_reviews,refund_return
Yassine Play,1,i have n't received any of the package and i have n't received my money back it 's a scam,2026-02-28 17:47:02,1,ali-express_reviews,delivery_shipping
Mario Guerrero,1,it doe n't even have thing to exercise with,2026-02-28 17:19:33,0,ali-express_reviews,other
Ms Sheree L Taylor,3,so far they are ok check back later,2026-02-28 17:18:16,0,ali-express_reviews,other
Mirza Muhammad Nauman,1,useless now in pakistan they are charging double tax to the value of item i 'm going to uninstall it,2026-02-28 17:17:12,1,ali-express_reviews,pricing_discount
Dave Mack,1,bad customer service no problem solution i ordered from temu and already received this platform allows scam seller,2026-02-28 16:22:05,1,ali-express_reviews,customer_service
Hans Wurst,1,since 2026 i have to return good of a value below usd 1.0 that were sent wrong aliexpress pay return shipping so price will raise ofc i asked support on this more than once but a always support is either ai or morans get a brain and escalation team just semd standard answer i will switch to bnggd or tmu with lower price they blocked me from playing game needed for their worldtour game at 85 completion all progress lost and 20 escalated support ticket later 0 progress,2026-02-28 15:20:04,1,ali-express_reviews,delivery_shipping
Brandon Carson,1,i 'm completely done with this app every time i order stuff off of here there 's always a problem so yea i 'm give aliexpress a bad name i rather oder from temu at least you get your package in on time instead of wait almost a month to get it so yea a soon a i get my package in from aliexpress i 'm deleting this app and i will never use this app again,2026-02-28 15:18:36,0,ali-express_reviews,delivery_shipping
Michael Oyimba,5,best shopping app good are delivered fast and accurate and they communicate well too i recommend this if u want to buy directly from china,2026-02-28 13:30:40,0,ali-express_reviews,app_usability
Frazer Williams,5,very good glorious app,2026-02-28 12:42:45,0,ali-express_reviews,app_usability
Giorgi Karkusashvili,1,i live in georgia and aliexpress is only letting me use the russian version of the app georgia is n't russia never wa and never will be i used to use the global version of aliexpress a few year ago but everything ha turned into a terrible experience now i ca n't even log in,2026-02-28 12:03:30,0,ali-express_reviews,app_usability
craig williams,1,a rubbish conglomerate that will not refund any order that yodel decide to leave in an unsafe place and so go missing even though in their own term they refund if package is lost.already have been in touch with customer service 18 time numerous appeal you are not interested and deny refund every time in response to your reply,2026-02-28 11:51:40,1,ali-express_reviews,delivery_shipping
Iftikhar Ahmad,1,i am prchase 5 time difrant prodect but all prodect is not good,2026-02-28 11:25:57,1,ali-express_reviews,other
Pushpitha kavinda,5,good,2026-02-28 10:29:21,0,ali-express_reviews,other
Otunba Olufemi Omotayo,5,excellently,2026-02-28 09:03:25,0,ali-express_reviews,other
Joshua Carter,1,what a scam they will tell you thing are delivered and when they were not if you then utilize the chat to ask about it you get some ai chatbot in china that doe nothing for you i 'm out money now with no product to show for it,2026-02-28 07:59:14,1,ali-express_reviews,scam_trust
Peter L,1,devs learn how to do sign in properly the website try to force any mobile browser user in to the app and the app force signing by different method the whole time you are shopping this cause your cart and price to update at random stop forcing people and your app might work properly,2026-02-28 06:52:24,0,ali-express_reviews,pricing_discount
Mr. Salem,1,bad update when searching for something and checking product then go back it take you to home page even if you use the arrow to go back same thing happens take you to home screen please fix this issue it 's wasting time,2026-02-28 06:45:49,0,ali-express_reviews,app_usability
Cash Fuller,1,do not shop on this platform order never arrived and ca n't make a dispute to get a refund complete scam,2026-02-28 03:21:08,0,ali-express_reviews,refund_return
Chip Helton,5,great so far,2026-02-28 03:03:10,0,ali-express_reviews,other
Sony Yang,1,they linked my x account with one of their twitter aliexpress email when signing in so now i can not change any of my setting because i do not get any notification sent to my real email,2026-02-28 02:34:23,0,ali-express_reviews,ads_promotions
MKII,3,really buggy and slow app customer service with agent feel like ai or a bot waiting for return after received an item that incorrectly advertised seller ignore you or deny their mistake they really changed my thought about chinese people let 's hope i get money back,2026-02-28 02:13:13,1,ali-express_reviews,refund_return
donald h samuel sr,1,they do n't show you the negative one either they lost the cell phone that wa sent back they never gave me a refund for it very terrible customer service in my own opinion i would never ever ever buy anything from these people again that 's how bad they are a far a customer service,2026-02-28 00:27:25,1,ali-express_reviews,refund_return
Mike,1,i have to wait longer than 3 day for two thing to get shipped at me,2026-02-28 00:19:57,1,ali-express_reviews,other
Roe Zohar,1,the app is not that good the search option are very poor and that choise stuff are really bad,2026-02-27 23:32:33,0,ali-express_reviews,app_usability
Claire Mole,1,ordered from there they then decided to order something for themselves of nearly £40 scammer stay away quality of item is n't great either do not order from here,2026-02-27 22:54:01,2,ali-express_reviews,product_quality
shadi humeid,1,thief liers and scammer the worst experience you can have the cheat lie and allow their seller to embezzle money from you and not honor the deal if they dont feel like it and pressure you for more payment and when you aske for customer service for help you get a bunch of empty promise and lie and a 1 coupon nothing will be done to protect you i hope you all get what you deserve,2026-02-27 22:44:43,1,ali-express_reviews,pricing_discount
Jordan H,1,i avoided using this for year a i had reservation about the quality very first time using i completely understand why i avoided it the return system is a joke they basically squeeze you into accepting a partial refund for a broken item will never use this service again one and done,2026-02-27 22:41:26,2,ali-express_reviews,refund_return
Stanislav Kalashnik,1,bad,2026-02-27 22:29:41,0,ali-express_reviews,other
Keri Spears,1,i am reading this one star because\nwhen i ordered something it wa very expensive.and it 's telling me that i have n't ordered anything and i 've been waiting for a very long time,2026-02-27 22:14:54,1,ali-express_reviews,pricing_discount
Dustin Emerson,2,they have n't gave me my stuff yet,2026-02-27 22:13:57,0,ali-express_reviews,other
Ahmed ololade,5,good,2026-02-27 21:31:58,0,ali-express_reviews,other
10 year joint guy,3,great usually get my order on time if not earlier customer service is generally useless a they gave me a solution i went to try said solution failed and would get back on customer service tried to ask an upfront question about if it possible to get a refund in which i wanted the answer to be yes or no but they beat around the bush had to learn on my own that the refund wa not possible and all the solution they gave me were utterly ridiculous other than that package usually come,2026-02-27 21:30:30,0,ali-express_reviews,delivery_shipping
Eneverem,1,first order never arrived not a good first impression wont be using if product dont arrive 0 star if possible,2026-02-27 21:23:50,1,ali-express_reviews,other
zadarn Asd,4,hipik,2026-02-27 20:26:53,0,ali-express_reviews,other
Anurugwo Virginus,1,very bad i order clipper.they send me accessories.my money is gone,2026-02-27 17:36:53,1,ali-express_reviews,other
chris Fourzan,1,worse than temu delivey time is terrible rather order from tiktok because they ship in 3 day,2026-02-27 17:25:03,0,ali-express_reviews,delivery_shipping
Fry Eren,1,horrible app horrible service i followed the official dispute instruction which clearly stated “ return shipping paid by seller ” i returned the item internationally and provided proof of delivery after refunding the item price aliexpress refused to reimburse the return shipping despite what wa shown in the dispute page very disappointing experience with policy inconsistency do not recommend,2026-02-27 17:07:07,1,ali-express_reviews,delivery_shipping
Courtney Bigelow,1,i paid for my item and the next day they are telling me i owe more not very happy i 'll go back to temu they do n't double charge your account,2026-02-27 16:25:49,1,ali-express_reviews,pricing_discount
tuffguy48,1,i did n't install this app it installed it self when i installed an other app,2026-02-27 16:05:39,1,ali-express_reviews,app_usability
Michelle Grooms,5,it 's great to get 3 item for 99 cent,2026-02-27 15:53:00,0,ali-express_reviews,other
Chris Christopherson,1,they cancel order i still got charged watch price in your cart a you check item to buy price will increase with no notification,2026-02-27 14:53:55,1,ali-express_reviews,refund_return
Rao Asif,1,send fake product,2026-02-27 14:15:16,1,ali-express_reviews,product_quality
Kerri,5,my most favorite shopping app,2026-02-27 13:07:43,0,ali-express_reviews,app_usability
Daz Aylward (DarrenA),5,i wa always dubious about purchasing from here but made the jump because of the ridiculously cheap price of their building block set i have n't looked back a long a you go with 'choice seller your purchase is protected and delivery quick usually about a week i ca n't recommend them enough you can even get cashback on top,2026-02-27 10:44:04,10,ali-express_reviews,delivery_shipping
Jose Goris,1,unable to add item to cart only option is to buy now,2026-02-27 10:40:51,1,ali-express_reviews,other
Rebecca South,1,20 shipping is robbery no matter how much you buy they are deceiving then wo n't leave you alone,2026-02-27 10:27:59,1,ali-express_reviews,delivery_shipping
Iyanu Iyamu,3,the experience is great i suggest you change your delivery partner speedaf for nigeria because the experience this day concerning delivery is appalling or better still charge a fee for delivery,2026-02-27 10:16:26,0,ali-express_reviews,delivery_shipping
David iwu,3,it is a nice app the customer service is good,2026-02-27 10:05:12,0,ali-express_reviews,app_usability
Hem Bahadur,5,awesome,2026-02-27 09:53:21,0,ali-express_reviews,other
Waliyat Imran,1,if only i can rate it zero star they are all heartless people who wo n't refund me my money telling me to send evidence of my baby coughing and choking on the nipple replacement i complained about before they can refund me my money no sympathy or human feeling whatsoever i 'm so disappointed i trusted you again this is the height of wickedness,2026-02-27 09:49:42,4,ali-express_reviews,refund_return
Jon L,1,avoid refuse to let you shop due to rudiculos check goodbye you arsehxles,2026-02-27 09:24:36,1,ali-express_reviews,other
Hesham Musabeh,1,very poor customer support please use paypal to protect your payment,2026-02-27 09:16:30,2,ali-express_reviews,customer_service
Bronwynne Theodossio,1,should n't have to use an app to purchase,2026-02-27 09:15:32,1,ali-express_reviews,app_usability
Roy Ellis,5,i have had no issue with this site delivery and product are a they described very good information on were the package is,2026-02-27 06:54:07,0,ali-express_reviews,delivery_shipping
Kamorudeen Ganiyu,5,excellent,2026-02-27 06:32:16,0,ali-express_reviews,other
James Brunette,1,it 's great until you just randomly do n't receive your order and have zero recourse,2026-02-27 06:18:08,1,ali-express_reviews,other
kerry powell,1,i cant belive the shipping price on one item i wanted it wa £108.00 for shipping thsts ridiculous a it coming from the ssme place a temu they are free shipping if i could get the item off temu i would of done but they are out of stock never purchasing anything off here agen,2026-02-27 05:58:56,1,ali-express_reviews,delivery_shipping
Dan Snively,5,so far very pleased with the app and service reasonably priced product and fast tracked shipping,2026-02-27 05:28:18,0,ali-express_reviews,delivery_shipping
Xander,1,it 's pretty sus they say you get a coupon if your item doe n't arrive by the stated date but if it 's delayed they just change the date it say,2026-02-27 04:51:27,1,ali-express_reviews,other
SMILE JESUS LOVE U,1,just too many pop-up,2026-02-27 03:44:14,0,ali-express_reviews,other
Gentry Edwards jr,5,five star for giving first time user the chance of purchasing item that are ready to make use of in everyday life thanks from gentry j edward jr 87,2026-02-27 03:31:37,0,ali-express_reviews,other
Mr E,1,did n't receive my product in full only half of it i requested a refund and they are refusing saying the picture i sent do n't show the problem even though i received a box with an empty space and only half of the product shipping take twice a long a ebay amazon even temu is way way faster this app is just the same product a temu but more expensive,2026-02-27 01:28:52,3,ali-express_reviews,delivery_shipping
Wayne Beitzel,5,get me where i want to go bargain shopping,2026-02-27 00:47:02,0,ali-express_reviews,other
Achraf Mouhsine,1,السعر مرتفع جدا,2026-02-27 00:14:55,0,ali-express_reviews,other
Wanda Rigsby,1,i do n't want this app and i 've never used it i 've tried everything to stop getting email i 've even deleted the app and re-download to try and just to log out and that did n't work so i deleted the app again and i 'm still getting email i do not want this app please do n't send me anymore email,2026-02-26 23:56:57,1,ali-express_reviews,app_usability
D,1,price change to quickly and not always lower while in cart before you have time to add all you want in cart can not depend on price to stay in short amount of time and a new customer it say you get lower price but doe give you that price in cart when not ordered yet when finding lower price out of app or online the price increase by a lot in app while playing it game to save money the price increase and take way to long to save very little hard to see difference in similar item,2026-02-26 23:43:35,3,ali-express_reviews,pricing_discount
donte vail,1,barely support cashapp card,2026-02-26 23:12:29,0,ali-express_reviews,customer_service
Ad,1,poor service ordered a part and never arrived wo n't refund me a joke be careful with this platform,2026-02-26 23:06:52,0,ali-express_reviews,refund_return
Ben Martin,3,200 price hike on your account for a bad review the range of product is good the delivery is terrible i am always excited to find stuff i need on the website but disappointed when i see delayed delayed delayed a three week delivery window is long enough but when the delivery date keep getting pushed out it 's very annoying,2026-02-26 23:04:22,2,ali-express_reviews,delivery_shipping
Martin Roa,5,price are all over the place but it still my go to place to get some surprisingly quality good give it a shot also you can talk directly to the seller if you have question and they answer quickly and it not a robot 99 of the time i wa skeptical of this app but it won me over,2026-02-26 19:38:02,0,ali-express_reviews,product_quality
Charles Guzman,1,scamers,2026-02-26 19:19:25,1,ali-express_reviews,other
Joseph Kumi,4,ok i am satisfied now,2026-02-26 18:13:28,0,ali-express_reviews,other
Farah Naz,5,best for online product,2026-02-26 17:51:38,0,ali-express_reviews,other
Vako Maglakelidze,1,so cool frk ai ad it 's fake everything fake,2026-02-26 17:43:59,1,ali-express_reviews,product_quality
Peah Dorante,5,i aliexpress because it 's cheap and easy to use and the price are fantabulous because there are so many different variety to pick i recommend everyone to download so i rated this app a 5 star pee from palmerston,2026-02-26 16:29:38,0,ali-express_reviews,pricing_discount
Rilwanu Maiwada,4,excellent,2026-02-26 14:57:10,0,ali-express_reviews,other
tracy nyaoro,5,excellent,2026-02-26 14:46:00,0,ali-express_reviews,other
Smoothie “Smoothie”,1,scam website if you do n't receive the product they do n't replace it or refund it even if they say it everywhere on the website lost almost a hundred euro and support just say git gud and that is sad and bye bye edit support said again lol u mad,2026-02-26 14:45:29,2,ali-express_reviews,refund_return
Esther Ayoo,4,my first time shopping with aliexpress the experience wa good the store communication wa on point but the good took to long to arrive in kenya i did n't receive them on the expected date,2026-02-26 13:57:12,0,ali-express_reviews,other
Abenether shumet,3,nice update but the filter is not working specially free shiping option is not accurate and what is with shipping too expensive,2026-02-26 13:45:54,0,ali-express_reviews,delivery_shipping
Starme Lipox,5,first of all i would like to congratulate aliexpress on it wonderful job but nowadays shipment to ghana are very slow compared to the past year and i would like the board member to address this issue on our behalf and fix the problem we are facing i hope my humble request will be put into consideration thanks,2026-02-26 12:42:21,5,ali-express_reviews,app_usability
Bojan Petreski,1,it is impossible to exchange the diamond for shopping credit because after the daily refresh they are gone within millisecond i contacted customer service and wa told that many people try to grab the reward every day so they run out right at the start of the exchange and i wa encouraged to keep trying i have been trying for the last month with absolutely no success at this point collecting diamond feel pointless and misleading since there is realistically no chance to redeem them,2026-02-26 12:39:09,1,ali-express_reviews,customer_service
Tracy Green,1,temu ha better price,2026-02-26 12:35:42,1,ali-express_reviews,pricing_discount
Jason Armfield,3,okay for cheap thing the game will lead you down a 30 day or 100 day challenge to win point for which you can never cash and challenge with irritating task like completing 10 level of the rush game the worst and longest to play,2026-02-26 12:00:53,0,ali-express_reviews,pricing_discount
C D,1,shopping credit earnt are near impossible to use aliexpress encourages user to earn shopping credit by watching ad and playing game it can take many many hour to earn enough shopping credit to exchange for actual dollar amount but then when you try to exchange them the credit are only available once a day and are all gone in less than one second aliexpress must know that their customer have little chance of getting the dollar credit yet they dont really let the customer know,2026-02-26 10:07:40,64,ali-express_reviews,ads_promotions
Shaikh Akbar,1,this is my first time i am having issue with aliexpress customer service i am frequent shopper here i received a product with an issue uploaded the picture a proof but aliexpress did n't approved it yet keep showing message lack of evidence i have no idea what are the evidence they want i even send message to seller and seller just read the message,2026-02-26 09:50:45,2,ali-express_reviews,customer_service
Michael Anderson,5,love this app quick shipping cheep price easy to use fun game to earn point by far my favorite shopping app,2026-02-26 07:31:54,0,ali-express_reviews,delivery_shipping
Isra Al-hakim,3,not sure what is happening with the app lately but it ha been glitching a lot siging in ha become a real pain i keep signing in and it still tell me to sign in,2026-02-26 07:30:32,0,ali-express_reviews,app_usability
Sean Gribben,1,tried to scam me,2026-02-26 06:28:18,1,ali-express_reviews,scam_trust
Sven Jesper,1,one of the most annoying and confusing shop apps just buy what you want and uninstall,2026-02-26 05:58:15,1,ali-express_reviews,other
TriLife,1,totally overcrowded app too much going on order information can not be sorted it 's just one stream of data update delivery information etc often repeated you ca n't find the information that matter you can not turn off promo spam the slider just go back to allow the product are good but the app positively is useless stick to the website,2026-02-26 01:43:09,3,ali-express_reviews,delivery_shipping
Cristina Sanchez,5,best company ever great customer service lot of other company should learn what loyalty mean i ditched shein long time ago,2026-02-26 01:41:50,0,ali-express_reviews,customer_service
Sincere Sanders,3,no i 'm good with it and,2026-02-26 01:23:23,0,ali-express_reviews,other
Nick Worrell,1,customer service nightmare if you have a package with fast shipping selected it 'll never arrive on time and they will never fulfill their claim of refund 1 if late or coupon on your next order i have multiple package from separate order that were ordered month ago talking with customer service doe n't yield anything other than false understanding and fake sympathy infuriating especially when they feed me a fake tracking number that want me to sign into amazon to view tracking info,2026-02-26 01:05:18,5,ali-express_reviews,delivery_shipping
Elizabeth Grimes,1,not helpful took my money off my debit card when i did not tell them they could,2026-02-26 00:29:52,1,ali-express_reviews,other
Ayesha Siddiqui,2,why so much tax in pakistan,2026-02-26 00:22:58,0,ali-express_reviews,pricing_discount
Susannah Blood,5,this company responds quickly,2026-02-26 00:11:27,0,ali-express_reviews,other
marcia Crumpton,1,thanks i place an order with them and they did not deliver the item and did not issue any type of refund i sent screenshot that usps said there is an unpaid postage item will not be delivered and i uninstalled them they kept the item and the refund,2026-02-25 23:30:14,1,ali-express_reviews,delivery_shipping
Colin Biggs,1,not getting delivery to my address spent £150 and over what can you do about it,2026-02-25 23:05:10,1,ali-express_reviews,delivery_shipping
THE D3AD P1X3L,1,terrible app just keep loading,2026-02-25 21:41:22,1,ali-express_reviews,app_usability
Laura,1,awful experience cant purchase anything sends me in a loop of signing in again and again and again never being able to finish the order uninstall ed after a few minute,2026-02-25 21:10:32,1,ali-express_reviews,other
Mary Lanier,3,it 's like temu it 's easy to get in trouble because you keep wanting to spend money that you do n't always have,2026-02-25 20:48:08,0,ali-express_reviews,other
Jan Rebekah,1,i ordered a mosquito killing lamp and it 's not working also the rest of the product i ordered were low quality,2026-02-25 20:04:06,1,ali-express_reviews,product_quality
Brandy Jones,1,i shop with ali express often and for year i 've never had a problem until now i purchased a wig on feb 4th by feb 9th they marked it delivered i never received it i contacted the live chat and explained that i never received my purchase and they sent so called proof that it wa delivered to me when i look at the proof it picture of a different place with stair then the next pic is the address which is n't mine and i explained all this and they still have n't made this right im pissed,2026-02-25 19:38:38,1,ali-express_reviews,other
Cannon “Cannon”,1,everything seems to be rip offs of another product and this doe lead to uninformed customer buying product with incorrect description if your getting what you wanted i simply dont believe you spent hundred nothing authentic and nothing made it this far without a broken piece or similar issue,2026-02-25 18:06:48,2,ali-express_reviews,product_quality
Simon Pickering,1,frustrating sneaky advertising for example find ad at £10 by time you have picked the specific it 's £100.every time i try to send an item back i get locked out of my account the robot you try talk to are beyond useless like talking to a bunch of scammer from pakistan/india by the end of the conversation they have had your pant down taken your money moral of the story these people are scammer that hind behind bent law,2026-02-25 16:38:15,2,ali-express_reviews,ads_promotions
Beckie Tharp,5,great,2026-02-25 16:09:41,0,ali-express_reviews,other
Rise_Above,5,so much going on in the app with game and sale that the app lag alot,2026-02-25 15:19:28,0,ali-express_reviews,app_usability
Sime akter,5,tell u more optional,2026-02-25 14:38:01,0,ali-express_reviews,other
Richard Connor,1,poor,2026-02-25 14:36:02,0,ali-express_reviews,other
XQFXUOGL FDSMKLIP,1,,2026-02-25 13:51:41,0,ali-express_reviews,other
Simon Wright,1,terrible customer service if you need to return item they wo n't provide a clear return address for large item ca n't use a po box with courier too large to send through postal service keep getting given the same useless instruction and going in circle very frustrating i have tried 6 time to get an address but keep getting the same answer follow the instruction no-one read the request just terrible,2026-02-25 13:18:52,2,ali-express_reviews,delivery_shipping
Muhammad Eissa,1,for eu resident open a complaint in the ecc to get aliexpress legal info ask any ai my case wa so frustrating the package wa lost but they ask me to call the carrier who refused to share with me the loss report bacause i am not the sender i did request the refund 5 time and they rejected the 5 time i am still in the same loop and do n't know how to get me money back,2026-02-25 12:54:53,1,ali-express_reviews,delivery_shipping
Siraj Ahmed,1,seller delivers defective item,2026-02-25 12:49:10,1,ali-express_reviews,other
Kyra Robins,1,the amount of pop ups and ca n't buy unless it 's this or that i just want to put stuff in my basket deal or not on the product but deal this and that when i click on something then take me to pay just ad bad a temu,2026-02-25 12:42:06,1,ali-express_reviews,pricing_discount
Joshua Billman,1,trash dont waist your time claim 3 item for 99 cent but when you click pay it charged me 14 dollar what a joke click bait 100000000 ill never suggest this app to anyone,2026-02-25 11:26:10,1,ali-express_reviews,app_usability
Kelly McCloy,2,there 's too many bug in the app atm when i scroll thru the feed and click on an item not only is it super slow but it show a completely different item this then throw off the algorithm and then the feed continues to shoe item which are n't of interest so i have n't even been able to place my first order and get the benefit of the welcome deal because i give up looking out of frustration,2026-02-25 08:34:32,4,ali-express_reviews,pricing_discount
George Shimo,5,good,2026-02-25 08:24:42,0,ali-express_reviews,other
Igwenagu Ifeoma,5,the app is good and doe n't have any hidden charge,2026-02-25 07:50:46,0,ali-express_reviews,pricing_discount
Redge Jelliman,1,buying from aliexpress wa easy receiving my parcel a nightmare,2026-02-25 05:50:14,1,ali-express_reviews,other
David Lim,1,worst experience to make an official report regarding a seller that make a fake listing url section is not correct hence clearly is the right one first and last for this app what a disappointment,2026-02-25 05:47:23,1,ali-express_reviews,product_quality
John Murray,1,avoid beware of any android device you buy a there 's load of fake device on sale and to return the good they 'll only provide you with a photo return label that you 'll have to print yourself a the mail company wo n't print it,2026-02-25 05:46:15,1,ali-express_reviews,refund_return
Mohammed sameh elawady,1,شركة حراميه قمت بطلب منتج وظهر ان به خلل لا يعمل وعندما طالبت بأرجاعه قالو انهم لا يستطيعون الارجاع ويجب ان اذهب لشركه مختصه بالشحن وارسل لهم الطرد مغلف ثم يتم فحصه الى اخره مع العلم طلب الارجاع تم في نفس يوم الاستلام,2026-02-25 04:57:02,1,ali-express_reviews,other
Nia Pia,1,scam,2026-02-25 04:54:57,1,ali-express_reviews,scam_trust
M Wahid,1,bad app,2026-02-25 04:44:56,1,ali-express_reviews,app_usability
AHMED SALEH,1,scammer,2026-02-25 04:23:16,1,ali-express_reviews,other
J C,1,turn off the damned annoying music,2026-02-25 04:02:48,1,ali-express_reviews,other
Logan King,5,"i love the app everything work ton of very unbelievably cheap thing that have amazing quality 1,000 better than temu i never knew this app existed and now i ca n't live without it",2026-02-25 03:10:54,1,ali-express_reviews,product_quality
Cyrus taba,1,i entered the number and then it asked for gmail every time i entered it it asked again i tried with two different one but it wa still the same,2026-02-25 03:07:07,1,ali-express_reviews,other
Sharon Rees,5,excellent service,2026-02-25 02:34:17,0,ali-express_reviews,customer_service
Dale DuBowik,1,it is a hack after personal info see,2026-02-25 02:20:24,1,ali-express_reviews,other
denngsi,1,horrible experience wa sold defected phone that stopped charging on 2nd day online support always giving me false hope and than robotic email answer decline i gave them video and document a proof it could not charge and bill from verified phone repair shop saying the phone ha been taken apart before by someone else than the company that make them so it not even new and all i get is phone ha value and proof not good enough never hated a shop like this before so much,2026-02-25 02:05:57,2,ali-express_reviews,pricing_discount
Bonnie Burton,2,they used to be good but now no matter if how much money you got on your card they only want to accept paypal and they got to they 're unreasonable i used to like them it wa easy to pay at checkout i have more than enough money to buy anything they have until they improve the app i 'm uninstalling this app too many problem,2026-02-25 01:50:12,0,ali-express_reviews,app_usability
Colleen Williams,5,excellent,2026-02-25 00:49:27,0,ali-express_reviews,other
Mr Sin,2,very bad experience do n't buy any electric stuff from them a i wa mostly disappointed and when i started returning item they said first return is free not others i wa going to give one star but some non electric item are some good a they are cheap,2026-02-25 00:03:01,0,ali-express_reviews,refund_return
Angelia Pleasent,5,i 'm happy with everything,2026-02-25 00:00:27,0,ali-express_reviews,other
ghvzt,2,do n't know do n't use just do n't use it,2026-02-24 23:13:09,0,ali-express_reviews,other
Diane Bausch,1,took nearly 1 month to get to my country then get an email to say delivery unsuccessful starting to think i 've been scamed i have no idea who the courier is so i can track my parcel not happy,2026-02-24 22:32:29,1,ali-express_reviews,delivery_shipping
Mustafa,1,not straight to the point,2026-02-24 22:14:00,1,ali-express_reviews,other
Nikodemus Niinkoti,5,i m very happy for this app because l received my order on time,2026-02-24 21:48:57,0,ali-express_reviews,app_usability
Haroon tariq,4,the app is amazing but this should have a separate menu for affiliate also when i refer a buyer to a product the seller response to the customer is not promising i usually send customer for container house but througout my journey no response wa satisfied for the customer hopefully ali should solve this matter,2026-02-24 21:16:15,0,ali-express_reviews,app_usability
Osagie Osas,5,tough but still work at last,2026-02-24 21:09:04,0,ali-express_reviews,other
Del,5,i had to give 5 star however if i could i would give you 5 star because apparently you let just anybody sell on aliexpress my wife ordered 6 item they were all in the same package it never got to her she tracked it four or five time a day that wa six month ago the delivery man said sheila refused to sign why why would she not want her package 5 of the six were refunded the 6th refused the refund and insists she received it although the delivery say she did not screen your stor,2026-02-24 19:21:14,1,ali-express_reviews,delivery_shipping
Fahad Al Maliki,2,they have some problem if you return item they not return back will not buy something expensive it 's piece of advice your money they will fly awy,2026-02-24 19:12:46,1,ali-express_reviews,refund_return
Artak Khashkhashyan,1,too much wrong or damaged item absolutely not recommended,2026-02-24 19:08:10,3,ali-express_reviews,product_quality
Hafiz #21,5,easy to buy,2026-02-24 18:05:58,0,ali-express_reviews,other
Zaid Bhatti,1,horrible app horrible people passionately hate the ceo probably assaulting someone with his money they did not accept any return request do not recommend if wanting to purchase item in bulk or lot,2026-02-24 17:59:08,2,ali-express_reviews,refund_return
David,3,edit ai customer support service poor ai previous4/5 probably best place for online shopping but should be more reliable scammer exists but most of my purchase are ok aliexpress doe n't deserve the blame for the scammer that use it but they can make a few change to drastically nerf scammer,2026-02-24 16:14:15,1,ali-express_reviews,customer_service
stephen amos,5,good range of product,2026-02-24 15:49:30,0,ali-express_reviews,other
William Khoemarga,1,this apps is probably scam,2026-02-24 14:45:54,1,ali-express_reviews,scam_trust
Sir Meowington,1,probably will never buy from them again unless they stop using speedx if there is a way make sure your shipping is n't coming from them and going through a postal/a more proper delivery service like fedex or ups,2026-02-24 14:45:03,2,ali-express_reviews,delivery_shipping
Ronishia Towns,5,y'all my package just delivered from this app and it 's not a scam because y'all have to have the actual money me it costed me 3.06 for these item because my 2 free plus a discount all 3 item came to my house today i think i should do it again one day actually,2026-02-24 14:44:46,0,ali-express_reviews,delivery_shipping
Steve C,2,although the app is bloated with collecting point etc there 's plenty of choice delivery is relatively quick with plenty of notification update the big problem is when you either do n't receive your item it 's the incorrect item ordered or it is simply faulty then your problem begin even after sending plenty of photo a comprehensive description and video aliexpress usually side with the seller and your problem is n't resolved ordering from aliexpress is a last resort for me,2026-02-24 14:03:47,10,ali-express_reviews,delivery_shipping
Richard Menhinick,3,app doe not perform well on tablet text is too big and display area is very restricted in portrait mode making it difficult to find and select product quickly even on most current large screen phone this make your app look clumsy amateurish and difficult to use,2026-02-24 13:20:54,1,ali-express_reviews,app_usability
Nay Nay,5,love it,2026-02-24 13:19:37,0,ali-express_reviews,other
Robert Juda,1,got robbed of my money beware buyer,2026-02-24 12:03:26,2,ali-express_reviews,other
MONDI BUNGAJA,1,this app allows the costums to collect every package in the same place and place extra charge on the product we buy even if we pay for the shipping they also give it to subcontractor that make u pay extra payment for delivery if you are from albania do n't use this app,2026-02-24 12:00:33,2,ali-express_reviews,delivery_shipping
Simon Hall,1,terrible customer service wrong size item delivered messaged choice support with photo showing the wrong sized item customer service did n't understand the difference between the size ordered and the size sent rejected the return even through item sent back update to reply i tried customer service 3 time each time they rejected the return a they couldnt under metric size i ordered a 13mm size i received a 14mm size a photo showed 14mm they rejected it every time i now use temu,2026-02-24 11:57:27,3,ali-express_reviews,refund_return
David Sykes,1,horrible logistics no package and no refund,2026-02-24 11:22:47,2,ali-express_reviews,delivery_shipping
Rainer S.,1,only use aliexpress for cheap item be prepared to write it off in my case 10 order all addressed correctly arrived 2 got stuck for week 7 got just dumped nearby no 11 arrived at our airport on jan 31 but wa n't handed to custom for 17 day custom cleared it in 11 hr 7 day later without even bother to arrange a last mile local courier recipient uncontactable now aliexpress want me to contact the courier in china on the chinese only website and no end-consumer support,2026-02-24 11:22:26,2,ali-express_reviews,delivery_shipping
Alex M,2,great variety and good price but there 's a lot of time wasting in the app with excessive notification stupid game,2026-02-24 09:45:19,1,ali-express_reviews,pricing_discount
Piter,1,sent by a broken airplane control panel.they wo n't send a new one they wo n't refund the money many store on aliexpress sell defective good it is problematic to get your money back appeal result aliexpress costomer servise regarding this request we have carefully re.visited all the proof provided including the newly updated proof and found that the proof is not effective enough to prove your claim and now this request ha exceeded the aliexpress protection period,2026-02-24 09:23:51,3,ali-express_reviews,refund_return
Megan Ramdin,2,hi i wish i can say something positive but i am feeling disappointed because i placed and order paid for it and i am still waiting for the delivery i sent email to no avail it seems like this is the place where i might get a response to who i should contact i tried tracking my order i placed this order via google i suppose tht is a 3rd party but i also downloaded the app ca n't for some reason track my order there it just doe not show up any help for me please from rsa megan,2026-02-24 09:17:55,1,ali-express_reviews,delivery_shipping
becky wise,5,highly recommend no trick advertisement work perfectly no hidden fee or purchase best app,2026-02-24 09:14:29,0,ali-express_reviews,pricing_discount
Maysoon Abdelhamid,5,رائع,2026-02-24 07:50:29,0,ali-express_reviews,other
Tommy Yang,1,everyone just a head up dont shop from these scammer and this app and they will not give u your refund only put it in ur account a credit china seller are scammer it better u all go for amazon or ebay,2026-02-24 07:20:16,2,ali-express_reviews,refund_return
Jayden Hendy,5,it 's great,2026-02-24 06:35:17,0,ali-express_reviews,other
ザカリーエイケン（Aiken）,4,update my experience with aliexpress ha improved a bit it ’ s very useful for part i need a someone who doe diy project and repair but it ’ s not ideal for everyday purchase since shipping can be very expensive overall it ’ s ok,2026-02-24 05:40:13,0,ali-express_reviews,delivery_shipping
Zoltan Bartha,5,very good app tracking work great,2026-02-24 04:55:03,0,ali-express_reviews,delivery_shipping
Mil .Wanmoon,5,literally so cool bro i thought it wa scam sorry but it 's actually not like thing are so affordable and you get benefit a a new member order arrive based on where it come from and sometimes it come late but that 's just reasonable honestly oh and the package arrive safely i 've already got so many thing i love you aliexpress you da goat fr,2026-02-24 04:44:42,0,ali-express_reviews,delivery_shipping
Cresta Bills,1,i 'm grateful i read all the review that 's what sell me right away it also save me a lot apparently of frustration waisted time especially the shipping that 's way to long for any store idc how cheap it is no way i 'll stick with amazon temu others that have sufficient no headache my sanity shipping return policy,2026-02-24 02:40:25,2,ali-express_reviews,delivery_shipping
Shadell Beggs,1,not giving my money back,2026-02-24 02:17:08,2,ali-express_reviews,other
Keandre Singleton,2,the ordering is really slow,2026-02-24 02:13:51,2,ali-express_reviews,app_usability
Among us,1,too many ad and stealing data without permission,2026-02-24 01:59:00,2,ali-express_reviews,ads_promotions
jason packer,4,some of the navigation requires you to backtrack to the main screen to go to your account which is annoying,2026-02-24 01:38:21,0,ali-express_reviews,other
Jt Bradshaw-Smith,1,did n't give me my package at all,2026-02-24 01:36:45,1,ali-express_reviews,delivery_shipping
the trash gremlin,5,great app there wa a problem but they fixed it quickly,2026-02-24 00:01:01,0,ali-express_reviews,app_usability
Muhammad Waseem,5,happy,2026-02-23 23:56:31,0,ali-express_reviews,other
Gauge Mullins,5,my mom said it wa a really good app in her opinion and you actually get free stuff,2026-02-23 23:32:49,0,ali-express_reviews,app_usability
رواد التاجوري,5,so cool,2026-02-23 23:09:53,0,ali-express_reviews,other
Lisander Doda,1,even if i report their email a spam they chenge the sender address it is not possible to stop their email do not signup,2026-02-23 22:36:40,1,ali-express_reviews,ads_promotions
Lester Campillo,1,terrible service they misdeliver a package and tell you to pound sand and talk to the courier i purchase with a store and am told to talk to the shipper they hire make sure you go through your credit card so that you can still get your money back or better yet do n't buy from this app developer response edit who do you think i talked to customer service told me to contact the courier and would not help me not even on appeal it kept being denied when your courier misdelivered it,2026-02-23 22:27:30,2,ali-express_reviews,delivery_shipping
Hazem Ali,1,i ordered a product from aliexpress that arrived faulty returning it became a nightmare — the delivery service repeatedly missed scheduled appointment around 5 – 6 time causing major inconvenience on top of that aliexpress customer service failed to properly address my issue and repeatedly declined my return despite the fault being on their side after all this hassle i have a faulty item and no resolution if aliexpress doe not refund this amount i will not ordering again from them,2026-02-23 22:24:36,13,ali-express_reviews,delivery_shipping
Rini Baxi,2,i ordered a product from aliexpress that arrived faulty returning it became a nightmare — the delivery service repeatedly missed scheduled appointment around 5 – 6 time causing major inconvenience on top of that aliexpress customer service failed to properly address my issue and repeatedly declined my return despite the fault being on their side after all this hassle i have a faulty item and no resolution if aliexpress doe not refund this amount i will not be using their platform,2026-02-23 22:24:04,0,ali-express_reviews,delivery_shipping
MALCOLM RICHARDS,2,showed 6 lamp bundle but only one arrived and the remote did not work,2026-02-23 22:23:59,0,ali-express_reviews,other
Zarmeena Khan,1,they are scam and fraud they should be banned,2026-02-23 22:21:50,1,ali-express_reviews,scam_trust
Lorenz Meier,1,terrible experience,2026-02-23 21:05:05,1,ali-express_reviews,other
Bernard Eardley,5,it got alot of more thing for your money,2026-02-23 21:04:26,0,ali-express_reviews,other
Joe Herig,1,custom service wa so horrible they sent a completely different doll in one order that i paid 68 for a customer service lady said she will come with clothes and blue eye they lied i got a nude doll and the eye keep falling out and hair wont stay on head their return police make you wait up to 90 day they said before you get a return and it not guaranteed they have to inspect your return even if it their fault i can not recommend this store i 'm done shopping here,2026-02-23 20:05:28,2,ali-express_reviews,refund_return
Tom H,1,item in cart all changed price the moment i added a new payment method credit card some cheaper one doubled some from 0.86 to 2.30 some for from around 10 to 15 euro it ridiculous and pretty sure ilegall in some country you really think people are gon na fall for it ang check out for 150 more money than they planned reported,2026-02-23 19:20:13,1,ali-express_reviews,pricing_discount
Gagandeep Tahim,1,worst customer service,2026-02-23 19:10:50,1,ali-express_reviews,customer_service
David Wilson,4,great,2026-02-23 15:25:05,0,ali-express_reviews,other
Melicho Mduda,5,it 's a best app ever based on honest but there is no update of product price when product price it 's low in ali express it 's still high,2026-02-23 15:04:58,0,ali-express_reviews,pricing_discount
Jack Gartland,1,sold my data within a couple hour,2026-02-23 14:52:33,1,ali-express_reviews,other
Philip Quinn,1,if you want to return something they ignore you.i have tried to contact customer support and you geta robot telling you they are working on itit is a simple case of you sent the wrong stuff so sort otout,2026-02-23 14:44:35,1,ali-express_reviews,refund_return
Terry Steele,4,i wish there wa a way to clear the message about order you 've already received from your message center because it make it very confusing,2026-02-23 13:49:57,1,ali-express_reviews,other
###,1,too bloated imo almost 1 gig storage for a shopping app is way too much also most loyalty program require playing mini game that are no fun at all and take up too much time if you enable notification be prepared for a flurry of notice which are hard to set up because there are dozen of notification category,2026-02-23 13:14:47,2,ali-express_reviews,app_usability
Robin Gillam,1,they claim that if you do n't receive your item you get a refund i contacted them to let them know i received my order except the elsa wand i ordered for my granddaughter i wa treated like i wa lying and they had to escalate my case to their specialist i think if i wa going to try and get a free item it would be more then the 2 item i did n't receive now since i wa treated a a thief i 'm done with this app update still got the same b do n't order from here rip off,2026-02-23 12:02:53,1,ali-express_reviews,refund_return
nickyp234,1,no customer service at all,2026-02-23 11:29:18,1,ali-express_reviews,customer_service
Muhammad Fawad,1,loser app,2026-02-23 11:04:54,1,ali-express_reviews,app_usability
Shane Williams,1,extremely poor experience non delivery of item virtually impossible to follow up with ali express,2026-02-23 10:12:48,1,ali-express_reviews,delivery_shipping
asif shaikh,1,stupid customer service poor service most disgusting app product are worse than ever make a favour to your self never use aliexpress rather use some other chinese app like temu or shin,2026-02-23 10:07:06,2,ali-express_reviews,app_usability
Michael C,5,i have been using aliexpress for a good while now and i 've not had any issue with them it can take a bit of time for delivery with certain product but overall it 's quick enough and very reasonable price and the amount of product is unreal anything and everything so all good with me,2026-02-23 10:03:49,2,ali-express_reviews,delivery_shipping
Terri Turner,5,can you say amazing price,2026-02-23 09:58:06,0,ali-express_reviews,pricing_discount
Lavanda Violette,1,normal platform to buy some product gaming platform is fun but not possible to redeem diamond point for a year now simply doe not allow to exchange costumer service is useless always escalates case never a result been having issue with game reward for 2 year waste of time do n't play any game you will not get any reward,2026-02-23 09:46:35,5,ali-express_reviews,customer_service
It'sNotJustice ItJustIs,1,i initially had a bad experience with these guy but needed information about a purchase that i made i ordered a few thing and wa quickly reminded why i stopped using them,2026-02-23 08:50:42,1,ali-express_reviews,other
Lency Gooden,5,app ha updated waiting to see promotion,2026-02-23 08:13:14,0,ali-express_reviews,app_usability
Amy Winter,1,this is the worst app i have ever used it doe n't deliver your package it will keep saying delivery issue and not even sure if it will give me the refund i requested because i know it will not get delivered when i know my own address do not use this app plus it take too long for package to get here and u talk to a bot if u have any issue you are better off sticking with amazon and temu and walmart or anywhere else but here true rip off this site is do not use at all,2026-02-23 07:02:06,1,ali-express_reviews,delivery_shipping
00bartek00bartek00,1,you can easily be misguided by the positive review of product in the store very disappointing experience the limited review and refund timeframe make it easy for low-quality seller to avoid responsibility product that break after a month leave buyer with no option the platform should extend protection to better support honest customer and seller,2026-02-23 04:42:28,1,ali-express_reviews,refund_return
bryan walden,5,awesome,2026-02-23 02:52:16,0,ali-express_reviews,other
Scott Fleming,1,it is now impossible to redeem game point for voucher constantly say restocking the game within the app are a complete con you will never get any cash voucher help desk is completely useless google need to take this app down it is fraud still no way to get voucher and google doe n't care google must remove this blatant fraud app from their store after 30 second all voucher are sold out every night it is impossible to get these because aliexpress is just conning people,2026-02-23 01:05:26,18,ali-express_reviews,app_usability
Dalila Hm,1,my experience went very bad since the latest update world tour go is asking the same mission in a loop ca n't even skip it,2026-02-23 00:34:40,1,ali-express_reviews,app_usability
Merritt Rahn,2,tried to order several item which took me forever it 's the most user unfriendly app i ever used when i tried to pay for whatever reason it would n't take my card when i tried to use another card it completely erased my order i tried to contact ali and it wa virtually impossible i immediately uninstalled the app,2026-02-23 00:27:27,0,ali-express_reviews,app_usability
MD Mamunur Rashid Mamun,5,all everything is good,2026-02-22 23:46:36,0,ali-express_reviews,other
Anton Litvin,1,bad user interface lot of spam notification difficult to search beyond constant ad and a setting are all scrambled,2026-02-22 23:44:06,4,ali-express_reviews,ads_promotions
Yasmin Karam,1,i 've uninstalled the app last week they 've shadow banned me for over 2 month at that point i do not use auto clickers or login from different devices/locations preventing me from playing my favourite game merge bos the whole app became painfully slow i spoke to customer service 4-5 time they give me the same spiel but nothing get sorted had enough of them,2026-02-22 23:44:02,1,ali-express_reviews,app_usability
Anouar B,1,to much marketing email sm ect report a spam,2026-02-22 22:58:16,1,ali-express_reviews,ads_promotions
Oliver Kelly,3,not bad but ha a few bug,2026-02-22 21:08:27,0,ali-express_reviews,app_usability
Omary Mbwana,5,it 's good platform for buying with good delivery,2026-02-22 20:28:01,0,ali-express_reviews,delivery_shipping
taimur abbasi,3,very nice but sometimes the image of the item do n't load,2026-02-22 17:56:32,0,ali-express_reviews,other
Giulia,3,hiii question is this app entirely about fast fashion product,2026-02-22 17:49:33,0,ali-express_reviews,app_usability
Muhammad Masood,1,fake company sell fake product,2026-02-22 17:16:30,2,ali-express_reviews,product_quality
Joey J.,3,price are low enough the app ha been a buy now without an option to put into your cart for that reason i deleted it,2026-02-22 15:48:58,0,ali-express_reviews,pricing_discount
John Sweet,1,overall poor quality app and product item received are seem to vary from being ok although often cheap chinese knock offs to not quite matching the description would n't recommend if you need decent quality but generally ok for cheap alternative if you do n't mind risk of defective product customer service useless if you get something faulty quite likely they now make it virtually impossible to claim for it,2026-02-22 15:20:08,33,ali-express_reviews,product_quality
KAYODE AJAYI,5,awesome,2026-02-22 15:01:16,0,ali-express_reviews,other
Trae Patterson,1,to much add,2026-02-22 14:52:56,0,ali-express_reviews,other
Geørge.6,1,the scam in the system impossibility of redemption many user on platform like reddit report that a soon a the shopping credit become available often at a specific time like midnight they are instantly sold out within millisecond user feel cheated of the time spent playing game to earn the diamond believing the system is designed to be impossible to win potentially using bot or a very small allocation,2026-02-22 14:50:17,5,ali-express_reviews,scam_trust
Charbel Elias,1,scam platform very bad app with very bad support i bought 2 item i received only one the one that i received come with damage they refuse to refund it and they refused to refund my money for the missing one the delivery is via australia post do n't buy from this app i contacted the help centre they do nothing there is no guarantee on your purchase via this app,2026-02-22 13:04:34,3,ali-express_reviews,delivery_shipping
Jennifer Ponce,1,they take more money out of your account after you place your order and pay i did the 3 for 99 cent and after shipping fee and tax my total came to 2.22 i got 2.22 taken out of my account that night and when i woke up and checked my account they ended up taking 14.80 out and it 's been a hassle to get the order cancelled they cancelled 2 item but still not wanting to cancel the 3rd item,2026-02-22 12:41:05,4,ali-express_reviews,delivery_shipping
Dale Brown,3,they have some good stuff but what i find annoying is the constant bombardment of add and whenever i access my cctv app the ali one open within it i find it too annoying so i 've uninstalled it,2026-02-22 12:18:26,0,ali-express_reviews,app_usability
tuan manh vu,1,it kind of scam show up shipping guarantee will get a coupon if package is late but never seen any coupon customer service is not helpful at all dont waste your time and money here,2026-02-22 08:36:15,3,ali-express_reviews,delivery_shipping
Nicole O'hehir,1,i paid so much for a few poster and sticker they cancelled my order and never gave me my money back i emailed the several time and they never got back to me,2026-02-22 08:34:29,4,ali-express_reviews,other
Tara w,1,what 's the point of offering choice bundle order of item if your courier or mail company ca n't never deliver the item at all in australia you make ppl spend more money but they do n't receive the good then courier are just wasting time delivering to the wrong address or steal them,2026-02-22 07:49:58,1,ali-express_reviews,delivery_shipping
Matthias,2,bad support experience told them they 're shipping hazardous and volatile carcinogen that are n't labeled in the shop and shipped like regular good without user notice via the regular shipping line of aliexpress in thin packaging but their english or iq is so poor that they do n't even understand that two out of two case i had to contact them same issue shipping chemical to end user like that and they are n't even aware about the necessary safety protocol,2026-02-22 07:35:28,1,ali-express_reviews,delivery_shipping
Jester Lebowski,1,very dirty unsanitary product report of bedbug and mite inside product and packaging dont buy from aliexpress the majority is counterfeit and electrical fire hazard the anime product are counterfeit and illegal to resell in usa their cellphone charger are a fire hazard and do n't follow safety law there are report the fabric item have bedbug and mite infesting the customer and their home aliexpress should be sued and shut down aliexpress allows intellectual property theft,2026-02-22 06:52:26,1,ali-express_reviews,product_quality
Joseph Farley,1,so i 'm a pretty new user to this app and i 've tried buying thing on there however recently i purchased a few item that either did n't work had the wrong description and i even had one purchase that i purchased because the first transaction did n't go through so i purchased it again and they sent me duplicate after receiving these item this company would not take them back and i am out a few hundred dollar and hour and hour of time trying to get them to confirm the return stay away,2026-02-22 06:09:00,4,ali-express_reviews,refund_return
Mango Tango,4,love this app especially if you like online aesthetic great for trinket and accessory but the bigger you go the quality scale down i buy press on nail shoe hair clip etc you do get what you pay for but if you do your due diligence you can get some good stuff thing i 've bought year ago i still use to this day with no issue if you buy thing that are hard to break regardless of quality e.g desk mat enamel pin you trade price for speed tho delivery to u is 2-4 week,2026-02-22 05:26:03,4,ali-express_reviews,delivery_shipping
A'Jewell Davis,1,for the love of god please remove that stupid buy now feature if i ca n't even have the option to place it into a cart it 's useless and genuinely ruining the entire app,2026-02-22 04:23:02,1,ali-express_reviews,app_usability
Mikolop Harmeszka,1,overall they just try to get a much of your time a possoble fale advertstiment gamification and so on then you will eventually get shadowbanned without further explanation and without real support,2026-02-22 04:16:20,1,ali-express_reviews,customer_service
CHICO SMITH,5,satisfaction guarantee,2026-02-22 03:01:00,0,ali-express_reviews,other
Nadir Mian,2,tone down the notification even with all but the 'order update notification off the notification are still continuous and unnecessary and update when it is 'on it 's way and 'delivered is really all that is needed,2026-02-22 02:35:17,1,ali-express_reviews,app_usability
S,1,if you buy expensive item cancel after one month no penalty for fraud seller only listing expensive item to hold your money to get interest for long time only good for low price item offer too good but get cancelled after one month if item stolen by their delivery take 2 month to refund,2026-02-22 02:26:10,6,ali-express_reviews,delivery_shipping
Bill Graham,1,totally suck ordered an item and 3 week later it still ha n't been shipped get daily message to pay yet payment wa made the day of the order now let 's see if i get a refund or have to contact the bank for theft,2026-02-22 01:22:11,2,ali-express_reviews,refund_return
Dwayne Miller,1,ordered stuff took my money and never received the item,2026-02-22 00:49:58,2,ali-express_reviews,other
Timothe Lampkin,1,this app is not the right app the delivery wa taking forever do not recommend,2026-02-21 23:29:57,2,ali-express_reviews,delivery_shipping
Thomas Carney,2,never buy clothes or pokemon card they are fake,2026-02-21 22:21:44,0,ali-express_reviews,product_quality
Ron Meikle,1,app wo n't show any category to the right of automotive just show the same stuff not handy if you 're looking for tool,2026-02-21 21:14:41,1,ali-express_reviews,app_usability
S “S N” Nadaraja,2,the site is user unfriendly there is no logo to go back to my order instead of shipped and to be shipped are the logo which doe n't help much tracking is a joke email doe n't have any current tracking number once reached local airport so expected delivery is unknown this site need more work to do to make it usable,2026-02-21 21:12:57,1,ali-express_reviews,delivery_shipping
Peter Street,1,you have lost many a sale by not allowing me to add thing to a cart and forcing me to buy now instead i just do n't buy anything at all really dumb of you id honestly pay more for the item just to able to put in in my damn cart,2026-02-21 21:08:13,1,ali-express_reviews,other
Jackson,5,excellent experience,2026-02-21 21:06:10,0,ali-express_reviews,other
Afzaal Mian,5,i had issue with aliexpress seller but resolved by aliexpress help centre thank you for refund,2026-02-21 20:07:23,0,ali-express_reviews,refund_return
Rigz143 Boykin,1,i thought it wa great till i bought a labubu n now they suddenly cant find my address ugh all the other package made it fine why this one total ripp off it say contact carrier and it all in chinese so cant contact them total ripped off please help,2026-02-21 20:03:41,1,ali-express_reviews,delivery_shipping
Dark AlchemyXEX,1,lost 98.00 from a stolen package aliexpress said i got it and there 's nothing further they can do i am done with aliexpress update i did reply to aliexpress they refused to refund me directed me to the courier whom stated it wa delivered to me went back and forth with no resolution,2026-02-21 19:59:01,4,ali-express_reviews,delivery_shipping
Rohit D,1,easy to use and find item never crashed straight forward with order update but customer service another ballgame when i ran into problem with an order after sharing clear photo of a wrong item sent supplier original packaging and explicitly showing the issue with a measuring tape they asked to provide date stamped video of me unpacking the item ridiculous save yourselves a headache and buy from a reputable source customer service here is non existent,2026-02-21 19:34:24,3,ali-express_reviews,app_usability
George Corris,4,i like the way thing work with out the app,2026-02-21 19:09:41,0,ali-express_reviews,app_usability
Stephen Allen,5,product arrived within timescale a described and in good condition,2026-02-21 19:07:13,0,ali-express_reviews,other
Celine Murray,1,avoid good for selling fake good especially android device with the software nowhere near what it 's supposed to have then returning something they give you a photo return label that you 'll have to print yourself a the mail company may not do,2026-02-21 18:16:37,1,ali-express_reviews,refund_return
Adams Mallory,1,i never down loaded this app i got hacked,2026-02-21 16:21:38,2,ali-express_reviews,app_usability
Femi Femlad,3,good app cheap and affordable but i suggested u should be reduce the shipping fee i would buy good of 300 and the shipping fee is 2000 pls do something about it,2026-02-21 16:07:09,0,ali-express_reviews,delivery_shipping
Riva Levitt,1,good value find but look carefully the delivery charge could be 3 time the cost of the item the homepage is not user friendly they have the choice on random object with low minimum compared to similar site recently if item doe n't arrive or is damaged a photo is not enough you have to supply sometimes impossible proof like impossible post office document it wo n't take responsibility for your bad packaging no list of item on package no late compensation just lost 1 more,2026-02-21 16:03:27,10,ali-express_reviews,delivery_shipping
Alan Morris,5,aliexpress is an excellent easy to use clear to understand app that work well for my need when shopping on this platform.app developer have done a good job thank you am,2026-02-21 15:55:28,0,ali-express_reviews,app_usability
S A,1,worst customer service ever i have deleted my account after 10 year day after day they get worse than yesterday you tell them that your package is not arrived you have cctv and still they say more prove more prove at the end you did n't received your package lost your hard working money and dealing with customer service which is not taking a sec to read understand your do n't waste your money go to temu amazon allegro etc just read their replay and it showed all,2026-02-21 14:40:19,2,ali-express_reviews,delivery_shipping
Nikola Jovanović,3,traže mi da platim još iako je sve plaćeno i cena svega je bila ispod 5000 dinara što je manje od 50 evra,2026-02-21 14:12:56,3,ali-express_reviews,other
NIRO SAN,5,perfect shopping app,2026-02-21 14:08:44,0,ali-express_reviews,app_usability
Travis Bone,5,usually pretty good always ordering something off of this app,2026-02-21 13:30:20,0,ali-express_reviews,app_usability
Shah Alom,4,good,2026-02-21 13:00:59,0,ali-express_reviews,other
Sam Austin,1,so many scammer i got a bad product but aliexpress would n't send a courier to pick up the return they expected me to post it back to china wait for an approved refund i contacted customer service 6 time each time they refused to send a courier 사기꾼 같은 판매자가 너무 많습니다 불량 제품을 받았는데도 aliexpress는 반품 택배를 보내주지 않았습니다 제가 직접 중국으로 반송하고 환불 승인을 기다리라고 했습니다 고객센터에 총 6번이나 문의했지만 매번 반품 택배를 보내는 것은 거부했습니다,2026-02-21 12:48:06,4,ali-express_reviews,delivery_shipping
Tokuijin,1,i still have n't received my refund and the customer service is abysmal,2026-02-21 12:36:59,3,ali-express_reviews,refund_return
Penelope,5,i love aliexpress i have ordered many many time and have always received my order although some item take a while to arrive make sure you read product specification about item to ensure you are getting what you think you are ordering,2026-02-21 11:29:34,1,ali-express_reviews,other
Rayna Stoyanova,1,is just the next fake app the price are expensive the description is aways incorrect the searching algoritem present pear when you search tommatos but the worst thing that they claim buyer protection if your item delay whicj is not true anx if you want to contact the support to ask about it simple the is no option to reach the support or if there is is heeden somewhere deeply just avoid it aliexpress is not what wa year ago,2026-02-21 11:22:06,4,ali-express_reviews,product_quality
Norbert Gal,1,my parcel got lost by evri had an email confirming this and still aliexpress said not enough proof to get a refund money gone i 'm wasting my time chasing up on refund they should talk to each other,2026-02-21 11:04:29,2,ali-express_reviews,refund_return
Han Sytsma,3,the app is getting worse by the day all kind of unwanted popups fast checking is n't possible anymore because of all thes unwanted rubish,2026-02-21 11:02:32,3,ali-express_reviews,app_usability
Peter,5,great app great price great service always check around for the very best price any platform like this watch out if seller say offer deal outside platform say no only order via platform protect yourself,2026-02-21 10:54:22,0,ali-express_reviews,pricing_discount
Wasimgondal9 Gondal,5,aliexpress is a very good app i purchase many time from this app very fast delivery and if you cancel your parcel they will refund you back soon only the problem on this app the people show you in the picture other thing but when you try to purchase devil and you different before you purchase you have to make sure this is the same item are different,2026-02-21 10:11:45,0,ali-express_reviews,delivery_shipping
Pseudonymous,1,customer support is garbage time wasting human who give robotic response and do n't directly address issue no respect for customer time or effort 'senior rep do n't address problem they just copy and paste a script edit in response to aliexpress reply where do you think i came from to have this experience i complain about terrible customer service and robotic reply that do n't address the actual concern and your response is to refer me to the same customer service,2026-02-21 09:57:59,3,ali-express_reviews,customer_service
A Google user,1,be careful when you buy anything fragile from aliexpress if possible open the item in the presence of the courier agent to confirm it 's intact aliexpress will blame you for the broken item,2026-02-21 09:04:46,4,ali-express_reviews,delivery_shipping
Cyphon,5,wow this app is a 10 out of 10 each and every order i make is safely delivered to me,2026-02-21 08:11:58,1,ali-express_reviews,app_usability
Mark Pettengill,5,a you can tell i love window shopping here,2026-02-21 07:20:06,0,ali-express_reviews,other
*Chrissy* R,5,love this shop,2026-02-21 06:12:18,0,ali-express_reviews,other
Dinesh Mirpuri (D'Gaia),1,horrible experience to verify when they say they have sent email nothing come to the email at all,2026-02-21 05:12:53,2,ali-express_reviews,ads_promotions
G H,1,scammer are abundant they will mail you an empty package or a piece of trash in the package it 's impossible dealing with aliexpress to get a refund so you 're left to try and work it out with your bank,2026-02-21 05:09:11,1,ali-express_reviews,delivery_shipping
Ankit Kapuria,1,worst customer service ever,2026-02-21 04:40:44,2,ali-express_reviews,customer_service
Brittany Behnk,2,there price are way to high and there deal are still hight,2026-02-21 04:25:41,1,ali-express_reviews,pricing_discount
microRiZu,1,item cost to pakistan 10 tax 15 what a joke all item are affordable at first glance then at checkout you pay at least 90 to 150 of item 's actual value it 's not even funny it wa n't like this back in early 2025 i ordered many thing fix your shipping i 'm ordering item from chinese seller and have to pay 0.50 at most upon receiving parcel to my door aliexpress ha become a big joke maybe use yunexpress,2026-02-21 02:21:18,3,ali-express_reviews,delivery_shipping
Jo Mutt,1,did n't recieve an item got a empty bag with a slit in it and a shipping label no refund yet,2026-02-21 00:52:03,1,ali-express_reviews,delivery_shipping
Goodnews Okesola,5,enjoy ordering something from this app very trusted,2026-02-21 00:32:33,0,ali-express_reviews,app_usability
tsukwii,5,love this app i 've been using it for about two year now and everything i 've ordered ha mostly arrived without any problem the interface of each section is great and the purchase/refund method is just a good i recommend buying here ⁠ ⁠ꈍ⁠ᴗ⁠ꈍ⁠,2026-02-21 00:21:31,0,ali-express_reviews,refund_return
Imiennik Nazwijski,1,gdzie night mode,2026-02-20 23:46:47,0,ali-express_reviews,other
Md Mehedi12,1,ভালো না,2026-02-20 22:15:56,0,ali-express_reviews,other
Daniel,1,this app suck i give specific information and am both ignored and led on a goose chase no more wasting time here see ya,2026-02-20 22:03:19,0,ali-express_reviews,app_usability
Tori,1,so i ordered three item in november right it said it would be delivered in december side note never received anything it is now february about to be march never order from here shein or temo is wayyyyy better pls do n't waste your money,2026-02-20 21:45:15,1,ali-express_reviews,other
Jennifer McBride,1,won one of the game wa told not receiving prize not available in my region what,2026-02-20 20:51:49,0,ali-express_reviews,other
Who Who,1,i have ordered from them twice the first time it came in late and damaged the second time i have yet to receive my package no way to get customer service if you order plan on waiting for a few week and then have to cancel your order also the website is almost impossible to read the print i 've tried everything to increase it on my phone,2026-02-20 19:14:24,0,ali-express_reviews,delivery_shipping
Taran Deol,1,worst customer service,2026-02-20 18:58:00,0,ali-express_reviews,customer_service
Danice Dolar,1,my birthday is in ten day and i still need my package to arrive before it but on the app it say that it ha been delivered when it clearly ha n't been also when i tried contacting the courier they did not answer and i 've been trying for the past two day,2026-02-20 18:26:30,0,ali-express_reviews,delivery_shipping
Marlene Stemple,3,it 's ok but ca n't play game on my tablet cause the game is large or just doe n't fit,2026-02-20 17:21:14,0,ali-express_reviews,other
osama daou,1,useless in lebanon supper high shipping rate,2026-02-20 15:17:00,0,ali-express_reviews,delivery_shipping
Night Yuu,1,everything is suddenly unavailable you search for something and ti suddenly gone,2026-02-20 14:46:06,0,ali-express_reviews,other
Ruan Rhind,1,"aliexpress promotes buyer protection but my 1,830 item wa lost after the seller authorised the courier to dump it unattended outside my unit in a publicly accessible complex i wa never told authority to leave wa enabled tracking showed delivery for 12/01/2026 this happened 7/1/2026 when i wa n't home without requiring signature when i returned the package wa gone despite clear proof ae refuse a refund and try to make me pay for the seller ’ s mistake my response in new review",2026-02-20 12:49:52,3,ali-express_reviews,delivery_shipping
Eugen Pries,3,overall pretty good but notification for message from seller keep pinging even tho message from them are blocked deleting that message seemingly worked but opening the app after awhile cause notification to trigger again and guess what message reappears also when searching for an item you select it then you select a store that sell it then when looking around that store going back return you 2 step back to search result instead back to store main page very inconvenient,2026-02-20 12:06:41,1,ali-express_reviews,refund_return
John Westray,1,although they have great price and a great choice you use them at your own risk i have had a number of parcel delivered not containing what i ordered on one occasion i received a wooden fork instead of the inverter i ordered the seller doe this so that a proof of postage is available customer service is hell to deal with avoid there are better trader available,2026-02-20 11:56:12,2,ali-express_reviews,pricing_discount
A Google user,1,be very carefull you are ordering what you want item and price are not a they seem my purchase wa incorrect but could n't locate sale invoice to claim refund/return seller and aliexpress were both asked for help but both had unrealistic demand and offered no assistance a hit and miss company which should be avoided lacking professionism,2026-02-20 11:55:26,4,ali-express_reviews,refund_return
Ofer Shemesh,1,very poor customer service the business ignore the customer if a product doe n't get to to customer the business ignore him and doe n't refund beware i 'm editing to let you all know that aliexpressed reached out to me and still did n't take responsibility for anything good job folk,2026-02-20 10:29:36,1,ali-express_reviews,refund_return
Michael York,1,you never know what will happen when you click on something,2026-02-20 10:04:09,0,ali-express_reviews,other
Timothee Cox,1,i want my refund back it 's been since december,2026-02-20 09:48:10,0,ali-express_reviews,refund_return
Woofles Nookington,1,if i ever get my refund i 'll bump the review up to 5 star,2026-02-20 09:35:04,0,ali-express_reviews,refund_return
Vaeh,5,so much katy perry thing,2026-02-20 08:44:15,0,ali-express_reviews,other
Glenda R,4,a little better than temu i wish i 'd spent all that money here,2026-02-20 07:05:19,0,ali-express_reviews,other
Dean K,1,so sorry i told yall ggod thing about shopping here past tent so far i 'm starting to like aliexpress better than shopping at amz the shipping time is a little longer but i expect what i get when i order from here for some reason so far they have n't did me wrong now oops wa i wrong it 's a big scam community they ship out stuff it doe n't get delivered they promised they help you and they do n't they do n't stand behind their customer at all on time when you really need it my guess,2026-02-20 06:37:29,1,ali-express_reviews,delivery_shipping
Ion Popescu,2,chaotic,2026-02-20 06:25:10,0,ali-express_reviews,other
Fozan Z,1,waste of time money and effort the new built-in delivery address locator for saudi arabia is misleading when i choose my address it provides the wrong national address on the other hand the local cheap courier who contracted with aliexpress they only read the national address and say it is in a remote area they do n't bother to read the detailed written address that 's why i do n't get my purchased item delivered to me i can not even contact the courier because their name were left blank,2026-02-20 06:09:37,3,ali-express_reviews,delivery_shipping
Ryan Barron,5,great made many good purchase for myself and my vulcan 650,2026-02-20 05:01:26,0,ali-express_reviews,other
E.S. Roarke,1,this ha to b run by temu decided to download the app and every so called new account offer said i wasnt eligible i didnt live in an area that wa eligible or the item i clicked on from an ad wa n't available to me to check back later the free gift for 1st time user wa also a click-bait scam the page come up but im not eligible yo scroll through it so why the hell dont they just stop all the b instead of basically scamming people,2026-02-20 04:35:24,61,ali-express_reviews,app_usability
Mehrzad,5,great price,2026-02-20 04:17:09,0,ali-express_reviews,pricing_discount
neutral,4,great app neve had problem buying from this it 's just another e-commerce that give you access to a lot of seller best tip is o buy from trusted/well rated store recommed,2026-02-20 02:08:19,0,ali-express_reviews,app_usability
David Mosson,1,absolutely shocking customer service purchased a branded item that broke after 7 day of use a it wa outwith 15days return period i wa effectively told go away tough luck nothing we can do absolutely despicable service would recommend that you stay away from this app,2026-02-20 00:35:25,2,ali-express_reviews,refund_return
Keirsten Griswold,5,other than the fact i 'm unable to play gogo match and customer service ca n't seem to help nor fix it the app work great i hope this glitch will be figured out and corrected a soon a possible,2026-02-20 00:06:51,0,ali-express_reviews,app_usability
Emiliano Miguel Esteban,1,la pruebas de 1¢ no funciona por ma que te aplicas para ma de 100 productos jamas te eligen no dispone de darkmode en toda la secciones cansa la vista,2026-02-19 22:11:00,0,ali-express_reviews,other
Vibexz,1,they banned my account for no reason and when i try to sign in it show the reason and it literally say idk and sometimes it 'll just say something random honestly i would give it negative star if i could update they contacted me and told me to go to customer support however i ca n't because my account is frozen and wo n't allow me to do anything on the account if there anyway you can help me with this please email me,2026-02-19 21:56:07,7,ali-express_reviews,app_usability
Elton Mamo,1,do not trust this app they send out terrible and low quality item and when requesting a refund no one from aliexpress speaks fluent english so they refuse to provide you with a refund a they can not understand,2026-02-19 19:45:15,1,ali-express_reviews,refund_return
Monica Mensah,5,having problem with switching my account,2026-02-19 19:23:45,0,ali-express_reviews,other
Leonardo “Lionheart” K.,4,good exprience with most seller but i ca n't see their feedback,2026-02-19 19:22:22,0,ali-express_reviews,other
Ka'Nia Glass,1,i will no longer shop with aliexpress due to loss of money and item i had multiple order that were attempted delivery once beginning of january and never again i ordered them in december it about to be march and no item update i again tried to talk to customer service and now they said my order were n't paid for when they were and ended my chat in the middle of it horrible customer service ive never had an issue before but like i said i will never shop here again,2026-02-19 19:02:19,16,ali-express_reviews,delivery_shipping
Nazik Osman,5,friendly user app easy to deal with,2026-02-19 18:20:05,0,ali-express_reviews,pricing_discount
Willie Hooper,1,this is one of the worst delivery apps i have ever seen in my life they do n't have a working number to contact customer service period and it 's been 3qeeks since i placed my order but yet still nothing guy please do not order nothing from these people they will take your money and everything about them are a complete scam head up,2026-02-19 17:05:24,0,ali-express_reviews,delivery_shipping
Godknows “Nna” Chinda,5,great job,2026-02-19 16:50:05,0,ali-express_reviews,other
Bianca Stanca,5,i love you guyss so muchhh y'all got demon slayer sticker i 've been searching for them for such a long time,2026-02-19 16:07:38,0,ali-express_reviews,other
Ben Love,5,my experience with aliexpress is not bad and they are my best website to order thing,2026-02-19 15:21:20,0,ali-express_reviews,other
Teri O.,4,it is okay,2026-02-19 15:15:38,0,ali-express_reviews,other
Kashvir Deepchand,5,used ali express for a good amount of purchase and feel good in writing this review no issue with their service on the singular occasion where a package wa not shipped on the date stipulated ali express immediately canceled the order and gave me a full refund would recommend,2026-02-19 13:25:31,1,ali-express_reviews,delivery_shipping
Vincent,1,way too confusing to navigate cart and price changing from listed item,2026-02-19 13:02:33,0,ali-express_reviews,pricing_discount
sani nuhu (Binnuh),5,best seller,2026-02-19 12:10:10,0,ali-express_reviews,other
Surv. Anthony Kwesi Takyi Turkson,1,i placed an order and made payment but the order still show that the order is awaiting payment and customer service doe n't seems to have a way to help,2026-02-19 11:53:13,0,ali-express_reviews,customer_service
NOVA 2021RDX,1,very bad experience haaaa i we 're sorry but due to high demand shipment are taking longer than usual we are doing everything we can to ship the order a quicklvy a possible.thank you for your patience,2026-02-19 11:13:26,1,ali-express_reviews,delivery_shipping
Andre Smith,5,work really well and doe what it 's meant to the notification can become a bit much but everything can be changed in the setting only downside is i 'm finding too many thing to by lol,2026-02-19 10:45:40,0,ali-express_reviews,ads_promotions
Orrian Moulton,5,aliexpress with dollar express the best,2026-02-19 08:33:08,1,ali-express_reviews,other
Burner,1,stop using speedx for delivery,2026-02-19 08:16:39,0,ali-express_reviews,delivery_shipping
Ian Edwards Sr,1,wa gon na give it 5 star had been using cashapp afterpay for a long time but now it tell me that i ca n't because im not in the u well im in the u and your app is broken i 'll update this after they fix the app,2026-02-19 07:29:25,0,ali-express_reviews,product_quality
Johannes Gudnason,5,awsome,2026-02-19 05:24:18,0,ali-express_reviews,other
Noah Friedman,1,i ca n't get this damned thing to upload any photo from my phone permission are fine but they never upload i can not finish dispute resolution without being able to upload evidence,2026-02-19 04:48:48,0,ali-express_reviews,other
Antonio,4,great variety and awesome price,2026-02-19 04:12:17,0,ali-express_reviews,pricing_discount
Conor Morgan,1,used to be great but aliexpress ha switched to a last mile delivery agent which either delivers month late or doe not deliver at all customer service is primarily ai and they will not provide a refund do not use aliexpress,2026-02-19 04:05:59,2,ali-express_reviews,delivery_shipping
Monique Parker,1,scam checkout item is 3 total including tax free shipping they take 15 from my account i got refunded but never trusting again edit after being refunded they went ahead and took another 14 now im starting a lawsuit,2026-02-19 03:12:02,2,ali-express_reviews,delivery_shipping
Mishy Wishy,1,i purchased a watch from ciloa – self operating store that arrived faulty i have clear photo and video evidence despite this they offered a refund of only 1/8 of the price which is unacceptable processing the return will take 2 – 3 hour of my time plus week of waiting this is extremely disappointing seller should fix their mistake not buyer i feel scammed and disheartened and will never shop on aliexpress again,2026-02-19 02:38:03,0,ali-express_reviews,refund_return
Alexandra Tuquerres,1,all the discount charge at the moment to pay it is a fraud the app change very fast and charge the triple of the regular price,2026-02-19 02:16:18,1,ali-express_reviews,pricing_discount
S H Lam,2,keep hanging upon launch,2026-02-19 02:05:53,0,ali-express_reviews,other
Moussa Gueye,1,awful i ordered a jacket and i receive pant and when you try to send a video of the fact it doe n't work because allow video over 10mb basically less than 5 second which is n't nearly enough to show proof total scam avoid this app,2026-02-19 00:59:40,0,ali-express_reviews,app_usability
sravanthi dodda,1,i have negative expectation in this app please do n't download this one there told free return available but there do n't take return there will send damaged piece,2026-02-19 00:13:18,0,ali-express_reviews,refund_return
LilBookie Baby,5,great,2026-02-18 23:38:10,0,ali-express_reviews,other
jacob,5,aliexpress is a very nice place to get thing at a good price america can not compete,2026-02-18 23:25:29,0,ali-express_reviews,pricing_discount
Juan Fresneda,1,app since last update reboots and i ca n't use it tried uninstalling it and cleaning everything but happens again and again,2026-02-18 23:10:13,0,ali-express_reviews,app_usability
James Morgan,1,scam central avoid like the plague,2026-02-18 21:49:01,0,ali-express_reviews,scam_trust
Doc Jackson,1,this is now riduculous bought a 'genuine leather jacket from seller wellsome when it arrived it obvioulsly wa n't made from leather it also had a label in it which i translated via google translate which clearly stated the jacket wa 92 polyester and 8 spandex i immediately contacted ali who ignored this absolute evidence of fraud instead they allowed the seller to continue selling fake while repeatedly refusing my claim i went to my credit card company who gave me a refund,2026-02-18 21:12:24,3,ali-express_reviews,refund_return
nnamdi ejiofor,5,great app been using it to buy thing from all over the world,2026-02-18 20:55:05,0,ali-express_reviews,app_usability
Ste Morton,5,very good indeed,2026-02-18 20:48:11,0,ali-express_reviews,other
Best Plan Seguros,1,fraudulent seller,2026-02-18 20:07:28,0,ali-express_reviews,other
renita wuyts,1,i downloaded the app and ordered a wedding dress and i specially checked if i can return the dress on the site it wa mentioned that you can return the order for free if you are not satisfied.but i had very horrible experience i did n't like the dress on me so i asked to return but the seller very bluntly said no you have to pay the return than after opening the dispute and discussing almost for 3 weeks.i lost the case and all my money is wasted so ali express is not a good platform,2026-02-18 19:50:40,3,ali-express_reviews,refund_return
lindsey kirk,3,well my free gift got taken cuz i accidentally pushed the back button and now say nothing about any free gift,2026-02-18 19:31:43,0,ali-express_reviews,other
Saminu Hassan,1,any way i wa told about aliexpress a one of the best and trusted online market that 's why i give a trial to purchase some item which wa promised to be delivered to me on 15 febuary but up to date 18 february am still waiting no item no money that is why i am thinking if those people are scammer,2026-02-18 18:33:33,0,ali-express_reviews,other
faith ilwsre,5,good seller app very pleased,2026-02-18 16:58:02,0,ali-express_reviews,app_usability
Ashlee Hernandez,1,this app is a scam ordered suff and did n't arrive when i tried to get a refund it logged me out,2026-02-18 16:38:31,0,ali-express_reviews,refund_return
Thebi Pheta,1,counterfeit good and they separate item you ordered to scam you in paying custom fee for each item instead of paying a single custom fee be careful and stay away it not even a month but the item not working biggest scam and poo product i want my money back,2026-02-18 16:33:37,3,ali-express_reviews,product_quality
Matīss Laugalis,1,they wo n't post a bad review on item so all rating for item are fake/ai generated and you wo n't know if a item is bad or not shipping back item is too expensive and impossible so i really do n't recommend buying anything above 10 eur a i ordered item worth 60 eur and it wa the wrong item and nevar had my momey back sent,2026-02-18 15:45:25,2,ali-express_reviews,delivery_shipping
Sulaiman Ado lampo,5,good e commerce,2026-02-18 15:40:15,0,ali-express_reviews,other
Dav Wallace.,5,great app with the choice of item you could buy going on forver which if you 're not careful could end with you buying much much more than you initially intended to lol it 's also actually fun doing the challenge or playing the game in the app to earn credit that you can then use to put towards any purchase you intend to make the shipping seems really fast with regular update a to where your package currently is which give you a good idea for when to expect it 5 from me,2026-02-18 14:53:28,13,ali-express_reviews,delivery_shipping
Amponsah Jacob,1,all those selling on this app are scam the picture they show are different from the item they ship to buyer,2026-02-18 14:51:24,0,ali-express_reviews,delivery_shipping
PAPA _DOC SOFTASME,1,you can not buy individual piece why is it that is the product for the consumer also or just company,2026-02-18 14:37:25,0,ali-express_reviews,other
Usman Dauda,5,this application is very reable and cheap in price,2026-02-18 13:58:19,0,ali-express_reviews,pricing_discount
ibrahemperson1,1,worst experience these day no customer protection very bad even if you receive wrong item less than one star for them also be careful from bdf cn go go store lier and very bad,2026-02-18 13:54:19,0,ali-express_reviews,other
KINGDY KINGDY,1,very friendly,2026-02-18 13:48:52,0,ali-express_reviews,other
sagi machlin,1,allowed a seller to scam me and provided no protection only excuse and a lot of bot and automated email,2026-02-18 12:01:15,1,ali-express_reviews,ads_promotions
KHALIL KHALIL,1,bad app failing company terrible customer service everything is a failure this app is stolen and ha been corrupted for a month and i have n't received my money back or had the problem resolved the customer service is terrible the product are awful and i have a 000000 rating i will be filing a lawsuit against this company,2026-02-18 10:35:58,3,ali-express_reviews,app_usability
Delia Dizon,3,shipping fee is expensive,2026-02-18 08:19:50,0,ali-express_reviews,delivery_shipping
Muhammad Amir,5,good,2026-02-18 07:17:24,0,ali-express_reviews,other
Alli Cat,1,what a joke dude,2026-02-18 05:27:10,1,ali-express_reviews,other
D J,1,cant log in and see my account anymore forcing sign in with google,2026-02-18 03:51:24,1,ali-express_reviews,app_usability
Mark Davis,5,good,2026-02-18 02:51:34,0,ali-express_reviews,other
4TheMostHighJesus #1 (4themosthighjesus),1,doe n't work buggy keep telling me i have to reset password then say i have unusual activity when i am trying to create a brand new account wt fruitcake,2026-02-18 02:29:06,0,ali-express_reviews,other
Emma Smith,2,my order first said the 20 of february at the start then it change to the 21st now it the 24th and i got told i would get a counpond if delayed but it fine i do n't care about the coupon i just want my order i mean tbf the app is good but just not getting the package delivered to you and it cheap,2026-02-18 02:26:53,0,ali-express_reviews,delivery_shipping
Ronishia Towns,5,i think this is a good app because i had 3 item and it only coated me 3.06 and i had the money i ordered 2 night light and a box of mystery fidget toy,2026-02-18 01:38:52,0,ali-express_reviews,app_usability
S Ad,1,it okay but a lot of thing are overpriced when you compare them to other site and i always have problem with seller lying and saying that good are still in transit even month after the expected delivery date to avoid giving you a refund and spoiler alert they are a hundred percent lost in the mail forever i do enjoy the chat to seller feature when i want to ask question or make customised thing but it 's a pain when you need a refund and i 've been using this for 5 year,2026-02-18 01:33:24,4,ali-express_reviews,delivery_shipping
Mahmoud Damlakhi,1,lot of scam seller i wa scammed by them also the customer service is fake they did not provide any solution to any dispute and were in cahoot with fraudulent seller i edited my comment because i wa scammed on the app for the fifth time i 'm sorry for wasting my time and money on such a terrible app,2026-02-18 00:57:31,2,ali-express_reviews,product_quality
Legend Life777,5,i buy a lot of thing from the app the app is very good you get a lot of good deal and everything were good i 've been buying a lot everything from the app sometimes it take time to come get you get good thing the price is very good,2026-02-18 00:40:11,1,ali-express_reviews,pricing_discount
Sir Raqua,1,this app is beyond bad search suck it keep pushing the same item you are not interested in all the time some stupid game are included and you are getting constant notification to play them when there are promotion you must buy 3 thing you can not buy just one item but you can not find the non promotion version of it or but without promotion discount then there are multiple kind of promotion incompatible you can not combine them so you have like multiple shopping cart,2026-02-17 23:54:54,0,ali-express_reviews,pricing_discount
Michael Wojciak,3,search engine is spotty at best and can be difficult to navigate but once you get accustom a great place to shop coin can be beneficial too since rakuten reimbursement is spotty at best edited review and dropped one star search engine is now even worse when it come to finding thing plus shipping fee are becoming ridiculous,2026-02-17 23:34:05,68,ali-express_reviews,delivery_shipping
XIQAD POXAD,1,my first order got delivered very fast after just 10-12 day now im waiting 20 day for my order because my order arrives at my region after 6 day and then they wait another 13 day without moving the item and wait for more order of me to arrive so they can deliver them all together to save money,2026-02-17 22:55:56,0,ali-express_reviews,delivery_shipping
Teddy,1,they steal your money even when you refund something you never even received or something that did n't make it to you,2026-02-17 22:39:43,0,ali-express_reviews,refund_return
Igor,1,a lot of fake low quality item no option to show the price with delivery a lot of scam in general no help from support at all,2026-02-17 22:39:01,3,ali-express_reviews,delivery_shipping
Condeliza ikhlas,1,it very long,2026-02-17 21:09:39,0,ali-express_reviews,other
John ThankGod,5,the best online buying app,2026-02-17 19:42:19,0,ali-express_reviews,app_usability
Gordo Bonito,1,everything that they sell it 's a low quality defective item if you want to refund or return it 's the most difficult thing ever you are going to be face i do not recommend to buy anything from the store or for china because they are taking your money but never fix ur issue what they did or when they 're sending the garbage stuff they do n't care and they do n't give you the answer so you are going to lose your money totally i do not recommend this,2026-02-17 18:03:27,1,ali-express_reviews,refund_return
"CB, CMA",1,forcing a crazy amount of creepy spying permission,2026-02-17 17:45:38,0,ali-express_reviews,other
BABLOU ON FIRE,5,very good apps,2026-02-17 16:35:14,0,ali-express_reviews,other
hamzah mayanja,5,exceptional app,2026-02-17 16:19:55,0,ali-express_reviews,app_usability
Ardee Feliciano,1,the longest time to deliver of all online platform i placed the order january 11 2026 delivery wa supposedly february 11 2026 but until today february 17 2026 it ha n't arrived,2026-02-17 14:44:04,1,ali-express_reviews,delivery_shipping
Boyakacha,1,the worst shopping platform gls is the worst delivery company,2026-02-17 13:24:50,0,ali-express_reviews,delivery_shipping
Michael Litvak,1,ad,2026-02-17 12:36:42,0,ali-express_reviews,ads_promotions
Justin Alex,1,worst customer service i 've ever seen multiple time ive returned item unopened completely seal in original bag and i either get no refund or partial refund they are scammer,2026-02-17 11:31:33,0,ali-express_reviews,refund_return
ALI ABDULLAH,3,the quality of the substance are medium to good but the contact shipping good during this time of my order tow order not received i told the service seller but without any response the order must received from one month,2026-02-17 10:51:23,1,ali-express_reviews,delivery_shipping
Peter Honda,5,great,2026-02-17 10:45:42,0,ali-express_reviews,other
Neera Nuff,1,awful,2026-02-17 10:44:09,0,ali-express_reviews,other
Olasunkanmi Omodara,5,excellent app the user experience is topnotched,2026-02-17 10:18:11,0,ali-express_reviews,app_usability
Ante B,5,been using it for year now renovated my home and replaced my old kitchen ware and home electronics 9.9 out of 10 time super happy with my purchase,2026-02-17 09:48:03,0,ali-express_reviews,other
Lee Wise,1,do not use absolute con artist returned a dangerous faulty electrical item then wa refused a refund saying they had not received the item even though i had sent it first class tracked with photo evidence of the return so they basically just took my money they must not have a trading account in china item could have burnt my house down do not buy from here at all cost,2026-02-17 09:29:03,0,ali-express_reviews,refund_return
Robert Long,1,worst rhapsody of all time at least i only lost 16 american dollar,2026-02-17 08:57:27,0,ali-express_reviews,other
Roman Ukhach,5,i always found what to buy there and shipping took around 12 day to my place,2026-02-17 08:20:11,0,ali-express_reviews,delivery_shipping
Rafaela Barragan (EllaBaez),1,fix your problem,2026-02-17 07:40:20,0,ali-express_reviews,other
mohamed Aouni,1,bad service and scammer,2026-02-17 06:11:42,0,ali-express_reviews,customer_service
nobody,1,scam did n't even get my order this app suck,2026-02-17 05:34:46,0,ali-express_reviews,app_usability
April Roache,1,lousy they substitute for the item that you select and send trash instead then they play ignorant when it come to refund their cat toy only work 3-4 day major disappointment app uninstalled,2026-02-17 05:29:33,2,ali-express_reviews,refund_return
NA NA,1,worst app in the world i am still waiting to get my package and i just ordered last month and it 's almost been a month now nobody order from this app anymore better off with amazon instead,2026-02-17 03:57:19,0,ali-express_reviews,delivery_shipping
Gros Inès,5,please update the payment method to mobile money ghana that would be very helpful,2026-02-17 03:39:21,0,ali-express_reviews,app_usability
Charles Keyes,1,there are some okay thing majority of it seems fake or counterfeit because of all the comment i 've read through a lot of the product i will not be using this app and i will not be purchasing anything,2026-02-17 03:15:58,1,ali-express_reviews,product_quality
Bobbie Gamble,1,hate it,2026-02-17 02:49:05,0,ali-express_reviews,other
Grzegorz Sawicki,1,they intentionally crippled the web version to force people into installing the app which i find a mischievous behavior the parcel box delivery is purposely hidden on the website and it took me hour to find out that it 's only possible via app even though it 's the most popular delivery option in poland,2026-02-17 01:36:07,2,ali-express_reviews,delivery_shipping
Egor,1,after 20 year of constant buying from aliexpress i unfortunately stopped buying from here at all the refund policy completely changed for the last couple year and if you received broken product it is almost impossible to return it via their return system dispute appeal do n't work at all and you are just loosing money if you received broken product terrible do n't recommend to buy from here at all especially something expensive a you will lose your money,2026-02-17 01:12:30,7,ali-express_reviews,refund_return
Samantha Woodruff,5,love this app better than temu,2026-02-17 00:39:42,0,ali-express_reviews,app_usability
Mark,1,beware i have placed four order in which they held my money for a month then send it back i firmly believe that they have no inventory for a lot of the 'great deal that they advertise it 's just a scam so they can use your money for a month interest free i should have known better not to do business with them aliexpress is still using their 'bait ad to try to scam u this is currently still happening despite what their bogus reply beware of china,2026-02-17 00:05:51,2,ali-express_reviews,pricing_discount
Sam Fall,1,ha gone downhill in recent year i have been a loyal customer since 2010 the dispute process ha become overcomplicated and some courier used like cainao are not reputable they mark parcel a being delivered and do not respond to enquiry if you order from this platform ensure the seller is using imile courier they provide photo a proof of delivery edit any appeal or escalation end in the same way item that arrive faulty or damaged good luck trying to go through the dispute,2026-02-16 23:40:25,3,ali-express_reviews,delivery_shipping
Javanti Harrison,5,aliexpress ha a huge variety of product at low price shipping can take a while but most item arrive a described it ’ s a good place to find affordable option if you don ’ t mind waiting,2026-02-16 22:55:24,1,ali-express_reviews,delivery_shipping
Sunnie Ray (Sunnie),5,i really love this app it 's definitely my go-to place to buy cosplays or accessory or just thing i need it doe take a while for thing to be delivered but that really is n't a problem for me the only problem i have is that sometimes i get ai generated ad and i hate it other than that i freaking love you aliexpress,2026-02-16 20:48:13,0,ali-express_reviews,app_usability
Mohamed Ibrahim,1,ازعاج وكل شويه ايميل,2026-02-16 19:50:44,0,ali-express_reviews,other
Remus W,1,be weary purchasing anything right now from aliexpress they use evri a their main courier service because it the cheapest evri are on the verge of bust and refusing to pick parcel from the airport in the uk my 2nd order got lost and now my 3rd order is stuck at the airport waiting courier pickup it been 7 day now and unlikely again i will receive my order wait before purchasing until they sort better delivery 's service out,2026-02-16 19:41:59,1,ali-express_reviews,delivery_shipping
Subin Mathew,1,i bought 2 jbl tune 760nc from aliexpress with the help of my friend and the two of the product are fake of jbl this is a waste of money and time if you are buying something from aliexpress do it at your own risk and also one thing is we need to pay the delivery boy also for the worst product if you return the product there 's also a charge for the delivery boy,2026-02-16 18:56:21,1,ali-express_reviews,delivery_shipping
Kevin Mukisa,4,it seems nice but i ca n't pay through the given payment method because i have non my money is on my sim card and i use airtel if it 's possible to help me pay via mobile money then it wud be great,2026-02-16 18:37:18,0,ali-express_reviews,other
Quebec Patriot,5,useful,2026-02-16 17:57:49,0,ali-express_reviews,other
Hennie Duvenhage,3,service from aliexpress is very robotic online agent question and answer are identical but i can live with that the biggest issue is the courier service they use speedaf worst service ever and you are never able to get hold of any agent regarding package not being delivered on time or ever,2026-02-16 17:46:02,0,ali-express_reviews,delivery_shipping
Danny Pierce,1,bad bad not letting me in,2026-02-16 17:41:45,0,ali-express_reviews,other
Santiago Farero,1,not good anymore you can buy thing and there is no way to return faulty item and get refund back they keep asking you additional information,2026-02-16 17:28:10,0,ali-express_reviews,refund_return
sher bahadar,5,the website is very helpful for consumer but not for wholesale,2026-02-16 17:21:16,0,ali-express_reviews,other
Victor Brown,1,doe n't work,2026-02-16 16:07:13,0,ali-express_reviews,other
Adnan Mamlouk,1,they scam me after i pay for the product i buy and mention clearly free delivery but when come to my door they ask me 13 aed so i pay it coz no choice and they are easy to say we will refund it i will not trust u any more scam company like u am not happy at all,2026-02-16 15:57:16,0,ali-express_reviews,delivery_shipping
choppa,1,wa a long time user for year however just encountered a scam seller and no matter how many time i try customer support aliexpress seems more interested in protecting a scammer than helping a long time user will not be using the platform again if they ca n't be bothered recovering a measly 37 from a scam seller,2026-02-16 15:50:22,0,ali-express_reviews,customer_service
DarkJhiaxus (DarkJhiaxus),1,1 star until you sort out the ridiculous game requirement for daily check in from day 90 absolute insult to long time app player,2026-02-16 13:24:36,0,ali-express_reviews,app_usability
Harley Sommer,1,i keep having delivery failed on my 2 package and it go back to wearhouse,2026-02-16 12:51:06,0,ali-express_reviews,delivery_shipping
GC Sixixix,1,i have never shopped here before but have been blocked from using tried the process to unblock and say i have passed the time given to do so app is unworkable so uninstalled,2026-02-16 11:34:47,0,ali-express_reviews,app_usability
Bogdan P,1,seller are scammer that lie about shipping item the people that run this app do n't want your money spend it somewhere else,2026-02-16 11:33:56,0,ali-express_reviews,delivery_shipping
Eninca Mshighati,1,trust me i do n't need to buy now so stop that nonsense plz i need my add to cart option like a normal person,2026-02-16 09:39:11,1,ali-express_reviews,scam_trust
Matteo Sordi,1,terrible absolutely terrible customer service is either nonexistent or incompetent price are high compared to other similar platform delivery is slow not so much from china which take a while to ship but from european country for example a package wa only shipped to me and ha yet to arrive from france after two week product quality is always poor or doe n't match the description on the store page i can only advise against this app,2026-02-16 08:14:20,5,ali-express_reviews,delivery_shipping
Sloth WithABaseballbatt,2,this place is no longer is affordable it want more out of the customer and review are so fake,2026-02-16 06:08:32,2,ali-express_reviews,product_quality
Taewook,1,all my order either get canceled or take 3 month to get delivered the concept is great but the execution is not good the customer service wa great in dealing with my order but the vendor for aliexpress is not so good for me personally even now i 'm waiting on a order that said fast shipping something i ordered in the beginning of december,2026-02-16 05:30:59,15,ali-express_reviews,delivery_shipping
A Google user,1,it used to be a really good online shopping with competitive price and reliable shipping service but now you can not choose the shipping method aliexpress is now using speedx and speedx is a scam they do n't have tax number nor registration number here in australia there is no physical address no contact information and zero customer support good luck receiving your package/s i shopped here since 2015 and now i am going to stop until they remove unreliable courier company,2026-02-16 02:14:28,7,ali-express_reviews,delivery_shipping
zedestroyer,5,work a intended and it 's pretty fast and responsive,2026-02-16 00:35:29,0,ali-express_reviews,other
Kay Harris,1,im still waiting for mine must be 3 wa or more,2026-02-16 00:04:06,2,ali-express_reviews,other
CryptKreeper83,1,ever since i bought some item from aliexpress my inbox ha been flooded with phishing email from fake different domain every day they are leaking my information to the seller who i believe are spamming me i 'm not buying from here anymore plus they use speedx delivery service which the driver dump my package on the side of the road anyways,2026-02-15 22:38:37,2,ali-express_reviews,delivery_shipping
Steven Bowen (Zener Dragon),1,ali will claim to protect buyer but ha absolutely no integrity they will turn their back on you even when obvious fraud ha occurred and you have documented evidence of this do not pay their extra fee for protection you 're wasting your time and money go through reputable supplier directly buyer beware,2026-02-15 22:38:02,2,ali-express_reviews,pricing_discount
L p,1,be aware of scam tactic on this app the price shown change from the checkout to the payment confirmation,2026-02-15 21:49:06,3,ali-express_reviews,pricing_discount
Maxwell,4,ha a wide variety of products.butbi have one issue am kenyan and i realized food staff cant be brought to my location and i wonder why like the noodle the canned tea i want to taste food from outside but it seem i cant buy any please enable food staff to arrive in kenya,2026-02-15 20:59:17,0,ali-express_reviews,other
DK Eigelaar,4,ˡᵒᵒᵏˢ ᵍᵒᵒᵈ ᵃⁿᵈ ᶠᵃⁿᶜʸ,2026-02-15 20:59:07,0,ali-express_reviews,other
Heather Canter,5,love this platform and game,2026-02-15 20:43:46,0,ali-express_reviews,other
Rodriges Rodrigues,5,very good work perfect,2026-02-15 20:39:10,0,ali-express_reviews,other
Nova Cane,5,is one of the best apps that i could use to order stuff international thank god,2026-02-15 19:54:26,0,ali-express_reviews,other
Kevin highfill,5,great,2026-02-15 19:41:29,0,ali-express_reviews,other
jasmine,1,i have n't had a bad experience with this app until recently i 've noticed the option to 'add to cart is virtually impossible now and ha greatly declined my user experience i 'm not going to check out one item that 's worth 3 it make absolutely no sense,2026-02-15 18:53:11,3,ali-express_reviews,app_usability
Hwang Hyunjin,1,i put my right address and both my order 's say delivery unsuccessful i do n't recommend this app and i want my ten dollar back and i still want all my stuff to be delivered,2026-02-15 18:05:21,2,ali-express_reviews,delivery_shipping
Jignesh Patel,1,fraud app ordered two time and never received product they do not provide refund for undelivered product stay away,2026-02-15 17:58:40,3,ali-express_reviews,refund_return
Mansur Muhammad (Smart prince),5,good apps,2026-02-15 17:31:22,0,ali-express_reviews,other
Crystal Rayburn,5,love it,2026-02-15 17:25:42,0,ali-express_reviews,other
Windel Magpayo,1,i did n't recieved my order and ots already paid they will call about the address for many time till then they do n't deliver my order i will never use apps anymore it a big scam,2026-02-15 17:10:33,1,ali-express_reviews,delivery_shipping
Djoni Amman,3,why i ca n't have option to block store i do n't like for example store that sell bad technology fake sd card why is there no option to block such store so that item from that store do n't show anymore in my search bar,2026-02-15 16:44:41,1,ali-express_reviews,product_quality
kye evans,5,my go to fo everything i do it just the wait time but overall really good app play game and get money off,2026-02-15 13:58:43,0,ali-express_reviews,app_usability
Donnie Ellenberger,1,horrible app full of scammer the customer service doe not help customer ever stay away used to be good now is horrible,2026-02-15 13:43:00,1,ali-express_reviews,app_usability
Muhammad Moosa,1,poor refund process dishonest,2026-02-15 13:28:42,1,ali-express_reviews,refund_return
Ramo,1,app is failing platform supplier dishonest and chinese company are favored in dispute i got scammed 10k alibaba guarantee wa useless,2026-02-15 12:47:46,0,ali-express_reviews,app_usability
Thomas Safar,5,very prompt door to door delivery alli expreßs is awesome very reasonable pricing,2026-02-15 12:26:26,0,ali-express_reviews,delivery_shipping
Marcin P,1,avoid shady trading practice difficult return bad app interface,2026-02-15 12:17:05,0,ali-express_reviews,refund_return
Joan Awuor,1,my country kenya is n't in the category,2026-02-15 12:09:24,0,ali-express_reviews,other
Yuvinalis Mwamba,5,amazing app,2026-02-15 11:48:33,0,ali-express_reviews,app_usability
Ali Khan,5,excellent shopping experience i am facing an issue in the app nowadays picture of product are not loading app is updated on the latest version i checked on different wifi connection and cellular 4g internet but the problem is still there please look into this issue,2026-02-15 11:32:20,0,ali-express_reviews,app_usability
Sultan Awan,1,worst experience with them i ordered a watch value of 108 and received empty package and record a video before opening of parcel that parcel wa super slim but ali express rejected the refund and help line is also not providing any solution they are total fraud do n't buy from them,2026-02-15 11:30:27,3,ali-express_reviews,delivery_shipping
Mark Fenech,2,although item are generally ok best avoid tech a mostly fake or below standard,2026-02-15 11:13:05,0,ali-express_reviews,product_quality
TK,5,nice,2026-02-15 10:45:48,0,ali-express_reviews,other
Unknown Tor,1,oh your delivery suck.scam.take the money lost package and after one month refund.ayou are holding customer money for a month,2026-02-15 10:08:11,0,ali-express_reviews,delivery_shipping
Konard Aleksander Sepp,1,can not add item to your cart all item only have buy now option,2026-02-15 10:04:34,1,ali-express_reviews,other
Jada Randall,1,do not shop on the 3 for 99 cent they will scam you and make you pay for the original price for each item dont shop here at all instead of them giving me my money back they gave me a bonus to spend only on aliexpress this is ghetto,2026-02-15 09:12:41,1,ali-express_reviews,pricing_discount
Maria Pletneva,2,i just want to add thing to my cart a normal the new feature are annoying and hard to use,2026-02-15 07:17:51,1,ali-express_reviews,other
Kaito,1,the app is so incredibly janky forcing you to sign in if you click on anything again and again and really misleading information on where product can be delivered,2026-02-15 07:14:20,2,ali-express_reviews,app_usability
Lola Lolo,5,awesome app have been using for appx a year and have n't had any problem at all i use it all the time,2026-02-15 05:56:34,0,ali-express_reviews,app_usability
Pilar Castanuela,5,my favorite,2026-02-15 04:25:07,0,ali-express_reviews,other
J. Kris Bailey,1,absolutely awful i never got past log in who in the hell want to have to log into 2 separate email over a single log in not me sooo bubye uninstall i am not dealing with this kind of crazy at the front door,2026-02-15 04:01:47,1,ali-express_reviews,ads_promotions
Rettana Muon,1,horrible to use on tablet it us the same format a the mobile version which make everything comically enormous on tablet,2026-02-15 01:14:36,2,ali-express_reviews,other
NanamiiLotus Leelong,1,didnt received my order they sent it to texas whitney it b wo n't b uauing anymore till they fix this issue so unprofessional,2026-02-15 00:17:36,1,ali-express_reviews,other
Lauren b Ingram,5,love the look of the stuff on here the stuff is sweet and kool love it love it kool,2026-02-14 23:37:48,0,ali-express_reviews,other
Ed Crotty-Flieger,1,most order canceled the one that were n't canceled arrived damaged the return/refund process is a joke the seller told me to buy a touch-up pen and thought that 5 would cover it i have one order left hopefully it 's just the box and this app is being deleted temu for the win best customer service,2026-02-14 23:12:55,3,ali-express_reviews,refund_return
tsh,1,fraud run away they lie at least temu doe return dont shop with them,2026-02-14 23:08:02,0,ali-express_reviews,refund_return
scott mckinney,1,wo n't let me buy anything because the authenticating payment screen wo n't stop loading,2026-02-14 22:17:16,0,ali-express_reviews,other
Mohammed Moharam,5,ممتاز,2026-02-14 22:11:31,0,ali-express_reviews,other
Jessica Chisampala,5,the app is helpful,2026-02-14 22:08:43,0,ali-express_reviews,app_usability
Beauty Queen,5,aelll done,2026-02-14 21:47:58,0,ali-express_reviews,other
Babu Ram Bhandari,5,very nice,2026-02-14 21:20:46,0,ali-express_reviews,other
Jose Cruz,1,to much confusion w.t.f,2026-02-14 21:19:20,0,ali-express_reviews,other
Kelli Phillips,1,i find that kind of funny that your ad on game when the guy asked how do you get so many box and the box.she 's holding is not an allie express box it is an amazon prime box,2026-02-14 21:17:28,0,ali-express_reviews,ads_promotions
Ijaz Ahmed,1,terrible experience per order shipment charge i do n't like,2026-02-14 19:57:50,0,ali-express_reviews,pricing_discount
julz Nunnya,1,why do we have to make account 's just to look at a product i uninstalled it a all i wanted to do is look at something without pop-up and do the get this or that i did n't want this or that i just wanted to look gave my detail to have a look and low and behold it 's not available or not what i thought it wa and wa n't going to the checkout to get sucked in again,2026-02-14 19:57:01,1,ali-express_reviews,other
Joshua Kofi Himil,2,please we will be happy if you can help introduce mobile money payment in your system it will help we those in ghana and try to get office across ghana like jumia,2026-02-14 17:15:20,0,ali-express_reviews,other
Vito Ku,1,the app ha become terrible when you add an item to your cart it cost one price when you click it and want to buy it the price increase and when you reload the page it increase again anyone who doe n't notice will be cheated,2026-02-14 16:56:50,2,ali-express_reviews,pricing_discount
Dorian Barrass,5,i love aliexpress more than some member of my family,2026-02-14 16:26:37,0,ali-express_reviews,other
Vincent Newton,1,i ordered an item paid for it and the wrong item arrived my attempt to have this rectified lacked evidence despite me providing the receipt and then image of the product that arrived along with tracking detail of the package i wa encouraged to appeal which i did only for it to be declined again for lack of evidence this is dishonest business practice and downright thievery,2026-02-14 16:07:07,13,ali-express_reviews,delivery_shipping
Asaf Wasilwa,5,lm trying to buy a macbook air idk if gowing to work,2026-02-14 15:39:29,0,ali-express_reviews,other
Suphije Roka,1,it can only be paid online which is very bad i wish the payment could be in cash too,2026-02-14 14:49:22,0,ali-express_reviews,other
Musa Paul Yerima,5,for me aliexpress is worth it and is pleasing to use anytime any day,2026-02-14 14:25:44,0,ali-express_reviews,other
ONE PIECE,1,fake fake fake,2026-02-14 14:10:35,0,ali-express_reviews,product_quality
Virginia Durand,1,good cool stuff but they ship soooo slowly and most the time they do n't ship so come the expected delivery date the order get canceled cause they have n't shipped it useless app,2026-02-14 14:09:00,1,ali-express_reviews,delivery_shipping
L Last,3,the exchange of game point for coupon ha n't worked properly since august 2025 now it 's only possible at 1:00 am when i need to sleep and that 's if i 'm lucky enough to pick up a coupon the exchange time is measured in second furthermore only 1 and 5 coupon are available why is this complete nonsense either disable the exchange of game point for coupon or make it work a it wa before august 2025,2026-02-14 13:27:56,1,ali-express_reviews,other
Doris Maitseo,5,wow i recommend ali express it 's trustworthy perfect,2026-02-14 12:33:42,0,ali-express_reviews,other
J Solo Project,5,great to shop with,2026-02-14 12:27:29,1,ali-express_reviews,other
Nicolas Rono,5,greatest app ever,2026-02-14 12:08:57,0,ali-express_reviews,app_usability
medicbro medicbro,5,the one time i wa confused about something customer service wa great very kind,2026-02-14 11:40:08,0,ali-express_reviews,customer_service
Christine Rafael,1,yep my mom had a reason why she told me this is a scam like why is it stuck in transit and then telling me that it gon na take longer probably it never gon na come stupid scammer,2026-02-14 10:51:06,0,ali-express_reviews,scam_trust
Xelibri Sk,1,order placed on 04.01 delivered only on 13.02 – more than a month of waiting this is absolutely unacceptable it is not an isolated case but a rule – every order from you meant a long wait stress and nerve in addition the cooperation with your agent is extremely unprofessional – non-specific answer switching from one to another and without any real help instead of a solution you get frustration,2026-02-14 10:10:44,1,ali-express_reviews,customer_service
king j,1,one dollar express yeah a complete scam i tried to purchase from it and it said order failed,2026-02-14 09:06:38,0,ali-express_reviews,scam_trust
Simon Costisanu,1,aliexpress 's customer service is the worst of all they act like they do n't understand the problem give poor solution unrelated to the issue and they close the case washing their hand there is no possibility to appeal the decision all they do is apologize and move on bad experience,2026-02-14 08:55:45,1,ali-express_reviews,customer_service
Xavier Wilson,1,honestly if i could make this review in negative i would the app is a scam saying everything is a low price when in reality you get to check out and the price change do not get this app,2026-02-14 08:20:02,1,ali-express_reviews,pricing_discount
Petter Blomkvist,1,their costumer service led me on for 2 week waiting for buyer protection to run out for the counterfeit product i wa sold do not use this site,2026-02-14 06:53:50,1,ali-express_reviews,product_quality
adejoh ben,5,nice,2026-02-14 06:15:52,0,ali-express_reviews,other
Ori Zadok,1,so many scam description not matching the actual product and misleading main picture price are no longer cheap like they used to be,2026-02-14 05:18:46,2,ali-express_reviews,pricing_discount
Jessica,5,i 've gotten a lot of stuff from here,2026-02-14 04:33:39,0,ali-express_reviews,other
Mubasher zaman,5,good,2026-02-14 02:55:12,0,ali-express_reviews,other
Alex Saunders,1,uninstalled because of the annoying unskippable ad,2026-02-14 02:48:01,1,ali-express_reviews,ads_promotions
Jacob Coughlin,1,i ca n't find a good reason why a shopping app need to screenshot my activity when i have n't opened the app in week it had 300 megabyte of cache not trustworthy background activity prove my suspicion wrong screenshotservice com.alibaba.aliexpresshd elapsed 1d 1h 36m 25 service 62 process aliexpress,2026-02-14 02:38:36,0,ali-express_reviews,app_usability
Blue Kastrick,3,it loop you around senselessly peddling 83 cent off order of 90 or to get coin for discount that dont exist i am satisfied with the shipping customer service and most of the product ordered are exactly a described but too many fake discount and notification,2026-02-14 01:30:39,1,ali-express_reviews,delivery_shipping
Ashly Kinkead,1,i 'm trying to get rid of the item in my wishlist that are sold out and such but a lot of the time i click back out of an item i clicked on in one of my wishlist group it put me back to the beginning of the app instead of the group of item i 'm going through it doe n't just show which one are sold out anymore so i have to click on each item to see if it sold out or not why did you guy change that it so annoying and hard to go through everything that 's saved now,2026-02-14 00:17:30,16,ali-express_reviews,app_usability
Anathi Dyantyi,1,this app is a scam they want money in this app when i try to buy a phone for r3.50 it doe n't work i will never use this app again,2026-02-13 22:30:37,0,ali-express_reviews,app_usability
badsmel,1,this app break all the rule and is a menace it open itself at least ten time per day and i 'm not okay with that shame because i used to use it,2026-02-13 22:14:38,0,ali-express_reviews,app_usability
Yousef Dababneh,3,i ca n't find my order on my account in spite off many people from help centre trying to help still not seeing my previous order for year 2025 need to talk to someone by voice call to solve this problem by guiding me step by step over the phone because they tried to help through chatting but did n't work,2026-02-13 21:56:40,0,ali-express_reviews,other
Red Young-Crandall,1,spent roughly 12 dollar on a package never arrived went to ask for a refund or even credit they ran circle around d me for day that turned into week,2026-02-13 21:18:45,1,ali-express_reviews,delivery_shipping
Ariel Aldridge,1,i had bought something for my daughter it would not have came on time so i wanted a refund instead of giving me my money back they took it and put it in the bonus i did not want it in the bonus i wanted my money back the app will not allow me to get my money back at all i am so disappointed i do not recommend shopping from this app ever like it said it would not have came in time that 's why i canceled the order but did not get my money back 1/5 do not recommend to anyone at all,2026-02-13 21:08:15,0,ali-express_reviews,refund_return
Joshua Mounts,5,truly a perfect experience,2026-02-13 19:42:32,0,ali-express_reviews,other
Life is Beautiful,1,cheater showing lower price push you to download app once download they will show error this offer finish cheap app and cheap administration,2026-02-13 19:13:19,0,ali-express_reviews,pricing_discount
Rodie J Gendreau,1,cheep product nothing a advertised,2026-02-13 18:41:08,1,ali-express_reviews,other
Leszek Lex,3,app is good but the courier service you are using is rubbish the parcel are left at random i have to look for them every time last one i could not find i got a full refund but it is not something that helped me i needed the product i ordered,2026-02-13 18:01:04,3,ali-express_reviews,delivery_shipping
Jackie,1,horrible,2026-02-13 17:06:28,1,ali-express_reviews,other
AZEGBOBORSon,2,since aliexpress can not add alternate delivery address to enable easy and convenient way to receive a parcel without inconvenience i will stop using it,2026-02-13 17:05:21,1,ali-express_reviews,delivery_shipping
Christopher Horch (UpNorth2021),1,half the item wo n't ship yo the u the other half show one price on the item screen then it 's double or triple in your cart predatory commerce at it best,2026-02-13 14:03:31,0,ali-express_reviews,delivery_shipping
Andy Frost,5,it is fast and it is very cheap,2026-02-13 13:53:01,0,ali-express_reviews,pricing_discount
Asanka Muditha Fernando,5,good tnx,2026-02-13 12:54:44,0,ali-express_reviews,other
Mal Rule,1,terrible 94 day for a rufund no care at all very ignorant arrogant no care at all ridiculous i ca n't go lower this one star is very grateful absolute mess,2026-02-13 12:47:19,1,ali-express_reviews,other
William Boardman,1,overly blotted keep launching itself in the background slowing down my phone very annoying contact your helpless centre ha ha and they have screwed up the message section plus the search just throw random item not what you 're searching for you want 5 star rewrite the app into something useful,2026-02-13 11:39:14,3,ali-express_reviews,app_usability
Jacky Chan,1,they make me return an item but issued no refund,2026-02-13 11:25:53,1,ali-express_reviews,refund_return
Sehmetcat,1,scam put one price in basket but took another amount from my bank,2026-02-13 10:32:11,1,ali-express_reviews,pricing_discount
Maged Wahba,1,load of bad quality and scam horrible customer service poor support there is no support whatsoever from what is called a help centre or customer service a stated this is a big scam,2026-02-13 10:10:43,3,ali-express_reviews,product_quality
Anes Modjib Hannachi,1,two month zero real assistance only automated copy-paste reply if you ever face a serious issue don ’ t expect meaningful support buyer protection feel more like a slogan than a reality never use this app,2026-02-13 09:44:14,2,ali-express_reviews,app_usability
Myles Preuss,5,i love this app i got a new speaker and new headphone,2026-02-13 08:46:24,0,ali-express_reviews,app_usability
Sergio Toscano Cairampoma,1,no permite añadir cosas a la sesta no permiten ver como ante los detalles del vendedor arruinan la experiencia del usuario,2026-02-13 06:49:49,0,ali-express_reviews,other
Samuel Christenson-Hinze,1,it 's a scam,2026-02-13 05:06:18,1,ali-express_reviews,scam_trust
J Bah,5,genial me encanta,2026-02-13 04:35:04,0,ali-express_reviews,other
Bryant Green,5,this website is not a scam it 's the best to buy titan 13 action figure if you really like action figure,2026-02-13 03:06:39,1,ali-express_reviews,scam_trust
shaban khazem,4,good,2026-02-12 23:43:47,0,ali-express_reviews,other
Atalia Mugabi,5,i love this up so goood,2026-02-12 22:27:36,0,ali-express_reviews,other
