userName,score,content,at,thumbsUpCount,source,category
Kayanat Anika,1,honestly think problem cut cant download,2026-03-12 23:21:40,0,ali-express_reviews,other
Nunya Biz,5,apparently set setting notification turn specific one hate spammed company ignores done need notified 5 time day think need know fingernail clipper sale stop,2026-03-12 22:42:39,4,ali-express_reviews,ads_promotions
Samarth Sandeep,1,far worst app bought 3 product non came contact shipping company instantly hang highly would not recommend 5 star review probably bot one worst apps not install use happen friend,2026-03-12 22:14:26,0,ali-express_reviews,delivery_shipping
Rubysu aka Natalie Debler,3,first package arrived counterfeit postage pay extra 1375 get local post office hope 2 not happen way,2026-03-12 21:38:03,0,ali-express_reviews,delivery_shipping
Toni Dawn Moore,4,never shopped yet,2026-03-12 21:24:39,0,ali-express_reviews,other
Asia Johnson,3,buy guy,2026-03-12 20:36:18,0,ali-express_reviews,other
Lebohang Pasane,1,worst experience ever nice bought bought became cold negligent lied said order country never arrived that go scamming people judgement surely befall forgive no string attached feel sorry,2026-03-12 20:04:32,0,ali-express_reviews,other
Charles Jenkins,5,like app live couple day better survey,2026-03-12 20:00:07,0,ali-express_reviews,app_usability
Falodun Akinwale,4,nice alpha good genuine product vendor good,2026-03-12 19:48:10,0,ali-express_reviews,other
e G,1,emma give one star false advertisement pricing,2026-03-12 19:22:18,0,ali-express_reviews,other
Dash Mxt,1,your need product quickly may get heart attack coz take forever may even forget think scam,2026-03-12 19:19:55,0,ali-express_reviews,scam_trust
Honor Ao,1,item ordered never arrived also reorder still nothing waste money ask,2026-03-12 18:57:06,0,ali-express_reviews,other
Michael Ward,1,live tried contacting aliexpress numerous occasion no reply ordered item january order still not arrived checked tracker saying shipment cancelled no explanation arrive lost patience themwhy cant communication,2026-03-12 18:54:50,0,ali-express_reviews,customer_service
Nyanda,2,people scammer buy something come bulk one like turquoise ring come one size mix come 2030pcs not received done show mysteriously blame carrier item bought single item set oh show fine no problem done want refund back anything not honest godly people facade sale product,2026-03-12 18:47:06,1,ali-express_reviews,refund_return
Karl Carroll,3,need app track package cant online browser exactly,2026-03-12 18:00:39,0,ali-express_reviews,delivery_shipping
Cynthia Butler,3,ad said pick 3 free item picked said would cost 800 receive freebase advertising,2026-03-12 17:20:41,0,ali-express_reviews,pricing_discount
GIZMO SATANICO,1,not sign 10003 server network error,2026-03-12 16:56:00,0,ali-express_reviews,app_usability
Rahl Gadu,5,למה זה לא מוריד לי ניסיתי אד 24 שאות אפילו יתמול,2026-03-12 16:48:37,0,ali-express_reviews,other
Zelda Hulley,1,funny discount removed soon need pay,2026-03-12 14:39:26,0,ali-express_reviews,pricing_discount
Sara Oliver,5,easy shopping fun innovative broad selection,2026-03-12 14:36:42,0,ali-express_reviews,other
Candy Biehle,1,never got stuff paid watch daughter erika kid cup cap head pissed please fix problem,2026-03-12 14:12:58,0,ali-express_reviews,other
Joni Shkembi,1,high price selling diamond,2026-03-12 13:05:50,0,ali-express_reviews,pricing_discount
Jagger Norden,2,price good hate choice thing almost everything choice want buy one thing not three please remove aliexpress,2026-03-12 13:02:02,1,ali-express_reviews,pricing_discount
Jesson,1,brought faulty item refused credit refund unable submit video picture due site not accepting file even though format correct uninstalling mere 12,2026-03-12 12:23:59,0,ali-express_reviews,refund_return
Jamie Harris,1,unsubscribe certain notification category still receive notification category practice unlawful,2026-03-12 10:41:23,0,ali-express_reviews,ads_promotions
Michael K,1,aliexpress reached new low not fail deliver combined shipment multiple item also provided false tracking information paypal block legitimate refund support nonexistent buyer protection complete fabrication escalating fraudulent transaction credit card company force chargeback not trust platform money lie payment processor avoid taking responsibility,2026-03-12 10:28:27,1,ali-express_reviews,delivery_shipping
rrockstaarr,1,terrible app haunt received order well month no refund keep replying someone get back within 2448 hour message every three day still response not buy,2026-03-12 10:18:33,1,ali-express_reviews,refund_return
Cynthia Swartout,1,not unsubscribed still get email not interested company done know still get email unsubscribed wish would stop sending email please thank,2026-03-12 09:46:43,0,ali-express_reviews,ads_promotions
John Ogba,1,bad experience bought fake damaged glass no compensation wasted 3299 nothing not use video camera glass twice stopped charging sudden glass pulled lens disappointed customer service said can not anything mean dispose glass lose money continue give bad feedback nothing done,2026-03-12 09:40:26,0,ali-express_reviews,refund_return
Martin Gray,1,tried ordered thing one offer package arrived yodel left doorstep hour finally got home opened half item missing customer support unable figure want refund item replacing keep trying blame courier edit went horrendous refund process raise refund per item missing got rejected no proof courier didst video opening crazy,2026-03-12 09:22:16,1,ali-express_reviews,delivery_shipping
Hans Ko,1,site dispose factory defect attractive price well advertised one thing shipped another customer service return refund nightmare many already stated done fall scam site,2026-03-12 09:12:24,1,ali-express_reviews,refund_return
Arminas Matulevicius,5,could n't say anything bad like amazon cheaper lot cheaper u get prize,2026-03-12 08:39:04,0,ali-express_reviews,other
Gary Shaw,3,ok play game shop really not,2026-03-12 08:08:25,0,ali-express_reviews,other
Thomas Arthur,5,amazed,2026-03-12 07:25:11,0,ali-express_reviews,other
See Ro,5,lapp è meravigliosa vogliamo di nov per nov tent lofferta del 099 pure 3 article con 3 di discount,2026-03-12 07:21:47,0,ali-express_reviews,pricing_discount
Senzo blessing Cele,5,yes pay,2026-03-12 06:20:22,0,ali-express_reviews,other
Zachary Hernandez,1,signed account instantly got account locked could even make first purchase appealed still didst tell account locked waste time,2026-03-12 05:26:23,0,ali-express_reviews,other
Paris Tunc,1,crime gang,2026-03-12 04:52:53,0,ali-express_reviews,other
Paris Tunc,1,r seller send scam 2kg battery instead 20kg 160 charged 2 week make still stuck limbo read review well known con artist many people l criminal minded company not cancelling fraud everyday multiple time nothing warned put bank case give total black list brand didst listen got email paying willpenalise,2026-03-12 04:45:50,0,ali-express_reviews,ads_promotions
Emily Coleman,5,everything cheap easy order receive time always good product,2026-03-12 01:45:45,0,ali-express_reviews,pricing_discount
Ankur Jain,1,simple word pathetic experience aliexpress best whoever using portal,2026-03-12 01:40:07,0,ali-express_reviews,other
ПСИХОПАТИНА,1,lie every turn,2026-03-12 01:37:03,0,ali-express_reviews,other
Eyo Peter,3,ordering nigeria know one way trip item damaged wont able return live lost serious money almost 100k one seller sent ambled display doe n't work platform doe n't realistic return logistics nigeria like temp take risk go ahead,2026-03-12 01:16:13,1,ali-express_reviews,refund_return
Leashanta Chism,1,wish could give minus package stolen even police report could n't get refund,2026-03-12 01:02:10,0,ali-express_reviews,delivery_shipping
Ruth Mawson,1,account locked live never used aliexpress download thing your account locked tried sign would n't email phone number first no uk code suddenly im aliexpress site go look something please sign phone number please enter valid phone number enter time uk code front please enter valid phone number never uninstalling,2026-03-12 00:58:13,2,ali-express_reviews,ads_promotions
Scott Conder,1,seller photo description misleading price gotten high seller raised price 500 item not worth search algorithm garbage aliexpress need govern seller action better waste much time looking want get frustrated go ebay instead,2026-03-12 00:27:03,4,ali-express_reviews,pricing_discount
Mr Smith,1,stopped accepting debitcredit card,2026-03-12 00:05:51,0,ali-express_reviews,other
Faith McLean,5,love aliexpress there much better another online place buy stuff buy something 2 done spend 20 like website far not disappointed anything bought bought lot stuff month half live bought 100 item not,2026-03-11 23:58:23,0,ali-express_reviews,other
Christopher Atkin,5,thought going like wish temp make wild claim free stuff discount buck weirdest thing happened though telling truth agent making extravagant claim like others one making honor whole family ordering long shipping time downside not even enough knock star tell advance long take,2026-03-11 23:56:47,0,ali-express_reviews,delivery_shipping
Lio B10,1,3 package never received arrived wrong city no one answered 4 mail sent back no refund aliexpress take no responsibility never order,2026-03-11 21:57:21,0,ali-express_reviews,delivery_shipping
Adina L,5,many item see different vendor sure read product review use common sense find great item thing not work like expected customer service help amazing,2026-03-11 21:55:53,1,ali-express_reviews,customer_service
Marcie Graham,1,never got stuff lied mailing source done trust lost money temp better,2026-03-11 21:53:27,0,ali-express_reviews,scam_trust
Dontae Hufflin,5,awesome service never single issue send advertised every single time cant beat price product temp wish nothing aliexpress,2026-03-11 21:14:59,0,ali-express_reviews,pricing_discount
Jo Carbonell,1,order window tint two week ago still nothing guess delivery person wanted package decided not fill order keep moneywhy think thing cheap advertisingthey keep money,2026-03-11 17:23:22,0,ali-express_reviews,delivery_shipping
Ammar M.Ahmad,5,nice app,2026-03-11 16:56:04,0,ali-express_reviews,app_usability
Bridgette Schram,1,horrible business avoid cost missing item order refused refund asked prove never received use temp faster shipping reliable excellent customer service,2026-03-11 16:39:01,1,ali-express_reviews,delivery_shipping
Nicole Trammell,5,fun,2026-03-11 15:29:00,0,ali-express_reviews,other
tjan putri,1,honestly haven experience app could n't use live indonesia downloaded shopping app saw cute bag app opened need choose country region live right searched country indonesia saw neighbouring country malaysia could n't experience full shopping experience hope could add indonesia app please,2026-03-11 15:12:44,1,ali-express_reviews,app_usability
Matas Matas,5,good app im not going lie found garbage item could explode easily,2026-03-11 13:54:08,0,ali-express_reviews,app_usability
D Bier,1,absolute garbage dint suggest app make purchase 50 stolen lose money time sanity no customer service there even less low quality item tried get refund stolen package 5 time said prove one prove shook person hand met app stupid pointless go temp,2026-03-11 13:52:46,0,ali-express_reviews,delivery_shipping
CATCH22,3,seller polite helpful use chat bot item not sent cant get satisfactory answer,2026-03-11 13:23:47,1,ali-express_reviews,other
J,5,really good app product come good shape affordable price,2026-03-11 12:05:12,0,ali-express_reviews,pricing_discount
Sara J,1,no register account,2026-03-11 11:22:59,0,ali-express_reviews,other
Coems,1,ordered charger waited 10 day arrived county order unsucesfull,2026-03-11 08:54:13,1,ali-express_reviews,other
Benjamin Brewer,4,like app good,2026-03-11 08:53:13,0,ali-express_reviews,app_usability
Jaco van As,1,hesitant start trusted gut aliexpress scam wait ever get product robbed not giving way ordered complain put provide solid proof say still not enough proof lost money scam reporting play store well,2026-03-11 08:42:40,1,ali-express_reviews,scam_trust
philip paranthoiene,4,nb never give 5 star anything 4 star maximum issue delivery got country disappearedali express prompt courteous deal eventually refunded full amount purchased item,2026-03-11 08:06:57,0,ali-express_reviews,delivery_shipping
Alex,1,not buy shop doe n't allow use real name customer service even email ai go circle done want buy fine that,2026-03-11 07:43:39,1,ali-express_reviews,customer_service
Alex likes dogs,1,slow show gross image no matter look thing like infection sexual image item say delivered didst get done get refund page refreshes every time try get one cant also thing like swastika l0li customer service doe n't help take 50 picture item return even didst get item literally no way get refund not install,2026-03-11 06:46:07,12,ali-express_reviews,refund_return
Ronnie,1,full scammer constantly spamming email push notification dog,2026-03-11 04:56:46,1,ali-express_reviews,ads_promotions
Ethel Reid,1,not letting pick want,2026-03-11 04:43:07,0,ali-express_reviews,other
Kimberly Dumas,1,sell credit card number,2026-03-11 04:25:58,0,ali-express_reviews,other
Tammy Skifstad,5,useful,2026-03-11 03:40:25,0,ali-express_reviews,other
Craig Maybury,1,app crashing constantly cant access play farm area,2026-03-11 02:53:35,0,ali-express_reviews,app_usability
King Cardigan,4,terrible experience z fold samsung device app cool fold well say confusing confusing can not describe except look like two aliexpress apps running side side done know one use annoying,2026-03-11 02:26:43,0,ali-express_reviews,app_usability
Rob G,1,terrible customer service impossible get money back faulty product shipped,2026-03-11 02:20:19,1,ali-express_reviews,product_quality
Dirty South 316,1,absolute joked not use website absolute joke,2026-03-11 00:23:02,1,ali-express_reviews,other
Hassan Jones,1,not deliver package asked refund replacement ignored never received anything back regarding situation,2026-03-10 23:58:35,1,ali-express_reviews,delivery_shipping
Kevin Mcmahon,4,excellent,2026-03-10 23:47:10,0,ali-express_reviews,other
Matt Schellhaas,5,lalalaley try aliexpress they not freaking scammer trust aliexpress good,2026-03-10 23:33:59,0,ali-express_reviews,scam_trust
Ti to,5,شكرا لجهودكم,2026-03-10 23:33:12,0,ali-express_reviews,other
Eric Laforge,1,always get scammed always find way,2026-03-10 23:15:15,198,ali-express_reviews,other
Zack,1,signed instantly started spamming uninstalled,2026-03-10 21:40:26,1,ali-express_reviews,other
Promise Abumere,1,scammed aliexpress seller accept partial refund defective item yet aliexpress refused no refund complete cd screen purchase fame doe n't fit pouch doe n't touch well followed instruction fix not case complaining overheating frame side heat sink frame small unlike original screen part not touch try another screen different screen order worked,2026-03-10 20:18:45,1,ali-express_reviews,refund_return
Sonia Ikie,1,awful scammer transaction history lost paying good,2026-03-10 19:19:07,1,ali-express_reviews,other
Atif Ahmed,5,good,2026-03-10 17:21:46,0,ali-express_reviews,other
Mike M,2,advertising one thing sending another still waiting customer service get back order,2026-03-10 16:17:36,1,ali-express_reviews,customer_service
Keno Ken,1,worst customer service world keep repeating answer ignoring customer completely also allow many counterfeit fraudulent item like 2tb thumb drive 5 done refuse take obvious scam seem encourage zero care user,2026-03-10 15:46:49,1,ali-express_reviews,product_quality
Enrique El Sato de Hato Rey,2,prefer website app buggy doe n't offer much,2026-03-10 13:31:02,1,ali-express_reviews,app_usability
GTepanator,1,app kept sending one star trouble,2026-03-10 12:59:45,1,ali-express_reviews,app_usability
Evarest Natse,1,ali express worst live following refund 4 month till today never gotten money back app full scammer want money done buy anything ali express,2026-03-10 12:19:25,1,ali-express_reviews,refund_return
Patryk,4,na strong z punktami pokazują się lose uniżki którich nice da się ziskać mono utrudnia zappy edit okaył się że procentowa uniżka book product uwzględina też upon uniżkory nice talk punk naval unaż że nice powinno take ć bo jest iona punk book uniżki,2026-03-10 12:11:14,0,ali-express_reviews,other
Phil,1,trying get simple refund something clearly not going delivered ordered long time ago instead simply refunding money less 3 getting big runaround stupid little bot not refund money least think wont time im finished aliexpress there going wish refunded,2026-03-10 11:37:23,1,ali-express_reviews,refund_return
Russell Perkins,1,disgusting treatment false advertising pair product sold never received claiming one item live got evidence advert order receipt delayed delayed delayed im still fighting refund 2 month line never treated like company seller watch avoider seller total scam ali express enabling many like withholding refund admission negligence,2026-03-10 10:50:39,1,ali-express_reviews,refund_return
Anthoz Duppiez,4,love app,2026-03-10 09:31:45,0,ali-express_reviews,app_usability
Kyri J,1,long term loyal customer clear seller aliexpress work together customer problem arisemisleading advert documented verbal abuse seller legitimately complaining aliexpress really not care act even appealswhen order something probability success return low problem shipping often not coveredcontact support help automated waste time endless loop,2026-03-10 09:12:56,1,ali-express_reviews,delivery_shipping
Misty Vanhorn,5,fast delivery good price item product look good,2026-03-10 07:58:37,0,ali-express_reviews,delivery_shipping
Johan Spruyt,1,not recommend aliexpress ordered item never received tracking appears item never sent no item no refund say item local custom yet contacting custom find nothing supplied tracking number shop risk,2026-03-10 06:37:24,1,ali-express_reviews,delivery_shipping
Xzaevory Gonzalez,3,,2026-03-10 06:16:52,1,ali-express_reviews,other
David GIlmore,5,excellent,2026-03-10 06:11:11,0,ali-express_reviews,other
Angela Stern,1,garbage no comment,2026-03-10 06:11:01,1,ali-express_reviews,other
S LMK,1,really sick constant pop ups ad let purchase peace offs unable turn constant promotional message store flood message center impossible find important message user experience could not possibly frustrating not want play stupid mobile game coin absolute masterclass userhostile hateful design,2026-03-10 05:43:29,3,ali-express_reviews,ads_promotions
Tia Cummings,5,great app love,2026-03-10 04:53:59,0,ali-express_reviews,app_usability
Katelyn Selvaggio,2,bought pair earbuds charger completely broken done work also bought stuff arrived broken unusable,2026-03-10 02:58:21,2,ali-express_reviews,product_quality
Holly Benitez,5,purchased set ear bud 99 live happy im going try make another purchase another great item,2026-03-10 02:35:23,0,ali-express_reviews,other
Kinsley,5,love,2026-03-10 01:40:24,0,ali-express_reviews,other
Meyola chudasama,1,order stuff 1st time customer never received tried get refund also impossible well never use app shop,2026-03-10 01:16:48,1,ali-express_reviews,refund_return
Michael M,1,horrible app customer service,2026-03-10 01:08:04,1,ali-express_reviews,app_usability
Gerri Cooper,1,live enough purchasing thing item come totally different purchased not coming get refund without even let know not coming im not shopping anymore seller crook false advertising straight not good platform buy thing give one star there no less one,2026-03-10 00:51:45,1,ali-express_reviews,refund_return
Angie,1,price not honest add cart select shipping price become higher careful dishonest marketing tell one cheap price charge purchase item,2026-03-09 23:47:09,1,ali-express_reviews,delivery_shipping
Benjamin Van Dermark,1,3 item welcome gift get 3 pay 1 got cancelled late done get thing ordered lost welcome deal,2026-03-09 23:32:33,1,ali-express_reviews,pricing_discount
trish Pyles,1,not load,2026-03-09 23:21:46,1,ali-express_reviews,other
--,1,im not registered google email address forcing useless pc cant sign anymore cant write email address aliexpress reading google play email violating apr,2026-03-09 22:52:26,1,ali-express_reviews,ads_promotions
Mark -,1,cant upload video app requesting refund,2026-03-09 21:28:32,1,ali-express_reviews,refund_return
porscha foster,1,talk false advertisement downloaded prove ps5 advertise ad 1 said yeah right downloaded 90016k plus 4065 shipping fee im sure grab ps5 around 500 shop no shipping,2026-03-09 20:28:00,1,ali-express_reviews,delivery_shipping
Emmanuel,2,login keep logging they 've temporarily suspended account,2026-03-09 20:06:16,1,ali-express_reviews,app_usability
Eric Malcomb,1,nightmare deal placed order saw shipped colorado tried track said didst order even though confirmed paypal first email got back said found order able track want contact customer service tell order doe n't exist account use different one ever one account wont give refund,2026-03-09 18:29:16,1,ali-express_reviews,refund_return
I love Fnaf,5,ι αм ηєω нєяє αη ѕσяяу ι υѕє тнιѕ ƒσηт ι αм 9 уєαяѕ σℓ αη ι ƒιη тнιѕ νєяу σηƒυѕιηg вυт ι ℓσνє ιт ιтѕ ƒυη ωнєяє уσυ gєт αρρѕ,2026-03-09 18:15:45,0,ali-express_reviews,other
Sissie Payne,1,bad customer service,2026-03-09 16:56:06,1,ali-express_reviews,customer_service
Luna,1,item missing order trouble getting money back,2026-03-09 16:33:13,1,ali-express_reviews,other
kourtly dentley,1,done order water time never came win order price went,2026-03-09 15:51:48,1,ali-express_reviews,pricing_discount
A Mamun,1,full fraud scam seller messaging never comfortable always mixed promotional message,2026-03-09 15:39:22,1,ali-express_reviews,scam_trust
Stefan Flavius Chiper,5,cupăraț cu încredere profusely sun de capitate îsaltă ș chair sun forte june indifferent de fatal că sun produce în china nu abut niciodată problem cu cupărăturtle ba chair print niște operate forte avantajoase la produce de la brandi popular,2026-03-09 15:26:03,0,ali-express_reviews,other
adamebrahiem 6,1,terrible keep saying account freezing account risk registration,2026-03-09 15:16:40,0,ali-express_reviews,other
Captain Traveler,1,worst company ever see court,2026-03-09 14:48:05,0,ali-express_reviews,other
Dokiware,1,shipping fee way ridiculous,2026-03-09 14:26:16,0,ali-express_reviews,delivery_shipping
Kelly Baker,3,hi problem app live updated also uninstall reinstalled wont let free gift say keep saying doe n't support viewing local supermarket item please update app latest version done please sort,2026-03-09 13:48:51,0,ali-express_reviews,app_usability
Sal,5,thank,2026-03-09 13:29:35,0,ali-express_reviews,other
Tracey Grimm,5,far always receive delivery earlier stated never problem,2026-03-09 12:34:17,0,ali-express_reviews,delivery_shipping
Chris Smith,1,uninstalled 12 form payment could n't go,2026-03-09 09:57:23,0,ali-express_reviews,other
Hard Catz,1,worst experience try purchase apostle transaction key payed split tabbythe big big problem delivery waiting almost month chat courier no codethey mark delivered done received anything try contact sellerand ask arefundthey refusethey said show deliveredthe big question purchase february 7 paid february 7 tracking number bought january 28 come,2026-03-09 08:34:06,0,ali-express_reviews,delivery_shipping
Steven Brookshire,2,item purchased came expected great price not get two free item first time buyer never came deleted cart promise never fulfilled unsatisfied main reason even started needed item going get bag also liked,2026-03-09 08:32:36,0,ali-express_reviews,pricing_discount
W. Simmons,5,many cool gift,2026-03-09 08:25:34,0,ali-express_reviews,other
Liam Schrape,1,buyer beware bought lego style brick building kit son time purchase finally started working quality poor even adult assistance toy would fall apart slightest movement even trying add next piece model aliexpress seller mi ya toyneither take responsibility make goodwill refund credit moral story check purchase quality quickly receive,2026-03-09 07:04:42,0,ali-express_reviews,refund_return
Eric Thomas,5,great app easy use discount applied automatically fast shipping local store even faster delivery,2026-03-09 05:17:33,0,ali-express_reviews,delivery_shipping
Victor S,3,year usage live noticed something different purchase buying something high rating later open item already bought realize another store item low rating obviously another store owned person like buy something average rating 49 star one store later see purchased another store 41 rating,2026-03-09 05:11:23,8,ali-express_reviews,other
Shermonia Dobbs,5,wait package offer discount play game add order,2026-03-09 04:43:07,0,ali-express_reviews,delivery_shipping
Kevin Rankin,1,taken money 2 occasion never delivered item not provide refund customer service worst send lengthy pasted message no relevance response go back pathetic customer service wrote,2026-03-09 04:12:30,0,ali-express_reviews,refund_return
Davis Ron,5,good app,2026-03-09 03:54:02,0,ali-express_reviews,app_usability
SHaina Callaway,5,by flow 67 since,2026-03-09 03:42:08,0,ali-express_reviews,other
frank quru,1,repetitive irrelevant response never address raised issue directly 2 month since placed order still keep telling transit arrived country 40 day ago see reply stupid still wanting repeat issue see ridiculous response,2026-03-09 03:10:22,1,ali-express_reviews,customer_service
Diane,1,mostly everything bought cheap flimsy junk especially clothing new site bought lot stuff wish haunt could found nicer stuff thrown away dumpster several item never even received complained ignored no customer service phone number tried cancel couple order immediately ordered sent anyway charged despite effort put customer service,2026-03-09 03:00:26,0,ali-express_reviews,refund_return
Travis Campbell,2,good,2026-03-09 02:27:46,0,ali-express_reviews,other
Trisna Di Japan,1,scam order not sent maybe free,2026-03-08 23:13:33,0,ali-express_reviews,scam_trust
Abba abdullahi,5,god app,2026-03-08 22:25:24,0,ali-express_reviews,app_usability
sathish malamkunnu,1,price good temp better aliexpress,2026-03-08 21:31:38,1,ali-express_reviews,pricing_discount
Rick Hess,5,far everything ordered fine order thing need,2026-03-08 19:14:09,0,ali-express_reviews,other
Bertha Mata,5,love continue order update haven purchased anything year someone used info purchased 200 dollar worth stuff uninstalled app miss ali,2026-03-08 19:08:19,0,ali-express_reviews,app_usability
Lion Soldier,3,title great app impossible pay ghana really want use app give 5 star forced give 3 star payment method ghana u not bank account international card use man mobile money mono everything million u ready buy stuck checkout add man mono app 1 choice ghana please help u shop adding local mobile money option,2026-03-08 19:03:02,0,ali-express_reviews,app_usability
Colin Crowley,1,shortest app service ask photo bank card id illegal au closed,2026-03-08 16:37:29,1,ali-express_reviews,app_usability
Victor Hugo,1,minna costa está dandy problem de seuratç na hora de apical coupon torque ó para apical coupon que á error de seuratç david que se fosse una compar else ira day memo bloqueio,2026-03-08 15:49:28,0,ali-express_reviews,app_usability
CRO stress,1,support total joke suggest use app one edit trying contact support 2 open case getting robotic answer 20 time nobody read anything total joke avoid aliexpress,2026-03-08 14:39:18,0,ali-express_reviews,app_usability
Marky B,1,done expect refund avoid robbed customer service ai sends repetitive reply complaint avoid sent link doe n't work reply late deleted app warn others not install,2026-03-08 14:32:21,0,ali-express_reviews,refund_return
Herby Osbourne,1,horrible customer service locked account wont give reason help get back,2026-03-08 13:09:19,0,ali-express_reviews,customer_service
S Marie,1,twice never received item never given refund courier never presented proof delivery time said item delivered hit miss good luck im 70 buck told needed provide proof never received item wheres delivery proof picture scam artist edit contacted aliexpress help center everyday almost 3 week spent hour wasting time no ill never buy anything ever please done waste time money people,2026-03-08 12:52:49,0,ali-express_reviews,delivery_shipping
Ben Hunt,1,done honor fast ship program get run around spend extra dollar get tic to shop,2026-03-08 12:35:23,0,ali-express_reviews,delivery_shipping
roger whittle,4,positive overall sometimes confusing,2026-03-08 11:19:38,0,ali-express_reviews,other
Philip Brady,5,really positive 95 the vendor,2026-03-08 10:33:57,0,ali-express_reviews,other
Ben P,1,using number time last order came broken transit packaging insufficient aliexpress made jump hoop hoop film photo reasonable amount application asked unreasonable long video photo package opened time date stamped showed opening finding broken item not honour refund policy wont using scammer avoid,2026-03-08 10:17:58,1,ali-express_reviews,delivery_shipping
Fractal Codex,1,no way view complete order individual item joke,2026-03-08 08:14:27,0,ali-express_reviews,other
Karel Zegers,3,mostly good advertising behaviour seller pretty bad advertising product price actually ordered change much higher cost example mitutoyo dogmatic vernier memory card seller others no response query request explanation shady behaviour not well dealt aliexpress complained disappointing otherwise good site,2026-03-08 07:27:35,0,ali-express_reviews,pricing_discount
De P,1,consistently got pop saying error order could not completed contacting customer service not help kept getting sent circle,2026-03-08 06:01:26,1,ali-express_reviews,app_usability
Gorebox gaming yt,5,cheap almost item free shipping tho shipping time could faster,2026-03-08 05:43:35,0,ali-express_reviews,delivery_shipping
a7med_fix,1,take item returned refund unfortunately first take item refuse refund cheating unfortunately bad customer service money 1050 u dollar gone not give life,2026-03-08 05:00:26,0,ali-express_reviews,refund_return
Yamileth Vides,1,my may experience con est app no te permit hacker kingún return ni unique el client tonga la rayón yo order do vested de quinceñera environ also totalmente different lo que free yo le envied foot pruebas de lo que estate diciendo ni an a iron la autorización para revolver los vested a que too quedarme con elli solo margate mi diner en est app mi calificación para alixpress e de cero,2026-03-08 04:36:45,0,ali-express_reviews,refund_return
Hjbihb Bjhbihb,1,app crash search,2026-03-08 04:26:43,0,ali-express_reviews,app_usability
Hazator,1,there no new suggestion u ever search click one product till haunt u forever recommendation everything related would thrower u even u interest,2026-03-08 04:26:35,1,ali-express_reviews,other
Pedram Rezaeian,1,app fraud unmatched price approved 38 end 48 shipping time take age charging 10 tax well third time definitely last time ordered something app ill make sure nobody else know make mistake unreliable unworthy time misleading price meanwhile put quality aside,2026-03-08 04:15:44,0,ali-express_reviews,delivery_shipping
Kim Barber,5,good far,2026-03-08 04:08:52,0,ali-express_reviews,other
Bennett Woodsum,2,mad said total 2 dollar charged 10 mad,2026-03-08 02:37:57,0,ali-express_reviews,other
Luis Arroyos,4,working great far,2026-03-08 02:12:34,0,ali-express_reviews,other
Davnar Ragnar,1,app either broken designed deliberately deceive customer spent time building bundle checked list went ahead purchase find item disappeared leaving 10 poorer quality item purchase price given 20 item no way trace transaction see itemised receipt purchase must deal ali express via website secure browser not install app,2026-03-08 02:01:10,0,ali-express_reviews,product_quality
Jasmine Morris,5,awesome,2026-03-08 01:32:57,0,ali-express_reviews,other
Roeleen Bloemhof,2,not spanish email come spanish annoying nothing happens following said,2026-03-08 00:34:54,0,ali-express_reviews,ads_promotions
Delislav Asparuhov,1,much notification spam,2026-03-07 21:51:08,1,ali-express_reviews,ads_promotions
Irina kalpacka,5,страхотно,2026-03-07 21:45:13,0,ali-express_reviews,other
Billy Pierce,1,no good,2026-03-07 20:57:37,0,ali-express_reviews,other
Juan Roldan,1,sucked many ad buggy super hard stop sending email everything take forever arrive also might find 5 dollar item 20 dollar shipping yeah kinda useless,2026-03-07 20:31:42,1,ali-express_reviews,delivery_shipping
Mairaj Aslam,2,high tax app without tax disappointed,2026-03-07 20:22:13,0,ali-express_reviews,pricing_discount
Andy Nisbet,1,massively reduce pointless animation nobody want there not necessary make using app endurance rather enjoyment,2026-03-07 18:45:13,1,ali-express_reviews,app_usability
Kandis Nikol Marek (BATMAN),2,all making app like temp done much like cant order want that done need anymore apps like temp temp suck done temp,2026-03-07 18:30:10,1,ali-express_reviews,app_usability
J R,3,great thing cheap thing suck delivery live building leave lobby floor anyone take not front door,2026-03-07 16:47:47,0,ali-express_reviews,delivery_shipping
parky,1,scammer refuse refund make shipping error uk sanity not choose locker delivery checkout instead tell very deliver locker send email otherwise aliexpress might send stuff different courier unable deliver eris locker unable get refund scammer edit contact help centre think live trying past week,2026-03-07 16:18:37,1,ali-express_reviews,delivery_shipping
Simon Jewry,1,rubbish scam app get burnt didst want give one star not able seems stupid no star,2026-03-07 16:13:24,1,ali-express_reviews,app_usability
FRITOSPORT,1,scammer fraud protect seller store never ship product provide fake tracking number senior team never help get refund item never delivered provide proof yet never help company doe n't honor 20day refund rule stay away thief,2026-03-07 15:46:25,1,ali-express_reviews,delivery_shipping
Adam,1,paid 3 90p deal delivery driver put bin without notice refunded 90p cant get anything im asking get bundledeal back,2026-03-07 15:29:54,0,ali-express_reviews,delivery_shipping
Marie Barrow,4,great app great product,2026-03-07 14:57:35,0,ali-express_reviews,app_usability
Nwaneri Chrisbless,1,delivery tracking process especially electronics gadget coming china terrible time even tracking update stop updating customer service know nothing you 'll dark week no information order whereabouts condition yeah understand delivery time varies but least fv ck in keep updated sometimes feel like uninstalling app stick temp,2026-03-07 13:45:51,0,ali-express_reviews,delivery_shipping
Muhammadu Abubakar abdu,5,good app order thing,2026-03-07 09:49:17,0,ali-express_reviews,app_usability
Great Mogbey,4,good app buy old thing buy high shipping fee,2026-03-07 09:20:04,0,ali-express_reviews,delivery_shipping
Delawno Allen,5,personally app reliable really like selection item affordable exceeded expectation first order overall wonderful app,2026-03-07 08:17:18,0,ali-express_reviews,app_usability
CLEAVER SAMAKAYI,2,improve african service not good app use ordering africa also stop sending ad email,2026-03-07 06:58:50,1,ali-express_reviews,app_usability
Chris Diera,1,gave broken mess toy black suit action figure,2026-03-07 06:42:54,0,ali-express_reviews,product_quality
Trevor Thornborough,3,complicated device system follow time annoying part contact repetitive mailing including immediately straight finished ordering get good there trying encourage purchase damn annoying,2026-03-07 05:47:56,0,ali-express_reviews,other
GalaxyA05s,5,5stars,2026-03-07 05:08:31,0,ali-express_reviews,other
Mark KERR,5,easy navigate,2026-03-07 03:48:09,0,ali-express_reviews,other
Mellissa Cecil,5,fast shipping great product,2026-03-07 03:25:27,0,ali-express_reviews,delivery_shipping
Marisol Chico (TheAmazingDuck),1,lot seller sell extremely cheap item purchase item boost profile sale page make look good reality done item message cancel order price accidentally marked incorrectly another seller told done receive item much would n't know get shipped cancel need urgently one stop store casino store scammer,2026-03-07 02:24:39,1,ali-express_reviews,refund_return
Akun John,4,thumb ups way turn dark theme mode app,2026-03-07 02:14:24,0,ali-express_reviews,app_usability
Mark Santiago,1,useless app especially help center order not ship,2026-03-07 01:53:16,1,ali-express_reviews,delivery_shipping
Nanci-lee,1,app download hope read review first app full scammer want money made purchase past month item lost took week finally get refund reporting company bob monday morning,2026-03-07 01:38:27,1,ali-express_reviews,refund_return
Hector Torres,1,scam people say get controller low price every controller see expensive price honestly never buy every,2026-03-07 00:09:50,1,ali-express_reviews,pricing_discount
Farah Harper,4,amazing really nice product,2026-03-06 22:38:07,0,ali-express_reviews,other
Dallas Jensen,1,text app impossible read graphic hide 90 full description product can not seen uninstalling wasted memory,2026-03-06 22:36:50,1,ali-express_reviews,app_usability
Mustapha Maruf,5,interesting app outperformed among alternative,2026-03-06 22:29:19,0,ali-express_reviews,app_usability
Catherine Gladwyn,5,great no complaint,2026-03-06 20:59:32,0,ali-express_reviews,other
karl haxthausen,1,scam site bad app designed fool product generally bad falsely advertised landor broken arrival app either incompetently structured intentionally confusing avoid sitemap,2026-03-06 20:17:22,0,ali-express_reviews,product_quality
Lillian Ames,1,nothing scammer,2026-03-06 20:10:48,0,ali-express_reviews,other
Ronald Augenstein,1,unable return 15 day received not purchase date took 3 week watch arrive say no purchase account wont buying anything aliexpress done even mean sending message,2026-03-06 19:30:21,1,ali-express_reviews,refund_return
Gracey Kangwa,5,product received ordered take long delivered,2026-03-06 19:18:51,0,ali-express_reviews,other
Boris Dongarov,1,review not app super aggressive ad seem specific aliexpress recently probably stein im referring aliexpress app website opening automatically playing game using app without warning user interaction need stop,2026-03-06 16:23:40,0,ali-express_reviews,app_usability
Cam & Family,5,ali great app almost anything need item purchased exactly asked wanted last longtime,2026-03-06 16:21:07,0,ali-express_reviews,app_usability
Anthony Bawa Lemissah,5,fast delivery satisfying live never disappointed aliexpress keep good work,2026-03-06 15:01:38,0,ali-express_reviews,delivery_shipping
paul alibone,1,problem ali express item not sent time order cancelled 2 week placing order poor tracking update childish promotion making ali express bad temp done use tired pop offer constantly,2026-03-06 14:49:43,4,ali-express_reviews,delivery_shipping
Brandi McDowell,5,love shop,2026-03-06 12:11:21,0,ali-express_reviews,other
Moses Kuyoro,1,done ever buy app seller fraudulent,2026-03-06 12:01:28,0,ali-express_reviews,app_usability
Oarabile Malate,1,4 month haven received package,2026-03-06 11:39:41,0,ali-express_reviews,delivery_shipping
Zied,1,edit already contacted customer service countless time waste time unhelpful app getting worse every day complicated uncomfortable difficult get discount not mention annoying bug error app notably world tour go mission immediately turn loop 5 level rush hour every task lot talk cant say everything review ill give lowest review sorry,2026-03-06 11:19:18,2,ali-express_reviews,pricing_discount
Ivan Lo,5,first time using aliexpress bought old laptop battery quick shipping cheap price surprisingly premium package product quality,2026-03-06 10:54:31,0,ali-express_reviews,delivery_shipping
deli X,1,lie price price look great try check price skyrocket,2026-03-06 10:52:55,0,ali-express_reviews,pricing_discount
Micaelrm,1,good cheap stuff u buy expensive one item defective scam u u get no refund even 30days policy,2026-03-06 10:40:06,0,ali-express_reviews,refund_return
David,1,done install app lying doe n't respect protocol chinese,2026-03-06 10:39:25,0,ali-express_reviews,app_usability
Edward Dibartolo,1,package direct come live bean scared what 30 damage what call aliexpress find self warning done buy thing get scared not get package read bean delivered wast money,2026-03-06 09:39:39,0,ali-express_reviews,delivery_shipping
Lauri Koivu,1,aliexpress used work well nowadays aliexpress not follow rule end paying faulty advertised product recommend temp,2026-03-06 09:33:19,5,ali-express_reviews,product_quality
Mudiwa Sheltoniey Dekeshe,5,best app ever one never disappoint,2026-03-06 09:08:38,0,ali-express_reviews,app_usability
mohamed zahran,1,best app shopping online good price compared others fast shipping sri lanka added tax everything price high compared local market platform doe n't charge extra tax,2026-03-06 08:38:54,4,ali-express_reviews,delivery_shipping
tanya wagenaar,1,ordered 3 x packet specific item apparently order split 2 parcel received first parcel 1 packet trying almost 10 day locate second missing parcel going back forth seller courier applied aliexpress refund missing item declined despite proof submitted done waste time money reliable far cheaper platform,2026-03-06 08:13:10,2,ali-express_reviews,delivery_shipping
Jaselin C,5,great shopping experience,2026-03-06 07:32:47,0,ali-express_reviews,other
John Arcese,1,every order doe n't item purchased stock getting worse every day,2026-03-06 06:09:57,0,ali-express_reviews,other
Tyler Mitchell,1,best place buy chinese counterfeit full price,2026-03-06 06:09:55,0,ali-express_reviews,product_quality
Tara Seranus,5,awesome,2026-03-06 05:46:17,0,ali-express_reviews,other
christolene jaftha,1,bought 25 clear pouch glass 1 purchase january 1 feb done know happened account cant find previous account order lost no trace disappointed ordered hope come,2026-03-06 05:43:17,0,ali-express_reviews,other
Brent Canterbury,3,live selected 3 star bc placed 1st order not received yet good quality add two,2026-03-06 05:33:48,0,ali-express_reviews,product_quality
A Google user,5,edit issue 20192020 response 67 year late not get scared diamond member purchased hundred item however since 2019 received 1 40 order ali refused help lost 100 dollar even freebie cost 20 joke not free cost normally would disappointed scam site playing done protect customer looking alternative site save money avoid,2026-03-06 04:54:27,3,ali-express_reviews,pricing_discount
Daryl Arndt,1,order could not filledwaiting refund order cancelled site joke seller say item stock item sold higher price now see get refund,2026-03-06 03:51:12,0,ali-express_reviews,refund_return
Dave Wurz,3,not user friendly beat item,2026-03-06 03:30:38,0,ali-express_reviews,other
I AM LIMITLESS,1,scam tell there problem item try get pay triple item account beware,2026-03-06 03:16:15,0,ali-express_reviews,scam_trust
Jt,1,ill stick stein shopping site headache deal,2026-03-06 03:08:47,0,ali-express_reviews,pricing_discount
T Bramble,1,bundle discount not showing glitch month click bundle section show price item normal price not bundle discount price use desktop website want bundle discounted price annoying please fix,2026-03-06 02:44:58,0,ali-express_reviews,pricing_discount
MrEdinLaw (MrEdinLaw),1,bad refund policy even seller admits mistake no refund forgot mention sent video opening package denied refund,2026-03-06 00:43:09,1,ali-express_reviews,delivery_shipping
Gabriel Frost,1,downloaded app see hype done trust low price deleted app im still bombarded add tube even blocking several done get want constant add,2026-03-06 00:18:42,0,ali-express_reviews,pricing_discount
Woody O Vazco,1,app scam done buy whit first package stuck 10 day custom requested refund moved package past others carrier always showed proof whit picture delivery last package show delivered front door never requested refund said ho speed request making wait time scam scam scam,2026-03-06 00:15:35,0,ali-express_reviews,delivery_shipping
Jeff Cumberlin,1,app keep installing without permission big red flag,2026-03-05 23:15:45,0,ali-express_reviews,app_usability
DAVID RICHARDS,1,bought medical scooter 50 3 year ago no avail no receive no refund wife cheap hole,2026-03-05 23:15:10,0,ali-express_reviews,refund_return
Harley Molson,2,took account away good first end terrible done know package even coming not get back money,2026-03-05 23:06:27,0,ali-express_reviews,delivery_shipping
Keith Glasgow,1,not received product 3 month bother several time day yet can not get product act send product need,2026-03-05 22:18:30,0,ali-express_reviews,other
Igor C. Alonso Rocha,1,nã claim ness engineçã de model e diamante nã é visual shoppe que é honest diamante e model úthis te lev crew que você via ter descent ma no him o descent ã pífits pique de olio na validate do coupon e do crédits else nã visa quango expire,2026-03-05 22:12:35,0,ali-express_reviews,other
Tanya Nicole,5,favourite app plus game earn coin shop love take time learn work game coin worth mean fun one important thing pay attention review not product actual digital store seller individually give try you 'll love,2026-03-05 19:23:25,25,ali-express_reviews,app_usability
Nicole Stanton,1,price change checkout uninstalled app,2026-03-05 17:26:15,0,ali-express_reviews,pricing_discount
Nimusiima Trussy,5,changed mind ali express rock,2026-03-05 17:23:09,1,ali-express_reviews,other
AL,1,search result often include many irrelevant item many relevant one agent actually available try add cart wasting lot time adding 7 item none coupon advertised u week worked said want valid region even though u make matter worse checkout order confirmed payment failed discount supposedly expired within 5 min took pay,2026-03-05 17:19:02,2,ali-express_reviews,pricing_discount
Tana Wright,1,buying small thing no issue buying furniture bigger thing hassle either wait month tell stock cant ship address delivered not missing part furniture use site trinket cause rest waste time your purchasing u,2026-03-05 17:16:49,1,ali-express_reviews,delivery_shipping
William Appleget,5,watch builder site,2026-03-05 16:30:01,0,ali-express_reviews,other
Sidono Hambayi,4,good far,2026-03-05 14:13:59,0,ali-express_reviews,other
Amanda Albertson,1,got order time 2 product stop working one day using not refund 1 not fair not order anything else company,2026-03-05 13:26:37,0,ali-express_reviews,refund_return
chikara persaud,1,promotional discount scam not apply go check customer service not help either simply lie say expired despite promotion clearly still showing effect,2026-03-05 12:34:22,0,ali-express_reviews,pricing_discount
Rosan Asaraf,4,good,2026-03-05 12:31:05,0,ali-express_reviews,other
Carl Kaufman,4,new update added passkey love yet add passkey cant even use login whats point,2026-03-05 12:22:26,0,ali-express_reviews,app_usability
Rick Chant,1,broken beast merge bos game freeze clicking deliver delivered item disappear no reward issued feeling little robbed giving aliexpress time data without receiving fair reward,2026-03-05 12:17:58,1,ali-express_reviews,delivery_shipping
Diego Garcia,1,discount coin page no longer work,2026-03-05 11:58:59,0,ali-express_reviews,pricing_discount
James,1,item late overseas delivery attempted way back seller aliexpress far making go appeal appeal claim local post office even though provided statement post office way back haven provided evidence local post office despite claim,2026-03-05 11:56:06,0,ali-express_reviews,delivery_shipping
Shahidalikhushik,5,ok,2026-03-05 11:49:01,0,ali-express_reviews,other
Marko Popovic,1,disaster decided collect order different sender one order send causing value single order high thus pay import tax tax good expensive would shop serbia never use aliexpress,2026-03-05 11:43:19,0,ali-express_reviews,pricing_discount
Ken Elliott,1,year passed still zero 2510 zero star prize draw confidence trick misleading avoid zero star 2110 worst thing fake prompted top search sale updated prize draw huge disappointment time wasted prize still lock 69 frozen crash regularly since prize draw update broken like eva help,2026-03-05 11:40:04,12,ali-express_reviews,product_quality
Vlad True,2,возникли проблемы со входом потом с данными в моем аккаунте у меня пропала вся информация о покупках и я не вижу трекинги служба поддержки отреагировала на мое обращение потом начали давать бесполезные советы о чистке браузера и как получить посылки в моем отделении трекинги и информация где и что купил утеряны сказали что больше не могут ничего сделать 3 недели я на нервах ждал дойдут ли посылки дошли связь с продавцами так и не восстановили только давали циклические отмазки,2026-03-05 11:27:02,0,ali-express_reviews,other
Davida,5,perfect,2026-03-05 11:03:54,0,ali-express_reviews,other
Alvaro Solves Fuster,1,problem ai answer aliexpress good luck issue order easily 10 year buying aliexpress im abandoning pity,2026-03-05 10:14:48,0,ali-express_reviews,other
Brenda Trow,5,love shopping home much,2026-03-05 10:14:04,0,ali-express_reviews,other
Teodor Valtchev,1,scammed aliexpress sided scammer returned 30 money still scammed dangerous item cause explosion fire 10 time less capacity state type,2026-03-05 09:19:19,0,ali-express_reviews,other
Jo-Lynn Gruszewski,1,no love apps like consistent temp fanatic upon downloading app promised free gift placing first order becoming new customer yet placed order right chose gift surprise surprise order confirmed im not eligible free gift reason total ripoff lied get sign bad experience ill stick temp,2026-03-05 08:15:35,0,ali-express_reviews,app_usability
Cyber boy,4,made lot purchase aliexpress quite good experience lately im facing difficulty shipping fee 1 item shipping like 50 even please try fixing,2026-03-05 08:05:48,0,ali-express_reviews,delivery_shipping
Penelope ybarbo,5,love,2026-03-05 07:53:25,0,ali-express_reviews,other
William Webster,1,along time buyer aliexpress aliexpress forced download appthat doe n't work original site cant change currency cant check order aliexpress suck,2026-03-05 07:02:50,0,ali-express_reviews,other
Okenwa Joseph,5,happy customer security make keep repeating blessed people love nigeria,2026-03-05 07:02:35,0,ali-express_reviews,other
ismael jimenez,1,lie many price,2026-03-05 06:56:02,0,ali-express_reviews,pricing_discount
Lawal Mariam,5,really like get thing app recently whenever pick product add cart price change previous one saw adding cart,2026-03-05 05:53:44,0,ali-express_reviews,pricing_discount
Kenneth Green,4,find goodie good buyer beware get get sometimes might get something really good sometimes may get something decent time you 'll get something work,2026-03-05 04:33:44,0,ali-express_reviews,other
Tracy,1,downloaded ad said three item 099 done see three item 099 say false advertisement,2026-03-05 02:58:28,0,ali-express_reviews,ads_promotions
Alex,1,bought something coin shadow banned error protect security account request cant processed time 4 week live contacted support least five time completely useless kept saying higher team email regarding shadow ban email kept repeating useless garbage like log like bot also app drain 20 battery 1 hour,2026-03-05 02:36:23,7,ali-express_reviews,app_usability
Muhammad Ali,4,thing go customer service worst blocked payment system not telling reason,2026-03-05 01:38:05,16,ali-express_reviews,customer_service
Reason Brad boy,5,useful serve deliver recommend aliexpress try increase shopping experience,2026-03-05 01:18:17,0,ali-express_reviews,delivery_shipping
Corey Polume,3,good site app enormous number product choose one best delivery update system seen better amazon know package time product review questionable able review product receive would also question lot review not linked product example ordered bike tube used 4 month failed due design fault not able provide feedback,2026-03-05 01:00:57,1,ali-express_reviews,delivery_shipping
Cory Berge,3,bought almost 50 item far like come done everything got good wish want many fake product,2026-03-05 00:58:40,0,ali-express_reviews,product_quality
Hendry Glyn,1,terrible,2026-03-05 00:44:07,0,ali-express_reviews,other
Aarti Rawal,1,scam shop mention item send others done trust app,2026-03-05 00:08:44,0,ali-express_reviews,app_usability
Bęrla Kouzapas,1,literally impossible exchange game point shopping credit due bot snatching immediately,2026-03-04 23:55:01,3,ali-express_reviews,other
David Wilkins,1,ur getting ripped aliexpress,2026-03-04 23:37:04,1,ali-express_reviews,other
stephen thompson,5,transaction made gone great satisfied every purchase,2026-03-04 23:10:09,0,ali-express_reviews,other
Ale M,1,han quito la openón de arrear al carried para un montón de artícults ya no comparé en est platform,2026-03-04 22:21:53,0,ali-express_reviews,other
MGselecta,2,bad haven used cant buy anything everything kind bundle site,2026-03-04 22:02:50,0,ali-express_reviews,other
عبدالله الهاشمي,1,become trash online service ever first changed price higher stop refunding error reasonable refund solving added tax also mean pay payment order shipment tax also around 40 60 percentage tax really stupid service,2026-03-04 21:45:23,0,ali-express_reviews,refund_return
Saiu (Sai),2,love using aliexpress cheap price little niche item find super annoyed app make login every action going account trying look purchase trying look wishlist point despite logging multiple time session im still getting asked doe n't help freeze constantly logging reopen app try look wishlist,2026-03-04 20:20:59,0,ali-express_reviews,pricing_discount
James Friend,1,cheap product poor refund process no option properly dispute returned two product cost 50 post hong kong refunded one two product not receive refund postage cost guaranteed posting contacted aliexpress help centre well 10 time time felt like dead end black hole helpfulness,2026-03-04 19:48:32,0,ali-express_reviews,refund_return
Kathy Borley,1,trying cart have different carting area shipping ridiculous way site,2026-03-04 18:57:20,0,ali-express_reviews,delivery_shipping
December Perez,1,use really enjoy using app done appreciate extremely obnoxious ad see apps fake x ridiculously small one keep making open app simply trying go back game playing annoying making hate aliexpress,2026-03-04 18:47:24,0,ali-express_reviews,product_quality
Taj Tablet,1,shopping credit scam ae give shopping credit watching ad playing game exchange real dollar credit day sold less one second ae know keep promoting credit even though cant make use tell contact customer service like they 'll nice say really want help actually nothing big scam,2026-03-04 17:52:06,24,ali-express_reviews,customer_service
Alex Mzrv,3,getting worse every time popups notification ad ad ad,2026-03-04 17:35:03,0,ali-express_reviews,ads_promotions
Carol Breshears,1,scam vendor,2026-03-04 17:31:30,0,ali-express_reviews,scam_trust
Usman Nuhu,1,useless app please done use app take month package delivered customer service not responding,2026-03-04 17:00:15,1,ali-express_reviews,delivery_shipping
Stephane Cherpit,1,purchase shipped app doe n't knockabout 0 order account pitiful worst appear,2026-03-04 16:28:56,0,ali-express_reviews,app_usability
Farouk Hammad,1,bad deal dishonest courier,2026-03-04 16:28:09,0,ali-express_reviews,delivery_shipping
David Turner,5,u shop online fool done use aliexpress,2026-03-04 16:18:59,0,ali-express_reviews,other
Fernando Uribe,1,package delivered item missing wont refund,2026-03-04 16:12:24,2,ali-express_reviews,delivery_shipping
Yetty Osanyinmuko,1,stop buying aliexpress scammersthey send empty package,2026-03-04 15:40:17,1,ali-express_reviews,delivery_shipping
Helaria Iipinge,4,awesome live chat not active browser,2026-03-04 15:15:38,0,ali-express_reviews,other
Daniel (Lovesteady),1,everything made terrible lie,2026-03-04 14:51:52,0,ali-express_reviews,other
Jay Bee,2,deleted app many scam dodgy item steal app bit muddled compared main website 2026 let try see thing improved,2026-03-04 13:35:12,0,ali-express_reviews,app_usability
Boris Pajovic,3,slow shipping,2026-03-04 13:22:37,0,ali-express_reviews,delivery_shipping
Shiiqa,1,horrible customer service lair,2026-03-04 12:56:25,1,ali-express_reviews,customer_service
Amelia Mizaque,5,nã tenno com que reclaimer jesse applicative top email them album probleminhas ma ada grave á pro frazer vista gross de boa,2026-03-04 12:28:03,0,ali-express_reviews,ads_promotions
David Affram Arthur,2,cancelled order no refund,2026-03-04 12:18:25,0,ali-express_reviews,refund_return
lyle l. Nirenberg,1,numerous warning delayed shipping item break consistently several week month no refund item returned shipping label buyer beware aliexpress falling apart rapidly losing thousand customer full scam extremely low quality,2026-03-04 11:34:40,1,ali-express_reviews,delivery_shipping
Kryztiel Conde,1,told getting 3 4 thing free first time user turned lie im deleting app not returning,2026-03-04 09:57:35,1,ali-express_reviews,app_usability
Hussein Al Obeidi,1,ali express scammed stole money wanted make purchase using paypal account notified payment failed asked use different payment method used payment method accepted checked paypal account found transaction made contacted customer service get refunded paypal didst get help careful make purchase ali express using thief seller platform,2026-03-04 08:28:52,0,ali-express_reviews,customer_service
Afroja Jiva,5,nice item good download service fast item good well recommend download,2026-03-04 07:54:26,0,ali-express_reviews,customer_service
Tina Smart,5,love shopping best,2026-03-04 07:04:13,0,ali-express_reviews,other
Christos Stylianou,1,shipped defective item needed pay return making return not worth also review item doe n't show appear hiding negative review,2026-03-04 06:37:01,0,ali-express_reviews,refund_return
God Ussop,2,good app cheap price good stuff use pay delivery ask card detail really card would choose pay delivery option done use card always used payment delivery know cant even order stuff well ali express,2026-03-04 06:05:05,0,ali-express_reviews,delivery_shipping
Natalie Aponte,4,liked app first used 2023 could add anything cart really cheap price upped there deal stuff price cheap cant add cart suck cut find item way expensive still good deal wish 2023,2026-03-04 05:33:59,0,ali-express_reviews,pricing_discount
Nancy Burgess,1,ordered welcome deal new customer item queen mattress feb 21st told today refunded purchase mattress not coming first thing ordered defaulted not happy app top lost welcome deal good going,2026-03-04 04:34:10,0,ali-express_reviews,pricing_discount
Julian Betancourt Rengifo,1,terrible experience,2026-03-04 03:58:23,0,ali-express_reviews,other
Ali Raza,5,good store great alias may gay,2026-03-04 03:50:34,0,ali-express_reviews,other
Andrea Basquez,1,not recommend said delivered item never received take forever investigate final think giving u 1 coupon make u spent hundred dollar warned,2026-03-04 02:06:22,0,ali-express_reviews,other
Jago (Average_Dude),1,,2026-03-04 01:38:10,0,ali-express_reviews,other
Stefanie Goodrum,3,done rip u like temp item came not working,2026-03-04 00:48:45,0,ali-express_reviews,other
Devon Karle,1,trash done buy company,2026-03-04 00:45:12,0,ali-express_reviews,other
Barry Simpson,5,live unsubscribed blocked arse wipe still jam phone spam important thing checking message spam im hoping deleting app work,2026-03-03 23:05:19,0,ali-express_reviews,app_usability
Tyeanna Robinson,1,order couple thing changed address address stay changed back old address wont refund not let cancel rest stuff order customer service not help,2026-03-03 22:41:06,0,ali-express_reviews,refund_return
Sheila Reed,1,complete utter con artist promote advertise amazing deal like competitor temp unlike competitor actually deliver good done advertise insanely sweet deal never deliver item paid wait seen time item delivered absolutely never never receive delivered item damn shame customer service non existent not order,2026-03-03 22:37:48,0,ali-express_reviews,delivery_shipping
Iskandarbek,1,app become one worst used convenient could easily add different product cart choose quantity pay everything one order there one option buy cant add item cant change quantity cant combine multiple product single purchase thank goodness online store haven removed basic useful feature still add item cart choose quantity time switch,2026-03-03 22:37:44,2,ali-express_reviews,app_usability
Mike Davis,1,ordered place mini pc said delivered never received told writing would not send another refund hate place thank everything asked refund pc still rejected say sorry want still not receive mini pc ordered paid somebody got money though thank much,2026-03-03 21:15:58,0,ali-express_reviews,refund_return
Devin Santana Haraseb,5,great app good price everything waiting time long stressful ordering item receive overall got item wanted,2026-03-03 21:01:15,0,ali-express_reviews,pricing_discount
Mrs B Apraku,1,every thing look fine picture everything super horrible not waste time,2026-03-03 19:49:00,0,ali-express_reviews,other
Rethabile Madileng,3,price item great shipping south africa expensive item,2026-03-03 19:36:18,0,ali-express_reviews,delivery_shipping
oscillator,3,feel ambushed invisible ruthless car sale men sale overdrive max manipulation modewhile become confusion run maze cykleogicly like,2026-03-03 19:13:42,0,ali-express_reviews,other
Pamela,1,horrible app multiple item cart suddenly cart emptied search fill cart made purchase alerted order partially paid card charged 2 time everything no customer service number multiple order coming anyone help get phone number,2026-03-03 18:50:48,2,ali-express_reviews,app_usability
Brian Bloom,1,discount code expired middle checkout truth no discount lie also known false advertising done give money shady illegal company,2026-03-03 18:11:43,1,ali-express_reviews,pricing_discount
Ernie Nagy,2,product description deceptive inadequate price change cart upwards vendor use bait switch product free return ha ha pay 105 return product not order product received not product ordered promise reimbursement instead reimbursement gave coupon future purchase ultimately applied credit future purchase not reimbursement uninstalling app use temp instead,2026-03-03 15:12:07,2,ali-express_reviews,refund_return
_,5,love got stuff two year ago still work that im still platform done think like temp cause not good day,2026-03-03 14:59:07,0,ali-express_reviews,other
Shannon B.W (shayshay),3,would 5 ßtill no package without deception still nothing,2026-03-03 14:58:26,0,ali-express_reviews,delivery_shipping
Sportssure Prediction,5,bihar ni hakka kuna worldwide na aliexpress,2026-03-03 13:47:31,0,ali-express_reviews,other
Jason Sardie,1,absolute rubbish product miss hit way way miss hit stick ebay avoid rubbish disappointing clothing size falsely advertised photo used advertising seriously manipulative totally deceptive 20 purchase live maybe 7 8 parcel quality stuff,2026-03-03 12:31:40,0,ali-express_reviews,product_quality
Tgnsg nsg,5,good,2026-03-03 12:10:40,0,ali-express_reviews,other
Rakesh kathayat,5,good,2026-03-03 11:23:26,0,ali-express_reviews,other
John Mason,1,application joke legitimate complaint not get taken seriously given asking product paid not delivered,2026-03-03 10:45:00,1,ali-express_reviews,other
Miloš R.,1,ordered item something happened not get provided evidence refund decided not give refund proven mistake seller item never came local courier said application also provided evidence,2026-03-03 10:33:10,1,ali-express_reviews,delivery_shipping
Martin,3,coin useless u collect coin use viewed able use everything,2026-03-03 09:05:10,1,ali-express_reviews,other
Yunn Chin,2,confusing non logical app ever waste time,2026-03-03 08:13:00,1,ali-express_reviews,app_usability
Tomasz Jokiel,1,used like recently shipping address showing seller not town distinct happen also name town package not delivered home checked address correct app,2026-03-03 07:37:40,1,ali-express_reviews,delivery_shipping
Sheona Baldacchino,2,late delivery,2026-03-03 06:13:09,1,ali-express_reviews,delivery_shipping
Nikki Brown,2,good morning,2026-03-03 04:17:29,1,ali-express_reviews,other
dominic baloyi,5,deliver,2026-03-03 04:15:37,0,ali-express_reviews,delivery_shipping
Travel,4,,2026-03-03 02:25:03,0,ali-express_reviews,other
Autumn Atkins,1,ad lie can not get 3 thing 99 free shipping try reloads say cant partake deal new user literally made account okay,2026-03-03 01:40:45,1,ali-express_reviews,delivery_shipping
Him Laif,1,beware aliexpress not refund order package sister company cainiao logistics alabama group issued proof loss document,2026-03-03 01:28:12,1,ali-express_reviews,delivery_shipping
Mirian Nieves,1,store took payment never arrived asked store aliexpress intervene ignored would n't problem granddaughter 9yrs old want expecting vanity every time would give time another answer not shipped yet went back forth month no solution warned yet wanted give aliexpress chance store name carlo lied,2026-03-03 00:40:35,1,ali-express_reviews,other
Whitte Cat,2,error like cant use coupon cant play logo match live tried every day still,2026-03-02 23:48:26,1,ali-express_reviews,app_usability
Amanda Jean Shelton,5,lot better temp apps definitely recommend apps deserves lot star rating,2026-03-02 23:34:34,0,ali-express_reviews,other
Matt Deck,1,ordered something 2 week ago still int even left factory live reached provider no response live reached express no response mean kind bad spend money still int receive stuff they 'll talk they 'll discount bought bed mattress still haven gotten still hast even shipped say processed even though they 've taken money everything else,2026-03-02 22:47:24,1,ali-express_reviews,pricing_discount
Noor khoda Amani,5,lovely,2026-03-02 20:40:46,0,ali-express_reviews,other
seun david ademola,4,good app,2026-03-02 20:06:12,0,ali-express_reviews,app_usability
Christopher McKinney,1,scammer heaven not use get scammed 99 vendor scammer,2026-03-02 18:30:46,1,ali-express_reviews,other
Aderaw Aweke,3,ante verse,2026-03-02 17:17:44,0,ali-express_reviews,other
Thapelo Radebe,1,scammed product didst get delivered denied refund avoid app,2026-03-02 17:06:22,1,ali-express_reviews,refund_return
Arjun M,1,no free gift new user enter credit card info say one offer expired,2026-03-02 16:58:29,1,ali-express_reviews,other
Juan Diego Botiva,1,even disabling notification app till keep pushing spam,2026-03-02 16:53:07,1,ali-express_reviews,app_usability
teleportation_ noises,2,ad im unsure people control not please stop ad auto open app love aliexpress im sick,2026-03-02 16:03:41,1,ali-express_reviews,app_usability
callum Williams,1,package left outside property opposite park item stolen refuse anything resolve issue that not mention delivery date take week month low quality tat end arriving awful ap,2026-03-02 15:42:58,1,ali-express_reviews,delivery_shipping
Hazel Fang,2,item come im deleting never reinstalling sketchy hook free item say payment wont work force appeal process requires photo credit card wont accept credit card yet full price item bought literally no payment issue free item risk expiring not resolved soon beyond sketchy done need support underhanded tactic,2026-03-02 15:37:22,1,ali-express_reviews,pricing_discount
Chikondi Nhlema,1,,2026-03-02 15:37:15,1,ali-express_reviews,other
Jason,3,thing keep hiding add cart button done want 10 individual transaction im looking small adapter want add cart continue browsing comparing like app actively discouraging shopping,2026-03-02 14:44:43,0,ali-express_reviews,app_usability
Domantas,5,good,2026-03-02 14:38:04,0,ali-express_reviews,other
Christian Lozano,5,good shipping product time shipping 1 2 week low quality item still work love dollar express,2026-03-02 14:28:36,0,ali-express_reviews,delivery_shipping
Canea Callery,1,robbed either aliexpress very either way not allow apart app 3 delivery delivered incorrect address tracking gas clearly show different location address contacting aliexpress customer service told buffing need contact delivery company one uk ever contacted very know stress,2026-03-02 13:48:56,1,ali-express_reviews,delivery_shipping
Dejunai Jackson,4,work describedbut little game nuisance,2026-03-02 11:19:09,0,ali-express_reviews,other
Kenan YILDIRIM,1,aliexpress not good option opinion done refund full amount returned item there basically no real customer service get automated reply done solve anything still haven able get money back unfortunately complete waste time,2026-03-02 10:40:41,97,ali-express_reviews,refund_return
Danny Harrison,1,used app year 1000 order placed scammed aliexpress order advertised 2tb flash drive product arrived tested space using validrive surprise 729gb available processing return finally get notification want pay return fee total joke spoke customer service said cant anything read system,2026-03-02 10:30:59,1,ali-express_reviews,refund_return
Abey Mathew,1,false promotional price disappear checkout,2026-03-02 10:25:42,1,ali-express_reviews,pricing_discount
Ahmed Yosri,1,buying choose item past 2 year received scam item choose purchase store selling miami mouse received different localbrand mouse not miami mouse cost 12 asked pay 27 top send back china told reimbursed total amount ae voucher no refund seller month negotiation agreed 50 partial refund find ae support team rejecting request scam,2026-03-02 09:46:47,1,ali-express_reviews,refund_return
Antonio Antonelli,1,full scammer got defective item given proof still expect pay return submitted claim european customer center update replied invited reach customer service still claim pay fee clown,2026-03-02 09:41:02,2,ali-express_reviews,refund_return
Raihan Bin Mofidul,1,customer service kept sending copypaste bot reply even case escalated multiple time called senior team every response ignored actually said nothing resolve problem contacted chat online consultation even called hotline no result aliexpress repeatedly claimed issue processed finished problem never solved extremely frustrating misleading,2026-03-02 09:04:29,1,ali-express_reviews,customer_service
Matome Lucky,1,got scammed r4000 two packagesaliexpress investigator helped supplier scam 4k delay matter screenshot evidence supplied promote supplier scamming people extra money ordering live reported supplier nothing done supplier still continues scamming people carefully app rather u alabama safety customer,2026-03-02 08:49:14,1,ali-express_reviews,app_usability
Susan Young,1,delivery time made 2nd march order date made 13th feb 2026 not delivered contacted seller inform would take 70days delivery went ahead cancel order request refund 70days delivery sound like scam,2026-03-02 08:11:16,1,ali-express_reviews,delivery_shipping
Erick H,2,like haggling china price change go every item haggle annoying trying buy one cant add cart checkout predatory discourage toxic thing find something buy combo suck,2026-03-02 07:11:05,0,ali-express_reviews,pricing_discount
Tyler Bass,1,save search sick tired redo search filter every single time hit back app,2026-03-02 06:59:55,1,ali-express_reviews,app_usability
B,1,used app year buying hundred item im moving temp refused refund fake battery ignore scientific fact analysing complaint good riddance,2026-03-02 06:44:48,1,ali-express_reviews,refund_return
mirandia scoggins,1,cant even order nothing whats wrong app,2026-03-02 06:04:51,0,ali-express_reviews,app_usability
R B,1,scam gave price item added cart cart cost several time also shipping expensive said waited certain number hour they promised price came back got even expensive shipping also say get free item choose tell also need buy one expensive item earn free item make confirm exiting multiple time,2026-03-02 05:35:09,3,ali-express_reviews,delivery_shipping
T K Vines,3,,2026-03-02 05:21:55,0,ali-express_reviews,other
Harrison,1,loved started flag cancel order no one would anything fix ridiculous system lost business really enjoying buying figure seller made ton purchase one night try pay pay pal kept kicking im like whatever used card flagged order asked appeal send id cc information bank statement took forever proceeded 2 time,2026-03-02 05:16:43,1,ali-express_reviews,refund_return
Simon Leigh-Lancaster,1,item never came contacting 45 time every time told wait 48 hour someone get touch got boring real quick got refund paypal scummy untrustworthy company account banned,2026-03-02 04:13:29,3,ali-express_reviews,refund_return
Anuli Rivers-Wair,5,resultsomgg easy use item r cheap love keep great work guess,2026-03-02 03:46:24,0,ali-express_reviews,pricing_discount
Michael Seaman,5,easy use great service good price quick delivery,2026-03-02 03:41:00,0,ali-express_reviews,delivery_shipping
Ren Estelle,1,locked could ever place order 5 day appeal process would prevent getting new customer discount use van point think meant discourage privacy disappointing really excited product,2026-03-02 02:28:38,0,ali-express_reviews,pricing_discount
Sarah Stephen,5,best offer discount,2026-03-02 02:12:15,0,ali-express_reviews,pricing_discount
John Scribner,1,not good first impression first piece equipment ordered 45g wifi default password printed label battery compartment tried entering password several device dozen time response always come back incorrect password waited 3 week garbage arrive look like wait 3 week get back 3 week get one back probably wrong password sorely disappointed,2026-03-02 01:12:33,3,ali-express_reviews,customer_service
Paul Bowsher,2,not going download app try find part princeton many ad look,2026-03-02 00:22:44,0,ali-express_reviews,app_usability
Kyle,1,bad website auto directed app page tried search something leaving bad review pissed hate directed install thing ill make choice thanks aliexpress,2026-03-01 23:46:11,1,ali-express_reviews,app_usability
MsShimmeringSue,4,trick annoyingly email link done open app immediately choice stay screen 2 millisecond,2026-03-01 23:19:37,0,ali-express_reviews,app_usability
Valentina Mustafa,1,told order total 90p go bank account find 5 taken please kindly refund 410 aliexpress also depending quality order adding extra star conclusion trust place gone not ordering,2026-03-01 22:55:27,1,ali-express_reviews,refund_return
Chris Mules,5,live bought many great product aliexpress planning buy many normally quick delivery thanks generally product well made great quality,2026-03-01 21:52:31,0,ali-express_reviews,delivery_shipping
lakewolf sunrise,1,glitch trying switch account install app log another account,2026-03-01 21:40:23,0,ali-express_reviews,app_usability
Angela Alce,1,live make account ever since download april not working every single time always slow tell account locked regain access every email havethis worst app ever done even write viewsbut worst app,2026-03-01 19:15:16,0,ali-express_reviews,app_usability
Sajida,1,delivery middle east bad sadly pay shipping every item add wish like stein temp term shipping,2026-03-01 19:10:45,1,ali-express_reviews,delivery_shipping
Saima Munawar,5,but cha app h,2026-03-01 18:37:23,0,ali-express_reviews,app_usability
Sue Bridger,5,love shop,2026-03-01 17:53:15,0,ali-express_reviews,other
Merlin,5,aliexpress great chinese good,2026-03-01 17:44:23,1,ali-express_reviews,other
Moon Lee,2,shipping fee expensive shopping platform no payne paypal payment card number not safe many scam,2026-03-01 16:59:17,8,ali-express_reviews,delivery_shipping
Why Asking,1,issue issue item not delivered no refund possibility get adequate response customer service pretend side deny evidence regarding order not received sad see customer service going downhill,2026-03-01 15:26:30,1,ali-express_reviews,refund_return
Lise,1,stop sending demand please,2026-03-01 15:11:01,0,ali-express_reviews,other
Jason Morgan,1,well downloaded app google play looked around could n't see anything see problem seeing anything white background not dark mode dark theme uninstalled ever add create dark mode version download not,2026-03-01 15:05:20,0,ali-express_reviews,app_usability
Barbara Ranse Hammonds,3,take week order even get shipped done see good reason waiting long,2026-03-01 14:44:22,1,ali-express_reviews,other
Lua,2,pretty good app much faster compared website however besides yield many annoying irrelevant notification charged bank card twice today order without arranging shipping section order silently ignored money charged,2026-03-01 14:15:55,1,ali-express_reviews,delivery_shipping
Citizen ff,5,best,2026-03-01 13:48:59,0,ali-express_reviews,other
Rickard Terfelt,3,update yet another contact aliexpress got refund however cost lot time shopped lot ali resent year problem mostly resolved proof problem gave given proof not enough got obvious scam package wrapping no good several communication session picture video ali seller wain still ask proof disregarded claim,2026-03-01 13:44:18,1,ali-express_reviews,delivery_shipping
Jason Nicholas,1,ill look shitload error ill look boatload error ill select linkload error ill see island error ill buy thatwait about stock ill order therewaitno stock fine ill order seller thenwait another day stock wonder they 'll say dowaitnope load error stock recurring theme,2026-03-01 13:33:11,186,ali-express_reviews,app_usability
Petra Mijajlovic,1,done want help package delivery failed no reason listed tried contact aliexpress spammed no refund no explanation neither get package nor money back worst didst get single explanation,2026-03-01 13:21:23,1,ali-express_reviews,delivery_shipping
Guy Elsenburg,1,beware send incorrect item demand package return back even though incorrectly sent receive nothing harassing message daily,2026-03-01 13:11:42,1,ali-express_reviews,delivery_shipping
Aira Guro,1,aliexpress good disappointed no cash option payment method cant order fix cause not buyer bank account like use cash even worst customer service didst help didst answer complain like doe n't know job,2026-03-01 13:06:16,0,ali-express_reviews,customer_service
Sakura Boo,1,5 free return month unopened denied return buyer beware reached multiple time customer service not aware caught lying return process decided give escalate issue,2026-03-01 12:36:30,1,ali-express_reviews,refund_return
Ruthra Ninel Aicrag,1,aliexpress not filter not sell authentic item experienced several time buying item say not think people know need protection kind seller advertised fraud item done use app also send lot mail ad filling inbox thanks nothing,2026-03-01 12:27:52,1,ali-express_reviews,app_usability
Luis Orjuela,1,not worth hassle get poor quality item sometimes done even get order refund process nightmare good riddance application seller,2026-03-01 11:53:06,1,ali-express_reviews,refund_return
David Watson,1,aliexpress allows seller sell non functional product done match item description platform wary,2026-03-01 11:52:04,0,ali-express_reviews,other
Kudakwashe Chakanya,5,best e commerce app ever,2026-03-01 11:22:49,0,ali-express_reviews,app_usability
Centre Orbit,1,unsafe platform lost 180 pound fake product seller selling fake computer running script make appear higher spec computer eventually fail work thousand fake item sold platform you little protection use paypal poor consumer protection always use credit card instead paypal buy done use aliexpress google fraud active aliexpress huge loose money point,2026-03-01 11:05:13,2,ali-express_reviews,product_quality
Leigh Morris-Ashton,1,paid 5 item got 2 broken aliexpress refused refund even though shop said would refund never got refund item described silicone made cheap plastic total ripoff terrible service shall not ever buying,2026-03-01 10:53:36,2,ali-express_reviews,refund_return
Chandana Spence,5,love program ordered hair get 100 human wig,2026-03-01 10:40:43,0,ali-express_reviews,other
Robert Gregory,3,reduce add,2026-03-01 10:36:47,0,ali-express_reviews,other
Vladimir Berta,1,aliexpress started billing shipping fee product marketed free shipping product 7 euro free shipping charged 5 euro shipping delivery no pay no product charged initially would n't placed order that not business,2026-03-01 09:25:07,1,ali-express_reviews,delivery_shipping
Brian Myers,5,good far,2026-03-01 09:20:10,0,ali-express_reviews,other
Catherine Jung,1,online apps not good take long delivery item give maritime refund money,2026-03-01 09:06:45,0,ali-express_reviews,delivery_shipping
Henry kanayo,5,,2026-03-01 07:19:30,0,ali-express_reviews,other
Peter Jorgensen,1,consistent double tax no receipt bad paperwork no support no service,2026-03-01 06:53:17,0,ali-express_reviews,pricing_discount
Mark Grant,1,ad push install phone no choice say no technological rape fun law,2026-03-01 06:09:24,0,ali-express_reviews,ads_promotions
Adam Zorzi,1,scammer,2026-03-01 05:56:06,1,ali-express_reviews,other
Devon Bond,1,help center stupid bot no wonder done screen seller free nonsense first purchase year get car mat seller sends 1 inch sticker instead spent us300 can not get assistance large company like allow behavior,2026-03-01 04:45:38,2,ali-express_reviews,customer_service
Seren,2,welcome gift scam 2 free item also free shipping pick discounted item get gift nothing actually free,2026-03-01 02:52:31,1,ali-express_reviews,delivery_shipping
Rebecca Jenkins,4,id great not perfect,2026-03-01 01:44:44,0,ali-express_reviews,other
Andri Pech,1,seller cancelled order made refund cant withdraw money app not accept withdraw using original methodpayment paid ohio money turned frozen refund im incapable withdraw nutshell wasted money time,2026-03-01 01:37:50,1,ali-express_reviews,refund_return
Adam J Butler,5,far good place order anything,2026-03-01 00:38:36,0,ali-express_reviews,other
C Taylor,1,purchased package found delivery guy speed x know never going receive package purchased 15 day customer service not helped,2026-02-28 23:14:20,1,ali-express_reviews,delivery_shipping
Shirley Smith,1,not receive potable dryer tracking number scanned po not sent address p stated package another address gave address l cant understand happen no dryer no refund l not deal company company bought potable dryer really needed dryer,2026-02-28 22:29:54,1,ali-express_reviews,delivery_shipping
Duncan Davis,1,worst shopping app ever deleted installed get load electronics project hundred quid worth first thing install 2 free item ok selected 2 buy 2 get ok tried pay paypal kept looping saying took payment saying needed pay useless impossible use buy wanted special offer key popups,2026-02-28 22:23:40,1,ali-express_reviews,app_usability
Michelle Cooley,5,absolutely love aliexpress app,2026-02-28 22:18:25,0,ali-express_reviews,app_usability
April Kimmell,5,good deal need go setting change notification getting often really good deal new customer get pick one deal though take time choose wisely wont regret here tip open account go search bar search thing your interested close reopen save time scrolling deal page u click sustain show u,2026-02-28 20:21:47,3,ali-express_reviews,pricing_discount
Adreana,1,took well month get want even exactly ordered,2026-02-28 19:53:50,0,ali-express_reviews,other
•coconut•,3,good stuff want much shipping tax,2026-02-28 19:00:57,0,ali-express_reviews,delivery_shipping
Abolarinwa David,5,im not getting good,2026-02-28 18:39:49,0,ali-express_reviews,other
Leslie-Ann Albanese,5,ultimate transparency speaker live seller knowing exactly money go paramount small b2b refreshing hopefully tariff reduction human living planet earthman wish actually make money,2026-02-28 18:36:03,1,ali-express_reviews,other
Mikail Maharoof,1,like temp different name scam,2026-02-28 18:21:38,1,ali-express_reviews,scam_trust
Sigge Sigvardsson,2,cancel order there int information cancellation product damaged not even packed showed third ok 2 5 developer replied contacted support know english third language would still consider decent level not understand im trying write problem allowing everything get responsibility feel like probably order,2026-02-28 18:11:57,2,ali-express_reviews,refund_return
Yassine Play,1,haven received package haven received money back scam,2026-02-28 17:47:02,1,ali-express_reviews,delivery_shipping
Mario Guerrero,1,doe n't even thing exercise,2026-02-28 17:19:33,0,ali-express_reviews,other
Ms Sheree L Taylor,3,far ok check back later,2026-02-28 17:18:16,0,ali-express_reviews,other
Mirza Muhammad Nauman,1,useless pakistan charging double tax value item im going uninstall,2026-02-28 17:17:12,1,ali-express_reviews,pricing_discount
Dave Mack,1,bad customer service no problem solution ordered temp already received platform allows scam seller,2026-02-28 16:22:05,1,ali-express_reviews,customer_service
Hans Wurst,1,since 2026 return good value u 10 sent wrong aliexpress pay return shipping price raise of asked support always support either ai moran get brain escalation team send standard answer switch buggy thu lower price blocked playing game needed worldtour game 85 completion progress lost 20 escalated support ticket later 0 progress,2026-02-28 15:20:04,1,ali-express_reviews,delivery_shipping
Brandon Carson,1,im completely done app every time order stuff there always problem yea im give aliexpress bad name rather oder temp least get package time instead wait almost month get yea soon get package aliexpress im deleting app never use app,2026-02-28 15:18:36,0,ali-express_reviews,delivery_shipping
Michael Oyimba,5,best shopping app good delivered fast accurate communicate well recommend u want buy directly china,2026-02-28 13:30:40,0,ali-express_reviews,app_usability
Frazer Williams,5,good glorious app,2026-02-28 12:42:45,0,ali-express_reviews,app_usability
Giorgi Karkusashvili,1,live georgia aliexpress letting use russian version app georgia int russia never never used use global version aliexpress year ago everything turned terrible experience cant even log,2026-02-28 12:03:30,0,ali-express_reviews,app_usability
craig williams,1,rubbish conglomerate not refund order yodel decide leave unsafe place go missingeven though term refund package lostalready touch customer service 18 time numerous appeal not interested deny refund every time response reply,2026-02-28 11:51:40,1,ali-express_reviews,delivery_shipping
Iftikhar Ahmad,1,purchase 5 time distant product product not good,2026-02-28 11:25:57,1,ali-express_reviews,other
Pushpitha kavinda,5,good,2026-02-28 10:29:21,0,ali-express_reviews,other
Otunba Olufemi Omotayo,5,excellently,2026-02-28 09:03:25,0,ali-express_reviews,other
Joshua Carter,1,scam tell thing delivered not utilize chat ask get ai chariot china nothing im money no product show,2026-02-28 07:59:14,1,ali-express_reviews,scam_trust
Peter L,1,deus learn sign properly website try force mobile browser user app app force signing different method whole time shopping cause cart price update random stop forcing people app might work properly,2026-02-28 06:52:24,0,ali-express_reviews,pricing_discount
Mr. Salem,1,bad update searching something checking product go back take home page even use arrow go back thing happens take home screen please fix issue wasting time,2026-02-28 06:45:49,0,ali-express_reviews,app_usability
Cash Fuller,1,not shop platform order never arrived cant make dispute get refund complete scam,2026-02-28 03:21:08,0,ali-express_reviews,refund_return
Chip Helton,5,great far,2026-02-28 03:03:10,0,ali-express_reviews,other
Sony Yang,1,linked x account one twitteraliexpress email signing can not change setting not get notification sent real email,2026-02-28 02:34:23,0,ali-express_reviews,ads_promotions
MKII,3,really buggy slow app customer service agent feel like ai bot waiting return received item incorrectly advertised seller ignore deny mistake really changed thought chinese people let hope get money back,2026-02-28 02:13:13,1,ali-express_reviews,refund_return
donald h samuel sr,1,done show negative one either lost cell phone sent back never gave refund terrible customer service opinion would never ever ever buy anything people that bad far customer service,2026-02-28 00:27:25,1,ali-express_reviews,refund_return
Mike,1,wait longer 3 day two thing get shipped,2026-02-28 00:19:57,1,ali-express_reviews,other
Roe Zohar,1,app not good search option poor choose stuff really bad,2026-02-27 23:32:33,0,ali-express_reviews,app_usability
Claire Mole,1,ordered decided order something nearly 40 scammer stay away quality item int great either not order,2026-02-27 22:54:01,2,ali-express_reviews,product_quality
shadi humeid,1,thief lie scammer worst experience cheat lie allow seller embezzle money not honor deal done feel like pressure payment ask customer service help get bunch empty promise lie 1 coupon nothing done protect hope get deserve,2026-02-27 22:44:43,1,ali-express_reviews,pricing_discount
Jordan H,1,avoided using year reservation quality first time using completely understand avoided return system joke basically squeeze accepting partial refund broken item never use service one done,2026-02-27 22:41:26,2,ali-express_reviews,refund_return
Stanislav Kalashnik,1,bad,2026-02-27 22:29:41,0,ali-express_reviews,other
Keri Spears,1,reading one star becausenwhen ordered something expensiveand telling haven ordered anything live waiting long time,2026-02-27 22:14:54,1,ali-express_reviews,other
Dustin Emerson,2,haven gave stuff yet,2026-02-27 22:13:57,0,ali-express_reviews,other
Ahmed ololade,5,good,2026-02-27 21:31:58,0,ali-express_reviews,other
10 year joint guy,3,great usually get order time not earlier customer service generally useless gave solution went try said solution failed would get back customer service tried ask upfront question possible get refund wanted answer yes no beat around bush learn refund not possible solution gave utterly ridiculous package usually come,2026-02-27 21:30:30,0,ali-express_reviews,delivery_shipping
Eneverem,1,first order never arrived not good first impression wont using product done arrive 0 star possible,2026-02-27 21:23:50,1,ali-express_reviews,other
zadarn Asd,4,hip,2026-02-27 20:26:53,0,ali-express_reviews,other
Anurugwo Virginus,1,bad order clipperthey send accessory money gone,2026-02-27 17:36:53,1,ali-express_reviews,other
chris Fourzan,1,worse temp delivery time terrible rather order tito ship 3 day,2026-02-27 17:25:03,0,ali-express_reviews,delivery_shipping
Fry Eren,1,horrible app horrible service followed official dispute instruction clearly stated return shipping paid seller returned item internationally provided proof delivery refunding item price aliexpress refused reimburse return shipping despite shown dispute page disappointing experience policy inconsistency not recommend,2026-02-27 17:07:07,1,ali-express_reviews,delivery_shipping
Courtney Bigelow,1,paid item next day telling owe not happy ill go back temp done double charge account,2026-02-27 16:25:49,1,ali-express_reviews,pricing_discount
tuffguy48,1,didst install app installed self installed app,2026-02-27 16:05:39,1,ali-express_reviews,app_usability
Michelle Grooms,5,great get 3 item 99 cent,2026-02-27 15:53:00,0,ali-express_reviews,other
Chris Christopherson,1,cancel order still got charged watch price cart check item buy price increase no notification,2026-02-27 14:53:55,1,ali-express_reviews,refund_return
Rao Asif,1,send fake product,2026-02-27 14:15:16,1,ali-express_reviews,product_quality
Kerri,5,favourite shopping app,2026-02-27 13:07:43,0,ali-express_reviews,app_usability
Daz Aylward (DarrenA),5,always dubious purchasing made jump ridiculously cheap price building block set haven looked back long go choice seller purchase protected delivery quick usually week cant recommend enough even get cashback top,2026-02-27 10:44:04,10,ali-express_reviews,delivery_shipping
Jose Goris,1,unable add item cart option buy,2026-02-27 10:40:51,1,ali-express_reviews,other
Rebecca South,1,20 shipping robbery no matter much buy deceiving wont leave alone,2026-02-27 10:27:59,1,ali-express_reviews,delivery_shipping
Iyanu Iyamu,3,experience great suggest change delivery partner speed nigeria experience day concerning delivery appalling better still charge fee delivery,2026-02-27 10:16:26,0,ali-express_reviews,delivery_shipping
David iwu,3,nice app customer service good,2026-02-27 10:05:12,0,ali-express_reviews,app_usability
Hem Bahadur,5,awesome,2026-02-27 09:53:21,0,ali-express_reviews,other
Waliyat Imran,1,rate zero star heartless people wont refund money telling send evidence baby coughing choking nipple replacement complained refund money no sympathy human feeling whatsoever im disappointed trusted height wickedness,2026-02-27 09:49:42,4,ali-express_reviews,refund_return
Jon L,1,avoid refuse let shop due ridiculous check goodbye arsehole,2026-02-27 09:24:36,1,ali-express_reviews,other
Hesham Musabeh,1,poor customer support please use paypal protect payment,2026-02-27 09:16:30,2,ali-express_reviews,customer_service
Bronwynne Theodossio,1,should n't use app purchase,2026-02-27 09:15:32,1,ali-express_reviews,app_usability
Roy Ellis,5,no issue site delivery product described good information package,2026-02-27 06:54:07,0,ali-express_reviews,delivery_shipping
Kamorudeen Ganiyu,5,excellent,2026-02-27 06:32:16,0,ali-express_reviews,other
James Brunette,1,great randomly done receive order zero recourse,2026-02-27 06:18:08,1,ali-express_reviews,other
kerry powell,1,cant believe shipping price one item wanted 10800 shipping test ridiculous coming some place temp free shipping could get item temp would done stock never purchasing anything age,2026-02-27 05:58:56,1,ali-express_reviews,delivery_shipping
Dan Snively,5,far pleased app service reasonably priced product fast tracked shipping,2026-02-27 05:28:18,0,ali-express_reviews,delivery_shipping
Xander,1,pretty u say get coupon item doe n't arrive stated date delayed change date say,2026-02-27 04:51:27,1,ali-express_reviews,other
SMILE JESUS LOVE U,1,many popups,2026-02-27 03:44:14,0,ali-express_reviews,other
Gentry Edwards jr,5,five star giving first time user chance purchasing item ready make use everyday life thanks gentry j edward jr 87,2026-02-27 03:31:37,0,ali-express_reviews,other
Mr E,1,didst receive product full half requested refund refusing saying picture sent done show problem even though received box empty space half product shipping take twice long ebay amazon even temp way way faster app product temp expensive,2026-02-27 01:28:52,3,ali-express_reviews,delivery_shipping
Wayne Beitzel,5,get want go bargain shopping,2026-02-27 00:47:02,0,ali-express_reviews,other
Achraf Mouhsine,1,السعر مرتفع جدا,2026-02-27 00:14:55,0,ali-express_reviews,other
Wanda Rigsby,1,done want app live never used live tried everything stop getting email live even deleted app download try log didst work deleted app im still getting email not want app please done send anymore email,2026-02-26 23:56:57,1,ali-express_reviews,app_usability
D,1,price change quickly not always lower cart time add want cart not depend price stay short amount time new customer say get lower price give price cart not ordered yet finding lower price app online price increase lot app playing game save money price increase take way long save little hard see difference similar item,2026-02-26 23:43:35,3,ali-express_reviews,pricing_discount
donte vail,1,barely support cashapp card,2026-02-26 23:12:29,0,ali-express_reviews,customer_service
Ad,1,poor service ordered part never arrived wont refund joke careful platform,2026-02-26 23:06:52,0,ali-express_reviews,refund_return
Ben Martin,3,200 price hike account bad review range product good delivery terrible always excited find stuff need website disappointed see delayed delayed delayed three week delivery window long enough delivery date keep getting pushed annoying,2026-02-26 23:04:22,2,ali-express_reviews,delivery_shipping
Martin Roa,5,price place still go place get surprisingly quality good give shot also talk directly seller question answer quickly not robot 99 time sceptical app,2026-02-26 19:38:02,0,ali-express_reviews,product_quality
Charles Guzman,1,scammer,2026-02-26 19:19:25,1,ali-express_reviews,other
Joseph Kumi,4,ok satisfied,2026-02-26 18:13:28,0,ali-express_reviews,other
Farah Naz,5,best online product,2026-02-26 17:51:38,0,ali-express_reviews,other
Vako Maglakelidze,1,cool fri ai ad fake everything fake,2026-02-26 17:43:59,1,ali-express_reviews,product_quality
Peah Dorante,5,aliexpress cheap easy use price fantabulous many different variety pick recommend everyone download rated app 5 star pee palmerston,2026-02-26 16:29:38,0,ali-express_reviews,pricing_discount
Rilwanu Maiwada,4,excellent,2026-02-26 14:57:10,0,ali-express_reviews,other
tracy nyaoro,5,excellent,2026-02-26 14:46:00,0,ali-express_reviews,other
Smoothie “Smoothie”,1,scam website done receive product done replace refund even say everywhere website lost almost hundred euro support say git god sad bye bye edit support said low u mad,2026-02-26 14:45:29,2,ali-express_reviews,refund_return
Esther Ayoo,4,first time shopping aliexpress experience good store communication point good took long arrive kenya didst receive expected date,2026-02-26 13:57:12,0,ali-express_reviews,other
Abenether shumet,3,nice update filter not working specially free shipping option not accurate shipping expensive,2026-02-26 13:45:54,0,ali-express_reviews,delivery_shipping
Starme Lipox,5,first would like congratulate aliexpress wonderful job nowadays shipment ghana slow compared past year would like board member address issue behalf fix problem facing hope humble request put consideration thanks,2026-02-26 12:42:21,5,ali-express_reviews,app_usability
Bojan Petreski,1,impossible exchange diamond shopping credit daily refresh gone within millisecond contacted customer service told many people try grab reward every day run right start exchange encouraged keep trying trying last month absolutely no success point collecting diamond feel pointless misleading since realistically no chance redeem,2026-02-26 12:39:09,1,ali-express_reviews,customer_service
Tracy Green,1,temp better price,2026-02-26 12:35:42,1,ali-express_reviews,pricing_discount
Jason Armfield,3,okay cheap thing game lead 30 day 100 day challenge win point never cash challenge irritating task like completing 10 level rush game worst longest play,2026-02-26 12:00:53,0,ali-express_reviews,pricing_discount
C D,1,shopping credit earn near impossible use aliexpress encourages user earn shopping credit watching ad playing game take many many hour earn enough shopping credit exchange actual dollar amount try exchange credit available day gone less one second aliexpress must know customer little chance getting dollar credit yet done really let customer know,2026-02-26 10:07:40,64,ali-express_reviews,ads_promotions
Shaikh Akbar,1,first time issue aliexpress customer service frequent shopper received product issue uploaded picture proof aliexpress didst approved yet keep showing message lack evidence no idea evidence want even send message seller seller read message,2026-02-26 09:50:45,2,ali-express_reviews,customer_service
Michael Anderson,5,love app quick shipping cheep price easy use fun game earn point far favourite shopping app,2026-02-26 07:31:54,0,ali-express_reviews,delivery_shipping
Isra Al-hakim,3,not sure happening app lately glitching lot singing become real pain keep signing still tell sign,2026-02-26 07:30:32,0,ali-express_reviews,app_usability
Sean Gribben,1,tried scam,2026-02-26 06:28:18,1,ali-express_reviews,scam_trust
Sven Jesper,1,one annoying confusing shop apps buy want uninstall,2026-02-26 05:58:15,1,ali-express_reviews,other
TriLife,1,totally overcrowded app much going order information can not sorted one stream data update delivery information etc often repeated cant find information matter can not turn promo spam slider go back allow product good app positively useless stick website,2026-02-26 01:43:09,3,ali-express_reviews,delivery_shipping
Cristina Sanchez,5,best company ever great customer service lot company learn loyalty mean ditched stein long time ago,2026-02-26 01:41:50,0,ali-express_reviews,customer_service
Sincere Sanders,3,no im good,2026-02-26 01:23:23,0,ali-express_reviews,other
Nick Worrell,1,customer service nightmare package fast shipping selected till never arrive time never fulfill claim refund 1 late coupon next order multiple package separate order ordered month ago talking customer service doe n't yield anything false understanding fake sympathy infuriating especially feed fake tracking number want sign amazon view tracking info,2026-02-26 01:05:18,5,ali-express_reviews,delivery_shipping
Elizabeth Grimes,1,not helpful took money debit card not tell could,2026-02-26 00:29:52,1,ali-express_reviews,other
Ayesha Siddiqui,2,much tax pakistan,2026-02-26 00:22:58,0,ali-express_reviews,pricing_discount
Susannah Blood,5,company responds quickly,2026-02-26 00:11:27,0,ali-express_reviews,other
marcia Crumpton,1,thanks place order not deliver item not issue type refund sent screenshot us said unpaid postage item not delivered uninstalled kept item refund,2026-02-25 23:30:14,1,ali-express_reviews,delivery_shipping
Colin Biggs,1,not getting delivery address spent 150,2026-02-25 23:05:10,1,ali-express_reviews,delivery_shipping
THE D3AD P1X3L,1,terrible app keep loading,2026-02-25 21:41:22,1,ali-express_reviews,app_usability
Laura,1,awful experience cant purchase anything sends loop signing never able finish order uninstall ed minute,2026-02-25 21:10:32,1,ali-express_reviews,other
Mary Lanier,3,like temp easy get trouble keep wanting spend money done always,2026-02-25 20:48:08,0,ali-express_reviews,other
Jan Rebekah,1,ordered mosquito killing lamp not working also rest product ordered low quality,2026-02-25 20:04:06,1,ali-express_reviews,product_quality
Brandy Jones,1,shop ali express often year live never problem purchased wig feb 4th feb 9th marked delivered never received contacted live chat explained never received purchase sent called proof delivered look proof picture different place stair next pic address int mine explained still haven made right im pissed,2026-02-25 19:38:38,1,ali-express_reviews,other
Cannon “Cannon”,1,everything seems rip offs another product lead uninformed customer buying product incorrect description getting wanted simply done believe spent hundred nothing authentic nothing made far without broken piece similar issue,2026-02-25 18:06:48,2,ali-express_reviews,product_quality
Simon Pickering,1,frustrating sneaky advertising example find ad 10 time picked specific 100every time try send item back get locked account robot try talk beyond uselesslike talking bunch scammer pakistanindiaby end conversation pant taken money moral storythese people scammer hind behind bent law,2026-02-25 16:38:15,2,ali-express_reviews,ads_promotions
Beckie Tharp,5,great,2026-02-25 16:09:41,0,ali-express_reviews,other
Rise_Above,5,much going app game sale app lag lot,2026-02-25 15:19:28,0,ali-express_reviews,app_usability
Sime akter,5,tell u optional,2026-02-25 14:38:01,0,ali-express_reviews,other
Richard Connor,1,poor,2026-02-25 14:36:02,0,ali-express_reviews,other
XQFXUOGL FDSMKLIP,1,,2026-02-25 13:51:41,0,ali-express_reviews,other
Simon Wright,1,terrible customer service need return item wont provide clear return address large item cant use po box courier large send postal service keep getting given useless instruction going circle frustrating tried 6 time get address keep getting answer follow instruction none read request terrible,2026-02-25 13:18:52,2,ali-express_reviews,delivery_shipping
Muhammad Eissa,1,eu resident open complaint etc get aliexpress legal info ask ai case frustrating package lost ask call carrier refused share loss report because not sender request refund 5 time rejected 5 time still loop done know get money back,2026-02-25 12:54:53,1,ali-express_reviews,delivery_shipping
Siraj Ahmed,1,seller delivers defective item,2026-02-25 12:49:10,1,ali-express_reviews,other
Kyra Robins,1,amount pop ups cant buy unless want put stuff basket deal not product deal click something take pay ad bad temp,2026-02-25 12:42:06,1,ali-express_reviews,pricing_discount
Joshua Billman,1,trash done waist time claim 3 item 99 cent click pay charged 14 dollar joke click bait 100000000 ill never suggest app anyone,2026-02-25 11:26:10,1,ali-express_reviews,app_usability
Kelly McCloy,2,there many bug app atm scroll thru feed click item not super slow show completely different item throw algorithm feed continues shoe item agent interest haven even able place first order get benefit welcome deal give looking frustration,2026-02-25 08:34:32,4,ali-express_reviews,pricing_discount
George Shimo,5,good,2026-02-25 08:24:42,0,ali-express_reviews,other
Igwenagu Ifeoma,5,app good doe n't hidden charge,2026-02-25 07:50:46,0,ali-express_reviews,pricing_discount
Redge Jelliman,1,buying aliexpress easy receiving parcel nightmare,2026-02-25 05:50:14,1,ali-express_reviews,other
David Lim,1,worst experience make official report regarding seller make fake listing url section not correct hence clearly right one first last app disappointment,2026-02-25 05:47:23,1,ali-express_reviews,product_quality
John Murray,1,avoid beware android device buy there load fake device salad return good they 'll provide photo return label you 'll print mail company wont print,2026-02-25 05:46:15,1,ali-express_reviews,refund_return
Mohammed sameh elawady,1,شركة حراميه قمت بطلب منتج وظهر ان به خلل لا يعمل وعندما طالبت بأرجاعه قالو انهم لا يستطيعون الارجاع ويجب ان اذهب لشركه مختصه بالشحن وارسل لهم الطرد مغلف ثم يتم فحصه الى اخره مع العلم طلب الارجاع تم في نفس يوم الاستلام,2026-02-25 04:57:02,1,ali-express_reviews,other
Nia Pia,1,scam,2026-02-25 04:54:57,1,ali-express_reviews,scam_trust
M Wahid,1,bad app,2026-02-25 04:44:56,1,ali-express_reviews,app_usability
AHMED SALEH,1,scammer,2026-02-25 04:23:16,1,ali-express_reviews,other
J C,1,turn damned annoying music,2026-02-25 04:02:48,1,ali-express_reviews,other
Logan King,5,love app everything work ton unbelievably cheap thing amazing quality 1000 better temp never knew app existed cant live without,2026-02-25 03:10:54,1,ali-express_reviews,product_quality
Cyrus taba,1,entered number asked email every time entered asked tried two different one still,2026-02-25 03:07:07,1,ali-express_reviews,ads_promotions
Sharon Rees,5,excellent service,2026-02-25 02:34:17,0,ali-express_reviews,customer_service
Dale DuBowik,1,hack personal info see,2026-02-25 02:20:24,1,ali-express_reviews,other
denngsi,1,horrible experience sold defected phone stopped charging 2nd day online support always giving false hope robotic email answer decline gave video document proof could not charge bill verified phone repair shop saying phone taken apart someone else company make not even new get phone value proof not good enough never hated shop like much,2026-02-25 02:05:57,2,ali-express_reviews,pricing_discount
Bonnie Burton,2,used good no matter much money got card want accept paypal got there unreasonable used like easy pay checkout enough money buy anything improve app im uninstalling app many problem,2026-02-25 01:50:12,0,ali-express_reviews,app_usability
Colleen Williams,5,excellent,2026-02-25 00:49:27,0,ali-express_reviews,other
Mr Sin,2,bad experience done buy electric stuff mostly disappointed started returning item said first return free not others going give one star non electric item good cheap,2026-02-25 00:03:01,0,ali-express_reviews,refund_return
Angelia Pleasent,5,im happy everything,2026-02-25 00:00:27,0,ali-express_reviews,other
ghvzt,2,done know done use done use,2026-02-24 23:13:09,0,ali-express_reviews,other
Diane Bausch,1,took nearly 1 month get country get email say delivery unsuccessful starting think live scared no idea courier track parcel not happy,2026-02-24 22:32:29,1,ali-express_reviews,delivery_shipping
Mustafa,1,not straight point,2026-02-24 22:14:00,1,ali-express_reviews,other
Nikodemus Niinkoti,5,im happy app l received order time,2026-02-24 21:48:57,0,ali-express_reviews,app_usability
Haroon tariq,4,app amazing separate menu affiliate also refer buyer product seller response customer not promising usually send customer container house throughout journey no response satisfied customer hopefully ali solve matter,2026-02-24 21:16:15,0,ali-express_reviews,app_usability
Osagie Osas,5,tough still work last,2026-02-24 21:09:04,0,ali-express_reviews,other
Del,5,give 5 star however could would give 5 star apparently let anybody sell aliexpress wife ordered 6 item package never got tracked four five time day six month ago delivery man said sheila refused sign would not want package 5 six refunded 6th refused refund insists received although delivery say not screen store,2026-02-24 19:21:14,1,ali-express_reviews,delivery_shipping
Fahad Al Maliki,2,problem return item not return back not buy something expensive piece advice money fly any,2026-02-24 19:12:46,1,ali-express_reviews,refund_return
Artak Khashkhashyan,1,much wrong damaged item absolutely not recommended,2026-02-24 19:08:10,3,ali-express_reviews,product_quality
Hafiz #21,5,easy buy,2026-02-24 18:05:58,0,ali-express_reviews,other
Zaid Bhatti,1,horrible app horrible people passionately hate co probably assaulting someone money not accept return request not recommend wanting purchase item bulk lot,2026-02-24 17:59:08,2,ali-express_reviews,refund_return
David,3,edit ai customer support service poor ai previous45 probably best place online shopping reliable scammer exists purchase ok aliexpress doe n't deserve blame scammer use make change drastically nerf scammer,2026-02-24 16:14:15,1,ali-express_reviews,customer_service
stephen amos,5,good range product,2026-02-24 15:49:30,0,ali-express_reviews,other
William Khoemarga,1,apps probably scam,2026-02-24 14:45:54,1,ali-express_reviews,scam_trust
Sir Meowington,1,probably never buy unless stop using speed way make sure shipping int coming going postal proper delivery service like fedex ups,2026-02-24 14:45:03,2,ali-express_reviews,delivery_shipping
Ronishia Towns,5,all package delivered app not scam all actual money costed 306 item 2 free plus discount 3 item came house today think one day actually,2026-02-24 14:44:46,0,ali-express_reviews,delivery_shipping
Steve C,2,although app bloated collecting point etc there plenty choice delivery relatively quick plenty notification update big problem either done receive item incorrect item ordered simply faulty problem begin even sending plenty photo comprehensive description video aliexpress usually side seller problem int resolved ordering aliexpress last resort,2026-02-24 14:03:47,10,ali-express_reviews,delivery_shipping
Richard Menhinick,3,app not perform well tablet text big display area restricted portrait mode making difficult find select product quickly even current large screen phone make app look clumsy amateurish difficult use,2026-02-24 13:20:54,1,ali-express_reviews,app_usability
Nay Nay,5,love,2026-02-24 13:19:37,0,ali-express_reviews,other
Robert Juda,1,got robbed money beware buyer,2026-02-24 12:03:26,2,ali-express_reviews,other
MONDI BUNGAJA,1,app allows costume collect every package place place extra charge product buy even pay shipping also give subcontractor make u pay extra payment delivery albania done use app,2026-02-24 12:00:33,2,ali-express_reviews,delivery_shipping
Simon Hall,1,terrible customer service wrong size item delivered messaged choice support photo showing wrong sized item customer service didst understand difference size ordered size sent rejected return even item sent back update reply tried customer service 3 time time rejected return could n't metric size ordered 13mm size received 14mm size photo showed 14mm rejected every time use temp,2026-02-24 11:57:27,3,ali-express_reviews,refund_return
David Sykes,1,horrible logistics no package no refund,2026-02-24 11:22:47,2,ali-express_reviews,delivery_shipping
Rainer S.,1,use aliexpress cheap item prepared write case 10 order addressed correctly arrived2 got stuck week 7 got dumped nearby no 11 arrived airport jan 31 want handed custom 17 day custom cleared 11 hr 7 day later without even bother arrange last mile local courier recipient contactable aliexpress want contact courier china chinese website no endconsumer support,2026-02-24 11:22:26,2,ali-express_reviews,delivery_shipping
Alex M,2,great variety good price there lot time wasting app excessive notification stupid game,2026-02-24 09:45:19,1,ali-express_reviews,pricing_discount
Piter,1,sent broken airline control panelthey wont send new one wont refund money many store aliexpress sell defective good problematic get money back appeal result aliexpress customer service regarding request carefully revisited proof provided including newly updated proof found proof not effective enough prove claim request exceeded aliexpress protection period,2026-02-24 09:23:51,3,ali-express_reviews,refund_return
Megan Ramdin,2,hi wish say something positive feeling disappointed placed order paid still waiting delivery sent email no avail seems like place might get response contact tried tracking order placed order via google suppose the 3rd party also downloaded app cant reason track order not show any help please rosa megan,2026-02-24 09:17:55,1,ali-express_reviews,delivery_shipping
becky wise,5,highly recommend no trick advertisement work perfectly no hidden fee purchase best app,2026-02-24 09:14:29,0,ali-express_reviews,pricing_discount
Maysoon Abdelhamid,5,رائع,2026-02-24 07:50:29,0,ali-express_reviews,other
Tommy Yang,1,everyone head done shop scammer app not give u refund put ur account creditchina seller scammersits better u go amazon ebay,2026-02-24 07:20:16,2,ali-express_reviews,refund_return
Jayden Hendy,5,great,2026-02-24 06:35:17,0,ali-express_reviews,other
ザカリーエイケン（Aiken）,4,update experience aliexpress improved bit useful part need someone day project repair not ideal everyday purchase since shipping expensive overall ok,2026-02-24 05:40:13,0,ali-express_reviews,delivery_shipping
Zoltan Bartha,5,good app tracking work great,2026-02-24 04:55:03,0,ali-express_reviews,delivery_shipping
Mil .Wanmoon,5,literally cool bro thought scam sorry actually not like thing affordable get benefit new member order arrive based come sometimes come late that reasonable honestly oh package arrive safely live already got many thing love aliexpress da goat fr,2026-02-24 04:44:42,0,ali-express_reviews,delivery_shipping
Cresta Bills,1,im grateful read review that sell right away also save lot apparently frustration waisted time especially shipping that way long store id cheap no way ill stick amazon temp others sufficient no headache sanity shipping return policy,2026-02-24 02:40:25,2,ali-express_reviews,delivery_shipping
Shadell Beggs,1,not giving money back,2026-02-24 02:17:08,2,ali-express_reviews,other
Keandre Singleton,2,ordering really slow,2026-02-24 02:13:51,2,ali-express_reviews,app_usability
Among us,1,many ad stealing data without permission,2026-02-24 01:59:00,2,ali-express_reviews,ads_promotions
jason packer,4,navigation requires backtrack main screen go account annoying,2026-02-24 01:38:21,0,ali-express_reviews,other
Jt Bradshaw-Smith,1,didst give package,2026-02-24 01:36:45,1,ali-express_reviews,delivery_shipping
the trash gremlin,5,great app problem fixed quickly,2026-02-24 00:01:01,0,ali-express_reviews,app_usability
Muhammad Waseem,5,happy,2026-02-23 23:56:31,0,ali-express_reviews,other
Gauge Mullins,5,mon said really good app opinion actually get free stuff,2026-02-23 23:32:49,0,ali-express_reviews,app_usability
رواد التاجوري,5,cool,2026-02-23 23:09:53,0,ali-express_reviews,other
Lisander Doda,1,even report email spam change sender address not possible stop email not sign,2026-02-23 22:36:40,1,ali-express_reviews,ads_promotions
Lester Campillo,1,terrible service misdeliver package tell pound sand talk courier purchase store told talk shipper hire make sure go credit card still get money back better yet done buy app developer response edit think talked customer service told contact courier would not help not even appeal kept denied courier misdelivered,2026-02-23 22:27:30,2,ali-express_reviews,delivery_shipping
Hazem Ali,1,ordered product aliexpress arrived faulty returning became nightmare delivery service repeatedly missed scheduled appointment around 56 time causing major inconvenience top aliexpress customer service failed properly address issue repeatedly declined return despite fault side hassle faulty item no resolution aliexpress not refund amount not ordering,2026-02-23 22:24:36,13,ali-express_reviews,delivery_shipping
Rini Baxi,2,ordered product aliexpress arrived faulty returning became nightmare delivery service repeatedly missed scheduled appointment around 56 time causing major inconvenience top aliexpress customer service failed properly address issue repeatedly declined return despite fault side hassle faulty item no resolution aliexpress not refund amount not using platform,2026-02-23 22:24:04,0,ali-express_reviews,delivery_shipping
MALCOLM RICHARDS,2,showed 6 lamp bundle one arrived remote not work,2026-02-23 22:23:59,0,ali-express_reviews,other
Zarmeena Khan,1,scam fraud banned,2026-02-23 22:21:50,1,ali-express_reviews,scam_trust
Lorenz Meier,1,terrible experience,2026-02-23 21:05:05,1,ali-express_reviews,other
Bernard Eardley,5,got lot thing money,2026-02-23 21:04:26,0,ali-express_reviews,other
Joe Herig,1,custom service horrible sent completely different doll one order paid 68 customer service lady said come clothes blue eye lied got nude doll eye keep falling hair wont stay head return police make wait 90 day said get return not guaranteed inspect return even fault not recommend store im done shopping,2026-02-23 20:05:28,2,ali-express_reviews,refund_return
Tom H,1,item cart changed price moment added new payment method credit card cheaper one doubled 086 230 around 10 15 euro ridiculous pretty sure legal country really think people gon na fall and check 150 money planned reported,2026-02-23 19:20:13,1,ali-express_reviews,pricing_discount
Gagandeep Tahim,1,worst customer service,2026-02-23 19:10:50,1,ali-express_reviews,customer_service
David Wilson,4,great,2026-02-23 15:25:05,0,ali-express_reviews,other
Melicho Mduda,5,best app ever based honest no update product price product price low ali express still high,2026-02-23 15:04:58,0,ali-express_reviews,pricing_discount
Jack Gartland,1,sold data within couple hour,2026-02-23 14:52:33,1,ali-express_reviews,other
Philip Quinn,1,want return something ignore you tried contact customer support get robot telling working tit simple case sent wrong stuff sort tout,2026-02-23 14:44:35,1,ali-express_reviews,refund_return
Terry Steele,4,wish way clear message order you 've already received message center make confusing,2026-02-23 13:49:57,1,ali-express_reviews,other
###,1,bloated limo almost 1 gig storage shopping app way much also loyalty program require playing mini game no fun take much time enable notification prepared flurry notice hard set dozen notification category,2026-02-23 13:14:47,2,ali-express_reviews,app_usability
Robin Gillam,1,claim done receive item get refund contacted let know received order except elsa wand ordered granddaughter treated like lying escalate case specialist think going try get free item would 2 item didst receive since treated thief im done app update still got b done order rip,2026-02-23 12:02:53,1,ali-express_reviews,refund_return
nickyp234,1,no customer service,2026-02-23 11:29:18,1,ali-express_reviews,customer_service
Muhammad Fawad,1,loser app,2026-02-23 11:04:54,1,ali-express_reviews,app_usability
Shane Williams,1,extremely poor experiencenon delivery item virtually impossible follow ali express,2026-02-23 10:12:48,1,ali-express_reviews,delivery_shipping
asif shaikh,1,stupid customer service poor service disgusting app product worse ever make favour self never use aliexpress rather use chinese app like temp shin,2026-02-23 10:07:06,2,ali-express_reviews,app_usability
Michael C,5,using aliexpress good live not issue take bit time delivery certain product overall quick enough reasonable price amount product unreal anything everything good,2026-02-23 10:03:49,2,ali-express_reviews,delivery_shipping
Terri Turner,5,say amazing price,2026-02-23 09:58:06,0,ali-express_reviews,pricing_discount
Lavanda Violette,1,normal platform buy product gaming platform fun not possible redeem diamond point year simply not allow exchange costumer service useless always escalates case never result issue game reward 2 year waste time done play game not get reward,2026-02-23 09:46:35,5,ali-express_reviews,customer_service
It'sNotJustice ItJustIs,1,initially bad experience guy needed information purchase made ordered thing quickly reminded stopped using,2026-02-23 08:50:42,1,ali-express_reviews,other
Lency Gooden,5,app updated waiting see promotion,2026-02-23 08:13:14,0,ali-express_reviews,app_usability
Amy Winter,1,worst app ever used doe n't deliver package keep saying delivery issue not even sure give refund requested know not get delivered know address not use app plus take long package get u talk bot u issue better sticking amazon temp walmart anywhere else true rip site not use,2026-02-23 07:02:06,1,ali-express_reviews,delivery_shipping
00bartek00bartek00,1,easily misguided positive review product store disappointing experience limited review refund timeframe make easy lowquality seller avoid responsibility product break month leave buyer no option platform extend protection better support honest customer seller,2026-02-23 04:42:28,1,ali-express_reviews,refund_return
bryan walden,5,awesome,2026-02-23 02:52:16,0,ali-express_reviews,other
Scott Fleming,1,impossible redeem game point voucher constantly say restocking game within app complete con never get cash voucher help desk completely useless google need take app fraud still no way get voucher google doe n't care google must remove blatant fraud app store 30 second voucher sold every night impossible get aliexpress conning people,2026-02-23 01:05:26,18,ali-express_reviews,app_usability
Dalila Hm,1,experience went bad since latest update world tour go asking mission loop cant even skip,2026-02-23 00:34:40,1,ali-express_reviews,app_usability
Merritt Rahn,2,tried order several item took forever user unfriendly app ever used tried pay whatever reason would n't take card tried use another card completely erased order tried contact ali virtually impossible immediately uninstalled app,2026-02-23 00:27:27,0,ali-express_reviews,app_usability
MD Mamunur Rashid Mamun,5,everything good,2026-02-22 23:46:36,0,ali-express_reviews,other
Anton Litvin,1,bad user interface lot spam notification difficult search beyond constant ad setting scrambled,2026-02-22 23:44:06,4,ali-express_reviews,ads_promotions
Yasmin Karam,1,live uninstalled app last week they 've shadow banned 2 month point not use auto clickers login different deviceslocations preventing playing favourite game merge bos whole app became painfully slow spoke customer service 45 time give spiel nothing get sorted enough,2026-02-22 23:44:02,1,ali-express_reviews,app_usability
Anouar B,1,much marketing email sims act report spam,2026-02-22 22:58:16,1,ali-express_reviews,ads_promotions
Oliver Kelly,3,not bad bug,2026-02-22 21:08:27,0,ali-express_reviews,app_usability
Omary Mbwana,5,good platform buying good delivery,2026-02-22 20:28:01,0,ali-express_reviews,delivery_shipping
taimur abbasi,3,nice sometimes image item done load,2026-02-22 17:56:32,0,ali-express_reviews,other
Giulia,3,iii question app entirely fast fashion product,2026-02-22 17:49:33,0,ali-express_reviews,app_usability
Muhammad Masood,1,fake company sell fake product,2026-02-22 17:16:30,2,ali-express_reviews,product_quality
Joey J.,3,price low enough app buy without option put cart reason deleted,2026-02-22 15:48:58,0,ali-express_reviews,pricing_discount
John Sweet,1,overall poor quality app product item received seem vary ok although often cheap chinese knock offs not quite matching description would n't recommend need decent quality generally ok cheap alternative done mind risk defective product customer service useless get something faulty quite likely make virtually impossible claim,2026-02-22 15:20:08,33,ali-express_reviews,product_quality
KAYODE AJAYI,5,awesome,2026-02-22 15:01:16,0,ali-express_reviews,other
Trae Patterson,1,much add,2026-02-22 14:52:56,0,ali-express_reviews,other
Geørge.6,1,scam system impossibility redemption many user platform like geddit report soon shopping credit become available often specific time like midnight instantly sold within millisecond user feel cheated time spent playing game earn diamond believing system designed impossible win potentially using bot small allocation,2026-02-22 14:50:17,5,ali-express_reviews,scam_trust
Charbel Elias,1,scam platform bad app bad support bought 2 item received one one received come damage refuse refund refused refund money missing one delivery via australia post done buy app contacted help centre nothing no guarantee purchase via app,2026-02-22 13:04:34,3,ali-express_reviews,delivery_shipping
Jennifer Ponce,1,take money account place order pay 3 99 cent shipping fee tax total came 222 got 222 taken account night woke checked account ended taking 1480 hassle get order cancelled cancelled 2 item still not wanting cancel 3rd item,2026-02-22 12:41:05,4,ali-express_reviews,delivery_shipping
Dale Brown,3,good stuff find annoying constant bombardment add whenever access city app ali one open within find annoying live uninstalled,2026-02-22 12:18:26,0,ali-express_reviews,app_usability
tuan manh vu,1,kind scam show shipping guarantee get coupon package late never seen coupon customer service not helpful done waste time money,2026-02-22 08:36:15,3,ali-express_reviews,delivery_shipping
Nicole O'hehir,1,paid much poster sticker cancelled order never gave money back emailed several time never got back,2026-02-22 08:34:29,4,ali-express_reviews,other
Tara w,1,whats point offering choice bundle order item courier mail company cant never deliver item australia make pal spend money done receive good courier wasting time delivering wrong address steal,2026-02-22 07:49:58,1,ali-express_reviews,delivery_shipping
Matthias,2,bad support experience told there shipping hazardous volatile carcinogen agent labeled shop shipped like regular good without user notice via regular shipping line aliexpress thin packaging english iq poor done even understand two two case contact issue shipping chemical end user like agent even aware necessary safety protocol,2026-02-22 07:35:28,1,ali-express_reviews,delivery_shipping
Jester Lebowski,1,dirty unsanitary product report bedbug mite inside product packaging done buy aliexpress majority counterfeit electrical fire hazard anime product counterfeit illegal resell u cellphone charger fire hazard done follow safety law report fabric item bedbug mite infesting customer home aliexpress sued shut aliexpress allows intellectual property theft,2026-02-22 06:52:26,1,ali-express_reviews,product_quality
Joseph Farley,1,im pretty new user app live tried buying thing however recently purchased item either didst work wrong description even one purchase purchased first transaction didst go purchased sent duplicate receiving item company would not take back hundred dollar hour hour time trying get confirm return stay away,2026-02-22 06:09:00,4,ali-express_reviews,refund_return
Mango Tango,4,love app especially like online aesthetic great trinket accessory bigger go quality scale buy press nail shoe hair clip etc get pay due diligence get good stuff thing live bought year ago still use day no issue buy thing hard break regardless quality eg desk mat enamel pin trade price speed tho delivery u 24 week,2026-02-22 05:26:03,4,ali-express_reviews,delivery_shipping
A'Jewell Davis,1,love god please remove stupid buy feature cant even option place cart useless genuinely ruining entire app,2026-02-22 04:23:02,1,ali-express_reviews,app_usability
Mikolop Harmeszka,1,overall try get much time possible file advertstiment ramification eventually get shadowbanned without explanation without real support,2026-02-22 04:16:20,1,ali-express_reviews,customer_service
CHICO SMITH,5,satisfaction guarantee,2026-02-22 03:01:00,0,ali-express_reviews,other
Nadir Mian,2,tone notification even order update notification notification still continuous unnecessary update way delivered really needed,2026-02-22 02:35:17,1,ali-express_reviews,app_usability
S,1,buy expensive item cancel one month no penalty fraud seller listing expensive item hold money get interest long time good low price item offer good get cancelled one month item stolen delivery take 2 month refund,2026-02-22 02:26:10,6,ali-express_reviews,delivery_shipping
Bill Graham,1,totally suck ordered item 3 week later still hast shipped get daily message pay yet payment made day order let see get refund contact bank theft,2026-02-22 01:22:11,2,ali-express_reviews,refund_return
Dwayne Miller,1,ordered stuff took money never received item,2026-02-22 00:49:58,2,ali-express_reviews,other
Timothe Lampkin,1,app not right app delivery taking forever not recommend,2026-02-21 23:29:57,2,ali-express_reviews,delivery_shipping
Thomas Carney,2,never buy clothes pokemon card fake,2026-02-21 22:21:44,0,ali-express_reviews,product_quality
Ron Meikle,1,app wont show category right automotive show stuff not handy your looking tool,2026-02-21 21:14:41,1,ali-express_reviews,app_usability
S “S N” Nadaraja,2,site user unfriendly no logo go back order instead shipped shipped logo doe n't help much tracking joke email doe n't current tracking number reached local airport expected delivery unknown site need work make usable,2026-02-21 21:12:57,1,ali-express_reviews,delivery_shipping
Peter Street,1,lost many sale not allowing add thing cart forcing buy instead done buy anything really dumb id honestly pay item able put damn cart,2026-02-21 21:08:13,1,ali-express_reviews,other
Jackson,5,excellent experience,2026-02-21 21:06:10,0,ali-express_reviews,other
Afzaal Mian,5,issue aliexpress seller resolved aliexpress help centre thank refund,2026-02-21 20:07:23,0,ali-express_reviews,refund_return
Rigz143 Boykin,1,thought great till bought labuan n suddenly cant find address ugh package made fine one total ripe say contact carrier chinese cant contact total ripped please help,2026-02-21 20:03:41,1,ali-express_reviews,delivery_shipping
Dark AlchemyXEX,1,lost 9800 stolen package aliexpress said got there nothing done aliexpress update reply aliexpress refused refund directed courier stated delivered went back forth no resolution,2026-02-21 19:59:01,4,ali-express_reviews,delivery_shipping
Rohit D,1,easy use find item never crashed straight forward order update customer service another ballgame ran problem order sharing clear photo wrong item sent supplier original packaging explicitly showing issue measuring tape asked provide date stamped video unpacking item ridiculous save headache buy reputable source customer service non existent,2026-02-21 19:34:24,3,ali-express_reviews,app_usability
George Corris,4,like way thing work app,2026-02-21 19:09:41,0,ali-express_reviews,app_usability
Stephen Allen,5,product arrived within timescale described good condition,2026-02-21 19:07:13,0,ali-express_reviews,other
Celine Murray,1,avoid good selling fake good especially android device software nowhere near supposed returning something give photo return label you 'll print mail company may not,2026-02-21 18:16:37,1,ali-express_reviews,refund_return
Adams Mallory,1,never loaded app got hacked,2026-02-21 16:21:38,2,ali-express_reviews,app_usability
Femi Femlad,3,good app cheap affordable suggested u reduce shipping fee would buy good 300 shipping fee 2000 plus something,2026-02-21 16:07:09,0,ali-express_reviews,delivery_shipping
Riva Levitt,1,good value find look carefully delivery charge could 3 time cost item homepage not user friendly choice random object low minimum compared similar site recently item doe n't arrive damaged photo not enough supply sometimes impossible proof like impossible post office document wont take responsibility bad packaging no list item package no late compensation lost 1,2026-02-21 16:03:27,10,ali-express_reviews,delivery_shipping
Alan Morris,5,aliexpress excellent easy use clear understand app work well need shopping platformapp developer done good jobthank you,2026-02-21 15:55:28,0,ali-express_reviews,app_usability
S A,1,worst customer service ever deleted account 10 year day day get worse yesterday tell package not arrived city still say prove prove end didst received package lost hard working money dealing customer service not taking sec read understand done waste money go temp amazon allegro etcjust read replay showed,2026-02-21 14:40:19,2,ali-express_reviews,delivery_shipping
Nikola Jovanović,3,tryže mi da claim još mako je see planćno cent sega je bill ipod 5000 dinar š je mane od 50 era,2026-02-21 14:12:56,3,ali-express_reviews,other
NIRO SAN,5,perfect shopping app,2026-02-21 14:08:44,0,ali-express_reviews,app_usability
Travis Bone,5,usually pretty good always ordering something app,2026-02-21 13:30:20,0,ali-express_reviews,app_usability
Shah Alom,4,good,2026-02-21 13:00:59,0,ali-express_reviews,other
Sam Austin,1,many scammer got bad product aliexpress would n't send courier pick return expected post back china wait approved refund contacted customer service 6 time time refused send courier 사기꾼 같은 판매자가 너무 많습니다 불량 제품을 받았는데도 aliexpress는 반품 택배를 보내주지 않았습니다 제가 직접 중국으로 반송하고 환불 승인을 기다리라고 했습니다 고객센터에 총 6번이나 문의했지만 매번 반품 택배를 보내는 것은 거부했습니다,2026-02-21 12:48:06,4,ali-express_reviews,delivery_shipping
Tokuijin,1,still haven received refund customer service abysmal,2026-02-21 12:36:59,3,ali-express_reviews,refund_return
Penelope,5,love aliexpress ordered many many time always received order although item take arrive make sure read product specification item ensure getting think ordering,2026-02-21 11:29:34,1,ali-express_reviews,other
Rayna Stoyanova,1,next fake app price expensive description always incorrect searching algorithm present pear search tomato worst thing claim buyer protection item delay which not true and want contact support ask simple no option reach support heeded somewhere deeply avoid aliexpress not year ago,2026-02-21 11:22:06,4,ali-express_reviews,product_quality
Norbert Gal,1,parcel got lost very email confirming still aliexpress said not enough proof get refund money gone im wasting time chasing refund talk,2026-02-21 11:04:29,2,ali-express_reviews,refund_return
Han Sytsma,3,app getting worse day kind unwanted popups fast checking int possible anymore the unwanted rubbish,2026-02-21 11:02:32,3,ali-express_reviews,app_usability
Peter,5,great app great price great service always check around best price platform like watch seller say offer deal outside platform say no order via platform protect,2026-02-21 10:54:22,0,ali-express_reviews,pricing_discount
Wasimgondal9 Gondal,5,aliexpress good app purchase many time app fast delivery cancel parcel refund back soon problem app people show picture thing try purchase devil different purchase make sure item different,2026-02-21 10:11:45,0,ali-express_reviews,delivery_shipping
Pseudonymous,1,customer support garbage time wasting human give robotic response done directly address issue no respect customer time effort senior rep done address problem copy paste script edit response aliexpress reply think came experience complain terrible customer service robotic reply done address actual concern response refer customer service,2026-02-21 09:57:59,3,ali-express_reviews,customer_service
A Google user,1,careful buy anything fragile aliexpress possible open item presence courier agent confirm intact aliexpress blame broken item,2026-02-21 09:04:46,4,ali-express_reviews,delivery_shipping
Cyphon,5,wow app 10 10 every order make safely delivered,2026-02-21 08:11:58,1,ali-express_reviews,app_usability
Mark Pettengill,5,tell love window shopping,2026-02-21 07:20:06,0,ali-express_reviews,other
*Chrissy* R,5,love shop,2026-02-21 06:12:18,0,ali-express_reviews,other
Dinesh Mirpuri (D'Gaia),1,horrible experience verify say sent email nothing come email,2026-02-21 05:12:53,2,ali-express_reviews,ads_promotions
G H,1,scammer abundant mail empty package piece trash package impossible dealing aliexpress get refund your left try work bank,2026-02-21 05:09:11,1,ali-express_reviews,delivery_shipping
Ankit Kapuria,1,worst customer service ever,2026-02-21 04:40:44,2,ali-express_reviews,customer_service
Brittany Behnk,2,price way high deal still hight,2026-02-21 04:25:41,1,ali-express_reviews,pricing_discount
microRiZu,1,item cost pakistan 10 tax 15 joke item affordable first glance checkout pay least 90 150 item actual value not even funny want like back early 2025 ordered many thing fix shipping im ordering item chinese seller pay 050 upon receiving parcel door aliexpress become big joke maybe use yunexpress,2026-02-21 02:21:18,3,ali-express_reviews,delivery_shipping
Jo Mutt,1,didst receive item got empty bag slit shipping label no refund yet,2026-02-21 00:52:03,1,ali-express_reviews,delivery_shipping
Goodnews Okesola,5,enjoy ordering something app trusted,2026-02-21 00:32:33,0,ali-express_reviews,app_usability
tsukwii,5,love app live using two year everything live ordered mostly arrived without problem interface section great purchaserefund method good recommend buying ꈍᴗꈍ,2026-02-21 00:21:31,0,ali-express_reviews,app_usability
Imiennik Nazwijski,1,die night mode,2026-02-20 23:46:47,0,ali-express_reviews,other
Md Mehedi12,1,ভল ন,2026-02-20 22:15:56,0,ali-express_reviews,other
Daniel,1,app suck give specific information ignored led goose chase no wasting time see ya,2026-02-20 22:03:19,0,ali-express_reviews,app_usability
Tori,1,ordered three item november right said would delivered december side note never received anything february march never order stein demo wayyyyy better plus done waste money,2026-02-20 21:45:15,1,ali-express_reviews,other
Jennifer McBride,1,one game told not receiving prize not available region,2026-02-20 20:51:49,0,ali-express_reviews,other
Who Who,1,ordered twice first time came late damaged second time yet receive package no way get customer service order plan waiting week cancel order also website almost impossible read print live tried everything increase phone,2026-02-20 19:14:24,0,ali-express_reviews,delivery_shipping
Taran Deol,1,worst customer service,2026-02-20 18:58:00,0,ali-express_reviews,customer_service
Danice Dolar,1,birthday ten day still need package arrive app say delivered clearly hast also tried contacting courier not answer live trying past two day,2026-02-20 18:26:30,0,ali-express_reviews,delivery_shipping
Marlene Stemple,3,ok cant play game tablet cause game large doe n't fit,2026-02-20 17:21:14,0,ali-express_reviews,other
osama daou,1,useless lebanon supper high shipping rate,2026-02-20 15:17:00,0,ali-express_reviews,delivery_shipping
Night Yuu,1,everything suddenly unavailable search something is suddenly gone,2026-02-20 14:46:06,0,ali-express_reviews,other
Ruan Rhind,1,aliexpress promotes buyer protection 1830 item lost seller authorised courier dump unattended outside unit publicly accessible complex never told authority leave enabled tracking showed delivery 12012026 happened 712026 want home without requiring signature returned package gone despite clear proof ae refuse refund try make pay seller mistake response new review,2026-02-20 12:49:52,3,ali-express_reviews,delivery_shipping
Eugen Pries,3,overall pretty good notification message seller keep pinging even tho message blocked deleting message seemingly worked opening app awhile cause notification trigger guess message reappears also searching item select select store sell looking around store going back return 2 step back search result instead back store main page inconvenient,2026-02-20 12:06:41,1,ali-express_reviews,refund_return
John Westray,1,although great price great choice use risk number parcel delivered not containing ordered one occasion received wooden fork instead inverter ordered seller proof postage available customer service hell deal avoid better trader available,2026-02-20 11:56:12,2,ali-express_reviews,pricing_discount
A Google user,1,carefully ordering want item price not seem purchase incorrect could n't locate sale invoice claim refundreturn seller aliexpress asked help unrealistic demand offered no assistance hit miss company avoided lacking profession,2026-02-20 11:55:26,4,ali-express_reviews,pricing_discount
Ofer Shemesh,1,poor customer service business ignore customer product doe n't get customer business ignore doe n't refund beware im editing let know aliexpressed reached still didst take responsibility anything good job folk,2026-02-20 10:29:36,1,ali-express_reviews,refund_return
Michael York,1,never know happen click something,2026-02-20 10:04:09,0,ali-express_reviews,other
Timothee Cox,1,want refund back since december,2026-02-20 09:48:10,0,ali-express_reviews,refund_return
Woofles Nookington,1,ever get refund ill bump review 5 star,2026-02-20 09:35:04,0,ali-express_reviews,refund_return
Vaeh,5,much katy perry thing,2026-02-20 08:44:15,0,ali-express_reviews,other
Glenda R,4,little better tempo wish id spent money,2026-02-20 07:05:19,0,ali-express_reviews,other
Dean K,1,sorry told all good thing shopping past tent far im starting like aliexpress better shopping am shipping time little longer expect get order reason far haven wrong oops wrong big scam community ship stuff doe n't get delivered promised help done done stand behind customer time really need guess,2026-02-20 06:37:29,1,ali-express_reviews,delivery_shipping
Ion Popescu,2,chaotic,2026-02-20 06:25:10,0,ali-express_reviews,other
Fozan Z,1,waste time money effort new builtin delivery address locator saudi arabia misleading choose address provides wrong national address hand local cheap courier contracted aliexpress read national address say remote area done bother read detailed written address that done get purchased item delivered can not even contact courier name left blank,2026-02-20 06:09:37,3,ali-express_reviews,delivery_shipping
Ryan Barron,5,great made many good purchase vulcan 650,2026-02-20 05:01:26,0,ali-express_reviews,other
E.S. Roarke,1,b run temp decided download app every called new account offer said want eligible didst live area eligible item clicked ad want available check back later free gift 1st time user also clickbait scam page come im not eligible yo scroll hell done stop b instead basically scamming people,2026-02-20 04:35:24,61,ali-express_reviews,app_usability
Mehrzad,5,great price,2026-02-20 04:17:09,0,ali-express_reviews,pricing_discount
neutral,4,great app never problem buying another commerce give access lot seller best tip buy trustedwell rated store recommend,2026-02-20 02:08:19,0,ali-express_reviews,app_usability
David Mosson,1,absolutely shocking customer service purchased branded item broke 7 day use outwith 15days return period effectively told go away tough luck nothing absolutely despicable service would recommend stay away app,2026-02-20 00:35:25,2,ali-express_reviews,refund_return
Keirsten Griswold,5,fact im unable play logo match customer service cant seem help nor fix app work great hope glitch figured corrected soon possible,2026-02-20 00:06:51,0,ali-express_reviews,app_usability
Emiliano Miguel Esteban,1,la pruebas de 1 no function for ma que te alias para ma de 100 product james te elite no dispose de darkmode en today la section casa la vista,2026-02-19 22:11:00,0,ali-express_reviews,other
Vibexz,1,banned account no reason try sign show reason literally say id sometimes till say something random honestly would give negative star couldupdate contacted told go customer support however cant account frozen wont allow anything account there anyway help please email,2026-02-19 21:56:07,7,ali-express_reviews,customer_service
Elton Mamo,1,not trust app send terrible low quality item requesting refund no one aliexpress speaks fluent english refuse provide refund can not understand,2026-02-19 19:45:15,1,ali-express_reviews,refund_return
Monica Mensah,5,problem switching account,2026-02-19 19:23:45,0,ali-express_reviews,other
Leonardo “Lionheart” K.,4,good experience seller cant see feedback,2026-02-19 19:22:22,0,ali-express_reviews,other
Ka'Nia Glass,1,no longer shop aliexpress due loss money item multiple order attempted delivery beginning january never ordered december march no item update tried talk customer service said order were n't paid ended chat middle horrible customer service live never issue like said never shop,2026-02-19 19:02:19,16,ali-express_reviews,delivery_shipping
Nazik Osman,5,friendly user app easy deal,2026-02-19 18:20:05,0,ali-express_reviews,pricing_discount
Willie Hooper,1,one worst delivery apps ever seen life done working number contact customer service period 3weeks since placed order yet still nothing guy please not order nothing people take money everything complete scam head,2026-02-19 17:05:24,0,ali-express_reviews,delivery_shipping
Godknows “Nna” Chinda,5,great job,2026-02-19 16:50:05,0,ali-express_reviews,other
Bianca Stanca,5,love guy much all got demon slayer sticker live searching long time,2026-02-19 16:07:38,0,ali-express_reviews,other
Ben Love,5,experience aliexpress not bad best website order thing,2026-02-19 15:21:20,0,ali-express_reviews,other
Teri O.,4,okay,2026-02-19 15:15:38,0,ali-express_reviews,other
Kashvir Deepchand,5,used ali express good amount purchase feel good writing review no issue service singular occasion package not shipped date stipulated ali express immediately cancelled order gave full refund would recommend,2026-02-19 13:25:31,1,ali-express_reviews,delivery_shipping
Vincent,1,way confusing navigate cart price changing listed item,2026-02-19 13:02:33,0,ali-express_reviews,pricing_discount
sani nuhu (Binnuh),5,best seller,2026-02-19 12:10:10,0,ali-express_reviews,other
Surv. Anthony Kwesi Takyi Turkson,1,placed order made payment order still show order awaiting payment customer service doe n't seems way help,2026-02-19 11:53:13,0,ali-express_reviews,customer_service
NOVA 2021RDX,1,bad experience hamas sorry due high demand shipment taking longer usual everything ship order quickly possiblethank patience,2026-02-19 11:13:26,1,ali-express_reviews,delivery_shipping
Andre Smith,5,work really well meant notification become bit much everything changed setting downside im finding many thing low,2026-02-19 10:45:40,0,ali-express_reviews,ads_promotions
Orrian Moulton,5,aliexpress dollar express best,2026-02-19 08:33:08,1,ali-express_reviews,other
Burner,1,stop using speed delivery,2026-02-19 08:16:39,0,ali-express_reviews,delivery_shipping
Ian Edwards Sr,1,gon na give 5 star using cashapp afterpay long time tell cant im not u well im u app broken ill update fix app,2026-02-19 07:29:25,0,ali-express_reviews,product_quality
Johannes Gudnason,5,awesome,2026-02-19 05:24:18,0,ali-express_reviews,other
Noah Friedman,1,cant get damned thing upload photo phone permission fine never upload can not finish dispute resolution without able upload evidence,2026-02-19 04:48:48,0,ali-express_reviews,other
Antonio,4,great variety awesome price,2026-02-19 04:12:17,0,ali-express_reviews,pricing_discount
Conor Morgan,1,used great aliexpress switched last mile delivery agent either delivers month late not deliver customer service primarily ai not provide refund not use aliexpress,2026-02-19 04:05:59,2,ali-express_reviews,delivery_shipping
Monique Parker,1,scam checkout item 3 total including tax free shipping take 15 account got refunded never trusting edit refunded went ahead took another 14 im starting lawsuit,2026-02-19 03:12:02,2,ali-express_reviews,delivery_shipping
Mishy Wishy,1,purchased watch cilium self operating store arrived faulty clear photo video evidence despite offered refund 18 price unacceptable processing return take 23 hour time plus week waiting extremely disappointing seller fix mistake not buyer feel scammed disheartened never shop aliexpress,2026-02-19 02:38:03,0,ali-express_reviews,refund_return
Alexandra Tuquerres,1,discount charge moment pay fraud app change fast charge triple regular price,2026-02-19 02:16:18,1,ali-express_reviews,pricing_discount
S H Lam,2,keep hanging upon launch,2026-02-19 02:05:53,0,ali-express_reviews,other
Moussa Gueye,1,awful ordered jacket receive pant try send video fact doe n't work allow video 10mb basically less 5 second int nearly enough show proof total scam avoid app,2026-02-19 00:59:40,0,ali-express_reviews,app_usability
sravanthi dodda,1,negative expectation app please done download one told free return available done take return send damaged piece,2026-02-19 00:13:18,0,ali-express_reviews,refund_return
LilBookie Baby,5,great,2026-02-18 23:38:10,0,ali-express_reviews,other
jacob,5,aliexpress nice place get thing good price america can not compete,2026-02-18 23:25:29,0,ali-express_reviews,pricing_discount
Juan Fresneda,1,app since last update reboots cant use tried uninstalling cleaning everything happens,2026-02-18 23:10:13,0,ali-express_reviews,app_usability
James Morgan,1,scam central avoid like plague,2026-02-18 21:49:01,0,ali-express_reviews,scam_trust
Doc Jackson,1,ridiculous bought genuine leather jacket seller welcome arrived obviously want made leather also label translated via google translate clearly stated jacket 92 polyester 8 spandex immediately contacted ali ignored absolute evidence fraud instead allowed seller continue selling fake repeatedly refusing claim went credit card company gave refund,2026-02-18 21:12:24,3,ali-express_reviews,refund_return
nnamdi ejiofor,5,great app using buy thing world,2026-02-18 20:55:05,0,ali-express_reviews,app_usability
Ste Morton,5,good indeed,2026-02-18 20:48:11,0,ali-express_reviews,other
Best Plan Seguros,1,fraudulent seller,2026-02-18 20:07:28,0,ali-express_reviews,other
renita wuyts,1,downloaded app ordered wedding dress specially checked return dress site mentioned return order free not satisfiedbut horrible experience didst like dress asked return seller bluntly said no pay return opening dispute discussing almost 3 week lost case money wasted ali express not good platform,2026-02-18 19:50:40,3,ali-express_reviews,refund_return
lindsey kirk,3,well free gift got taken cut accidentally pushed back button say nothing free gift,2026-02-18 19:31:43,0,ali-express_reviews,other
Saminu Hassan,1,way told aliexpress one best trusted online market that give trial purchase item promised delivered 15 february date 18 february still waiting no item no money thinking people scammer,2026-02-18 18:33:33,0,ali-express_reviews,other
faith ilwsre,5,good seller app pleased,2026-02-18 16:58:02,0,ali-express_reviews,app_usability
Ashlee Hernandez,1,app scam ordered stuff didst arrive tried get refund logged,2026-02-18 16:38:31,0,ali-express_reviews,refund_return
Thebi Pheta,1,counterfeit good separate item ordered scam paying custom fee item instead paying single custom fee careful stay away not even month item not working biggest scam poo product want money back,2026-02-18 16:33:37,3,ali-express_reviews,product_quality
Matīss Laugalis,1,wont post bad review item rating item fake generated wont know item bad not shipping back item expensive impossible really done recommend buying anything 10 eur ordered item worth 60 eur wrong item never money back sent,2026-02-18 15:45:25,2,ali-express_reviews,delivery_shipping
Sulaiman Ado lampo,5,good e commerce,2026-02-18 15:40:15,0,ali-express_reviews,other
Dav Wallace.,5,great app choice item could buy going former your not careful could end buying much much initially intended low also actually fun challenge playing game app earn credit use put towards purchase intend make shipping seems really fast regular update package currently give good idea expect 5,2026-02-18 14:53:28,13,ali-express_reviews,delivery_shipping
Amponsah Jacob,1,selling app scam picture show different item ship buyer,2026-02-18 14:51:24,0,ali-express_reviews,delivery_shipping
PAPA _DOC SOFTASME,1,can not buy individual piece product consumer also company,2026-02-18 14:37:25,0,ali-express_reviews,other
Usman Dauda,5,application real cheap price,2026-02-18 13:58:19,0,ali-express_reviews,pricing_discount
ibrahemperson1,1,worst experience day no customer protection bad even receive wrong item less one star also careful bdl cn go go store lie bad,2026-02-18 13:54:19,0,ali-express_reviews,other
KINGDY KINGDY,1,friendly,2026-02-18 13:48:52,0,ali-express_reviews,other
sagi machlin,1,allowed seller scam provided no protection excuse lot bot automated email,2026-02-18 12:01:15,1,ali-express_reviews,ads_promotions
KHALIL KHALIL,1,bad app failing company terrible customer service everything failure app stolen corrupted month haven received money back problem resolved customer service terrible product awful 000000 rating filing lawsuit company,2026-02-18 10:35:58,3,ali-express_reviews,app_usability
Delia Dizon,3,shipping fee expensive,2026-02-18 08:19:50,0,ali-express_reviews,delivery_shipping
Muhammad Amir,5,good,2026-02-18 07:17:24,0,ali-express_reviews,other
Alli Cat,1,joke dude,2026-02-18 05:27:10,1,ali-express_reviews,other
D J,1,cant log see account anymore forcing sign google,2026-02-18 03:51:24,1,ali-express_reviews,other
Mark Davis,5,good,2026-02-18 02:51:34,0,ali-express_reviews,other
4TheMostHighJesus #1 (4themosthighjesus),1,doe n't work buggy keep telling reset password say unusual activity trying create brand new account wt fruitcake,2026-02-18 02:29:06,0,ali-express_reviews,other
Emma Smith,2,order first said 20 february start change 21st 24th got told would get coupon delayed fine done care coupon want order mean tb app good not getting package delivered cheap,2026-02-18 02:26:53,0,ali-express_reviews,delivery_shipping
Ronishia Towns,5,think good app 3 item coated 306 money ordered 2 night light box mystery fidget toy,2026-02-18 01:38:52,0,ali-express_reviews,app_usability
S Ad,1,okay lot thing overpriced compare site always problem seller lying saying good still transit even month expected delivery date avoid giving refund spoiler alert hundred percent lost mail forever enjoy chat seller feature want ask question make customised thing pain need refund live using 5 year,2026-02-18 01:33:24,4,ali-express_reviews,delivery_shipping
Mahmoud Damlakhi,1,lot scam seller scammed also customer service fake not provide solution dispute cahoot fraudulent seller edited comment scammed app fifth time im sorry wasting time money terrible app,2026-02-18 00:57:31,2,ali-express_reviews,product_quality
Legend Life777,5,buy lot thing app app good get lot good deal everything good live buying lot everything app sometimes take time come get get good thing price good,2026-02-18 00:40:11,1,ali-express_reviews,pricing_discount
Sir Raqua,1,app beyond bad search suck keep pushing item not interested time stupid game included getting constant notification play promotion must buy 3 thing not buy one item not find non promotion version without promotion discount multiple kind promotion incompatible not combine like multiple shopping cart,2026-02-17 23:54:54,0,ali-express_reviews,pricing_discount
Michael Wojciak,3,search engine spotty best difficult navigate get accustom great place shop coin beneficial since rakuten reimbursement spotty best edited review dropped one star search engine even worse come finding thing plus shipping fee becoming ridiculous,2026-02-17 23:34:05,68,ali-express_reviews,delivery_shipping
XIQAD POXAD,1,first order got delivered fast 1012 day im waiting 20 day order order arrives region 6 day wait another 13 day without moving item wait order arrive deliver together save money,2026-02-17 22:55:56,0,ali-express_reviews,delivery_shipping
Teddy,1,steal money even refund something never even received something didst make,2026-02-17 22:39:43,0,ali-express_reviews,refund_return
Igor,1,lot fake low quality item no option show price delivery lot scam general no help support,2026-02-17 22:39:01,3,ali-express_reviews,delivery_shipping
Condeliza ikhlas,1,long,2026-02-17 21:09:39,0,ali-express_reviews,other
John ThankGod,5,best online buying app,2026-02-17 19:42:19,0,ali-express_reviews,app_usability
Gordo Bonito,1,everything sell low quality defective item want refund return difficult thing ever going face not recommend buy anything store china taking money never fix ur issue there sending garbage stuff done care done give answer going lose money totally not recommend,2026-02-17 18:03:27,1,ali-express_reviews,refund_return
"CB, CMA",1,forcing crazy amount creepy spying permission,2026-02-17 17:45:38,0,ali-express_reviews,other
BABLOU ON FIRE,5,good apps,2026-02-17 16:35:14,0,ali-express_reviews,other
hamzah mayanja,5,exceptional app,2026-02-17 16:19:55,0,ali-express_reviews,app_usability
Ardee Feliciano,1,longest time deliver online platform placed order january 11 2026 delivery supposedly february 11 2026 today february 17 2026 hast arrived,2026-02-17 14:44:04,1,ali-express_reviews,delivery_shipping
Boyakacha,1,worst shopping platform gas worst delivery company,2026-02-17 13:24:50,0,ali-express_reviews,delivery_shipping
Michael Litvak,1,ad,2026-02-17 12:36:42,0,ali-express_reviews,ads_promotions
Justin Alex,1,worst customer service live ever seen multiple time live returned item unopened completely seal original bag either get no refund partial refund scammer,2026-02-17 11:31:33,0,ali-express_reviews,refund_return
ALI ABDULLAH,3,quality substance medium good contact shipping good time order tow order not received told service seller without response order must received one month,2026-02-17 10:51:23,1,ali-express_reviews,delivery_shipping
Peter Honda,5,great,2026-02-17 10:45:42,0,ali-express_reviews,other
Neera Nuff,1,awful,2026-02-17 10:44:09,0,ali-express_reviews,other
Olasunkanmi Omodara,5,excellent app user experience topnotch,2026-02-17 10:18:11,0,ali-express_reviews,app_usability
Ante B,5,using year renovated home replaced old kitchen ware home electronics 99 10 time super happy purchase,2026-02-17 09:48:03,0,ali-express_reviews,other
Lee Wise,1,not use absolute con artist returned dangerous faulty electrical item refused refund saying not received item even though sent first class tracked photo evidence return basically took money must not trading account china item could burnt house not buy cost,2026-02-17 09:29:03,0,ali-express_reviews,refund_return
Robert Long,1,worst rhapsody time least lost 16 american dollar,2026-02-17 08:57:27,0,ali-express_reviews,other
Roman Ukhach,5,always found buy shipping took around 12 day place,2026-02-17 08:20:11,0,ali-express_reviews,delivery_shipping
Rafaela Barragan (EllaBaez),1,fix problem,2026-02-17 07:40:20,0,ali-express_reviews,other
mohamed Aouni,1,bad service scammer,2026-02-17 06:11:42,0,ali-express_reviews,customer_service
nobody,1,scam didst even get order app suck,2026-02-17 05:34:46,0,ali-express_reviews,app_usability
April Roache,1,lousy substitute item select send trash instead play ignorant come refund cat toy work 34 day major disappointment app uninstalled,2026-02-17 05:29:33,2,ali-express_reviews,refund_return
NA NA,1,worst app world still waiting get package ordered last month almost month nobody order app anymore better amazon instead,2026-02-17 03:57:19,0,ali-express_reviews,delivery_shipping
Gros Inès,5,please update payment method mobile money ghana would helpful,2026-02-17 03:39:21,0,ali-express_reviews,app_usability
Charles Keyes,1,okay thing majority seems fake counterfeit comment live read lot product not using app not purchasing anything,2026-02-17 03:15:58,1,ali-express_reviews,product_quality
Bobbie Gamble,1,hate,2026-02-17 02:49:05,0,ali-express_reviews,other
Grzegorz Sawicki,1,intentionally crippled web version force people installing app find mischievous behavior parcel box delivery purposely hidden website took hour find possible via app even though popular delivery option poland,2026-02-17 01:36:07,2,ali-express_reviews,delivery_shipping
Egor,1,20 year constant buying aliexpress unfortunately stopped buying refund policy completely changed last couple year received broken product almost impossible return via return system dispute appeal done work loosing money received broken product terrible done recommend buy especially something expensive lose money,2026-02-17 01:12:30,7,ali-express_reviews,refund_return
Samantha Woodruff,5,love app better temp,2026-02-17 00:39:42,0,ali-express_reviews,app_usability
Mark,1,beware placed four order held money month send back firmly believe no inventory lot great deal advertise scam use money month interest free known better not business aliexpress still using bait ad try scam u currently still happening despite bogus reply beware china,2026-02-17 00:05:51,2,ali-express_reviews,pricing_discount
Sam Fall,1,gone downhill recent year loyal customer since 2010 dispute process become overcomplicated courier used like china not reputable mark parcel delivered not respond enquiry order platform ensure seller using mile courier provide photo proof delivery edit appeal escalation end way item arrive faulty damaged good luck trying go dispute,2026-02-16 23:40:25,3,ali-express_reviews,delivery_shipping
Javanti Harrison,5,aliexpress huge variety product low price shipping take item arrive described good place find affordable option done mind waiting,2026-02-16 22:55:24,1,ali-express_reviews,delivery_shipping
Sunnie Ray (Sunnie),5,really love app definitely got place buy cosplay accessory thing need take thing delivered really int problem problem sometimes get ai generated ad hate freaking love aliexpress,2026-02-16 20:48:13,0,ali-express_reviews,app_usability
Mohamed Ibrahim,1,ازعاج وكل شويه ايميل,2026-02-16 19:50:44,0,ali-express_reviews,other
Remus W,1,weary purchasing anything right aliexpress use very main courier service cheapest very verge bust refusing pick parcel airport uk 2nd order got lost 3rd order stuck airport waiting courier pickup 7 day unlikely receive order wait purchasing sort better delivery service,2026-02-16 19:41:59,1,ali-express_reviews,delivery_shipping
Subin Mathew,1,bought 2 jul tune 760nc aliexpress help friend two product fake jul waste money time buying something aliexpress risk also one thing need pay delivery boy also worst product return product there also charge delivery boy,2026-02-16 18:56:21,1,ali-express_reviews,delivery_shipping
Kevin Mukisa,4,seems nice cant pay given payment method non money sim card use rotl possible help pay via mobile money wed great,2026-02-16 18:37:18,0,ali-express_reviews,other
Quebec Patriot,5,useful,2026-02-16 17:57:49,0,ali-express_reviews,other
Hennie Duvenhage,3,service aliexpress robotic online agent question answer identical live biggest issue courier service use speed worst service ever never able get hold agent regarding package not delivered time ever,2026-02-16 17:46:02,0,ali-express_reviews,delivery_shipping
Danny Pierce,1,bad bad not letting,2026-02-16 17:41:45,0,ali-express_reviews,other
Santiago Farero,1,not good anymore buy thing no way return faulty item get refund back keep asking additional information,2026-02-16 17:28:10,0,ali-express_reviews,refund_return
sher bahadar,5,website helpful consumer not wholesale,2026-02-16 17:21:16,0,ali-express_reviews,other
Victor Brown,1,doe n't work,2026-02-16 16:07:13,0,ali-express_reviews,other
Adnan Mamlouk,1,scam pay product buy mention clearly free delivery come door ask 13 and pay coz no choice easy say refund not trust u scam company like u not happy,2026-02-16 15:57:16,0,ali-express_reviews,delivery_shipping
choppa,1,long time user year however encountered scam seller no matter many time try customer support aliexpress seems interested protecting scammer helping long time user not using platform cant bothered recovering measly 37 scam seller,2026-02-16 15:50:22,0,ali-express_reviews,customer_service
DarkJhiaxus (DarkJhiaxus),1,1 star sort ridiculous game requirement daily check day 90 absolute insult long time app player,2026-02-16 13:24:36,0,ali-express_reviews,app_usability
Harley Sommer,1,keep delivery failed 2 package go back warehouse,2026-02-16 12:51:06,0,ali-express_reviews,delivery_shipping
GC Sixixix,1,never shopped blocked using tried process unblock say passed time given app unworkable uninstalled,2026-02-16 11:34:47,0,ali-express_reviews,app_usability
Bogdan P,1,seller scammer lie shipping item people run app done want money spend somewhere else,2026-02-16 11:33:56,0,ali-express_reviews,delivery_shipping
Eninca Mshighati,1,trust done need buy stop nonsense ply need add cart option like normal person,2026-02-16 09:39:11,1,ali-express_reviews,scam_trust
Matteo Sordi,1,terrible absolutely terrible customer service either nonexistent incompetent price high compared similar platform delivery slow not much china take ship european country example package shipped yet arrive france two week product quality always poor doe n't match description store page advise app,2026-02-16 08:14:20,5,ali-express_reviews,delivery_shipping
Sloth WithABaseballbatt,2,place no longer affordable want customer review fake,2026-02-16 06:08:32,2,ali-express_reviews,product_quality
Taewook,1,order either get cancelled take 3 month get delivered concept great execution not good customer service great dealing order vendor aliexpress not good personally even im waiting order said fast shippingsomething ordered beginning december,2026-02-16 05:30:59,15,ali-express_reviews,customer_service
A Google user,1,used really good online shopping competitive price reliable shipping service can not choose shipping method aliexpress using speed speed scam done tax number nor registration number australia no physical address no contact information zero customer support good luck receiving package shopped since 2015 going stop remove unreliable courier company,2026-02-16 02:14:28,7,ali-express_reviews,delivery_shipping
zedestroyer,5,work intended pretty fast responsive,2026-02-16 00:35:29,0,ali-express_reviews,other
Kay Harris,1,im still waiting mine must 3,2026-02-16 00:04:06,2,ali-express_reviews,other
CryptKreeper83,1,ever since bought item aliexpress inbox flooded phishing email fake different domain every day leaking information seller believe spamming im not buying anymore plus use speed delivery service driver dump package side road anyways,2026-02-15 22:38:37,2,ali-express_reviews,delivery_shipping
Steven Bowen (Zener Dragon),1,ali claim protect buyer absolutely no integrity turn back even obvious fraud occurred documented evidence not pay extra fee protection your wasting time money go reputable supplier directly buyer beware,2026-02-15 22:38:02,2,ali-express_reviews,pricing_discount
L p,1,aware scam tactic app price shown change checkout payment confirmation,2026-02-15 21:49:06,3,ali-express_reviews,pricing_discount
Maxwell,4,wide variety productsbutbi one issue kenyan realized food staff cant brought location wonder like noodle canned tea want taste food outside seem cant buy please enable food staff arrive kenya,2026-02-15 20:59:17,0,ali-express_reviews,other
DK Eigelaar,4,ˡᵒᵒᵏˢ ᵍᵒᵒᵈ ᵃⁿᵈ ᶠᵃⁿᶜʸ,2026-02-15 20:59:07,0,ali-express_reviews,other
Heather Canter,5,love platform game,2026-02-15 20:43:46,0,ali-express_reviews,other
Rodriges Rodrigues,5,good work perfect,2026-02-15 20:39:10,0,ali-express_reviews,other
Nova Cane,5,one best apps could use order stuff international thank god,2026-02-15 19:54:26,0,ali-express_reviews,other
Kevin highfill,5,great,2026-02-15 19:41:29,0,ali-express_reviews,other
jasmine,1,haven bad experience app recently live noticed option add cart virtually impossible greatly declined user experience im not going check one item that worth 3 make absolutely no sense,2026-02-15 18:53:11,3,ali-express_reviews,app_usability
Hwang Hyunjin,1,put right address order say delivery unsuccessful done recommend app want ten dollar back still want stuff delivered,2026-02-15 18:05:21,2,ali-express_reviews,delivery_shipping
Jignesh Patel,1,fraud app ordered two time never received product not provide refund undelivered product stay away,2026-02-15 17:58:40,3,ali-express_reviews,refund_return
Mansur Muhammad (Smart prince),5,good apps,2026-02-15 17:31:22,0,ali-express_reviews,other
Crystal Rayburn,5,love,2026-02-15 17:25:42,0,ali-express_reviews,other
Windel Magpayo,1,didst received order it already paid call address many time till done deliver order never use apps anymore big scam,2026-02-15 17:10:33,1,ali-express_reviews,delivery_shipping
Djoni Amman,3,cant option block store done like example store sell bad technology fake sd card no option block store item store done show anymore search bar,2026-02-15 16:44:41,1,ali-express_reviews,product_quality
kye evans,5,go fo everything wait time overall really good app play game get money,2026-02-15 13:58:43,0,ali-express_reviews,app_usability
Donnie Ellenberger,1,horrible app full scammer customer service not help customer ever stay away used good horrible,2026-02-15 13:43:00,1,ali-express_reviews,app_usability
Muhammad Moosa,1,poor refund process dishonest,2026-02-15 13:28:42,1,ali-express_reviews,refund_return
Ramo,1,app failing platform supplier dishonest chinese company favored dispute got scammed 10k alabama guarantee useless,2026-02-15 12:47:46,0,ali-express_reviews,app_usability
Thomas Safar,5,prompt door door delivery all expireß awesome reasonable pricing,2026-02-15 12:26:26,0,ali-express_reviews,delivery_shipping
Marcin P,1,avoid shady trading practice difficult return bad app interface,2026-02-15 12:17:05,0,ali-express_reviews,refund_return
Joan Awuor,1,country kenya int category,2026-02-15 12:09:24,0,ali-express_reviews,other
Yuvinalis Mwamba,5,amazing app,2026-02-15 11:48:33,0,ali-express_reviews,app_usability
Ali Khan,5,excellent shopping experience facing issue app nowadays picture product not loading app updated latest version checked different wifi connection cellular 4g internet problem still please look issue,2026-02-15 11:32:20,0,ali-express_reviews,app_usability
Sultan Awan,1,worst experience ordered watch value 108 received empty package record video opening parcel parcel super slim ali express rejected refund help line also not providing solution total fraud done buy,2026-02-15 11:30:27,3,ali-express_reviews,delivery_shipping
Mark Fenech,2,although item generally ok best avoid tech mostly fake standard,2026-02-15 11:13:05,0,ali-express_reviews,product_quality
TK,5,nice,2026-02-15 10:45:48,0,ali-express_reviews,other
Unknown Tor,1,your delivery suckscamtake money lost package one month refundayou holding customer money month,2026-02-15 10:08:11,0,ali-express_reviews,delivery_shipping
Konard Aleksander Sepp,1,can not add item cart item buy option,2026-02-15 10:04:34,1,ali-express_reviews,other
Jada Randall,1,not shop 3 99 cent scam make pay original price item done shop instead giving money back gave bonus spend aliexpress ghetto,2026-02-15 09:12:41,1,ali-express_reviews,pricing_discount
Maria Pletneva,2,want add thing cart normal new feature annoying hard use,2026-02-15 07:17:51,1,ali-express_reviews,other
Kaito,1,app incredibly jacky forcing sign click anything really misleading information product delivered,2026-02-15 07:14:20,2,ali-express_reviews,app_usability
Lola Lolo,5,awesome app using app year haven problem use time,2026-02-15 05:56:34,0,ali-express_reviews,app_usability
Pilar Castanuela,5,favourite,2026-02-15 04:25:07,0,ali-express_reviews,other
J. Kris Bailey,1,absolutely awful never got past log hell want log 2 separate email single log not soon buy uninstall not dealing kind crazy front door,2026-02-15 04:01:47,1,ali-express_reviews,ads_promotions
Rettana Muon,1,horrible use tablet us format mobile version make everything comically enormous tablet,2026-02-15 01:14:36,2,ali-express_reviews,other
NanamiiLotus Leelong,1,didst received order sent texas whitney b wont b using anymore till fix issue unprofessional,2026-02-15 00:17:36,1,ali-express_reviews,other
Lauren b Ingram,5,love look stuff stuff sweet tool love love tool,2026-02-14 23:37:48,0,ali-express_reviews,other
Ed Crotty-Flieger,1,order cancelled one were n't cancelled arrived damaged returnrefund process joke seller told buy touch pen thought 5 would cover one order left hopefully box app deleted temp win best customer service,2026-02-14 23:12:55,3,ali-express_reviews,product_quality
tsh,1,fraud run away lie least temp return done shop,2026-02-14 23:08:02,0,ali-express_reviews,refund_return
scott mckinney,1,wont let buy anything authenticating payment screen wont stop loading,2026-02-14 22:17:16,0,ali-express_reviews,other
Mohammed Moharam,5,ممتاز,2026-02-14 22:11:31,0,ali-express_reviews,other
Jessica Chisampala,5,app helpful,2026-02-14 22:08:43,0,ali-express_reviews,app_usability
Beauty Queen,5,all done,2026-02-14 21:47:58,0,ali-express_reviews,other
Babu Ram Bhandari,5,nice,2026-02-14 21:20:46,0,ali-express_reviews,other
Jose Cruz,1,much confusion whf,2026-02-14 21:19:20,0,ali-express_reviews,other
Kelli Phillips,1,find kind funny ad game guy asked get many boxesand box holding not allie express box amazon prime box,2026-02-14 21:17:28,0,ali-express_reviews,ads_promotions
Ijaz Ahmed,1,terrible experience per order shipment charge done like,2026-02-14 19:57:50,0,ali-express_reviews,pricing_discount
julz Nunnya,1,make account look product uninstalled wanted look something without popups get didst want wanted look gave detail look low behold not available not thought want going checkout get sucked,2026-02-14 19:57:01,1,ali-express_reviews,other
Joshua Kofi Himil,2,please happy help introduce mobile money payment system help ghana try get office across ghana like julia,2026-02-14 17:15:20,0,ali-express_reviews,other
Vito Ku,1,app become terrible add item cart cost one price click want buy price increase reload page increase anyone doe n't notice cheated,2026-02-14 16:56:50,2,ali-express_reviews,pricing_discount
Dorian Barrass,5,love aliexpress member family,2026-02-14 16:26:37,0,ali-express_reviews,other
Vincent Newton,1,ordered item paid wrong item arrived attempt rectified lacked evidence despite providing receipt image product arrived along tracking detail package encouraged appeal declined lack evidence dishonest business practice downright thievery,2026-02-14 16:07:07,13,ali-express_reviews,delivery_shipping
Asaf Wasilwa,5,lm trying buy matchbook air id going work,2026-02-14 15:39:29,0,ali-express_reviews,other
Suphije Roka,1,paid online bad wish payment could cash,2026-02-14 14:49:22,0,ali-express_reviews,other
Musa Paul Yerima,5,aliexpress worth pleasing use anytime day,2026-02-14 14:25:44,0,ali-express_reviews,other
ONE PIECE,1,fake fake fake,2026-02-14 14:10:35,0,ali-express_reviews,product_quality
Virginia Durand,1,good cool stuff ship soon slowly time done ship come expected delivery date order get cancelled cause haven shipped useless app,2026-02-14 14:09:00,1,ali-express_reviews,delivery_shipping
L Last,3,exchange game point coupon hast worked properly since august 2025 possible 100 need sleep that im lucky enough pick coupon exchange time measured second furthermore 1 5 coupon available complete nonsense either disable exchange game point coupon make work august 2025,2026-02-14 13:27:56,1,ali-express_reviews,other
Doris Maitseo,5,wow recommend ali express trustworthy perfect,2026-02-14 12:33:42,0,ali-express_reviews,other
J Solo Project,5,great shop,2026-02-14 12:27:29,1,ali-express_reviews,other
Nicolas Rono,5,greatest app ever,2026-02-14 12:08:57,0,ali-express_reviews,app_usability
medicbro medicbro,5,one time confused something customer service great kind,2026-02-14 11:40:08,0,ali-express_reviews,customer_service
Christine Rafael,1,yep mon reason told scam like stuck transit telling gon na take longer probably never gon na come stupid scammer,2026-02-14 10:51:06,0,ali-express_reviews,scam_trust
Xelibri Sk,1,order placed 0401 delivered 1302 month waiting absolutely unacceptable not isolated case rule every order meant long wait stress nerve addition cooperation agent extremely unprofessional nonspecific answer switching one another without real help instead solution get frustration,2026-02-14 10:10:44,1,ali-express_reviews,customer_service
king j,1,one dollar express yeah complete scam tried purchase said order failed,2026-02-14 09:06:38,0,ali-express_reviews,scam_trust
Simon Costisanu,1,aliexpresss customer service worst act like done understand problem give poor solution unrelated issue close case washing hand no possibility appeal decision apologize move bad experience,2026-02-14 08:55:45,1,ali-express_reviews,customer_service
Xavier Wilson,1,honestly could make review negative would app scam saying everything low price reality get check price change not get app,2026-02-14 08:20:02,1,ali-express_reviews,pricing_discount
Petter Blomkvist,1,costumer service led 2 week waiting buyer protection run counterfeit product sold not use site,2026-02-14 06:53:50,1,ali-express_reviews,product_quality
adejoh ben,5,nice,2026-02-14 06:15:52,0,ali-express_reviews,other
Ori Zadok,1,many scam description not matching actual product misleading main picture price no longer cheap like used,2026-02-14 05:18:46,2,ali-express_reviews,pricing_discount
Jessica,5,live gotten lot stuff,2026-02-14 04:33:39,0,ali-express_reviews,other
Mubasher zaman,5,good,2026-02-14 02:55:12,0,ali-express_reviews,other
Alex Saunders,1,uninstalled annoying unstoppable ad,2026-02-14 02:48:01,1,ali-express_reviews,ads_promotions
Jacob Coughlin,1,cant find good reason shopping app need screenshot activity haven opened app week 300 megabyte cache not trustworthy background activity prove suspicion wrong screenshotservice comalibabaaliexpresshd elapsed 1 1h 36 25 service 62 process aliexpress,2026-02-14 02:38:36,0,ali-express_reviews,app_usability
Blue Kastrick,3,loop around senselessly peddling 83 cent order 90 get coin discount done exist satisfied shipping customer service product ordered exactly described many fake discount notification,2026-02-14 01:30:39,1,ali-express_reviews,delivery_shipping
Ashly Kinkead,1,im trying get rid item wishlist sold lot time click back item clicked one wishlist group put back beginning app instead group item im going doe n't show one sold anymore click item see sold not guy change annoying hard go everything that saved,2026-02-14 00:17:30,16,ali-express_reviews,app_usability
Anathi Dyantyi,1,app scam want money appwhen try buy phone r350 doe n't work never use app,2026-02-13 22:30:37,0,ali-express_reviews,app_usability
badsmel,1,app break rule menace open least ten time per day im not okay shame used use,2026-02-13 22:14:38,0,ali-express_reviews,app_usability
Yousef Dababneh,3,cant find order account spite many people help centre trying help still not seeing previous order year 2025 need talk someone voice call solve problem guiding step step phone tried help chatting didst work,2026-02-13 21:56:40,0,ali-express_reviews,other
Red Young-Crandall,1,spent roughly 12 dollar package never arrived went ask refund even credit ran circle around day turned week,2026-02-13 21:18:45,1,ali-express_reviews,delivery_shipping
Ariel Aldridge,1,bought something daughter would not came time wanted refund instead giving money back took put bonus not want bonus wanted money back app not allow get money back disappointed not recommend shopping app ever like said would not came time that cancelled order not get money back 15 not recommend anyone,2026-02-13 21:08:15,0,ali-express_reviews,refund_return
Joshua Mounts,5,truly perfect experience,2026-02-13 19:42:32,0,ali-express_reviews,other
Life is Beautiful,1,cheater showing lower price push download app download show error offer finish cheap app cheap administration,2026-02-13 19:13:19,0,ali-express_reviews,pricing_discount
Rodie J Gendreau,1,cheep product nothing advertised,2026-02-13 18:41:08,1,ali-express_reviews,other
Leszek Lex,3,app good courier service using rubbish parcel left random look every time last one could not find got full refund not something helped me needed product ordered,2026-02-13 18:01:04,3,ali-express_reviews,delivery_shipping
Jackie,1,horrible,2026-02-13 17:06:28,1,ali-express_reviews,other
AZEGBOBORSon,2,since aliexpress can not add alternate delivery address enable easy convenient way receive parcel without inconvenience stop using,2026-02-13 17:05:21,1,ali-express_reviews,delivery_shipping
Christopher Horch (UpNorth2021),1,half item wont ship yo u half show one price item screen double triple cart predatory commerce best,2026-02-13 14:03:31,0,ali-express_reviews,delivery_shipping
Andy Frost,5,fast cheap,2026-02-13 13:53:01,0,ali-express_reviews,pricing_discount
Asanka Muditha Fernando,5,good tax,2026-02-13 12:54:44,0,ali-express_reviews,pricing_discount
Mal Rule,1,terrible 94 day refund no care ignorant arrogant no care ridiculous cant go lower one star grateful absolute mess,2026-02-13 12:47:19,1,ali-express_reviews,refund_return
William Boardman,1,overly blotted keep launching background slowing phone annoying contact helpless centre ha ha screwed message section plus search throw random item not your searching want 5 star rewrite app something useful,2026-02-13 11:39:14,3,ali-express_reviews,app_usability
Jacky Chan,1,make return item issued no refund,2026-02-13 11:25:53,1,ali-express_reviews,refund_return
Sehmetcat,1,scam put one price basket took another amount bank,2026-02-13 10:32:11,1,ali-express_reviews,pricing_discount
Maged Wahba,1,load bad quality scam horrible customer service poor support no support whatsoever called help centre customer service stated big scam,2026-02-13 10:10:43,3,ali-express_reviews,product_quality
Anes Modjib Hannachi,1,two month zero real assistance automated copypaste reply ever face serious issue done expect meaningful support buyer protection feel like slogan reality never use app,2026-02-13 09:44:14,2,ali-express_reviews,app_usability
Myles Preuss,5,love app got new speaker new headphone,2026-02-13 08:46:24,0,ali-express_reviews,app_usability
Sergio Toscano Cairampoma,1,no permit ñair cost la siesta no permit over como ante los detail del vendor arruinan la experience del usuario,2026-02-13 06:49:49,0,ali-express_reviews,pricing_discount
Samuel Christenson-Hinze,1,scam,2026-02-13 05:06:18,1,ali-express_reviews,scam_trust
J Bah,5,genial encarta,2026-02-13 04:35:04,0,ali-express_reviews,other
Bryant Green,5,website not scam best buy titan 13 action figure really like action figure,2026-02-13 03:06:39,1,ali-express_reviews,scam_trust
shaban khazem,4,good,2026-02-12 23:43:47,0,ali-express_reviews,other
Atalia Mugabi,5,love good,2026-02-12 22:27:36,0,ali-express_reviews,other
