record_id,g0,g1,g2,g3,g4,g5,g6,g7,g8,g9,g10,g11,g12,g13,g14,g15,g16,g17,g18,g19,g20,g21,g22,g23,g24,g25,g26,g27,g28,g29,g30,g31,g32,g33,g34,g35,g36,g37,g38,g39,g40,g41,g42,g43,g44,g45,g46,g47,g48,g49,g50,g51,g52,g53,g54,g55,g56,g57,g58,g59,g60,g61,g62,g63,g64,g65,g66,g67,g68,g69,g70,g71,g72,g73,g74,g75,g76,g77,g78,g79,g80,g81,g82,g83,g84,g85,g86,g87,g88,g89,g90,g91,g92,g93,g94,g95,g96,g97,g98,g99
1,0.1411831,-0.30709448,-0.064471684,0.08453191,0.0195835,0.21924257,0.4397631,0.3006367,0.079593495,0.23328376,0.3819473,-0.22635917,-0.20469128,-0.03935184,0.31147167,-0.1349925,0.17427623,-0.043412838,-0.2555235,0.4150279,0.3570663,0.09274834,0.029331356,0.46754554,-0.05520301,0.07668834,0.19075485,-0.29119217,-0.06347091,-0.21941,-0.08335582,0.0011368444,0.11270825,-0.12858833,0.03757843,0.16081364,0.35772118,0.20258905,-0.0028084256,-0.20309341,0.08999467,-0.048811253,0.110444844,-0.1734683,0.19536833,-0.16450544,-0.59222704,-0.42085898,-0.16375548,-0.10125748,0.03932125,0.018176734,-0.0176995,0.09774119,-0.8092763,-1.1560541,-0.3152652,0.30111906,0.68778753,0.057619166,-0.33728996,0.19615084,-0.3885385,-0.23449115,0.11320394,0.043368068,0.03960614,-0.18633918,0.14062375,0.037563328,0.21413775,0.322475,0.0019246688,-0.003304993,0.045945663,-0.041087516,0.11249378,-0.025716996,-0.2552217,-0.056995496,0.179662,-0.24797232,-0.33887622,-0.05285917,-0.267455,-0.086760916,-0.23681416,0.033670753,0.46136746,-0.017375173,-0.14090016,0.111004986,0.25882384,0.07575,0.04822917,0.14047419,-0.15487534,-0.32755324,0.089119576,-0.07370033
2,0.009478256,0.112328134,0.18183926,-0.113235354,-0.015498873,0.075946525,-0.0011927182,0.22490396,0.09445471,-0.031110428,0.32325658,0.15005466,0.18888313,-0.1397257,0.009622072,-0.23761822,0.17095332,0.22538354,-0.25164226,0.14072332,0.3075504,0.038184643,0.047173124,-0.03249892,0.06323777,-0.14981218,-0.1311493,-0.33419672,0.04044077,-0.09204268,-0.027358398,0.56853795,-0.14618853,-0.029985644,0.14529754,0.29441348,-0.12535198,-0.06354335,-0.024484264,-0.22580433,-0.15385751,-0.13448931,0.07742194,-0.2604273,-0.090696834,0.006124913,-0.081957854,-0.30901515,0.09842698,-0.67544484,0.16901186,0.10161203,0.25042188,0.6446692,-0.11345912,-1.8626583,-0.18492016,-0.16746515,1.426621,0.22896583,-0.05088223,0.58392364,-0.2428255,0.045047406,0.55410737,-0.06413759,0.28433546,0.28444022,0.026431916,-0.16368468,-0.098844424,-0.20514409,-0.02122086,-0.27310264,0.12124634,0.117974356,-0.1654473,-0.13250537,-0.6562967,-0.07684502,0.46578747,-0.11916744,-0.32740977,-0.07824217,-1.0826772,-0.1722254,0.18126045,-0.14951484,-0.17259243,-0.22572897,-0.09671589,-0.083346866,0.13170093,-0.21597686,-0.48373118,-0.0889584,0.0408829,-0.05448416,0.35785586,0.044255454
3,-0.08159232,-0.088307805,0.14717825,-0.07229859,0.04489499,0.22798793,-0.07497305,0.08400279,0.3105552,0.038863126,0.16264236,0.105784416,0.17538376,-0.16448332,0.036246672,-0.119994305,0.18812406,0.34575853,-0.44320235,0.058664363,0.19678442,-0.1606333,0.176892,-0.044693884,0.052351937,-0.057373002,-0.20199692,-0.33897734,0.17313989,-0.077448495,0.17971942,0.5433931,-0.23592946,0.037606526,0.20891942,0.17509322,-0.2505464,-0.073727116,0.0152939735,-0.2788266,-0.25995046,-0.07296159,0.19001918,-0.3447214,-0.15106596,-0.059614435,0.05127099,-0.10208653,0.035676446,-0.6724915,0.18291533,0.174626,0.18169014,0.8641445,0.00092565315,-1.6840677,-0.19633728,-0.053734552,1.3785809,0.33351135,-0.121723205,0.40584207,-0.21678035,0.0803729,0.6230442,-0.112436906,0.3231571,0.24212147,-0.0062485584,-0.19106074,-0.108884305,-0.24458802,0.08264794,-0.29613638,0.09892517,0.16480362,-0.20327137,-0.05105495,-0.5938362,0.0911397,0.4970035,-0.26569423,-0.40107873,-0.068826444,-1.1718086,-0.11946953,0.20727511,0.016146053,-0.15769096,-0.1608499,-0.07748257,0.020726852,0.025056012,-0.22269619,-0.32188544,-0.06643443,-0.005183515,-0.13298674,0.35552275,-0.009833712
4,0.09742,0.04885666,0.059605,0.00025733313,-0.044908,-0.14543335,-0.09486633,-0.00046666464,0.51308006,-0.15364407,0.29829666,-0.17806666,0.06298033,-0.39096332,-0.3659133,-0.43558335,-0.04216002,0.30313,-0.049083333,-0.23719199,-0.029803673,-0.26040334,0.012493332,0.09316733,-0.24258417,0.24630666,-0.46371666,-0.016492,0.13221668,-0.063075334,0.033939328,1.1903867,-0.452727,-0.051693335,-0.009203334,0.17868699,-0.05682333,-0.49999204,-0.0057233274,-0.39285663,-0.17644668,-0.10054668,-0.37597668,-0.19251834,-0.14798665,0.33822668,-0.13662878,0.0277208,0.31529334,-0.73652333,0.17977001,-0.05524267,0.38687,0.9559067,-0.14748332,-1.64093,-0.19752002,-0.15398167,1.0777167,0.36436367,0.42899334,0.27313,0.055471767,0.15829,0.45672002,-0.18168668,0.34741867,0.32025567,0.21176767,0.35868168,0.14102,-0.12151667,-0.23947668,-0.5090933,0.69414663,-0.037178,-0.15297,-0.25190666,-0.66994333,0.15157,0.5755,-0.19568665,-0.5924167,0.3174567,-0.95069,-0.6333067,0.25417033,-0.3319933,-0.50401,-0.16417834,0.15311332,-0.16546333,-0.28991303,-0.12459,-0.21104334,0.46941778,0.045911003,-0.20493001,0.42426765,0.32672665
5,-0.071537085,0.28330055,0.3077275,-0.24133575,-0.26563287,-0.026327744,-0.19968951,0.26108414,-0.050501328,-0.2682344,0.09042583,0.17028259,0.32214,0.032292247,0.042310834,-0.30021432,0.08653391,0.27469802,-0.3834782,0.23559444,0.2624399,0.09748334,-0.037101466,-0.110185154,0.106303334,0.014825836,-0.29456875,-0.5163975,0.21019244,-0.15227883,-0.055722084,0.30005297,-0.055156004,-0.038607836,0.15587585,0.40306708,-0.09601232,0.022280082,0.039970685,-0.21813689,-0.3296804,-0.24569619,0.15466617,-0.46739736,-0.16415235,-0.08366233,0.12439742,-0.35156775,0.09726449,-0.86845344,0.23954515,-0.13821234,0.062678665,0.9735934,-0.105463594,-2.2287567,-0.09648576,-0.04011,1.7022418,0.25741807,-0.23543002,0.751141,-0.33625337,-0.039962914,0.6560548,0.06606967,0.28436264,0.32851437,-0.08529788,-0.18263476,0.013860879,-0.2476009,-0.108954586,-0.41021606,0.16993201,0.22724657,-0.22838919,-0.087109916,-0.5693192,0.0067241713,0.593215,-0.08949167,-0.6140167,0.06938338,-1.4500133,-0.1776285,0.2603206,-0.06350092,-0.3958039,-0.33563557,-0.06919118,-0.20080608,-0.026039662,-0.26629832,-0.57585925,-0.088185556,0.014379029,-0.044078413,0.32952854,0.32629204
6,-0.12908283,0.12463428,0.39007986,-0.35033798,0.039828766,0.10201566,-0.13285984,-0.09471268,0.47827196,-0.046573002,0.25501066,0.077972084,0.115460604,-0.2822807,0.10780876,0.22058088,-0.014900883,0.115164176,-0.06573728,0.36446983,0.21127024,-0.11906156,0.10026626,0.02882174,0.0074577895,-0.08691883,-0.05832375,-0.090336,-0.061903093,-0.08877279,0.09149328,0.5114505,-0.064094156,-0.019614054,0.08066196,0.18126267,-0.37570736,0.024861276,0.020048443,-0.24571279,0.02026293,-0.115926795,0.029497696,-0.23088214,-0.27060598,-0.05118318,-0.038254436,-0.09241666,0.070923604,-0.51449656,0.19304645,0.13637598,0.19964653,0.57671845,-0.27266636,-1.4277236,-0.1614322,0.034961104,1.0410299,0.07413083,-0.3441156,0.46293455,-0.27982384,0.08784213,0.5759703,0.03461106,0.21486887,0.072651096,0.2707755,-0.18342166,0.016377725,0.06250289,0.1541499,-0.19108155,0.07501028,0.110134825,-0.124485664,0.05234666,-0.39926675,-0.059111103,0.24610043,-0.16536763,-0.27386725,-0.08987873,-1.013749,-0.009322722,0.12011417,-0.082048565,-0.34960303,-0.09647917,0.017359741,0.29396355,-0.058076337,-0.2584444,-0.22348224,-0.13085745,-0.024222046,-0.14917743,0.42461088,0.21024056
7,-0.21248733,0.17095134,0.3129,-0.15209566,-0.0022584465,-0.39739668,0.18091649,-0.054084443,0.17795336,0.08744861,0.1992485,-0.13642688,0.15845023,-0.054337464,0.29359156,0.06966977,0.33114886,0.023458665,-0.3320889,0.10532767,0.029937992,-0.17171445,0.043699093,-0.09114667,-0.06824544,0.082404785,-0.03978255,-0.039645884,-0.48380497,0.043154325,0.01062889,0.48664543,-0.064022005,-0.01920411,0.20636146,0.34565175,-0.054259673,0.039950114,-0.2161674,-0.1898599,-0.15319043,-0.29402664,0.31827757,-0.29534423,-0.09899844,-0.19324724,-0.14389467,-0.30900633,-0.16058245,-0.6598211,0.55050385,0.067097224,0.22298956,0.8889033,-0.22229034,-2.038889,-0.14435111,-0.16692744,1.8794891,0.27850664,-0.10747789,0.41803557,-0.2747149,-0.15545899,0.79276824,-0.2375727,0.37664333,0.14701034,0.3767422,-0.23938663,-0.054536782,-0.03238933,0.06537089,-0.25667563,0.34393555,0.28954056,0.09893934,0.03294556,-0.9489211,-0.16063401,0.35748655,0.0059371856,-0.16522111,-0.112367086,-1.3387244,-0.13524157,0.3360248,-0.19730036,-0.25760913,-0.20524661,0.059510443,0.07692667,-0.038872227,-0.130062,-0.21497376,0.1393281,-0.030900002,-0.29523087,0.5785397,0.2861156
8,-0.04870945,0.21653283,0.22997764,-0.15955359,-0.007130769,0.14872035,-0.07803067,0.0714041,-0.040015053,0.032430165,0.17762877,0.03391322,0.3599594,0.074349664,0.0010024187,-0.22299801,0.057566117,0.21506736,-0.37593493,0.31272495,0.17427723,0.022682505,0.0705661,-0.14934358,0.16984212,-0.118618846,-0.12824951,-0.3829751,0.06714936,-0.16382346,0.05760542,0.36303645,-0.0037791205,-0.07807388,0.02057515,0.20763503,-0.23825279,0.0074897353,-0.041340176,-0.22206941,-0.192763,-0.06861054,0.17032947,-0.3041844,-0.09256466,0.0113308,0.09645573,-0.37319422,0.053589184,-0.7350824,0.1852382,-0.09515278,0.107490815,0.9728004,-0.108976975,-2.0092173,-0.13111472,-0.05122437,1.5681405,0.5046301,-0.17758274,0.60366845,-0.3102558,-0.011679388,0.7468376,0.09686982,0.3072408,0.13485101,0.21893056,-0.13414258,-0.011020943,-0.23479635,-0.1593458,-0.2378986,0.33862707,0.14743365,-0.1434712,-0.030100698,-0.7814922,-0.023114957,0.5349523,-0.0071711997,-0.31369394,0.040813807,-1.3598632,-0.18623275,0.09672086,-0.14617537,-0.2318905,-0.23958,-0.03320585,-0.02501649,0.10891728,-0.14295022,-0.39981258,0.02508829,-0.059109323,-0.16068059,0.2200593,0.11082654
9,-0.073845014,-0.28677198,0.11701,-0.102495,0.16094998,-0.118611,0.113425,0.032681998,0.15219998,0.0891105,0.38622048,-0.46692,0.24164501,-0.740785,-0.02256,0.25156,-0.112431005,0.39463,-0.29124498,0.81654,-0.35843498,-0.482595,-0.027649984,0.655945,0.069109,0.45071504,0.33138,0.140138,-0.49719,-0.25002998,0.009770006,0.729585,-0.495902,0.07519,0.597645,0.04818,-0.69990003,0.34995,-0.037040003,-0.45213503,0.18836051,0.56022,0.21716501,0.014249999,0.12843,-0.01536499,0.26437,-0.372345,-0.01992999,-0.19348,0.280475,0.10069,0.683605,0.18446,-0.2915825,-0.800565,0.041035026,-0.16525051,1.099285,-0.265795,-0.103975005,0.1532185,-0.48864,0.401475,0.16634,-0.07720499,0.093807995,-0.3668,0.89643,-0.407165,0.57649,0.320135,0.314469,-0.15303,0.58804,0.549375,-0.21087,-0.0427125,-0.29153997,-0.25417998,0.025854997,-0.36781502,0.177605,-0.1545395,-0.4537385,-0.088149995,0.500695,-0.30262,-0.14629605,-0.23692499,0.226725,0.44087005,0.05799,-0.323815,-0.02741,0.209165,-0.0538,-0.64032996,0.81926,0.117355004
10,-0.0148098,0.12323155,0.32958597,-0.639342,0.16168201,0.2968382,0.318524,0.058796793,0.551302,-0.018081998,0.61125195,0.2878882,0.47043237,0.031453997,0.226439,-0.021536004,0.07145761,0.35816377,-0.533688,0.139204,0.418326,-0.0011460006,0.390126,0.26879197,0.23677158,0.23641643,-0.52543,0.030432021,0.07212938,0.022437798,0.217311,0.82455,-0.10687901,0.36713597,0.558416,-0.20912199,-0.5138844,0.0596976,0.12712839,0.1350332,-0.054651994,-0.06799356,0.16412282,-0.30132583,-0.22270279,-0.0867478,-0.147892,-0.1215512,0.35773578,-0.24644598,-0.075888,0.1720748,0.10784066,0.407106,-0.19196598,-1.157388,-0.3486736,0.2253438,1.086756,0.429984,0.0962154,0.5827774,-0.49858603,0.1704186,0.2633762,-0.2709,0.34004956,0.019644208,-0.043194003,0.078590594,0.1349752,0.115698,0.46216458,-0.3412742,-0.0209862,0.442514,-0.230376,-0.0905292,-0.5187898,0.024789002,0.21937399,-0.036736004,-0.607702,-0.1600046,-0.9046694,-0.34912,0.35438302,-0.244632,-0.673828,-0.010294998,0.11246641,0.06715663,0.084578,-0.21602078,-0.2638074,-0.22015437,-0.044167202,0.1353198,0.3846188,0.180274
11,0.06804134,0.20888938,0.15107226,-0.039848857,-0.022973873,0.033676684,-0.055115785,0.036167033,0.15664299,0.19111477,0.18066923,0.03306518,0.13588554,0.030700857,0.003830731,-0.16674712,0.22254701,0.21578465,-0.14677128,0.1836462,0.11471781,0.008250437,-0.0314005,-0.10754316,0.09500984,-0.02725991,-0.20849961,-0.38548055,-0.10554996,-0.13608219,0.00013643883,0.4497125,-0.10700133,-0.04570079,-0.026677253,0.17366533,0.04753095,0.01767306,0.012458451,-0.2831125,-0.09323455,-0.16251865,0.005572729,-0.26506075,-0.06706337,-0.02540701,-0.077138245,-0.21889205,0.09799784,-0.623649,0.015624083,0.02690316,0.08464229,0.758742,0.028496504,-1.7325624,-0.10237716,-0.13585168,1.3576567,0.13646732,0.060939062,0.50205857,-0.30729857,0.120356254,0.6244371,-0.057022836,0.2237813,0.23379534,0.119790226,-0.184424,0.023001242,-0.09872064,-0.13691463,-0.22620116,0.20962776,0.26877153,-0.15071554,-0.0055854484,-0.5721323,-0.10863187,0.3464702,-0.0026932422,-0.25671077,-0.016028482,-0.95048594,-0.096473046,-0.008978886,-0.19921237,-0.18003094,-0.18247783,0.010409964,-0.06839368,0.12361031,-0.23079848,-0.39715475,-0.077167615,-0.06184142,-0.23335682,0.50579023,0.09644283
12,-0.236678,-0.10060366,0.10851666,-0.24678,0.43013,0.11764266,-0.0059400103,-0.0025986806,0.62707,0.3052,0.31289333,-0.27608,-0.036574006,-0.71550006,0.14550999,-0.016416669,0.231856,0.14282332,-0.10507,0.46808,0.08336333,0.010526677,0.12493,0.24820065,0.026922667,0.15466337,0.44321665,-0.008908997,-0.37635997,0.14209034,-0.23672001,0.40562332,0.46425533,0.13390334,0.62522334,0.41900334,-0.89360666,0.20254,-0.03146334,-0.69329,0.42758033,0.29349333,0.2696,-0.31074333,0.25992,-0.09067,-0.32036668,-0.12943001,0.42708,-0.079297654,0.18728334,-0.04089001,0.51659334,0.33124003,-0.11762667,-1.53821,-0.5450233,0.481073,0.80179,-0.26733002,-0.30567667,0.217869,0.39944664,0.48931965,0.32367334,0.31197,-0.015954671,-0.34498334,0.46118832,-0.36579767,-0.23292667,0.087598346,0.26786602,-0.357931,-0.43568334,0.42335,0.046378,0.051154673,-0.26004666,-0.32937333,0.04255667,-0.22290333,-0.1680022,0.10645666,-0.38059568,-0.46538338,-0.33916005,-0.07121999,-0.149594,0.045626,0.17677335,0.68198997,0.45543,-0.21456333,-0.5665,-0.011204665,0.15508331,-0.12579,0.91918993,0.47595
13,-0.32982472,0.10231916,0.23829482,-0.23349364,0.014640705,0.15560497,-0.13726771,0.16744736,0.2086067,0.03431488,0.2906015,0.11094918,0.2170407,-0.1872141,0.05182871,-0.12234235,4.916156e-05,0.2016084,-0.34113503,0.27512977,0.15040517,-0.16861299,-0.05520482,0.015752954,0.048430704,0.0063763508,-0.05233586,-0.22939481,0.26716638,0.011491646,0.02454627,0.55724573,-0.13970383,0.1661967,0.18065028,0.26721174,-0.17075464,0.08478782,-0.14272295,-0.35142684,-0.26286915,-0.07242176,-0.049103413,-0.29081935,-0.083903246,-0.09802549,-0.08436617,-0.45176372,0.07051512,-0.66217196,0.30848342,0.14327382,0.13528305,0.50469667,-0.12846641,-1.9068036,-0.1460091,-0.18565276,1.5657371,0.23684877,-0.15504804,0.6291447,-0.42504516,0.010391591,0.60904944,0.035107825,0.24923964,0.2407136,0.077512585,-0.3236318,0.08639448,-0.051080413,0.11300882,-0.33654863,0.3760022,0.35590482,-0.13376248,0.019636821,-0.6160587,-0.14913693,0.46772116,-0.09658149,-0.3446785,-0.009403374,-1.0744244,-0.03841529,0.30038312,0.030503055,-0.22938988,-0.24804887,-0.12129301,0.004413296,0.16392383,-0.22026627,-0.3984338,-0.068630755,0.1404502,-0.103373356,0.3546001,0.20262162
14,-0.14634646,0.2556186,0.38960445,-0.27109846,-0.10364213,0.103139944,-0.13281786,0.056624595,0.2207277,0.043430272,0.147209,0.21895652,0.1578126,0.09060164,-0.07410727,-0.28385162,0.12952027,0.3520753,-0.0782783,0.23717734,0.15275119,0.026320675,-0.07713273,-0.2346174,0.09272272,0.064130135,-0.316476,-0.5858272,0.013520264,-0.1288238,-0.1172687,0.4526706,-0.1672096,-0.07434719,0.12704714,0.47708598,-0.069136865,0.091111675,-0.1532457,-0.31491703,-0.2698683,-0.12548973,0.18814532,-0.50409096,-0.21737058,-0.09286316,-0.034075323,-0.27120218,-0.04279674,-0.8796281,0.34754127,0.22902034,0.13938498,0.75381064,-0.041817736,-2.1480508,-0.07768216,-0.19299819,1.7587466,0.28777236,-0.052926,0.65299404,-0.2703547,0.09337962,0.7473113,-0.17837495,0.402156,0.26220542,-0.09027192,-0.32438657,-0.14415939,-0.43017852,-0.12996215,-0.2501776,0.22088572,0.09988593,-0.32170436,-0.024453338,-0.7387486,0.09620993,0.6282305,-0.053265326,-0.33528894,-0.1126352,-1.2415333,-0.13944012,0.19287246,0.017334662,-0.32639453,-0.47545633,-0.28439072,-0.11166321,0.15365735,-0.44008902,-0.51267695,-0.107084416,0.020479325,-0.06289467,0.3518424,0.147873
15,-0.13755362,0.30080286,0.34075472,-0.3539499,-0.18651053,0.11880464,-0.09041392,0.11011973,0.22570795,-0.10873751,0.12994888,0.20732564,0.105607755,0.08825828,0.04304189,-0.07598707,-0.019302836,0.2506105,-0.24973021,0.3224915,0.1427022,0.084355816,-0.054242875,-0.3277182,-0.0024405397,0.2420165,-0.20595516,-0.23989463,-0.020987783,-0.14293669,0.09864631,0.49060172,-0.0013912355,0.05430756,0.08720016,0.30968332,-0.017535165,-0.0029068456,0.09330009,-0.25379613,-0.31125718,-0.18167247,-0.0077303033,-0.37979692,-0.15975899,-0.12572211,-0.084734455,-0.26432648,-0.06784299,-0.7944807,0.024963124,0.024392974,0.15776062,0.6460978,-0.11781628,-1.8685044,0.08048952,-0.06742238,1.3680078,0.13800389,0.05138373,0.72581923,-0.36426404,-0.13607238,0.61078686,-0.04383597,0.3149102,0.2952971,0.0011632855,-0.32052663,-0.03916743,-0.2674743,-0.12905324,-0.3107605,0.13322109,0.31178534,-0.099054135,0.034702156,-0.6060978,0.095019326,0.5426089,-0.17539348,-0.55177885,-0.097442284,-1.2205373,-0.14557505,0.15426084,-0.06681701,-0.36440712,-0.38175046,0.0055486104,-0.034620974,0.052377775,-0.27701154,-0.39163297,-0.04641469,0.020586299,-0.023076283,0.26729462,0.22061922
16,-0.023019306,0.0034523648,0.23968495,-0.043187935,0.112353966,0.15903164,-0.18634538,0.038082544,0.10738171,-0.024754535,0.15632194,0.0751239,0.033663478,-0.0919929,0.15394987,-0.2487441,-0.0018473857,0.041408326,-0.13593486,0.27165356,0.09850834,-0.040995665,0.10760649,-0.010861662,0.0616447,-0.1256822,-0.17647159,-0.31759524,-0.06502554,0.07418576,0.17410651,0.37791598,-0.11552062,-0.14074968,0.14366367,0.14397101,-0.092925124,-0.07228624,-0.14233059,-0.20226537,-0.15803243,-0.18812528,0.13595317,-0.17655781,-0.053360827,-0.1718949,0.12591621,-0.17771642,-0.047577225,-0.6839672,0.343096,-0.09247578,0.23292053,0.7834669,-0.23983268,-1.4410702,-0.11032713,-0.08441176,1.4104781,0.3585453,-0.20567718,0.33274424,-0.20178479,0.0177481,0.4557445,-0.10694011,0.27608034,0.2590653,0.4558006,-0.07622652,-0.15170477,-0.18662673,0.11151264,-0.25768894,0.13673392,0.27631512,-0.14016506,-0.037318897,-0.6430453,-0.08621273,0.49894035,-0.0033765538,-0.41361886,0.002186935,-1.1178615,-0.111788206,0.055275623,-0.19190758,-0.14740705,-0.1080289,-0.115833215,-0.020313935,-0.056018762,-0.14880492,-0.2538428,0.026816623,-0.040155552,-0.13914627,0.41674975,0.089807704
17,-0.06176076,0.2708447,0.35972267,-0.086437,-0.061493974,0.055724554,-0.1406039,0.06630914,0.2535068,0.015009816,0.11953288,-0.023385407,0.15738282,-0.03679083,0.047242325,-0.14614125,0.14271103,0.1982063,-0.17853001,0.18885826,0.35361463,-0.018538851,-0.078265086,-0.12982146,0.14038028,-0.07384964,-0.18156438,-0.28809446,-0.07645911,-0.19913423,0.09467109,0.42685848,-0.00791993,-0.20105878,0.086576715,0.31193614,-0.22874792,-0.059709083,-0.07729467,-0.25587118,-0.042450946,-0.13172643,0.14884202,-0.321821,-0.10622632,-0.03937047,0.00035516333,-0.25250593,-0.05377456,-0.6686993,0.23871253,0.10807889,0.09485557,0.7371836,-0.26727852,-1.5989859,-0.05026839,-0.07190932,1.4901366,0.1420317,-0.11442146,0.4861321,-0.15401408,0.07531976,0.65259933,-0.1218977,0.35232022,0.1731606,0.15371415,-0.25454614,-0.103730306,-0.20260218,0.03291768,-0.083996885,0.042072557,0.19558655,-0.048213784,-0.10061993,-0.62047714,-0.05150004,0.5245069,-0.16288625,-0.17761898,-0.20585844,-1.1434247,-0.18567732,-0.026738003,-0.18852459,-0.2706825,-0.33912352,0.011615795,0.112773195,0.11621547,-0.27692017,-0.48451605,-0.13157825,0.14128415,-0.09184313,0.47826248,0.09433124
18,-0.2816,0.18427,-0.06755,0.27694,-0.066775,-0.41389,0.30757,-0.11097,-0.84585,-0.17047,0.0062422,-0.65395,0.28771,-0.12409,-0.26717,0.026893,0.17115,-0.46256,0.19549,1.1399,-0.46206,0.39222,-0.18622,-0.53259,0.073297,0.0045262,-0.45476,0.16952,-0.41111,-0.31766,-0.73616,0.56228,-0.26528,-0.088054,0.93175,0.46633,-0.36245,0.46954,-0.18022,-0.07036,0.55793,0.13965,0.38983,-0.04636,0.55198,0.020288,0.34741,-0.61839,0.051404,-0.83699,0.05628,-0.24738,-0.19872,0.75093,0.068948,-1.7575,0.70621,0.079792,1.1462,-0.63423,-0.68378,0.51682,-0.68141,0.29451,0.25864,-0.25839,0.36467,0.026786,0.35151,-0.13273,0.18513,0.52367,1.0416,-0.12293,0.77957,0.41305,-0.28948,0.19722,0.41088,-0.35153,0.48837,0.58854,-0.37273,-0.45631,-0.98976,-0.070993,0.48845,-0.082542,-0.49009,-0.29484,0.031072,-0.38779,0.15321,-0.0078053,-0.43276,0.37334,-0.76888,-0.82518,0.28753,0.76069
19,-0.22437768,0.21013266,-0.04061867,-0.28196803,-0.16221134,-0.13590667,-0.03832334,-0.018733323,0.135065,0.072836675,0.41477665,-0.15652569,0.43904665,-0.64447665,-0.102906324,-0.032036666,0.7202466,0.061086655,-0.48172998,0.47363535,-0.21149735,0.035686,-0.028460005,-0.22965336,0.32260332,-0.5171767,-0.34643078,0.2708268,0.029246667,0.073633336,-0.0753,0.224281,0.14689733,0.64923334,0.29741,0.11186999,-0.28801998,-0.375309,0.41315332,-0.48953333,-0.00390967,0.12171233,0.030195003,-0.2877533,-0.03894197,0.06552567,-0.22522998,-0.09096,0.118196666,-0.4380453,0.24362333,-0.027725333,0.26114666,0.55608326,-0.17711835,-1.74818,-0.6653233,-0.24564,1.54,0.13701,-0.16823666,0.56099004,0.33567598,0.018713659,0.5031367,0.23923792,0.149693,0.33648336,0.17377333,0.04863667,-0.01832033,0.07225901,0.10212334,-0.30849335,0.18558633,-0.23917668,0.58458,0.25633,-0.43279335,0.034130663,0.27980566,-0.0609338,-0.24547666,0.24442542,-0.39529335,-0.25617334,-0.13037,-0.45154133,0.0572,-0.16280665,0.36784664,-0.181072,0.49189663,0.040260006,-0.18428667,0.07334566,0.09630432,-0.38832,0.8216567,0.1607
20,-0.2600947,0.27445787,0.25560245,-0.3322554,-0.18650286,0.096336864,0.080793,0.29180914,-0.10878743,-0.13477314,0.10397243,-0.2492,0.35613146,-0.16114306,0.27273628,-0.16100144,0.16120072,0.103125855,-0.32542711,0.5130804,0.26023284,0.05969143,0.16900085,0.24650559,0.10731829,-0.11199857,-0.027645707,-0.26604113,-0.031968005,-0.002236298,-0.072332,0.52145225,0.17884314,0.14014429,0.49221754,0.270305,-0.29390574,0.21718714,0.15045457,-0.44233432,-0.32929772,-0.039425723,-0.16373844,-0.05757039,-0.28369242,-0.137293,-0.15793087,-0.41766796,0.03453386,-0.7550557,-0.027795723,-0.17548572,0.25904688,0.7148157,-0.15031199,-2.1045327,-0.2124466,-0.050406344,1.4044672,0.34580183,-0.25595415,0.87173814,-0.17359145,-0.25673816,0.51647216,0.34858984,0.3062566,-0.00375829,0.4635114,-0.14713044,0.054172866,0.1329,0.060279284,-0.25920686,0.0033662617,0.3399419,-0.02823028,-0.16791813,-0.56448615,-0.29044458,0.4179857,0.009786137,-0.22360002,0.2685887,-1.1308782,-0.24125199,0.18891858,-0.282877,-0.27148858,-0.15926573,0.32931274,-0.00065041735,0.1530817,-0.2111933,-0.60681427,0.055468865,-0.13845429,-0.11167713,0.58244944,0.20706156
21,0.40012002,0.335595,-0.309415,-0.4976675,0.35499,0.2177895,0.2473915,-0.173995,0.69843495,0.29312998,-0.181429,0.747015,0.35701,-0.3641375,0.04947499,0.60566,0.29086,-0.047385998,0.096857004,0.28857,-0.68535,0.1728915,0.21244651,-0.27879906,0.088296995,0.015234992,0.08865501,0.099805,-0.712565,-0.13776,0.00348495,0.483355,0.44652498,0.021364994,0.142905,0.186445,-0.61403,-0.255869,0.45064002,-0.75237,0.68280494,0.041784,-0.079859994,-0.72826505,-0.1248935,-0.124764,-0.4173665,-0.148895,-0.126535,-0.14662999,-0.26689,0.40472,0.177565,0.71038496,-0.560445,-0.06829,-0.82385504,0.126026,0.95027995,0.28356,-0.13532999,-0.24801499,-0.022590004,0.45952502,0.09149499,-0.154805,0.55138,-0.496135,0.417745,-0.24575499,-0.55383503,-0.032305,-0.4308265,-0.15908998,-0.1517105,0.10294999,0.43922502,-0.21461,-0.77257496,0.07722001,0.86610997,0.147027,-0.036610007,-0.325411,-0.822855,-0.385405,-0.41878,-0.2047455,-0.29562598,-0.368375,0.26921,0.436115,0.14455299,-0.65136504,0.53182995,0.29842502,0.25847998,0.17682,0.21235499,-0.052365005
22,-0.029815683,0.3099002,0.26138106,-0.21656895,-0.023702838,0.016413555,-0.11240282,0.23224768,0.07097829,-0.017871998,0.2283922,0.11452596,0.24534963,-0.0408546,-0.06558088,-0.13155337,0.14500743,0.23075244,-0.1305913,0.22610056,0.3107657,-0.00039089588,0.16724318,0.018024655,0.061665248,0.030998189,-0.18444169,-0.1842032,0.12871628,-0.15169686,-0.044985104,0.22688524,-0.053860236,0.054417793,0.0815979,0.27978855,-0.1530263,0.15086974,-0.03325277,-0.16810544,-0.21365228,-0.09365153,0.11524425,-0.31767172,-0.055085283,0.056991577,-0.009818425,-0.19050168,-0.015588141,-0.6094557,0.14082778,0.0043040286,0.042570423,0.8054125,-0.06229992,-1.687194,-0.04860315,-0.1552773,1.3131278,0.27904198,-0.16229786,0.42515734,-0.29700032,-0.053011455,0.6517389,0.11306443,0.28826627,0.28966784,0.031835128,-0.08917259,0.042309787,-0.2668587,-0.06891129,-0.28991476,0.16743173,0.035711635,-0.100393645,-0.057377227,-0.5132739,-0.048220266,0.5520153,0.017917836,-0.39551026,-0.03055457,-1.0471325,-0.14344022,0.109639406,-0.034740426,-0.27273434,-0.3768337,-0.023605263,-0.025123954,0.06753315,-0.077424906,-0.48204657,-0.09996401,0.02395309,-0.17003526,0.28715572,0.12419101
23,0.2516195,0.50073,0.333195,-0.3420665,-0.42522,0.029505,-0.365505,0.3388085,0.092725,-0.1464235,0.090174004,0.269749,-0.32791,-0.0465165,0.09087001,-0.94069505,-0.110805005,0.192065,-0.312725,0.85360503,0.15918499,0.21651998,-0.5267,-0.12905501,0.021837002,-0.07624501,-0.3037575,-0.44901,0.306885,-0.64673495,0.338155,0.763245,0.179465,-0.1287975,0.17566949,0.57235,0.17972,0.11676715,0.014979988,-0.33932,0.14592351,0.0097115,-0.06239,-0.44289,-0.43502,-0.42921,-0.3028855,-0.37054002,-0.24354999,-0.89994,0.142835,-0.135802,0.052748498,0.76894003,-0.38041502,-1.5404999,0.467615,-0.152875,1.502485,0.129981,0.15077499,0.067445,-0.64308,-0.69650495,0.57633996,-0.063225,0.383795,0.50364,-0.192085,-0.294282,0.108385004,-0.03243999,-0.139839,-0.174163,0.231935,0.22541499,-0.067229494,0.0275525,-0.656725,0.0039300025,0.84115,-0.41561997,0.213055,-0.6369,-1.4459,-0.36866,0.017645001,-0.22769699,-0.202731,-0.05467,-0.0452,-0.382995,0.0818755,-0.306625,-0.564425,-0.1021065,0.32773,0.21133,0.53149897,-0.007225007
24,0.04362241,0.010733512,0.24056225,-0.18462485,-0.10812674,0.08563241,-0.11943777,0.16243838,-0.007710345,0.018619262,0.16799495,0.14981662,0.06457639,-0.033562273,-0.05053053,-0.26655167,0.16082568,0.18400009,-0.18282413,0.20332362,0.21778779,0.027797174,0.08407396,-0.06493227,0.09873146,-0.104091495,-0.2583247,-0.33409497,0.09900683,-0.15477312,0.047023375,0.47456,-0.11883986,0.0061614527,0.05756871,0.15337841,-0.093477376,0.07803191,-0.019744433,-0.25469533,-0.16130458,-0.12905827,0.15756167,-0.33700323,-0.14613187,-0.08053274,-0.0066783386,-0.24667333,-0.027241765,-0.7380315,0.10708218,0.07863839,0.16997285,0.8056068,-0.16211312,-1.7348256,-0.057352256,-0.0013713636,1.3964843,0.34873158,-0.08612503,0.44825938,-0.2642056,0.029185452,0.46459448,-0.06557874,0.24155532,0.33154607,0.09154139,-0.14568043,-0.07920727,-0.2842804,-0.05628832,-0.33188912,0.11311795,0.2720757,-0.06098612,0.012454463,-0.679921,0.059081703,0.5046541,-0.21562642,-0.27806202,-0.07904759,-1.0588212,-0.19870465,0.042177696,-0.15091711,-0.09840215,-0.17176728,-0.1145359,-0.080916435,0.108471334,-0.20189475,-0.36293438,-0.07439268,0.0043272492,-0.15449837,0.37971044,0.098625064
25,-0.04093587,0.15921827,0.21855669,-0.07617703,0.15482968,-0.052765414,-0.071451016,0.19631119,-0.075532585,0.11935158,0.2244264,-0.030717652,0.078873396,-0.1057987,0.04194282,-0.14400049,0.13465501,0.11703419,-0.24080399,0.19753703,0.2347732,-0.02882514,0.013021903,-0.14852823,-0.050272554,-0.08353168,-0.034354184,-0.06745432,-0.0577062,-0.14003414,0.17812954,0.39665225,-0.14604868,0.047696047,0.16459517,0.1371117,0.058953892,0.18310691,-0.15592231,-0.17541365,0.008139898,-0.2577253,0.2575827,-0.31992185,0.05490437,0.011458488,0.025810644,-0.29651994,-0.0049646436,-0.5481988,0.07832443,0.096881375,0.2517962,0.783165,-0.0853311,-1.7804621,-0.03498299,-0.11354676,1.465734,0.24535154,-0.11266663,0.22485493,-0.1953797,-0.08365303,0.49426246,-0.070091076,0.24059543,0.27528524,0.08294135,-0.17678928,-0.040351752,-0.11658296,-0.04582646,-0.126617,0.12572119,0.2992745,-0.07726127,0.061070677,-0.7985179,0.044985857,0.5490375,-0.047877558,-0.24999472,-0.022306483,-1.0510288,-0.25257054,0.15262717,-0.19733799,-0.14687131,-0.120873585,-0.048420765,0.08761135,-0.10315614,-0.23177615,-0.28850937,0.07190521,0.07749861,0.013660593,0.4470033,0.014660349
26,-0.070668764,0.22218692,0.305728,-0.21919166,0.10990683,0.09576187,-0.38736293,0.28645718,0.02530841,-0.11342572,0.015569057,-0.08961195,-0.11036863,0.097752176,-0.10730059,-0.34903586,0.30831406,0.051515788,-0.39176208,0.2500014,-0.085599706,0.08566705,0.24091552,-0.018236177,0.023374641,-0.105904065,-0.07391989,-0.27482474,0.095008664,-0.1367212,0.049421884,0.49502766,0.054150585,0.018229825,0.27700955,0.09078783,-0.08111823,0.08978001,0.011738535,-0.21338822,-0.23228213,-0.20937754,-0.13419831,-0.5320031,-0.25752544,0.16465996,-0.17645012,-0.23150617,0.12627523,-0.6857964,-0.17721641,0.22656,0.04630853,0.7515749,-0.006718469,-1.8506353,-0.18963441,-0.17360297,1.4134128,0.12230452,-0.119087175,0.322622,-0.24662459,-0.069185056,0.53108114,0.12588064,0.06295735,0.4531384,0.28392768,-0.24196473,0.19498876,-0.33581585,-0.19084805,-0.48773783,0.34404948,0.18437372,-0.05062071,0.10471904,-0.48764673,-0.068725,0.64284015,-0.009758659,-0.31713068,-0.12599297,-1.2274199,0.0037998925,0.08734053,0.08316514,-0.34673125,-0.34813932,0.033647235,0.04390607,0.090763725,-0.23197383,-0.46346393,-0.12832017,0.11006049,-0.04128236,0.2809124,0.019776814
27,-0.05986702,0.14092873,0.31084645,-0.11047676,-0.09595045,-0.005574056,-0.044097953,0.063305214,0.22196628,-0.04519016,0.22579414,0.041006815,0.2286207,-0.031045092,0.08656034,-0.1074166,-0.031074677,0.035259075,-0.18059279,0.17196542,0.0821849,-0.05058777,0.04258267,-0.15309647,0.030240618,-0.108752646,-0.013243352,-0.29581603,-0.081648506,-0.18026333,0.027964847,0.24167155,-0.06288664,0.053624704,0.078683876,0.21404487,-0.10643317,0.16201457,-0.0450198,-0.16561133,-0.22573537,-0.048654042,0.2735314,-0.32571563,-0.13679734,-0.26342762,0.087257184,-0.22146487,0.03096164,-0.6125523,0.1728944,-0.0039364696,0.15256263,0.8257551,-0.040539104,-1.6957008,-0.049733512,-0.104921415,1.2272825,0.2541124,-0.057692815,0.49166387,-0.29277056,-0.006027463,0.6180066,-0.06806862,0.3766922,0.22277834,-0.030594196,-0.1256592,-0.09646017,-0.054661527,0.0076399758,-0.21568272,0.17755121,0.297816,-0.10425249,-0.15035455,-0.7109063,0.006328167,0.49877578,-0.122909926,-0.3200238,-0.1873858,-1.2125598,-0.1391798,0.042790215,-0.058625527,-0.3827671,-0.2938367,-0.0035110451,-0.10915279,-0.08176173,-0.14855732,-0.2680599,0.033424262,-0.029453574,-0.09399938,0.30172968,0.1580468
28,0.087457135,0.09986764,0.07565321,-0.19782808,0.19496034,-0.15518534,0.06620721,0.08374592,0.12668186,0.045938708,0.166366,-0.05324563,0.2595914,-0.111313105,0.014212431,-0.14626577,0.5748432,0.15532216,-0.3006499,0.061847217,0.19559717,-0.049465857,0.018454928,0.09931784,0.05123049,-0.15310286,-0.07668507,-0.24646048,-0.20078436,-0.11253335,0.070696786,0.38050056,-0.13461079,0.03630421,0.25648266,0.34523216,-0.1586175,-0.04437915,-0.019851923,-0.21184628,0.0704222,-0.1946841,0.039828066,-0.18430863,0.122821175,-0.037096858,0.013387506,-0.39050594,0.010065283,-0.6254765,0.32959342,0.16446821,0.033701144,0.7097569,-0.057272047,-1.6390291,-0.30512613,-0.15793501,1.6886984,0.2204745,-0.06093986,0.27529785,0.0008909234,0.19211899,0.57686347,-0.096394874,0.31741527,0.1503803,0.31218466,-0.10548729,-0.12808493,-0.22007237,-0.14220093,-0.21095249,0.07697593,0.096662685,-0.065273166,0.11071036,-0.8037807,-0.067843705,0.7181186,-0.07634253,-0.3396462,0.17125674,-1.0154501,-0.1637607,0.18485163,-0.09495567,-0.17330745,-0.20611593,0.12454691,-0.015672121,0.054074217,-0.23537071,-0.3908317,0.041901816,0.0640407,-0.029151976,0.58831877,0.059690785
29,0.022000173,0.0707516,-0.14349316,-0.065755,0.102457516,-0.13141017,0.14208217,0.480835,-0.30207333,0.15624501,0.07407583,0.039709996,0.11172534,0.25798678,0.12768734,-0.28470334,0.31535718,0.11268517,-0.35803327,-0.01392132,0.30778915,-0.29730666,0.030025179,0.092515,-0.06874167,0.083489,-0.23909669,-0.032028496,0.12988749,-0.028189331,0.22919331,0.47516665,0.0030288398,0.07822334,0.08381963,0.52837497,0.036259994,0.1080325,-0.3928616,0.17328449,-0.22221667,-0.29924017,0.25390184,-0.28623533,0.22759332,-0.07340167,-0.009354326,-0.41784,0.13734716,-0.48799834,0.28655,-0.1493025,0.32461667,0.76885337,-0.18203104,-1.8798066,-0.07616266,-0.09687334,1.7789835,0.2561045,0.19363832,0.49328664,-0.18820333,0.007820834,0.5264717,-0.30583483,0.07818001,0.40284,0.07883502,0.02647665,-0.0024464976,0.018518323,-0.081561364,-0.1640448,0.15887909,0.38209832,-0.40907666,0.08983982,-0.85560673,-0.15963833,0.65497667,-0.2255385,-0.54677165,0.06341077,-1.3790866,-0.25749502,0.39203,-0.21300566,-0.17980699,-0.4093717,0.07921499,-0.093076654,-0.15345398,-0.17297,-0.30761167,0.059693534,-0.08900193,-0.12309735,0.40887332,0.06676667
30,0.25973186,0.496285,0.5485241,-0.029978428,-0.14595513,-0.10468144,0.06120771,-0.23394428,-0.24264932,-0.14569427,0.15351458,0.029817147,-0.08384057,-0.27948216,-0.057053145,-0.12315573,0.083838865,-0.123111285,-0.007189989,0.54849696,0.6306429,0.080518566,0.18778443,0.28767827,0.35886854,-0.3283171,-0.1063747,-0.5237214,0.25452,-0.15083401,0.049203288,0.33086425,-0.08864399,0.100245856,-0.10424429,-0.01936428,-0.1311283,0.08878643,0.15919428,-0.06329571,-0.29634145,-0.21535285,0.11185,0.21492685,0.3943,0.067525715,0.13552286,-0.31951714,0.13431631,-0.9040114,-0.18856318,-0.042971432,0.2370207,0.7188571,-0.17295945,-1.9378961,0.14252856,-0.10506457,1.5734673,0.64073,-0.227852,0.5782432,-0.49385002,0.019522846,0.28747,-0.19208257,0.13533477,0.22691785,0.3188267,-0.15801014,-0.14210455,-0.18256915,-0.2673503,0.28663844,0.002554288,0.08367686,-0.103085436,0.12502943,-0.89294857,0.08648758,0.60769427,0.016574,-0.32738945,0.21082999,-0.8922471,-0.23546287,-0.15100114,0.0048100012,-0.034278564,-0.10532328,-0.032308996,0.24276558,-0.073185444,0.039580286,-0.69214004,0.014951436,0.084412284,-0.1637897,0.25977287,-0.019974278
31,0.25975,0.55833,0.57986,-0.21361,0.13084,0.94385,-0.42817,-0.3742,-0.094499,-0.43344,-0.20937,0.34702,0.082516,0.79735,0.16606,-0.26878,0.5883,0.67397,-0.49965,1.4764,0.55261,0.025295,-0.16068,-0.13878,0.48686,1.142,0.056195,-0.73306,0.86932,-0.35892,-0.51877,0.90402,0.49249,-0.14915,0.048493,0.26096,0.11352,0.41275,0.53803,-0.4495,0.085733,0.091184,0.0050177,-0.34645,-0.11058,-0.22235,-0.6529,-0.051838,0.53791,-0.8104,-0.18253,0.24194,0.54855,0.87731,0.22165,-2.7124,0.49405,0.44703,0.55882,0.26076,0.2376,1.0668,-0.56971,-0.6496,0.33511,0.34609,1.1033,0.085261,0.024847,-0.45453,0.077012,0.21321,0.10444,0.067157,-0.34261,0.85534,0.13361,-0.43296,-0.56726,-0.21348,-0.33277,0.34351,0.32164,0.44527,-1.3208,-0.1327,-0.7082,-0.48472,-0.69396,-0.2608,-0.47099,-0.057492,0.093587,0.40006,-0.43419,-0.27364,-0.77017,-0.84028,-0.001562,0.62223
32,0.254605,0.335505,0.30448306,-0.25968498,-0.022469997,0.310795,-0.081873,-0.078275,0.60831,-0.10523895,-0.025095,0.51464,0.033347502,-0.1227135,-0.115852505,0.017315,-0.41149,0.0009149909,-0.24069,0.17335498,-0.37480003,-0.03987,-0.29421502,-0.56576,-0.0517945,0.224755,-0.356425,-0.4004275,0.028786,-0.459355,0.114307046,0.37572002,-0.022015,-0.046439998,0.181419,0.091970004,-0.20896952,-0.360082,0.18963501,-0.19788,0.091455005,0.1941145,0.070205,-0.256639,-0.25044,-0.2734995,0.31004798,0.089697,-0.22226,-0.48105502,0.111240014,0.060245007,0.21147999,0.39949998,-0.1470605,-0.79423,-0.194695,-0.0431915,0.427525,0.205889,-0.247165,0.530908,-0.2752,-0.239082,0.40280402,-0.0655995,0.32563,0.014721999,-0.1281155,-0.2448,-0.070745006,-0.477045,0.057585504,0.1506,0.377841,0.029260002,0.1484119,-0.1946095,-0.32688498,0.2471115,0.291775,0.174395,-0.426435,-0.22643,-0.601085,-0.285735,-0.125385,0.189285,0.07682499,-0.16674049,0.078844994,0.036939994,0.1067355,-0.3284635,0.39981502,-0.359145,0.101734996,-0.07308175,-0.41195002,0.20114501
33,-0.07860143,0.42512575,0.3640439,-0.36972386,-0.22405148,0.051524002,0.09592428,0.53551716,-0.010603002,-0.32552227,0.30542642,0.20658343,0.38846284,0.18311742,0.19055195,-0.3694786,0.082778,0.2620757,-0.3480051,0.15205729,0.4380502,0.16124572,0.021608574,-0.062228568,0.19756714,-0.03233985,-0.29125428,-0.4398797,0.28794655,-0.035390284,-0.08596844,0.28031552,0.015751142,-0.066344425,0.2711903,0.45940018,-0.22079346,-0.037481427,0.15831229,-0.19293714,-0.30016142,-0.27870715,0.21926458,-0.45276752,-0.12025224,0.021298004,0.10924555,-0.45106003,0.08688457,-0.731134,0.10761285,-0.23663719,0.033127006,0.88358,-0.07226585,-2.02934,-0.19633271,0.011924709,1.7163714,0.43006426,-0.15247329,0.87705857,-0.31139,-0.08253014,0.52235925,0.13749628,0.35313544,0.24892715,-0.14059146,-0.22489169,0.01947664,-0.28336743,0.0025194276,-0.20883428,0.17614248,0.29684857,-0.2558351,-0.27377433,-0.49797153,0.00816358,0.5305589,-0.019340286,-0.5535472,0.21706529,-1.3945085,-0.07503128,0.18166628,-0.14985813,-0.26573387,-0.2065077,-0.096551284,0.032203853,-0.024379566,-0.37050888,-0.7270257,-0.048626006,0.12165956,0.20226915,0.3226393,0.28882983
34,-0.106304444,0.15965888,0.11066446,-0.24148089,0.19014056,0.15432297,-0.099251434,0.08844022,0.448861,-0.009693331,0.22357689,0.03503578,0.21004415,-0.11737166,-0.15498179,0.10408889,0.1659108,0.1729098,-0.50133234,0.36052954,0.007674111,-0.13662611,-0.05567188,-0.23274462,-0.023693554,0.052259028,-0.09109667,-0.09954934,-0.09340545,-0.19518423,0.16000932,0.58077335,-0.023947105,0.14310655,0.0319638,0.22705112,-0.4179771,-0.20366165,0.026696675,-0.37826878,0.022498984,0.03794933,0.071312,-0.4942377,-0.22660978,-0.10645322,-0.12018922,-0.11468433,-0.07836033,-0.60718334,0.21112354,0.25552908,0.16351213,0.51498896,-0.38481793,-1.3461511,-0.34804764,-0.19488701,1.1759267,0.18045034,-0.17644,0.44420183,-0.057033334,0.11631068,0.44380108,-0.009371423,0.40301397,0.25068557,0.35373813,-0.25528777,-0.03713056,0.048288666,0.011505557,-0.29362604,0.14390624,0.3072449,0.014170334,0.011969337,-0.8058522,-0.07312611,0.38846365,-0.10369828,-0.063602105,-0.21920311,-0.94833195,-0.07604723,-0.014018887,-0.21634726,-0.21968444,-0.21657525,0.078323334,0.052241113,0.30109,-0.414842,-0.27642345,0.05658212,0.04605333,-0.094465554,0.4703198,0.123452336
35,0.0,0.0,0.0,0.0,0.0,0.0,0.0,0.0,0.0,0.0,0.0,0.0,0.0,0.0,0.0,0.0,0.0,0.0,0.0,0.0,0.0,0.0,0.0,0.0,0.0,0.0,0.0,0.0,0.0,0.0,0.0,0.0,0.0,0.0,0.0,0.0,0.0,0.0,0.0,0.0,0.0,0.0,0.0,0.0,0.0,0.0,0.0,0.0,0.0,0.0,0.0,0.0,0.0,0.0,0.0,0.0,0.0,0.0,0.0,0.0,0.0,0.0,0.0,0.0,0.0,0.0,0.0,0.0,0.0,0.0,0.0,0.0,0.0,0.0,0.0,0.0,0.0,0.0,0.0,0.0,0.0,0.0,0.0,0.0,0.0,0.0,0.0,0.0,0.0,0.0,0.0,0.0,0.0,0.0,0.0,0.0,0.0,0.0,0.0,0.0
36,-0.0543486,0.08730755,0.3866927,-0.20616336,-0.13221726,0.04747709,-0.10518012,0.15820739,0.20037869,0.09622268,0.23760708,0.14193447,0.10228743,-0.09878991,0.03536186,-0.19481306,0.12001777,0.2599346,-0.218049,0.31805465,0.18085411,0.073912315,0.008353424,-0.13176878,0.06055727,-0.03747987,-0.14247498,-0.32984138,-0.010509324,-0.22131643,0.15213192,0.4253961,-0.14040186,-0.030743564,0.11428045,0.25752926,-0.19965279,0.07493889,0.03643599,-0.22740622,-0.1003379,-0.16709554,0.14731799,-0.33715478,-0.22307134,-0.15041551,0.111986674,-0.29637972,-0.033271134,-0.6577419,0.18714894,-0.054025553,0.11422213,0.74725205,-0.05945794,-1.5372117,-0.03807317,-0.10203679,1.3662504,0.2556433,-0.074707076,0.39716503,-0.30069757,0.09810295,0.50599277,-0.020651424,0.37631196,0.10138135,0.17161305,-0.2615499,-0.01358017,-0.17130415,0.047789674,-0.19184536,0.25809196,0.24606986,-0.20008865,-0.13595822,-0.6584157,0.015375031,0.5371094,0.01283775,-0.29576498,-0.1498935,-1.0745374,-0.16759098,0.17312756,-0.017789397,-0.34181565,-0.28920966,-0.014760835,0.029424906,0.14277978,-0.17965427,-0.37756374,-0.10998342,-0.009906955,-0.14898354,0.38728917,0.09029275
37,-0.006541788,0.100499034,0.20670511,-0.051849704,0.006574548,-0.07998686,-0.13327718,0.08240252,0.08599796,0.0069630267,0.12153712,0.14307152,0.1730507,0.033601057,0.15114598,-0.15554023,0.22724749,0.13057797,-0.2136689,0.19044709,0.06836089,-0.114796095,-0.028645528,-0.0562436,0.0919006,-0.0575314,-0.0759428,-0.19503638,-0.034914043,-0.12212569,0.09705108,0.38477567,-0.07119698,-0.08292423,0.113819115,0.20823461,-0.10288562,-0.104372375,0.0030782085,-0.24708928,-0.14073825,-0.13578601,0.16290885,-0.22503035,-0.045067076,-0.1140709,-0.0010095373,-0.29771215,0.052668266,-0.6146415,0.30298454,0.068795614,0.1560978,0.74814224,-0.06451166,-1.4925098,-0.007878582,-0.10492108,1.5458932,0.24128512,-0.13266827,0.43682528,-0.17748424,-0.15659249,0.48970914,0.026261773,0.0852637,0.17181943,0.25417674,-0.16672364,-0.050073773,-0.16271275,-0.07940719,-0.3233234,0.096327715,0.31330115,-0.06652037,-0.057291113,-0.6976544,-0.02209301,0.50473803,-0.008982208,-0.31205073,-0.035590027,-1.0259811,-0.22413488,0.14482278,-0.10112963,-0.24137719,-0.094890475,-0.07310874,0.1073042,-0.025567295,-0.20850076,-0.3987233,-0.031239508,-0.028378367,-0.06957571,0.28519097,0.104883194
38,0.16281267,0.33630666,0.26853332,-0.18545866,-0.42970002,-0.5638937,-0.15021335,0.12808333,-0.24519001,-0.23529434,0.21984,0.15056334,0.05082667,-0.44393,-0.025898367,0.14955534,-0.449255,0.41751,-0.19978033,0.6437133,0.6201567,-0.068936676,0.0024766724,-0.26533332,0.25226334,0.21294302,-0.043236673,-0.51156,-0.113566674,-0.55590665,0.060469996,0.4314327,0.009012665,-0.06567333,0.081892334,0.16896665,0.06927413,0.280505,0.2701,-0.6018467,-0.079253346,0.013789992,-0.011929336,-0.21942167,-0.197946,0.04020999,0.07028667,-0.51325333,-0.05803133,-1.018,0.35631,-0.09719366,0.13408734,0.8536833,-0.14533333,-2.0140667,0.05113,0.07049001,1.2670966,0.12174666,-0.09074668,0.3672533,-0.51196796,-0.112679996,0.5232933,-0.11447201,0.62015,0.13062169,0.29014668,-0.054716665,0.16521998,-0.04319899,-0.23669134,0.06414332,0.08029634,0.063743345,0.17689334,-0.16603267,-0.69175005,0.19722533,0.69463664,0.009753336,-0.24335332,-0.47219932,-1.2470534,-0.52193,0.029598663,-0.26152,-0.422269,-0.09961333,0.13693999,0.06841667,-0.050566673,-0.39884296,-0.83414,-0.19601534,-0.13932668,-0.6379,0.26115668,0.387182
39,0.0,0.0,0.0,0.0,0.0,0.0,0.0,0.0,0.0,0.0,0.0,0.0,0.0,0.0,0.0,0.0,0.0,0.0,0.0,0.0,0.0,0.0,0.0,0.0,0.0,0.0,0.0,0.0,0.0,0.0,0.0,0.0,0.0,0.0,0.0,0.0,0.0,0.0,0.0,0.0,0.0,0.0,0.0,0.0,0.0,0.0,0.0,0.0,0.0,0.0,0.0,0.0,0.0,0.0,0.0,0.0,0.0,0.0,0.0,0.0,0.0,0.0,0.0,0.0,0.0,0.0,0.0,0.0,0.0,0.0,0.0,0.0,0.0,0.0,0.0,0.0,0.0,0.0,0.0,0.0,0.0,0.0,0.0,0.0,0.0,0.0,0.0,0.0,0.0,0.0,0.0,0.0,0.0,0.0,0.0,0.0,0.0,0.0,0.0,0.0
40,0.0,0.0,0.0,0.0,0.0,0.0,0.0,0.0,0.0,0.0,0.0,0.0,0.0,0.0,0.0,0.0,0.0,0.0,0.0,0.0,0.0,0.0,0.0,0.0,0.0,0.0,0.0,0.0,0.0,0.0,0.0,0.0,0.0,0.0,0.0,0.0,0.0,0.0,0.0,0.0,0.0,0.0,0.0,0.0,0.0,0.0,0.0,0.0,0.0,0.0,0.0,0.0,0.0,0.0,0.0,0.0,0.0,0.0,0.0,0.0,0.0,0.0,0.0,0.0,0.0,0.0,0.0,0.0,0.0,0.0,0.0,0.0,0.0,0.0,0.0,0.0,0.0,0.0,0.0,0.0,0.0,0.0,0.0,0.0,0.0,0.0,0.0,0.0,0.0,0.0,0.0,0.0,0.0,0.0,0.0,0.0,0.0,0.0,0.0,0.0
41,0.145237,0.120125,-0.13250998,-0.101115,0.0031950027,0.11566,-0.258583,0.053214997,-0.039964974,-0.34669,-0.13605,-0.318625,0.37384,-0.045850005,-0.257195,0.090660006,0.32423002,0.24887499,-0.89356,0.39859998,0.1726105,0.561395,-0.14081,-1.004255,0.516265,0.0018640012,-0.4183,-0.3446265,0.044519998,-0.211119,-0.37379003,0.27747652,0.21785,-0.07201651,-0.09826492,0.33611876,-0.29656,-0.01593998,0.358,-0.811725,0.3488,-0.18807201,0.308559,-0.79225,0.266742,0.15549,0.18977001,0.026899993,0.53922,-0.39459,-0.327605,0.0985745,-0.058719993,0.68649,-0.1696325,-2.2487,-0.73633003,0.0501585,1.2705,0.18691,0.081569,0.707335,-0.241375,0.46573502,0.360535,-0.12848,0.768375,-0.094840005,0.1911775,-0.24153998,-0.028870001,0.13855,0.073465005,-0.358185,0.32437,0.1402895,0.3356095,-0.24114,-0.45242,0.116380006,0.37198,0.06499005,0.009020001,0.128699,-0.96180004,-0.13401851,-0.33450502,-0.827005,-0.23541,-0.3135581,0.29549,0.052214995,0.5111465,0.06126,-0.923925,-0.31368,-0.27197498,-0.45232502,0.776025,0.36936498
42,-0.10736747,0.07307852,0.17534974,0.030334797,-0.104591794,0.21282153,-0.09284161,0.18429111,-0.021302735,-0.049775586,0.015290945,0.09458334,0.18241206,-0.06052041,-0.17089634,-0.2385507,0.20777705,0.27573937,-0.38961333,0.21381083,0.103377,-0.18848868,0.09927769,-0.22619233,0.19421032,0.032604598,-0.18005213,-0.3770137,0.1372008,-0.10915759,0.0675478,0.33988315,-0.1133696,-0.059411533,0.035911534,0.34298092,-0.03860786,-0.036593188,-0.19900608,-0.13897769,-0.20158933,-0.22380255,0.17504875,-0.47115076,0.08023922,-0.0903148,0.0225252,-0.060875338,0.062234465,-0.6186973,0.20849286,-0.047060005,0.08461614,0.84367305,-0.22546166,-1.720074,-0.09076265,-0.1551814,1.5245025,0.28862962,-0.21824254,0.4745024,-0.3455936,0.045824204,0.70558745,0.0005894055,0.072226666,0.24835375,0.015445008,-0.087091535,0.037834935,-0.29197997,-0.025116336,-0.17883562,0.28282192,0.17024644,-0.308412,-0.051808856,-0.47836685,0.022594063,0.46076828,-0.11925853,-0.44579402,-0.019242931,-1.055396,-0.16035113,0.11100082,-0.06712628,-0.11412433,-0.20344853,-0.11121245,-0.12702867,-0.0082426695,-0.22516799,-0.37704507,-0.19668362,0.02124,-0.22095524,0.25208053,0.062368594
43,-0.17397566,0.09439999,0.45982,-0.69375664,-0.25401,0.20544033,-0.20456,0.33617,0.7004833,0.15767832,0.147231,0.33370066,0.09538666,0.12828399,0.29824066,-0.12614334,0.257484,0.014830013,-0.24966998,0.21112667,0.19061899,0.28141665,-0.33203998,-0.10904666,-0.20594399,-0.048792034,-0.10100334,-0.11109334,0.0577386,0.04483666,-0.019956997,-0.14003034,-0.07766667,0.34035668,-0.22833999,0.45405665,0.14203334,-0.109621346,0.042459294,-0.202353,-0.24284999,-0.10153434,0.12458786,-0.416105,-0.06867466,0.1078959,-0.32313666,-0.30539668,-0.24975665,-0.7568807,0.87697667,-0.157436,0.16227499,0.6818066,-0.214137,-1.4831266,-0.13085333,0.034236997,1.5479666,0.60666996,-0.27720433,0.25854,-0.49991667,0.10709,1.0424567,-0.44068232,0.52914,-0.042108994,-0.13200666,-0.20628335,-0.48857665,-0.21886867,0.23245765,-0.61563,0.30422667,0.37688002,0.14166202,-0.13106667,-1.0509467,0.15946534,0.71950334,-0.14413334,-0.012176673,-0.109056674,-1.09204,-0.41295996,0.08668787,-0.111927666,-0.20101702,-0.11886,0.33165333,-0.27816936,-0.14560734,0.006151999,-0.24304666,0.056937993,-0.2741597,-0.0066399924,0.350348,0.40756336
44,-0.059026558,0.0918413,0.2959114,-0.22194327,-0.028398773,0.23869856,0.000100003825,0.026876858,0.069809996,0.14835486,0.4488329,0.3076543,0.11237114,0.2762,0.46025887,0.28338286,0.22217058,-0.074668564,-0.061383434,0.25665775,0.06264486,0.47970486,-0.18896045,0.094362855,0.02862029,0.36784855,0.15650715,-0.29624143,-0.24767713,-0.44387573,0.09239428,0.4059057,0.019367142,-0.2718207,0.046068575,-0.07271557,-0.15600844,-0.33028942,0.16854942,-0.25403085,0.08889186,-0.31088543,-0.08056971,-0.34254715,-0.31524283,-0.50454146,-0.5326372,-0.08952271,0.1430024,-0.7068157,0.107464,0.39582872,-0.060272843,0.37715504,-0.31421456,-1.4236099,0.16705857,0.5412043,0.7218986,-0.026868429,-0.10884886,0.71088314,-0.44566998,0.018065428,0.30987224,0.051958002,0.48832798,-0.38722467,-0.07317686,-0.1964723,0.009238576,0.07480043,-0.0042794263,-0.018640682,-0.03107686,0.22368,0.10086601,0.14786515,-0.3483743,-0.14133859,0.7579997,-0.5695897,-0.42382428,-0.10854428,-0.6461186,-0.22494315,-0.026570704,-0.21661498,0.020617722,-0.05916143,0.3438243,0.13855885,0.47759297,-0.13472,-0.11841629,-0.3250103,-0.41635773,-0.14626716,0.28682,0.019075032
45,-0.038117316,0.3571611,0.33923376,-0.25916374,-0.030144734,0.16658752,-0.01920948,0.17206477,0.16539583,0.060435444,0.15905681,0.103332825,0.27572578,0.05652132,0.010887221,-0.20740335,0.075342275,0.29554906,-0.17036559,0.21479024,0.23679873,-0.018337002,-0.0035970598,-0.24201861,0.12986925,0.008616121,-0.09944718,-0.31797054,-0.014791334,-0.26883882,0.13082926,0.43346867,-0.015364399,-0.0387399,0.18346912,0.29951143,-0.0027672476,0.081222475,0.0032119644,-0.2904057,-0.04213762,-0.15947436,0.036845844,-0.3036695,-0.20169854,-0.029727925,0.058555298,-0.23339081,-0.09198846,-0.68855566,0.09828064,0.045954093,0.17208122,0.69705355,-0.20987865,-1.7715486,-0.08616241,-0.044434242,1.4078265,0.27466115,-0.033802826,0.6428885,-0.3089358,0.08340672,0.6487451,0.013558577,0.4149441,0.1647269,0.014666027,-0.22004801,-0.006265342,-0.18700941,-0.09883213,-0.17693213,0.20587775,0.16199666,-0.11594875,-0.1086467,-0.56990814,0.03998072,0.4515365,-0.10587332,-0.31701648,-0.0060527045,-1.0835459,-0.25541872,0.05509073,-0.14978665,-0.24890219,-0.27113947,-0.087583676,-0.0707045,0.032271925,-0.26727444,-0.41693926,-0.10573999,-0.15068687,-0.22997609,0.36802614,0.14568257
46,0.09995406,0.08505802,0.16603582,-0.10719195,-0.02694859,0.035637528,-0.19270058,0.13991036,-0.026539525,-0.03948912,0.12613441,0.102262825,0.2655398,0.08217078,-0.023097118,-0.31642237,0.39983526,0.25569203,-0.21973057,0.2531884,-0.012956891,-0.26058567,0.12821136,-0.0096768765,0.14841285,-0.06641342,-0.1909825,-0.33465663,0.008613354,-0.12747188,0.13621628,0.31681302,-0.11620847,-0.014052182,0.11229399,0.36574838,-0.07993029,-0.06647446,-0.014241883,-0.31553444,-0.12672894,-0.19745764,0.14992346,-0.29735896,-0.06767947,-0.07675586,-0.048724707,-0.31438354,0.09960362,-0.6834682,0.25868115,-0.07762135,0.16899246,0.99611,-0.09436588,-1.8436267,-0.054789525,-0.3883727,1.7207346,0.39199898,-0.1418045,0.22376941,-0.17730795,0.0046353485,0.74601126,-0.16828215,0.008046843,0.27756038,0.16508031,-0.23522416,0.028159061,-0.2817753,-0.13072176,-0.3813906,0.3919694,0.23572493,-0.10385782,-0.015740354,-0.73850644,-0.054384224,0.60245883,-0.0067732264,-0.44926912,-0.031201053,-1.3783818,-0.2842224,0.1496354,-0.16072372,-0.1975906,-0.26023987,-0.14347804,-0.17512082,0.013057093,-0.19986518,-0.35712364,-0.08945694,0.18116505,-0.23693968,0.30479127,0.1387936
47,-0.018525004,0.37413666,0.32105666,-0.29711607,-0.17762166,0.28325516,-0.28061384,0.117816664,0.24575949,-0.33564517,0.029409966,0.3008405,0.33164153,0.015047334,-0.05597603,-0.326785,-0.031094996,0.437615,-0.4373865,0.4091067,0.21354915,0.30255,0.11641774,-0.44795668,0.07275384,0.13098717,-0.29394114,-0.49187502,0.13614649,-0.44113335,-0.0411885,0.63911337,0.03218733,0.20302832,0.43763086,0.15832451,-0.422735,0.07372783,0.18750435,-0.19810165,-0.28803667,-0.100496255,0.035751507,-0.5776795,-0.46682,0.019948328,0.015878335,-0.021553,0.27529046,-0.69997334,-0.09072,-0.17875832,0.008614031,0.8765184,-0.012180001,-1.865095,0.120233335,0.15135501,1.1030222,0.19550835,-0.024168333,0.7621083,-0.48428166,-0.009322665,0.75117666,-0.10374492,0.5565017,0.28114012,-0.09896984,-0.33011267,0.03603875,-0.44679666,0.09095267,-0.33578703,0.065073505,0.012620662,-0.13725367,-0.24725519,-0.41005334,0.005792668,0.2984273,0.20672067,-0.7406017,-0.19611101,-1.5294851,-0.23335165,0.022264488,-0.12617467,-0.69958663,-0.41763666,-0.27346382,-0.11388668,0.15665983,-0.40815452,-0.316985,-0.051736664,-0.19275182,-0.11744499,0.08282968,0.6288925
48,0.0,0.0,0.0,0.0,0.0,0.0,0.0,0.0,0.0,0.0,0.0,0.0,0.0,0.0,0.0,0.0,0.0,0.0,0.0,0.0,0.0,0.0,0.0,0.0,0.0,0.0,0.0,0.0,0.0,0.0,0.0,0.0,0.0,0.0,0.0,0.0,0.0,0.0,0.0,0.0,0.0,0.0,0.0,0.0,0.0,0.0,0.0,0.0,0.0,0.0,0.0,0.0,0.0,0.0,0.0,0.0,0.0,0.0,0.0,0.0,0.0,0.0,0.0,0.0,0.0,0.0,0.0,0.0,0.0,0.0,0.0,0.0,0.0,0.0,0.0,0.0,0.0,0.0,0.0,0.0,0.0,0.0,0.0,0.0,0.0,0.0,0.0,0.0,0.0,0.0,0.0,0.0,0.0,0.0,0.0,0.0,0.0,0.0,0.0,0.0
49,-0.15450463,0.04490745,0.2107042,-0.027119424,-0.08045467,-0.051550347,-0.105273925,0.17157617,0.098535694,0.024601974,0.13552016,-0.143577,0.31476322,-0.04661434,0.07708223,-0.27878097,0.043064248,0.091874,-0.32856426,0.07111589,0.044397857,-0.16098529,0.09859754,-0.108785056,0.008943638,-0.07734245,-0.041611183,-0.111472815,0.064240135,0.12746148,0.061892297,0.5770614,-0.006164724,-0.008332629,0.23878972,0.19694196,-0.14671558,0.020901104,0.0007027164,-0.11215895,-0.20877364,-0.11688777,0.08087224,-0.16538453,-0.15997237,0.013928058,0.02640714,-0.20314008,-0.035799872,-0.631694,0.2371617,0.10598249,0.2082828,0.71783775,-0.122997366,-1.694591,-0.09148046,-0.109894276,1.4655796,0.31978962,-0.060080614,0.4975694,-0.17515141,-0.043010723,0.5967305,-0.051059417,0.3262306,0.21107033,0.27122957,-0.14340734,-0.13813417,-0.13240163,0.106620386,-0.4108133,0.43195775,0.114848584,0.08704057,-0.15172313,-0.6920923,-0.11764676,0.3457128,-0.096949756,-0.3502804,2.3028775e-05,-1.2752604,-0.21914068,0.23805366,0.051445495,-0.35317641,-0.23389857,-0.102346614,0.03390026,0.05842144,-0.16153431,-0.3004095,0.082333416,-0.078918576,-0.14286841,0.38373825,0.17924179
50,-0.008871499,0.22664,0.583605,-0.263142,-0.436855,0.058014996,-0.044662002,-0.172999,-0.24475,-0.2354945,0.231575,0.034114994,0.36395502,0.2530345,-0.014054999,-0.210941,-0.19599101,0.411168,-0.201425,0.76204,0.011504999,0.33905,-0.06579,-0.66441,0.14684,0.278225,-0.506865,-0.756315,-0.24865,-0.35567498,-0.322285,0.672655,0.011455003,-0.0544325,0.12634501,0.21976,-0.23811948,0.2022515,-0.0983149,-0.515095,0.030801,-0.163315,0.274495,-0.495715,-0.65058,-0.116895005,-0.10247199,-0.2926835,-0.022677,-1.3248501,0.19378501,0.010619998,0.0041900016,1.011435,-0.036248,-2.38955,0.325345,0.58570504,1.4549999,0.008660004,-0.15109101,0.972335,-0.759425,-0.19480701,0.650195,0.1837355,0.85837495,0.2122885,0.023260005,-0.411375,0.35351503,-0.078799,0.42615497,-0.16714999,0.737555,0.37079,-0.096553996,-0.098572,-0.414555,0.16807,0.66487,0.23505971,-0.592245,0.16969001,-1.3936999,-0.0258625,-0.121613495,-0.0726705,-0.68000495,-0.52509,0.058625497,-0.323625,0.130381,0.01907,-0.67781997,-0.22638498,-0.176747,-0.211525,0.29648,0.93397504
51,-0.062149405,0.115797535,0.31238693,-0.16534275,-0.23758455,0.2390905,-0.22389133,0.023804266,0.40773088,-0.26423037,0.37378606,0.16281834,0.22519451,-0.28772214,0.0061798673,-0.17575708,0.07394047,-0.036038067,-0.34652665,0.19080582,0.42068973,0.20864001,0.07440261,0.23149532,-0.085213535,0.06773146,0.114622936,-0.23141333,0.19792324,-0.040955137,-0.011595328,0.6140716,0.025537135,-0.017783267,0.11775994,0.093659334,-0.24864459,0.05523734,0.13324234,-0.08182487,-0.09038338,0.005069199,-0.14722688,-0.34818316,-0.2097656,-0.31785625,-0.097417526,-0.25931934,-0.06385862,-0.56342536,-0.14317267,0.1311358,0.16575506,0.43763405,-0.3101268,-1.5848993,0.026147224,-0.0454926,1.1859962,0.04481488,0.107749335,0.36442253,-0.12689207,0.054630715,0.47742394,0.22465414,0.4415286,0.15731454,0.084406264,-0.24675754,0.064226,-0.34026146,-0.09011127,-0.39006057,0.0592506,0.1342411,0.10354867,0.06099486,-0.63439834,-0.40201616,0.42686734,-0.3724642,-0.24693368,0.123902954,-1.154389,-0.04728586,-0.10287892,-0.2298492,-0.19004951,-0.046641067,0.18272948,0.17261787,0.4719014,0.10664014,-0.17680785,0.1016592,0.062356003,-0.21764001,0.47368953,0.10449289
52,0.13059668,0.21149834,0.26428333,-0.205696,0.40468165,-0.1378,0.31943032,-0.46209002,0.10173002,0.16762467,0.11017332,-0.6273933,-0.09995333,-0.46684042,-0.09840667,0.169855,0.7304067,0.40054333,-0.05902,0.5922263,0.03634167,-0.054676667,0.167063,0.25479,0.07659668,-0.044166666,0.37557968,-0.11215667,-0.41629663,-0.18879335,-0.06919777,0.8871033,-0.060606,-0.21182667,0.72913337,0.47044668,-0.43293,0.17005533,-0.46180668,-0.48773333,0.32941332,0.16543333,-0.32870835,-0.026871001,-0.19961067,0.08857667,-0.36057666,-0.5884333,0.11170665,-0.7589933,0.32222667,-0.0055883336,-0.083071336,0.56492,0.0014623353,-2.1756668,-0.14065799,0.051125675,1.7922,0.16219966,-0.18240999,0.39128664,-0.25097498,0.0013400018,0.81036,-0.046496328,0.55293334,-0.019976666,0.8280533,-0.16121,0.122996666,0.47346333,0.09114268,0.011541733,-0.09667335,0.08685497,-0.279784,-0.19918334,-0.57318765,-0.38555336,0.37638,0.043390006,-0.487872,0.09337633,-1.4156667,-0.4498,0.039486665,-0.38492334,-0.20139666,-0.30625233,0.0011603335,0.65831333,0.22185002,-0.37036666,-0.10284332,0.02858,-0.09471333,-0.24115634,1.1114467,0.5651967
53,-0.2994095,-0.234205,0.45136,-0.495385,-0.11241001,-0.117601,0.206138,-0.234073,0.31411502,-0.12703499,0.346695,-0.47077,0.38164502,-0.5127905,0.24766499,0.158044,0.039993003,0.133813,-0.249055,0.87899005,-0.136622,-0.10547,0.111795,0.3888,0.026889,0.74493,0.009450018,-0.093964994,-0.417185,-0.025584996,-0.051369995,1.23938,0.034208,0.045434996,0.683965,0.275675,-0.84156,0.342915,0.1199751,-0.54969,0.057253,0.21222499,0.063264996,-0.329355,-0.255835,-0.34859002,-0.082642,-0.3987,0.1584645,-0.48291498,0.070845,0.021495,0.31208,0.4953,-0.215413,-1.709815,-0.17958999,0.21070951,1.242835,-0.16703999,-0.32022,0.3127085,-0.588615,0.249538,0.42558002,0.1497405,0.369468,0.10952,0.57473505,-0.548835,0.58201003,0.35964102,0.568245,-0.56939,0.437235,0.52229,-0.12757,-0.116438,-0.54758,-0.38858,0.17973,-0.23212,-0.357745,0.028545499,-0.8090085,0.14717,0.2647715,-0.1612605,-0.43826997,-0.17229001,0.4190255,0.42398503,0.027246,-0.08843999,-0.28149,0.13292,0.012779996,-0.40337,0.82197,0.55018
54,-0.084736966,0.09124719,0.33132434,-0.068828374,-0.14873177,-0.08652016,-0.16799687,0.2146965,0.10376893,0.05582711,0.09731306,0.1136209,0.24942617,0.06927616,0.10579786,-0.08023082,0.11841048,0.049778733,-0.36632812,0.07134684,0.3058913,-0.11703663,0.073908634,-0.048680045,0.16366069,-0.08445171,-0.15101163,-0.27851218,-0.084507145,-0.11550659,-0.0574173,0.23960088,-0.0075805825,0.035297994,-0.034618847,0.26420906,0.016788526,-0.032245856,-0.18577982,-0.19024672,-0.20411836,-0.27442515,0.18196596,-0.26145,-0.053739995,-0.090681344,-0.004286737,-0.22562656,-0.03160281,-0.71787536,0.36338305,0.0035599382,0.10731825,0.7839389,-0.15294732,-1.8131952,-0.23858845,-0.21214578,1.477404,0.22811314,-0.2644609,0.55633634,-0.19108064,-0.11747503,0.50315183,-0.0337023,0.27775642,0.17236774,-0.004863018,-0.2042598,-0.109838106,-0.22985032,-0.15283248,-0.22736223,0.18692039,0.15222186,-0.14416462,0.011763363,-0.7865441,-0.007089514,0.4175852,-0.01776382,-0.17839968,-0.15477993,-0.97271603,-0.19302282,0.120946296,-0.024244053,-0.12832937,-0.24589188,-0.14689074,-0.025894046,-0.034248848,-0.051868197,-0.53198665,0.10952894,0.0545875,-0.029317887,0.48930895,0.03649955
55,-0.18624,-0.01015085,0.49474669,-0.33488667,0.08241332,0.28536466,-0.039399665,0.100224674,0.5057704,-0.18915667,0.38310996,0.016646663,0.115854,-0.14060335,-0.03814,-0.083293326,-0.058553997,0.58654666,-0.50553334,0.99888664,0.16446333,0.050438344,0.12616567,-0.036659997,0.19051935,0.8620033,0.26488832,-0.11296934,0.037766654,-0.17060335,-0.037463326,1.0445466,0.14662267,0.08989,0.46552435,0.20639999,-0.3606937,0.15813667,0.22765334,-0.58416337,0.09644467,0.5278547,0.076482564,-0.28901002,-0.12714334,-0.34330332,-0.15571332,0.135774,0.02684333,-0.5486766,0.26544002,0.17838998,0.54881334,0.3752233,-0.24799334,-1.6676766,0.13654333,0.26881632,0.7538967,0.038389,-0.078316666,0.3733357,-0.57338,-0.24332334,0.43059668,0.22527365,0.58497196,0.11515034,0.15470903,-0.37147,0.44018066,0.20180334,0.34088668,-0.152591,0.31130335,0.5553067,0.04887667,-0.07797533,-0.79372,-0.32020998,-0.12382,-0.10392334,-0.119683325,0.17420483,-0.8610723,-0.14005333,0.04381,-0.22990668,-0.53868,-0.13658668,0.10633067,0.28687268,0.0070333346,0.007294824,-0.030450001,-0.15780334,-0.29823,-0.65581673,0.3502393,0.54063666
56,0.016084887,0.2421426,0.32119974,-0.09707048,0.13659711,0.011172165,-0.046905193,0.059269685,-0.09723987,-0.084229454,0.09768816,0.08540299,0.005076429,-0.044382617,-0.052819286,0.022974903,0.2034161,0.12904836,-0.056891304,0.29309708,0.18099988,-0.018020347,0.011622307,0.08547386,0.28724694,-0.12595455,-0.2450393,-0.1565377,0.13686697,-0.36912903,-0.009606495,0.2205006,-0.22653905,0.099686034,0.014736618,0.002739266,-0.16076297,0.14274728,-0.31113496,-0.0691183,-0.20876577,-0.17276895,0.09540567,-0.24089696,0.11988642,-0.020147782,0.05119155,-0.23084103,-0.07691659,-0.5796684,0.1862351,-0.14323023,0.057496525,0.84397304,-0.054511614,-1.9207546,-0.16899851,0.069888175,1.1650445,0.2803419,-0.23711197,0.5993088,-0.33701497,0.058062326,0.49530816,0.052856933,0.121558554,0.22393543,0.108654246,-0.1815395,0.016413804,-0.092276596,-0.10739996,-0.03428482,0.028080838,0.18621485,-0.059223004,-0.16479985,-0.61799395,0.029419145,0.54716647,-0.033446856,-0.36031833,-0.12225378,-0.95548767,-0.223631,-0.056747857,0.008999044,-0.18787202,-0.2089545,-0.1520449,0.078405626,0.003935234,0.01061693,-0.28230917,0.07324742,0.0096489135,0.029011454,0.33501327,0.039448783
57,0.0,0.0,0.0,0.0,0.0,0.0,0.0,0.0,0.0,0.0,0.0,0.0,0.0,0.0,0.0,0.0,0.0,0.0,0.0,0.0,0.0,0.0,0.0,0.0,0.0,0.0,0.0,0.0,0.0,0.0,0.0,0.0,0.0,0.0,0.0,0.0,0.0,0.0,0.0,0.0,0.0,0.0,0.0,0.0,0.0,0.0,0.0,0.0,0.0,0.0,0.0,0.0,0.0,0.0,0.0,0.0,0.0,0.0,0.0,0.0,0.0,0.0,0.0,0.0,0.0,0.0,0.0,0.0,0.0,0.0,0.0,0.0,0.0,0.0,0.0,0.0,0.0,0.0,0.0,0.0,0.0,0.0,0.0,0.0,0.0,0.0,0.0,0.0,0.0,0.0,0.0,0.0,0.0,0.0,0.0,0.0,0.0,0.0,0.0,0.0
58,-0.37247148,-0.17073771,0.106162004,-0.12582828,0.42399555,0.14071086,-0.11827087,0.043278288,0.5356043,0.48238572,0.39051288,-0.31759617,0.4515507,-0.35525718,0.26579574,-0.25586712,0.16903372,0.43947718,-0.40772995,-0.08075427,-0.28639004,-0.4206243,0.2531357,0.10195286,0.1699437,-0.091415696,-0.013924284,0.15371571,0.01645714,-0.07922799,0.3073563,0.7328543,-0.029506573,0.26406413,0.4777971,0.28268996,-0.40475208,-0.31834716,0.11998627,-0.41928428,0.15835585,0.24350429,0.12889214,-0.37627998,0.12897284,-0.14775443,-0.16325542,-0.32665658,0.27310428,-0.21088001,-0.1661143,0.03534143,0.10607116,0.29483575,-0.071225,-0.9295772,-0.17682998,0.13506687,1.0193671,-0.15897456,0.18279715,0.018521855,0.018191427,0.49988577,0.29971287,0.35683003,0.08802785,0.005549286,0.08077316,-0.3587903,0.68852144,0.28361562,0.16939428,-0.18371029,-0.016225426,-0.03288499,0.21210244,0.2546297,-0.27395228,-0.25040984,0.46793857,-0.57380015,-0.4192443,0.19188742,-0.36526057,0.57652086,0.69459146,0.13577284,-0.20712289,-0.091567144,0.45692915,0.27296996,0.08501129,-0.14940143,-0.04774144,-0.20836143,0.02848271,-0.47879863,0.5394157,-0.21460284
59,-0.057886053,0.051522065,0.13083145,-0.05313384,0.044273473,0.15944159,-0.015201863,0.28293142,0.033112004,0.03208175,0.1678243,0.08272471,0.1507744,-0.047577206,0.03973808,-0.27912438,0.14253053,0.14057328,-0.32938966,0.13215165,0.20373559,-0.12436718,0.110251285,0.04970825,0.20590836,-0.222438,-0.19804722,-0.26252037,0.16354041,-0.1292536,0.057036996,0.476773,-0.11003734,0.023325788,0.07683294,0.3352254,-0.15900064,-0.013718854,-0.11561974,-0.09422902,-0.24645539,-0.13275345,0.122870795,-0.17914385,-0.01780649,-0.08606068,0.020076064,-0.41379008,0.16372034,-0.74318826,0.20372409,0.013510699,0.18937668,0.91289014,-0.12956661,-2.1282673,-0.20675246,-0.07847706,1.6932979,0.48623455,-0.15486297,0.5007304,-0.20982958,-0.08847246,0.6141744,-0.072071135,0.110822685,0.29497135,0.14919548,-0.16746171,-0.021407979,-0.19612154,-0.03985678,-0.37325293,0.2173742,0.27992907,-0.17157753,-0.0101292115,-0.72950697,-0.033457078,0.5492955,-0.17864767,-0.37213916,-0.024187148,-1.2929476,-0.22973742,0.24341081,-0.13236374,-0.22513314,-0.1642686,0.0643033,-0.049414054,0.008168956,-0.12492184,-0.5445021,0.011978825,0.066138804,-0.012507141,0.40576085,0.038913485
60,0.11221172,-0.0091328705,0.17432286,-0.35674125,0.015822861,0.0733757,-0.13182472,0.12618929,0.04818057,-0.15877499,0.023342146,0.033825576,-0.104398854,0.09204042,0.15009458,-0.043153174,0.30826572,0.08943672,-0.0024648565,0.36824003,0.07695257,-0.11805971,-0.14420773,0.175546,0.28181857,-0.032801427,0.050947137,-0.211262,-0.3256143,-0.098149575,0.18264659,0.51756716,0.083406866,-0.18601957,0.11374957,0.16550072,-0.2610987,0.11599718,-0.17402215,-0.16981801,-0.17239428,0.027658582,-0.049399436,-0.22899856,-0.02398929,-0.069630004,-0.1749747,-0.32020143,-0.06525829,-0.35236287,0.24595144,0.25083357,0.12244427,0.8439358,-0.01672571,-1.8784144,-0.050824303,0.08622515,1.0411814,0.14560142,-0.16742373,0.3568043,-0.21046184,0.12304671,0.5864286,-0.30563575,0.2992657,0.29707026,0.027051855,-0.15337814,-0.15098286,-0.119374685,0.017048288,-0.21947697,0.17726855,0.29570287,0.23270014,-0.2734627,-0.83392435,-0.3044584,0.34953856,-0.05961343,-0.13964143,-0.074833594,-0.88248426,-0.53218573,-0.092284285,0.10409427,0.042339128,-0.47224617,-0.054539,0.075962566,-0.058076434,-0.32715914,-0.036690027,-0.069109865,-0.31605628,-0.12748985,0.206124,0.21806715
61,-0.024874117,-0.016661117,0.13889223,-0.118817,-0.321008,0.28656885,-0.36985657,0.30977666,0.37125632,0.033735227,0.06365134,0.23771888,0.26650888,-0.05977589,0.02204977,-0.015788557,0.053551327,0.27799648,-0.16070999,0.291466,0.12310621,0.086228885,-0.2006011,-0.3553611,0.15024854,0.17029169,-0.28192556,-0.33883002,0.47113678,-0.19138022,0.028866887,0.2033048,-0.017522445,-0.06498957,-0.059642613,0.2578448,-0.047378886,-0.28104496,0.10174312,-0.4388567,-0.08818885,-0.022001114,-0.11977424,-0.4348011,-0.08963677,-0.032253336,-0.18814111,0.066299774,0.01438367,-0.67954665,0.34487435,0.018575333,0.017859774,0.5660666,-0.06235522,-1.2576612,0.023328671,0.04885833,1.0973122,0.035925012,-0.15902121,0.19576634,-0.30036023,-0.08048222,0.56419766,-0.1280089,0.35421312,0.08811245,-0.10948867,-0.5020484,-0.34268442,-0.18033102,-0.005281124,-0.29795048,0.073550105,0.33222643,-0.06307111,0.10482066,-0.39130333,0.011740997,0.42755145,-0.18313646,-0.15008894,-0.04827656,-0.921509,-0.20443934,-0.029112557,0.12707178,-0.27610317,0.025039308,-0.1768239,0.15160757,0.19331,-0.1730459,-0.20456286,-0.082336664,0.0468489,0.20329565,0.14502221,-0.0038736719
62,-0.24517222,0.21444502,0.21249576,0.0056941174,0.07345865,0.09956718,-0.15656836,0.18518682,0.2529269,-0.006805143,0.021624355,-0.12092446,0.16377652,-0.036177665,0.27852607,-0.4005549,0.13581148,0.22636412,-0.31336024,0.06197629,0.05387759,-0.1328308,0.09362807,-0.14754969,0.05406924,0.0021940575,-0.18641253,-0.23377119,0.070494,-0.12930168,-0.07431447,0.5923307,-0.19110098,-0.16845107,0.15397958,0.21102723,-0.078986704,-0.015142242,-0.06273612,-0.067950994,-0.14711116,-0.25111625,0.06405588,-0.33612156,-0.08042577,0.14306949,0.1990175,-0.38361403,-0.05084743,-0.589837,0.21633242,0.12448128,0.09760514,0.8457679,-0.012598175,-1.6902255,0.05903272,-0.09968246,1.61834,0.054033585,-0.34096685,0.37258056,-0.11899665,0.022088166,0.7299807,-0.13166901,0.27972156,0.12962645,0.11788815,-0.53943014,-0.3547823,-0.35760587,0.07246764,-0.43823034,0.34471166,0.18990111,-0.024642413,-0.00651671,-0.5111741,-0.056376427,0.41593534,-0.2544534,-0.42543346,0.009989725,-1.3020145,0.07729536,0.36168945,0.10575362,-0.25634387,-0.10865894,-0.2074564,0.17841734,0.023922997,-0.37081882,-0.30207488,-0.12198342,0.18150465,-0.10291413,0.36076084,0.18552382
63,0.12416334,0.18341666,0.34140167,-0.13382684,-0.22739,-0.38231787,-0.24759,0.016068669,-0.20256849,-0.15976566,0.21443002,0.1888575,0.15616517,-0.05615133,0.05957668,-0.2485925,-0.076673664,0.03486434,-0.040991668,0.05946617,0.28965166,-0.08147182,0.4026967,0.056992818,0.42832533,0.036967162,-0.058731664,-0.6504367,-0.2568685,-0.153041,-0.032966167,0.42520678,0.059471663,0.08803167,0.19784968,0.187064,0.18456602,0.03780567,0.099458,-0.16204001,-0.26074666,-0.21293168,-0.17222017,-0.3387283,0.07316666,-0.008149167,0.19438,-0.4277067,0.16270323,-0.7365017,0.31179,-0.45330134,0.008982502,0.6817167,-0.0396373,-1.9925499,0.019761838,-0.24743165,1.5497266,0.18366933,-0.0018396676,0.24920768,-0.34021664,-0.032282833,0.29932833,-0.188497,0.43578503,0.13297832,-0.044184998,-0.13511501,0.11928582,-0.31302783,-0.30832767,-0.15091349,0.09997127,-0.14494182,-0.014929671,-0.054328,-0.7377867,0.0112301605,0.5848233,0.08503602,-0.38322663,-0.1614427,-0.9565484,-0.17324497,0.03708783,-0.13272,-0.20136781,-0.343802,-0.32263568,0.036511663,-0.3281552,-0.06533467,-0.56140167,0.13479501,0.058859,-0.34045497,0.507085,0.315605
64,-0.04440328,0.2627939,0.18433209,-0.06727957,0.028285563,0.103423305,-0.14105268,-0.07322368,0.24750005,-0.08080133,0.17002866,0.07742561,0.18003441,-0.25304618,0.020886384,-0.17916097,0.0631586,0.087808594,-0.12264303,0.2009681,-0.004004029,0.019759126,0.026932485,-0.0966862,0.12862435,-0.061301447,-0.1460321,-0.34741703,0.005662813,-0.12022909,-0.0025333948,0.48609665,0.0020415932,-0.08739956,0.22409655,0.20814003,-0.18562622,0.04728303,0.11800834,-0.09740655,-0.18318182,-0.06733364,0.16600789,-0.18635303,-0.17729446,-0.055649668,0.19012494,-0.34315446,0.045815937,-0.53539455,0.12767553,-0.010820808,0.13056073,0.82720834,-0.03675578,-1.5443045,-0.08528798,-0.23149438,1.288402,0.31848726,-0.16394062,0.41330644,-0.20551638,0.09751167,0.61076784,-0.0005200906,0.33914772,0.039646156,0.18524137,-0.18150014,-0.1230862,-0.13745968,-0.072781086,-0.19024502,0.016884025,0.039632976,-0.11928705,-0.13618061,-0.6280619,-0.027574938,0.5046969,0.0025941795,-0.44250792,0.028259628,-1.1564701,-0.11991904,-0.040951937,-0.032978058,-0.29034638,-0.26479277,-0.16564827,0.16011186,0.060102597,-0.24643189,-0.19048595,0.0057863444,-0.1189139,-0.20846426,0.25607255,0.10500056
65,0.027021244,0.0143035,0.09913388,-0.15464166,-0.07530083,-0.019378325,0.0079367235,0.21421394,0.11194064,0.0042453534,0.14097792,0.02351069,0.2911926,0.056857783,0.12296024,-0.22851363,0.1420348,0.16543292,-0.45566773,0.15015905,0.21216658,-0.14136015,0.14504215,0.008887572,0.16157882,-0.11064502,-0.16380584,-0.30711344,0.11023771,-0.02196524,0.09041697,0.44902143,-0.03720817,-0.053382333,0.033221718,0.32193094,-0.106385276,-0.010862197,0.04352598,-0.1898884,-0.18281837,-0.1875327,0.1705905,-0.30976042,-0.03244085,-0.09259208,0.008821571,-0.41302472,0.14778937,-0.8058473,0.2270999,-0.048112612,0.105033055,0.8291661,-0.108305626,-1.955782,-0.1922456,-0.16871451,1.5860586,0.5449161,-0.14298783,0.41498584,-0.31436285,-0.11163114,0.63399833,-0.12811574,0.30264807,0.14221485,0.20273061,-0.04639222,-0.08192835,-0.25932154,-0.09316416,-0.28000343,0.12329425,0.2228308,-0.03563236,0.039885495,-0.79694796,-0.053971402,0.47474593,-0.14488831,-0.21395037,0.04875805,-1.2651076,-0.30694392,0.061337277,-0.17933097,-0.23242833,-0.16179352,-0.020713873,-0.051111143,0.10276145,-0.08187555,-0.49453294,0.078338,0.014935634,-0.07066075,0.38971978,0.10432671
66,-0.041787766,0.1099164,0.32733458,-0.15081733,-0.013584256,-0.04529488,0.03782069,0.20719467,0.24317357,-0.03833188,0.21900226,0.18418434,0.17283735,-0.00967394,0.03031869,-0.14098713,0.22493249,0.2355361,-0.42575055,0.2507624,0.1396831,-0.16405343,-0.026478814,-0.1336223,-0.107210584,-0.10658862,0.0111001525,-0.39186236,-0.10204362,-0.21873021,0.13160586,0.45777386,-0.18801259,0.047510546,0.06914565,0.25611064,-0.12759553,0.07700713,-0.07569687,-0.2601072,-0.30170453,-0.05471811,0.21798995,-0.37638822,-0.111310706,-0.23399812,0.13641724,-0.4155889,0.08045654,-0.7561201,0.3632401,0.096426025,0.21585327,0.6640265,-0.123828,-1.593796,-0.11989449,-0.19249323,1.5070902,0.3801809,-0.09037313,0.37114888,-0.2349276,0.15779434,0.8090035,-0.2776825,0.27100122,0.32477826,-0.027753232,-0.14360923,-0.0565178,-0.20541301,0.08408092,-0.23535344,0.26748696,0.23987266,-0.052791074,-0.14659335,-0.87465847,0.0509645,0.55144846,-0.13398379,-0.36576462,-0.22223598,-1.2119092,-0.36120573,0.16555174,0.002015978,-0.3839413,-0.2626535,-0.11661088,-0.22822227,0.027188966,-0.19434397,-0.2734138,0.030400671,0.018397687,-0.18073985,0.2676035,0.19745708
67,-0.18554,0.047152,0.34867,-0.23114,-0.26083,0.63108,0.55687,0.61622,-0.15437,-0.38381,0.12445,-0.26999,-0.29196,0.1125,0.36035,0.70689,-0.33891,-0.2695,0.17481,0.97048,0.23014,0.63168,-0.24543,-0.7289,0.32517,-0.21118,-0.80354,-0.59863,-0.10182,-0.87826,-0.80162,0.20999,0.64598,-0.38239,0.64512,0.73046,-0.19881,0.35717,0.19135,-0.43686,0.75956,-0.66431,0.34509,-1.0383,-0.50491,0.19976,-0.041208,0.16952,0.17821,-0.84249,0.21992,-0.16474,-0.24669,0.34117,-0.59713,-2.3434,0.31484,0.69668,0.53368,-0.62857,-0.197,0.52241,-1.5903,-0.16475,0.62553,-0.094116,0.0070705,0.22617,-0.45698,-0.53268,0.11573,-0.19052,0.28086,-0.5591,0.35291,0.42552,0.47334,-0.41046,0.47275,0.22753,-0.097073,-0.11809,-0.25613,-0.10689,-1.2788,-0.085504,0.20205,0.23338,-0.52939,-0.49492,0.15289,-0.31324,0.41248,-0.10425,-0.65246,0.48348,-0.54844,0.095473,-0.1142,0.32743
68,-0.18126145,0.13828665,0.35333526,-0.2648003,-0.123120844,0.35535058,-0.1732416,0.12601845,0.389792,-0.0500743,0.24101925,0.0545592,0.1388377,-0.2340103,0.0699503,-0.17261522,0.058311053,0.3371928,-0.2276003,0.40841344,0.087837815,-0.0030218328,0.057346694,-0.21743079,0.2819852,0.19180806,-0.2251009,-0.2489808,0.06731254,-0.10502759,0.10814101,0.5884111,-0.07656914,-0.1646347,0.13492823,0.27453825,-0.20223688,-0.0463197,0.11114258,-0.30931732,0.0003978816,0.12212847,0.08019657,-0.4507735,-0.23013125,0.024501234,0.0096500125,-0.09679101,-0.21887183,-0.5611271,0.07658118,0.19385253,0.11849953,0.5274492,-0.14881283,-1.3958204,0.09269999,0.15594035,0.9679835,0.01068224,-0.03556905,0.5450144,-0.21012735,-0.038864918,0.55962616,-0.03041027,0.37671062,0.12113229,-0.09608925,-0.45538816,0.052959174,-0.058935054,0.0748356,-0.13595317,0.027854702,0.31102747,-0.10190371,0.047221586,-0.41096497,-0.06237239,0.16120431,-0.11010877,-0.37027448,0.104959235,-0.85859203,0.10052959,-0.010448529,-0.041000336,-0.07580923,-0.16861634,-0.16310705,0.07638192,0.21022113,-0.16063033,-0.39051473,-0.26441288,-0.04872089,-0.20730595,0.25146517,0.29820213
69,-0.15950501,-0.177055,0.299195,-0.388485,0.14147499,-0.026421502,0.299615,0.261057,0.396865,-0.15153,0.701765,-0.45387,0.06789,-0.95859003,0.14407244,0.47629,-0.147636,0.617415,-0.1883505,0.83694005,0.080585,-0.213425,0.050070003,0.17706001,0.362454,0.78830004,0.34803,0.31413,-0.17065501,-0.29428,-0.22101499,0.88528895,-0.0043564998,0.016124994,0.4305135,-0.100625,-0.86318505,0.279665,0.21473,-0.625845,0.2314555,0.64751995,-0.11020651,-0.017952498,-0.153128,-0.010704994,0.12533501,-0.18946001,0.21927601,-0.114015,0.069019996,0.1489625,0.6994,0.276145,-0.10354501,-1.1993151,-0.25336498,0.27441952,0.59488,-0.06876,-0.36412,0.4225735,-0.38082,0.14910501,0.30401498,0.163237,0.227663,-0.1020725,0.692195,-0.18059301,0.78014,0.576985,0.275898,-0.267955,0.43134,0.64567006,-0.140705,-0.165723,-0.311975,-0.17288499,-0.040820003,-0.30602002,0.068500005,0.008146498,-0.5337885,-0.001334995,0.49739498,-0.34389502,-0.520865,0.1425855,0.57107997,0.73587,0.14934999,-0.17761949,-0.20923,-0.28897,-0.258165,-0.73263,0.65554,0.49232998
70,-0.10129626,0.15044892,0.24644373,-0.2724392,-0.16583702,0.2154144,-0.1179298,0.16120273,0.17620632,-0.04792152,0.08170256,0.04721721,0.109003864,-0.037053097,-0.028410288,-0.23774824,0.05876909,0.19296865,-0.31127128,0.10863502,0.03126693,-0.076130986,-0.012848281,-0.17758502,0.02199914,-0.08860069,-0.1303262,-0.22045793,0.2553481,-0.092121184,0.0129277045,0.41314405,-0.1129632,0.002908155,0.21152633,0.24278,-0.18271118,-0.032200016,-0.025752466,-0.22935878,-0.1351462,-0.16206878,-0.03664117,-0.42733145,-0.17453091,-0.014232059,-0.08453319,-0.19276628,0.07889251,-0.5162771,0.26584235,0.15590766,0.06652963,0.573277,0.01705224,-1.4041352,0.006716996,-0.13009411,1.2564406,0.22307904,-0.116950944,0.4211828,-0.19904196,-0.069436796,0.4169033,0.006474099,0.3036087,0.2282341,0.0010594039,-0.2559025,-0.09774699,-0.18500195,0.02454572,-0.37928924,0.21191283,0.22498389,-0.07728374,-0.05517068,-0.367704,-0.03332284,0.33333486,0.07839633,-0.3662799,-0.04581983,-1.1132377,-0.20404075,0.29741368,0.11081092,-0.2696357,-0.08365653,-0.027420532,0.16743015,0.13717334,-0.3115491,-0.23397066,-0.06019427,0.13427454,0.031027792,0.27849957,0.15046115
71,-0.12596507,-0.021950902,0.23015782,-0.24902277,-0.008768662,0.113580264,0.01950917,0.15386775,0.13169704,0.0699943,0.2721144,0.061884604,0.28031337,-0.06290084,0.008956626,-0.20189981,0.19051392,0.13745031,-0.20181601,0.23563345,0.19533801,0.029071625,0.14785741,-0.037752192,0.22248779,-0.08763731,-0.1439525,-0.18027845,0.16138294,-0.17556888,0.036704373,0.47302642,-0.056134343,0.049337067,0.06572953,0.3324056,-0.16566831,0.15451442,-0.08097146,-0.17683898,-0.16858809,-0.12714604,0.09021786,-0.35282248,-0.015491233,-0.0645047,-0.075065,-0.29091823,0.057449,-0.57410645,0.12550583,0.030262714,0.06082997,0.7923635,-0.12095574,-1.7820624,-0.22544745,-0.006429572,1.3404797,0.4305556,-0.15836431,0.5340546,-0.25598416,0.14607173,0.5433086,-0.10025283,0.23534878,0.33286658,0.06093701,-0.23523131,-0.011804076,-0.085038565,0.045585334,-0.29736784,0.20881619,0.27855822,-0.07353893,0.063286826,-0.62521344,-0.01705066,0.34710103,-0.206167,-0.2580701,0.00034853417,-1.1731688,-0.21946825,0.13754398,-0.048911475,-0.21990629,-0.14921148,-0.05611016,-0.023750067,0.090677306,-0.085091196,-0.44241473,0.07056659,0.110804796,-0.062899604,0.30353025,0.14440492
72,-0.28633875,-0.031440005,0.29554498,-0.24249,-0.13925499,0.05907251,-0.154795,-0.41004,0.45824,-0.24641849,0.3568995,0.13320026,-0.077500015,-0.062003996,0.222226,0.3513925,0.4958435,0.13571002,-0.3115425,0.48334497,0.12501325,0.147356,-0.00049675256,0.24299906,0.102105506,-0.3704825,0.16510376,-0.13931176,0.117800996,-0.4562025,-0.054568496,0.3562525,-0.07682925,0.11391301,-0.0030283742,0.23172875,-0.3467825,0.06903249,0.059933253,-0.10708751,-0.055810004,-0.2955175,-0.11768252,-0.3994775,-0.58043,0.00092324754,-0.21033598,-0.2222785,0.3437475,-0.536345,0.29036748,0.14034753,0.178485,0.5742525,-0.011620007,-1.236146,0.27693,0.24825199,1.2349075,0.112647265,0.086114995,0.42802775,-0.4134025,-0.1623925,0.47757173,0.041480444,0.31111252,-0.019563504,0.27596772,0.0660025,-0.1626575,-0.07369,0.058022495,-0.5543625,-0.03484101,0.13500749,0.30532724,-0.06783874,-0.32599747,-0.029730748,0.31647748,-0.072243504,0.025647499,-0.1525775,-1.16096,0.013501748,0.03148225,0.0071682557,-0.18458025,-0.23023802,0.073541,0.4480125,0.4372375,-0.06473725,-0.190955,-0.40785998,0.25916874,-0.6214775,0.252025,0.1595175
73,-0.055937804,-0.029997999,0.3035305,-0.33645195,-0.16053669,0.3505645,-0.136955,-0.04129419,0.25693843,-0.01850901,0.1761379,0.069377005,0.13673651,-0.05351497,0.032564797,-0.1295254,-0.11968349,-0.052863277,-0.25383502,0.39487603,0.113056704,-0.025582198,0.07634949,0.056607474,0.025859302,-0.097571,-0.1310988,-0.40754193,0.2345796,-0.180915,-0.1610511,0.36456636,-0.0954011,-0.150557,0.13749582,0.2027894,-0.19020256,0.041421495,0.04862539,-0.183958,-0.3417245,-0.055462908,0.067762,-0.26466724,-0.07751098,-0.031687804,0.1999048,-0.3084866,-0.1105803,-0.6604086,0.246209,0.08117659,0.16024558,0.58401,-0.199619,-1.8712339,-0.30409008,0.012211797,1.2219455,0.639228,-0.17532401,0.6060679,-0.1848254,-0.48006788,0.671377,-0.0445903,0.176235,0.08148391,0.2090302,-0.22016466,0.022318909,-0.20330401,0.1320385,-0.66307503,0.2851045,0.24421152,-0.12694283,0.0138933975,-0.9237957,-0.0034771934,0.5557151,-0.48468718,-0.40150198,0.1003572,-1.186309,-0.33225003,0.024584807,0.0085308505,-0.12623408,-0.601469,-0.048478913,-0.0787281,0.0169526,0.11653471,-0.33202618,0.086590305,-0.40101862,-0.120669104,0.080647,0.22026
74,0.10915661,-0.19181201,-0.07267799,-0.19048038,0.100914225,-0.169862,-0.21070401,0.12474401,0.34983796,0.161634,0.250448,0.243642,0.10148299,-0.1779578,0.469384,0.109449014,-0.024752159,0.38157597,0.03249059,-0.1442,0.3901898,0.017373998,-0.086675994,0.06718041,0.040744614,0.060103595,0.183624,-0.2249122,-0.33585802,-0.401714,0.36260402,0.3359,-0.1837004,-0.338062,0.1199944,0.27935597,-0.29650277,-0.377369,0.124283195,-0.627888,0.28025398,-0.028894192,-0.2408694,-0.08039601,-0.02988134,-0.1075426,0.010777998,-0.42689195,-0.1398792,-0.64828193,0.50266343,0.208182,0.0044744015,0.6667174,0.107636,-1.167756,0.009364599,0.121830605,1.142768,-0.29945618,-0.020235997,0.26964197,-0.123147205,0.122189,0.2528776,-0.19627598,0.39294598,-0.14881758,0.23311658,-0.56336796,-0.24275479,-0.1498374,0.1039836,-0.1511,0.0135765225,0.35921,0.07506835,-0.0366822,-0.6265961,-0.20437181,0.38509864,0.09423401,0.08908479,-0.12087963,-0.869496,-0.51008,-0.0992818,-0.17018822,0.006925798,0.0585706,-0.18935402,0.53617257,0.067260206,-0.389738,-0.20016602,-0.24870999,0.19767,0.10071001,0.2167286,0.1418092
75,-0.019796181,0.21057227,0.17086111,-0.24453188,-0.15251733,-0.061621994,-0.1814251,0.06702373,0.020039238,0.054480236,0.096853375,-0.102790155,0.06806718,-0.01444425,0.18475549,-0.27023673,0.09690005,0.34735987,-0.19351846,0.31209397,0.06356869,-0.12515576,0.04143132,-0.16595004,0.048703507,0.087176576,-0.22897509,-0.37075678,0.009261028,-0.14628589,0.02135865,0.6613017,-0.15917104,-0.08019564,0.32561398,0.40157866,-0.18446451,0.08144192,0.09672849,-0.36601385,0.077223875,-0.24781904,0.12218966,-0.4434259,-0.27429947,-0.14910397,-0.02008061,-0.38345972,0.016056236,-0.7203608,0.17312403,0.21096206,0.08636901,0.8797269,-0.08268265,-1.6640369,-0.0760168,-0.025939824,1.5768636,0.16034226,-0.016659383,0.3776092,-0.31327578,-0.055474646,0.5928934,-0.1657666,0.45263872,0.20562853,0.07441168,-0.38241643,-0.18069884,-0.21015519,0.086728096,-0.23201054,0.23595129,0.28956112,-0.07510565,0.023038372,-0.6202197,-0.008016618,0.561451,-0.19930117,-0.36534786,-0.26534477,-1.3958617,-0.11906757,0.10186578,-0.15830292,-0.17926067,-0.18934861,-0.18415406,0.11519107,0.11497084,-0.34792033,-0.3830161,-0.027022466,0.13649301,-0.19843084,0.38432416,0.20695809
76,0.116412,0.36654,0.40162,-0.5203132,-0.574481,-0.033888206,-0.1028826,0.304764,0.21455999,-0.168876,0.279378,0.1120042,0.254453,-0.061357804,-0.01660486,0.024242003,0.044807397,0.42696,-0.252088,0.335352,0.342608,-0.067118004,-0.063654795,-0.296252,0.1202084,0.4538734,-0.33401018,-0.5149562,-0.036404,-0.124544,0.110089004,0.22262602,0.11119139,-0.004243803,0.118874,0.3948322,-0.3285138,0.2337356,0.23754601,-0.409376,-0.22038801,-0.0280214,-0.074187204,-0.43050843,-0.38224,-0.1399252,0.143312,-0.26107997,-0.1877592,-1.009038,0.250726,-0.15409198,0.0466106,0.83460796,0.074757,-1.884622,0.177414,8.478165e-05,1.4354601,0.33440337,-0.1389058,0.515162,-0.283944,-0.20945057,0.7883874,0.2162524,0.53016406,0.185148,-0.12933542,0.041108016,0.31641442,-0.350108,-0.038333602,0.052209996,-0.15503,0.09538277,-0.21394868,-0.159042,-0.5393566,0.1068572,0.49328643,-0.10481043,-0.575638,0.0335054,-1.3821337,-0.1378786,0.2315878,0.0039977967,-0.20926142,-0.44921,0.011368597,-0.348802,-0.035225414,0.049941797,-0.49842602,-0.029498002,-0.21384458,-0.49214822,-0.0007463932,0.480964
77,-0.3749038,-0.027355397,0.246386,-0.1525342,0.13048801,0.0009795905,-0.073572,0.19410281,0.366717,-0.23642202,0.43755397,-0.3089238,0.411074,-0.42409244,0.2857784,0.024833988,0.3492094,0.13659401,-0.14311421,0.1252664,-0.14488028,-0.2413152,-0.02181999,0.34688967,-0.1495512,0.003302008,0.05566301,-0.28096402,-0.044064008,-0.08999041,-0.20808318,0.592408,-0.2010094,0.13538119,0.42999402,0.260921,-0.5363994,0.03637,-0.18084802,-0.33630508,-0.0516858,-0.10585199,-0.0751874,-0.24886401,0.128586,-0.10333619,-0.2244854,-0.2467206,0.1763488,-0.64488804,0.324068,0.08043619,0.0116068125,0.75032794,-0.063187584,-1.5371659,-0.12566999,0.058841996,1.16284,0.037814,-0.47768602,0.45098537,-0.422896,0.056358665,0.445584,0.148202,-0.26743,0.20615402,0.16746399,-0.12154261,0.22821,0.034120012,0.19441299,-0.5856756,0.1288734,0.35056597,-0.10925083,-0.13554339,-0.55208194,-0.57693803,0.24379642,-0.306458,-0.17571202,0.037208997,-0.8282534,-0.070108,0.025848996,-0.360622,-0.32842222,-0.057064015,0.34576,0.2437422,0.019783003,-0.12351803,-0.11670999,-0.23983201,0.10371699,0.18319799,0.716056,0.154758
78,-0.07736567,0.30306405,0.10135755,-0.098197214,0.02384511,-0.17421001,-0.058524296,0.046756655,-0.18983622,-0.07660277,0.013223832,-0.28665674,0.20180467,-0.043987975,0.10713145,-0.2709439,0.17966871,0.22863933,-0.13447005,0.3585528,0.12563139,0.0426116,0.094785556,-0.12400811,-0.029310038,-0.05022388,-0.16631354,-0.19582646,-0.16830488,-0.0866245,-0.071184784,0.561437,-0.20635971,-0.13283783,0.3383067,0.43006173,0.08164902,0.11814242,-0.19633277,-0.29455572,-0.056309957,-0.30033505,0.07240399,-0.2692908,0.099586144,-0.09402932,0.17163795,-0.31727067,0.0797846,-0.7647567,0.041169442,0.04340211,0.12721244,0.7380408,0.009620721,-2.007811,-0.16586202,-0.10542339,1.552189,0.119184494,0.021721281,0.65762836,-0.19372684,0.04706434,0.63642144,-0.12031588,0.35229644,0.022187777,0.40259686,-0.31609166,-0.06299273,0.0048175585,0.058890335,-0.19611114,0.22959116,0.12601432,-0.18316206,0.03303644,-0.5471447,-0.048857838,0.6727695,0.053063832,-0.37127352,0.17119834,-1.3901772,-0.14779772,0.07887294,-0.34060916,-0.29831463,-0.21690872,0.041634917,-0.13413018,-0.0412775,-0.22576626,-0.6439194,-0.073070064,-0.32140192,-0.2793506,0.53832144,0.28980434
79,0.012254,0.15083,0.29849,-0.5109,-0.02525,0.89224,0.26945,-0.44583,0.20076,1.203,-0.04408,-0.6562,0.68858,-0.22469,0.35413,0.1338,-0.54095,-0.80058,0.72063,-0.070888,0.39337,0.022064,-0.48752,-0.24554,0.12618,1.0599,0.34097,-1.1624,0.88973,0.149,-0.15342,0.2822,0.10163,0.82557,0.21035,-0.11271,-0.17772,0.36368,-0.42597,-0.071389,0.55677,0.68876,-0.14494,-0.21848,-0.70881,-0.030222,-0.29865,0.48317,0.71946,-0.43418,-0.62421,0.1786,-0.36075,-0.85272,-0.32783,-2.1406,-0.43779,-0.1275,0.98723,1.427,0.66083,1.3284,-0.042999,0.587,0.48442,0.093065,0.39508,-0.15629,-0.20886,-0.97938,-0.3985,0.90963,-0.74045,0.78854,0.22885,-0.70146,-0.042119,0.47064,0.54679,-0.79399,0.076781,-0.18827,0.47004,0.21559,-1.0823,0.055094,-0.81411,0.28584,-0.99128,0.089454,0.17174,0.37168,-0.48983,-0.013187,-0.14659,0.28653,-0.21949,-0.52183,0.84644,0.0037874
80,-0.045590613,0.11488089,0.27146816,-0.21209951,-0.1617134,-0.004372832,-0.13357763,0.035606146,0.16512343,0.073911704,0.015724048,0.09948635,0.12825768,-0.082789,0.032040056,0.033500005,0.23383999,0.15518987,-0.1695456,0.18612178,0.08295736,-0.07197822,0.08741501,-0.13095132,-0.022835232,-0.04164301,-0.25681198,-0.24473268,-0.1405578,-0.07632139,0.11011668,0.32151496,-0.066419944,-0.021615863,0.018713892,0.15590332,-0.11144047,-0.16744493,0.17155965,-0.2688376,-0.14112966,-0.12340883,0.034417827,-0.16758919,-0.29208475,-0.10374177,-0.028820068,-0.19583637,-0.0044856346,-0.7117973,-0.0018152238,-0.022324726,0.012603428,0.7086427,0.016356055,-1.4783529,0.0742311,-0.16421443,1.0426358,0.17773221,-0.033131115,0.4290302,-0.16302787,-0.015148942,0.68532556,0.056346484,0.31365082,0.13598335,0.193955,-0.1972641,0.024318943,-0.08367154,-0.111099064,-0.3080825,0.03573472,0.06581049,0.055221286,-0.17214619,-0.49571568,-0.04933489,0.4346281,-0.14400533,-0.3872472,0.03142505,-0.94786143,-0.047163837,0.1842571,-0.07306673,-0.23008452,-0.20319729,0.011260552,0.1567535,0.18333606,-0.28205493,-0.15756829,-0.28623688,-0.07756238,-0.35299474,0.23990577,0.21313672
81,-0.07007622,0.2119718,0.37402597,0.020531828,-0.029051004,-0.0041216975,0.0060063447,0.043208126,0.13084501,0.015331911,0.15799572,0.14679283,0.20032333,0.11023941,0.08807088,-0.10509366,0.080491446,0.20753446,-0.29453418,0.29823714,0.30292264,0.01782465,-0.07768352,-0.013583941,0.039180767,0.1639667,0.033294085,-0.3016131,0.12955917,-0.25219825,0.05722388,0.45503893,-0.030907331,0.07718487,-0.047308005,0.32622293,-0.00781003,0.05694366,0.0052632676,-0.46084747,-0.17598905,-0.051372267,0.14526388,-0.35067528,-0.07222044,0.048593592,0.062563755,-0.12603866,-0.044708863,-0.61937827,0.13927156,-0.011129915,0.14522885,0.7456665,-0.10824225,-1.6325778,-0.115921,0.082934245,1.318932,0.24810505,-0.29828748,0.48083654,-0.2730383,-0.053735133,0.71921474,0.15289652,0.46987468,0.32773352,0.07577586,-0.10152446,0.08967304,-0.07012816,-0.041825615,-0.37629497,0.110649444,0.1083228,-0.10033287,-0.029905189,-0.5489429,-0.16092554,0.23490894,-0.3578966,-0.2245848,-0.02591331,-1.0085156,-0.059904877,0.13890816,-0.41480723,-0.030207826,-0.2706595,-0.11133878,0.19920678,-0.04299004,0.07268666,-0.24309194,-0.10101547,-0.10829059,-0.23505878,0.39336345,0.033987723
82,-0.00805578,0.104440704,0.24140073,-0.13409843,0.030362483,-0.090392455,-0.2074719,0.1618393,0.10764904,0.09222552,0.10673623,0.12554777,-0.06703735,-0.037474994,0.14045621,-0.3812415,0.14165992,0.23910989,-0.21120498,0.31235218,0.20842247,-0.016074428,-0.07373419,0.081404984,0.050876565,-0.21185683,-0.1696131,-0.34107804,-0.16821106,-0.13918403,0.08010412,0.4553964,-0.04757006,-0.14043681,0.09526322,0.31091696,-0.12736107,-0.021259211,-0.004294006,-0.23581854,-0.047523864,-0.27966917,0.0614669,-0.2561943,-0.16075009,-0.15401308,0.066269584,-0.44660398,-0.09722669,-0.7750866,0.33722183,-0.13907671,0.0659913,0.78773093,-0.27721384,-1.6146749,0.11399282,-0.22282435,1.7316136,0.3619816,-0.07018553,0.023381835,-0.31834066,0.011560936,0.56630236,-0.17447491,0.09846677,0.022981413,0.46032077,-0.26965252,-0.062961936,-0.22895809,-0.060601003,-0.042835888,0.13194105,0.16584924,-0.011245924,-0.004623126,-0.74712956,0.0043773325,0.5239673,0.078594975,-0.27570084,-0.25163034,-1.2302697,-0.27081454,-0.001095842,-0.33361885,-0.1868368,-0.27477705,-0.23326337,-0.040645346,-0.15002242,-0.27741596,-0.4090009,-0.08764855,0.20940474,-0.05777187,0.47979236,0.018456848
83,0.11089649,0.4314025,0.5242425,-0.722485,-0.3971365,0.278405,-0.1551905,0.14592499,0.21989775,-0.24300548,0.2487275,0.24387226,0.139809,0.085512124,0.0924512,-0.289745,-0.28318125,0.34239024,-0.0637775,0.70886,0.3039475,0.59404254,0.02507475,-0.486105,-0.043024987,-0.0773425,-0.058459997,-0.2704575,0.25295252,0.008474998,-0.054025006,0.52868253,0.2931375,0.16333751,0.31744525,0.227043,-0.320245,0.031349998,0.043641504,-0.22304575,-0.029382743,-0.1724875,-0.1755575,-0.55577004,-0.5348455,-0.30035,-0.12693225,-0.1401875,0.20295548,-0.9963175,-0.040147513,-0.19337502,0.03767815,0.48382252,0.1797775,-1.9785999,0.085886896,0.207342,1.222105,0.118698,0.14305,1.36305,-0.634705,-0.30568874,0.66554,0.059627477,0.8347625,-0.21411401,0.02449625,-0.052742496,0.2189675,-0.21445274,0.1925325,0.024110425,0.1421095,0.41896498,-0.1800005,-0.11673625,-0.23964326,0.33950502,0.29138076,-0.01449625,-0.32544,0.0382228,-1.2767249,0.076022,-0.06382249,-0.29077974,-0.800735,-0.077887505,0.044504724,-0.206625,0.14893875,-0.31470224,-0.38340375,-0.22969002,-0.18301475,0.1678815,0.5138325,0.6469685
84,-0.29137874,0.19250563,0.26586127,-0.27579212,0.1649895,0.31314975,-0.18483502,-0.02602275,0.16821662,-0.15450704,-0.023798376,-0.11268162,0.32106748,-0.11352213,0.21716411,0.081964254,0.041618995,0.26764625,0.15181124,0.03629575,0.30328286,-0.12712377,-0.073505014,0.0041184276,0.37279823,0.33571413,-0.11592252,0.0003749989,-0.10050763,-0.15621674,-0.0019060038,0.52714,-0.042269252,-0.08656651,0.15708613,0.18630348,-0.20874164,-0.043486625,0.1977385,-0.3253256,0.0015917439,-0.2407206,-0.016615497,-0.101945005,-0.48170435,0.05796266,-0.08179701,-0.0626605,0.28169847,-0.428315,-0.020857621,0.10984112,0.041531242,0.71154124,0.053960875,-1.8116875,-0.046968497,0.26293862,1.18928,0.25918686,-0.043714296,0.6407886,-0.17618331,0.036807887,0.55906427,0.11163187,0.15041074,-0.1781155,0.0815275,-0.20335424,0.084123746,0.029940255,-0.019984879,-0.33360326,0.24829103,0.030832615,-0.074505255,0.017030872,-0.14817387,-0.1612975,0.097798504,-0.17337675,-0.39827502,0.11785026,-0.9155134,0.080532506,-0.072780125,-0.17151813,-0.10797562,0.004221242,-0.1210105,0.42626423,0.04298875,0.061126508,0.030053752,-0.025951253,-0.18216011,-0.20521376,0.5182125,0.15809625
85,0.019948125,0.26720488,0.28404012,-0.37626272,0.32134154,0.08208351,0.05081831,0.09777576,0.2240812,-0.15923533,0.0757318,0.099515006,0.0872525,-0.08414877,0.14517868,0.052848376,0.27370736,0.18332063,-0.33805227,0.035672102,0.06315343,-0.03667683,-0.16834205,-0.27265924,0.12915063,0.05278325,-0.24597812,-0.29985788,-0.12829827,-0.35003284,0.008909501,0.67660064,0.012746005,-0.016133621,0.27246493,0.22865462,-0.23966207,0.12363726,-0.26155388,-0.43746382,0.07913205,-0.11837256,0.3361922,-0.42567438,-0.035141684,-0.24764723,-0.22196424,-0.22396362,0.17776932,-0.56346875,0.41204,0.30364782,0.08714999,0.36368597,-0.2880251,-1.5971974,-0.107078,-0.063294336,1.5567038,0.074507624,-0.19281211,0.39560473,-0.26958445,-0.057657123,0.5247869,-0.18534544,0.35757235,0.014233809,0.18940018,-0.50489,-0.117815025,-0.37378526,0.07456531,-0.10048863,0.03989756,0.36976588,-0.17684954,-0.10169744,-0.668688,-0.110605314,0.40506998,-0.07877125,-0.23032938,-0.24856108,-1.0391581,-0.17188813,0.13987043,-0.18973662,-0.18212502,-0.44081736,-0.17055343,-0.08719194,0.2217455,-0.5328029,-0.6391163,-0.14751887,0.16893469,-0.079127006,0.47140688,0.13555473
86,-0.029672273,0.15265402,0.22862366,-0.22597508,-0.11762209,0.18142721,-0.03440952,0.17703223,0.15286961,-0.05068736,0.1901439,0.1591544,0.23054631,0.046731934,-0.07152279,-0.1424897,0.106362246,0.22838473,-0.42885962,0.23967674,0.09959813,-0.07406365,0.08409296,-0.048238654,0.03918393,0.07572535,-0.10814547,-0.38705254,0.1592787,-0.2029933,0.10497393,0.47161487,-0.0065578567,0.098479904,0.152313,0.24534239,-0.19491202,0.0048326254,-0.041681252,-0.12143978,-0.18389878,-0.01004802,0.027163932,-0.46784922,-0.11440917,-0.050785728,-0.071621545,-0.22585501,0.031135777,-0.62610334,0.20370224,0.10830743,0.07822203,0.60247666,-0.22152363,-1.4678308,-0.09629087,-0.032051843,1.1816056,0.28755903,-0.07018444,0.53817755,-0.31060332,0.009359555,0.6680396,0.02885954,0.31500334,0.31007656,0.01881767,-0.12289769,-0.05432755,-0.2249872,0.004845348,-0.16948262,0.23469996,0.18350068,-0.2156253,-0.08510568,-0.4818365,-0.12276861,0.47956225,-0.21559188,-0.31443518,-0.10133269,-1.0426424,-0.12533985,0.13570523,-0.10248501,-0.2757042,-0.2701568,-0.112273134,-0.15967068,0.15516315,-0.20944652,-0.24407074,0.04401823,0.16732973,-0.10562971,0.22801313,0.031030491
87,-0.040383,-0.2132,0.055937,-0.070654,0.4657,0.14988,0.35069,0.38861,1.0382,0.31142,0.43467,1.0776,0.20412,0.11486,-0.15259,-1.2375,0.63977,-0.40243,-0.32668,-0.16361,0.4715,0.097336,-0.3228,0.82284,-0.05374,0.72566,0.077025,0.19049,-1.011,0.063992,-0.42976,0.492,0.3961,-0.22394,-0.32937,-0.68569,-0.038767,1.2796,-0.51853,-0.14503,-0.46248,-0.021891,-0.57194,0.066688,0.36953,0.7507,-0.94705,-0.29925,0.41504,-0.50964,-0.61258,0.20794,0.51331,0.20323,-0.25576,-0.016653,0.36026,0.29747,-0.25774,-0.0073715,-0.6191,-0.16447,-0.28221,0.16458,-0.13794,-0.36302,0.32537,1.4793,0.16161,0.018392,-0.29274,0.56243,0.3591,-0.26062,0.24564,-0.39409,-0.61024,-0.23352,-0.40417,-0.46959,0.45789,-0.074916,0.12149,-0.79923,0.27619,0.19909,-1.3364,0.47668,0.9909,-0.057745,0.91582,0.46617,0.10032,0.25265,-0.36012,-0.42818,-0.3804,-1.3927,-0.015867,0.11311
88,0.11074249,0.20014668,0.13657449,-0.06791166,-0.10890434,-0.0974525,0.015772663,-0.19185,-0.29028133,-0.14513151,0.06864334,-0.16465001,0.14840633,0.00041649738,0.038396496,-0.34180865,0.367052,0.27519765,-0.21313252,0.39702365,0.073421665,0.09458831,-0.298771,-0.08215501,0.18900108,-0.021886667,-0.16265757,-0.033195514,-0.070703,-0.15793748,-0.08252951,0.5833422,-0.1195525,-0.26449266,0.060843337,0.3667613,0.11214134,0.15672,-0.09268663,-0.176555,-0.18617833,-0.0788875,0.20543051,-0.29549503,-0.10108882,0.023161665,0.30125266,-0.30713335,0.16901298,-0.50570834,-0.21394001,0.052910835,0.19906484,0.607433,-0.059817534,-2.0073998,-0.042933334,-0.15291034,1.3405925,0.05539666,-0.008922,0.87672,-0.2803533,0.41093335,0.5191284,-0.26373968,0.41708335,0.39165998,0.048193347,-0.3337283,-0.015800664,-0.23358767,0.07900349,-0.3003213,0.21029532,0.108219825,-0.023265162,0.0836975,-0.83680004,0.11351084,0.79683995,0.15943684,-0.10264415,0.26327866,-1.1380416,-0.049801502,-0.0040845075,-0.4243602,-0.12627666,-0.28447935,-0.12820216,-0.36565503,-0.029377496,-0.056098,-0.81700176,-0.20769334,-0.48386,-0.4975917,0.39701167,0.3557627
89,0.2067265,0.27220976,0.4009325,-0.4300825,0.114281006,0.3078725,-0.31805,0.16428874,0.101064995,-0.26501,0.211346,0.29738748,0.065084495,0.13493519,-0.008137751,-0.3859175,0.019330002,0.21172999,-0.26833826,0.32020503,0.23531951,0.24486725,-0.027689753,-0.0874525,-0.08594726,0.083986,-0.40913752,-0.77672005,0.0856075,-0.25505725,0.14846501,0.48680747,-0.2235525,0.012189999,-0.03919625,0.2861775,-0.2446925,0.24539001,-0.37212753,0.010942504,-0.36769873,-0.313035,0.26524,-0.3461575,-0.29139,-0.27631247,0.039669007,-0.41997197,0.0038427562,-0.9841125,-0.028623467,0.18437502,0.18165648,1.05072,-0.10073501,-2.527575,-0.017898649,-0.39412498,1.838675,0.474325,0.05009425,0.573205,-0.3354575,0.29769626,0.7554275,0.0174415,0.5462675,0.454945,0.06330675,-0.19154975,-0.11559926,-0.4746935,-0.23705876,-0.54088247,0.106742755,0.10807501,-0.3281675,-0.018364504,-0.8399425,0.021704504,0.7756075,0.120319,-0.577205,-0.18369526,-1.4208175,-0.1040075,0.025197499,0.07449795,-0.38755274,-0.39537248,-0.35987902,-0.320631,0.0599,-0.3313225,-0.48142752,-0.343803,0.09139425,0.09331749,0.42375827,0.16104475
90,-0.014910443,0.13776489,0.076006666,-0.24666333,0.007306778,0.3125733,-0.1370228,0.3591932,0.11817845,0.15585287,0.44377777,0.33997488,0.3433282,0.06334102,-0.10391422,-0.11766667,0.13176711,0.25606576,-0.37575886,0.37106335,0.3311487,0.32910448,0.13681555,-0.14721158,-0.101352245,-0.13594633,-0.2531122,-0.25577557,0.10953189,-0.2924042,0.057532217,0.17420223,0.05439067,0.013071334,-0.05032909,0.2740489,-0.2711869,-0.13703166,0.11856666,-0.09636336,-0.10546754,-0.13306479,-0.055945773,-0.41325882,-0.11472934,-0.15287958,0.02926443,-0.16008379,-0.037115566,-0.48911557,-0.0058182064,-0.12525433,-0.07206889,0.967121,-0.14203201,-1.7395744,-0.2591469,-0.07548289,1.4499667,0.39353123,-0.30104935,0.3084978,-0.21907899,0.124347314,0.58695436,0.20377246,0.6303967,0.10761255,0.029760556,-0.038161553,-0.18844034,-0.0082325535,-0.14595813,-0.26443923,0.29549855,-0.037483115,-0.12358056,-0.035560556,-0.49085447,0.17304122,0.6830388,0.18910633,-0.27684003,-0.07115928,-0.9998767,-0.10751555,0.15943557,0.03370577,-0.20516178,-0.28459224,0.002759662,-0.03780864,0.08522989,-0.011722512,-0.22141665,-0.03418966,0.100276664,0.14269035,0.3073494,-0.005381551
91,-0.14500001,0.22132063,0.27816623,-0.22401,0.049984984,0.018328514,0.02168138,-0.021885872,0.50427526,-0.025820125,0.5080194,0.07157543,-0.0014282428,-0.5390984,0.0064607486,0.043593116,0.16311777,0.34484148,-0.31355563,0.14948651,-0.204135,-0.16482824,0.11626001,0.0090525,-0.08934799,0.009343376,-0.0014369962,-0.033481248,-0.18550351,-0.23708013,0.018958839,0.79518276,-0.08557001,0.039328635,0.5641489,0.34578636,-0.2317385,-0.015778627,0.25641873,-0.21037376,0.15412638,0.038420003,-0.003101129,-0.05853276,-0.3644875,-0.07136762,-0.043996517,-0.4234575,0.09474807,-0.352885,0.15620728,0.26024,0.034247495,0.3929459,-0.09303213,-1.503175,-0.10901699,-0.03143825,1.3001575,0.220905,-0.13928588,0.37466836,-0.2786076,-0.14848913,0.5033497,0.17644107,0.08772238,0.060866244,0.25406188,-0.38952187,0.07905751,0.121802494,0.17553389,-0.2827504,-0.016441263,0.25109237,-0.052602757,0.07256674,-0.34962186,-0.33616573,0.18391675,-0.49305773,-0.393877,-0.05429411,-0.82175964,0.11559,0.236909,-0.1297075,-0.41832876,-0.095323876,-0.040120244,0.65720314,0.014399881,-0.38792887,0.087826245,-0.16709876,0.047847494,-0.3073936,0.7694442,0.31661627
92,-0.030769,0.11993,0.53909,-0.43696,-0.73937,-0.15345,0.081126,-0.38559,-0.68797,-0.41632,-0.13183,-0.24922,0.441,0.085919,0.20871,-0.063582,0.062228,-0.051234,-0.13398,1.1418,0.036526,0.49029,-0.24567,-0.412,0.12349,0.41336,-0.48397,-0.54243,-0.27787,-0.26015,-0.38485,0.78656,0.1023,-0.20712,0.40751,0.32026,-0.51052,0.48362,-0.0099498,-0.38685,0.034975,-0.167,0.4237,-0.54164,-0.30323,-0.36983,0.082836,-0.52538,-0.064531,-1.398,-0.14873,-0.35327,-0.1118,1.0912,0.095864,-2.8129,0.45238,0.46213,1.6012,-0.20837,-0.27377,0.71197,-1.0754,-0.046974,0.67479,-0.065839,0.75824,0.39405,0.15507,-0.64719,0.32796,-0.031748,0.52899,-0.43886,0.67405,0.42136,-0.11981,-0.21777,-0.29756,-0.1351,0.59898,0.46529,-0.58258,-0.02323,-1.5442,0.01901,-0.015877,0.024499,-0.58017,-0.67659,-0.040379,-0.44043,0.083292,0.20035,-0.75499,0.16918,-0.26573,-0.52878,0.17584,1.065
93,0.071376964,0.0012856248,0.30915257,-0.2371959,-0.18177712,0.22822893,0.020741083,0.3089673,0.14906,-0.111173846,0.32891586,0.11512619,0.10883303,-0.0750992,0.12796262,-0.18922767,0.1115116,0.11406371,-0.20116392,0.22504902,0.1947225,0.19772647,-0.0506898,-0.15765083,0.04818344,-0.036534455,-0.23979999,-0.18229206,0.094013624,-0.21458171,-0.0019469166,0.5355807,-0.04061376,-0.08870286,0.11487133,0.1474118,-0.25116664,0.04325323,0.09737038,-0.169328,-0.18031189,-0.11049043,0.18841334,-0.24792475,-0.21181852,-0.02974815,-0.002893679,-0.30811238,0.18266983,-0.73794484,0.21112123,-0.014960127,0.1456212,0.68753606,-0.14956953,-1.6002957,-0.16131231,0.05617073,1.2077379,0.28312168,0.024835078,0.44508594,-0.34956944,0.008322594,0.5279264,-0.100590646,0.42685363,0.17448598,0.054668717,-0.1389062,-0.100513786,-0.094764,0.08329609,-0.22456856,0.11407189,0.19381721,-0.16533329,-0.32170674,-0.5475593,-0.08057444,0.4559924,-0.099597186,-0.30389577,-0.08619068,-1.1479133,-0.21527407,0.09505874,0.096302226,-0.30604726,-0.41985255,-0.041014597,0.06674957,0.146882,-0.22444454,-0.38435423,-0.10183524,0.048180632,0.057857502,0.2074219,0.20360695
94,-0.78885,0.718445,0.3488255,-0.128675,-0.1641755,0.0552045,-0.2306235,0.019490004,0.233558,0.149304,0.025700003,0.1571425,-0.29238,-0.30454502,0.022635005,-0.55304,-0.242375,0.14891501,-0.0532085,0.47825497,0.088245,0.092435,-0.04229475,-0.109353505,-0.034128003,0.042222,-0.03812001,-0.475955,-0.114939004,-0.44472998,-0.0882625,0.652575,-0.580135,-0.3564215,-0.5105,0.270141,0.049098,0.2112405,-0.224755,0.139657,0.058209993,-1.2768049,-0.22591001,-0.699165,-0.024890006,0.11977351,0.32545498,-0.507875,0.29067,-1.2881,0.25812,-0.01792465,-0.18275502,0.995085,-0.35059,-2.4636,-0.0576,-0.303505,1.37095,0.23506999,0.08132501,1.069085,-0.34359452,0.06485,0.865405,-0.2568315,0.511575,0.134621,0.2771495,-0.1940515,0.0835595,-0.180126,-0.09272,0.062388003,0.391995,0.23987952,-0.463345,-0.29347,-0.171785,0.282005,0.516955,-0.56685454,-0.37326548,0.21096501,-1.1029899,0.0786335,0.2336345,0.14073001,-0.050135,0.069584996,0.011309996,0.14450501,-0.38870502,-0.70439,-0.55339,-0.72203,-0.016499996,-0.42843503,0.58357,0.52875
95,-0.072537415,0.09759201,0.2023814,-0.3437302,-0.11430402,-0.08350836,-0.11241601,0.1939868,0.3995118,0.12636,0.179082,-0.03392399,0.2287316,-0.188307,0.020213995,-0.23891596,0.34661102,0.564528,-0.462542,0.2301518,-0.034988392,-0.18069199,0.14359319,0.2245924,-0.1418996,0.2191978,-0.05649939,-0.394746,-0.2044532,-0.09019,0.082032,1.128362,-0.34484738,0.02587241,0.493226,0.427734,-0.10846201,0.121149205,0.075225994,-0.41084623,-0.034729816,-0.0929754,-0.181802,-0.41329598,-0.30285004,-0.0789624,-0.0044708014,-0.564432,0.044100802,-0.93661404,0.29461604,0.36724,0.1281858,0.66015196,-0.11615036,-1.7516661,-0.1081998,-0.229268,1.7170341,0.08117001,-0.168182,0.44025135,-0.172518,0.1567268,0.811652,0.042595994,0.34411722,0.33548397,0.04314802,-0.51254,0.05214441,-0.29233,0.0936764,-0.35905161,0.004582601,0.091444865,-0.1869244,0.1594028,-0.91699,-0.049242396,0.594,-0.565042,-0.425882,0.0019321985,-1.2663754,-0.05569,0.467906,-0.13911021,-0.07072659,-0.1273346,-0.08869861,0.006923807,0.0027866005,-0.501918,-0.501688,-0.040658,0.0461,-0.40989318,0.768038,0.13360257
96,0.03838258,0.019108567,0.43134287,-0.29435143,-0.20503429,0.10942485,-0.16796143,-0.117081426,0.0013407214,-0.01611157,0.17650056,-0.15778328,0.35979256,-0.08084762,-0.0848679,-0.021544281,0.312793,0.121595725,-0.2768,0.7763114,0.13467671,-0.06435615,-0.050544288,-0.21667787,0.01678286,-0.014941863,-0.13068156,-0.33386713,0.08815128,-0.15531157,-0.06410857,0.56711525,-0.11704512,-0.04552143,0.025988573,0.18510272,-0.41853574,0.16388515,-0.1952533,-0.34845713,-0.23429741,0.19350515,0.03602171,-0.3570271,-0.176589,-0.12450913,0.09733428,-0.40137246,-0.021047575,-0.8940061,0.2181003,-0.09986757,0.06678643,0.93428427,-0.0032464224,-2.3583715,0.057859775,0.17221715,1.5211142,0.37296557,-0.28386715,0.6378813,-0.36674175,-0.096551575,0.9049729,-0.05921528,0.3664343,0.112386145,0.17220701,-0.3334443,0.08022928,-0.123525724,0.033785004,-0.16142757,0.18936585,0.20888571,-0.16274849,-0.01681843,-0.5674423,0.028886858,0.26310083,0.008076717,-0.42565098,0.020278709,-1.4637772,-0.18215714,-0.12765141,-0.21773577,-0.24376188,-0.27189142,-0.15876858,-0.06879429,0.15493,-0.07195572,-0.21085858,0.19748831,-0.208869,-0.4002461,0.29490644,0.42212775
97,-0.0612903,0.21411392,0.3643641,-0.31395817,0.021951528,0.2951725,-0.14083607,0.028750002,0.06893308,-0.062878616,0.045498233,0.021321155,0.16474846,-0.059707146,0.13524404,-0.18190926,0.17552447,0.16328223,-0.49803734,0.2185154,0.00044942647,0.07476739,0.032070067,-0.22990553,-0.04600308,0.05261008,-0.11043732,-0.10908715,0.12665638,-0.26595044,0.14080471,0.6215136,0.16356121,0.17283376,0.07087829,0.25176853,-0.13210969,0.13873023,-0.06166168,-0.13425076,-0.42228597,-0.15823554,0.21004239,-0.4413137,-0.3004,-0.098071724,0.09444439,-0.15914923,0.058428828,-0.73664784,0.3004999,-0.00890915,0.11445984,0.8220961,-0.03693954,-2.1765962,0.19303039,0.04379431,1.5900631,0.279662,-0.16139261,0.7059092,-0.31415796,-0.19269827,0.5719523,-0.12749285,0.16874614,0.41451877,-0.043717697,-0.3203276,0.06458129,-0.24277708,0.071045905,-0.55320865,0.32490376,0.2976395,-0.09985093,0.02860361,-0.6857657,-0.07052185,0.38348672,-0.15183614,-0.6270729,-0.036106765,-1.526973,-0.17714906,0.19897771,-0.19205433,-0.34190816,-0.35033876,-0.11778375,-0.053216055,-0.042803384,-0.09469208,-0.38097858,-0.031217314,-0.050839543,-0.28578997,0.21538399,0.50881803
98,-0.051244315,0.11992118,0.31408823,-0.10731876,-0.15015143,-0.06543527,-0.09279594,0.16103776,-0.05828336,-0.13635136,0.25276813,-0.0040741246,0.16365248,-0.21985844,0.051979378,-0.088870995,0.008598875,0.11292951,-0.24160433,0.19404183,0.13680272,-0.027789816,-0.051923983,-0.109897494,0.19504544,0.033957835,-0.15342444,-0.35356358,0.010075245,-0.20191643,-0.020623432,0.41723827,0.063601814,-0.0587997,0.18137063,0.31257775,-0.19492726,0.10039975,-0.020030236,-0.22571442,0.004876949,-0.10789806,0.37539688,-0.34507138,-0.17196438,0.0068317554,-0.013730988,-0.3827891,0.12142138,-0.75847816,0.33301762,-0.031917684,0.09240102,0.78194755,-0.14270894,-1.7801256,0.02370969,0.045745503,1.3793124,0.193532,-0.12821124,0.5442061,-0.38289312,0.049494315,0.63376564,-0.090942755,0.31392232,0.077346504,0.1657831,-0.16631988,0.036623888,-0.19622195,0.112374336,-0.07001214,0.19705305,0.3472331,-0.32046062,-0.24355032,-0.5317237,-0.14755037,0.4339612,-0.09890072,-0.37227628,-0.08785243,-1.1144506,-0.17066106,0.084499314,-0.28214625,-0.31989744,-0.37540993,0.021847066,0.09430012,0.17958343,-0.32104108,-0.5614287,-0.079045996,0.11621281,-0.1275524,0.44944274,0.21447612
99,0.0021131246,0.22880507,0.26305324,-0.23370965,-0.07443009,0.084792145,-0.105596125,0.15733023,0.081164524,-0.0069675245,0.16443212,0.070302956,0.17657344,0.010486378,0.019804973,-0.25211263,-0.025906604,0.2270281,-0.24861498,0.18988213,0.19170062,0.034667827,0.024726087,-0.2660572,0.1442609,-0.019438207,-0.2180527,-0.5372958,0.0006212644,-0.17739704,0.11268941,0.40596253,-0.10175156,-0.1254058,0.048416946,0.33076862,-0.09991892,0.006515133,0.08395544,-0.28177768,-0.2208724,-0.24102525,0.24999703,-0.47871917,-0.20910588,-0.06302804,-0.016426826,-0.28822374,-0.03282401,-0.8325395,0.17683087,-0.09909833,0.09167399,0.98098963,-0.1361731,-2.063232,-0.07573283,-0.05859314,1.5239503,0.3526104,-0.16378006,0.51087826,-0.2799037,0.040416032,0.6488268,-0.00063939,0.31984216,0.29551232,-0.043183245,-0.3562708,0.12190146,-0.32194614,-0.11850161,-0.29946318,0.14763623,0.27769113,-0.1380315,-0.028856127,-0.5653628,0.046859648,0.43952855,-0.09861642,-0.48259303,-0.09572704,-1.203574,-0.2090222,0.13500988,-0.0042957133,-0.24811985,-0.21081348,-0.041521177,-0.13327844,0.09718131,-0.32669362,-0.4890859,-0.03344313,0.001124649,-0.05826514,0.24900909,0.21038161
100,-0.111560464,0.101238094,0.22528768,-0.21564613,-0.05248764,-0.1394687,-0.026682256,0.017067363,0.12448786,0.059119415,0.17287175,-0.05424025,0.25682455,-0.13793845,0.049353033,-0.22401786,0.23588982,0.12792394,-0.27022502,0.28995618,0.20656088,-0.07743518,0.03199696,0.031182516,0.050681237,-0.1328355,-0.08407907,-0.2135477,-0.033061083,-0.013019214,0.10622764,0.5687433,-0.07393146,-0.035401154,0.22171812,0.25856608,-0.08511107,-0.02998601,-0.0754114,-0.29388258,-0.16249184,0.0029870633,0.058645446,-0.32514408,0.028773937,0.11712096,0.078809865,-0.2645989,0.005268535,-0.7301639,0.15510295,-0.001955143,0.1061611,0.64005154,-0.19686295,-1.6473999,-0.15941784,0.020627886,1.4326241,0.32622904,-0.11494422,0.52670103,-0.23457694,0.07522457,0.6037115,0.073315814,0.33467105,0.33128563,0.17402305,-0.18078446,0.046135332,-0.15745428,-0.073771946,-0.17302921,0.09577279,-0.043770254,-0.12410083,-0.02920219,-0.6703753,-0.034276787,0.55550313,-0.14164717,-0.3816878,0.04969831,-1.1111158,-0.17319086,0.21290927,-0.07687346,-0.11992151,-0.24145536,0.029224603,0.081858106,0.029364105,-0.22849515,-0.32402682,0.13487132,-0.11571827,-0.2407068,0.3834948,0.03265961
101,-0.009087761,0.29133445,0.09170878,-0.12953323,0.078958556,-0.3012911,-0.106795564,-0.049425557,0.058336325,0.028177546,0.19055822,-0.18276021,0.19729714,-0.084464945,-0.18569766,-0.041180667,0.40044668,0.4654782,-0.03843222,0.18531998,0.15064354,-0.18089356,0.16134657,0.075700216,-0.08346111,-0.10221568,-0.040192552,-0.3408189,-0.31733546,-0.16652533,0.1679252,0.93708664,-0.33433867,-0.16734225,0.26001668,0.3496822,0.18012057,0.22428066,-0.054459892,-0.36603332,0.08652355,-0.36531,-0.16993323,-0.34868288,-0.216518,0.010569112,-0.09118655,-0.3997478,-0.08580179,-0.93956447,0.19540113,0.051410776,0.11853944,0.72613263,-0.049644776,-2.079011,-0.16726273,-0.17471464,1.8142035,0.41902888,0.2259611,0.45162106,-0.17166165,0.21077177,0.7966144,-0.08860256,0.51463777,0.3059249,0.41273716,-0.4410044,0.012806671,-0.09771779,-0.045940783,-0.13199976,0.22478557,0.11086311,-0.10555829,-0.09171638,-0.84608966,-0.10393611,0.63018644,-0.083020344,-0.5550853,0.17632836,-1.4011799,-0.48459038,0.14569107,-0.23325737,0.06056245,-0.32753587,-0.12041865,-0.10727556,0.053797,-0.38193834,-0.3352772,0.15776032,-0.055864446,-0.5062022,0.8002458,0.22271745
102,-0.15233596,0.2608504,0.23864879,-0.08853763,-0.043180186,-0.27470064,-0.2120303,0.060627308,0.12971975,0.017205244,0.08441169,-0.086889565,0.21775724,0.073980644,0.05727782,-0.36405686,0.17381449,-0.08503188,-0.16614218,0.17178063,0.18831468,0.12394086,0.02032154,-0.10024887,0.09574414,0.019007811,-0.29885873,-0.24965593,-0.031436495,-0.15103793,0.013735752,0.4834081,0.058460508,-0.25393736,-0.14656213,0.2868814,-0.19152188,0.04464906,0.12786177,-0.24710289,-0.055224493,-0.31971583,-0.00912819,-0.31118113,0.09850401,0.05743818,-0.023635192,-0.28436106,-0.073307194,-0.4773857,0.3090202,0.097779036,0.03582524,0.6189869,-0.27827632,-1.4624144,-0.091315515,-0.07615943,1.3572062,0.26116845,-0.14430536,0.37389457,-0.2918841,-0.172862,0.39622983,-0.038419064,0.38222858,0.16243538,0.21523912,-0.3420852,-0.11857581,-0.1359563,0.031586,-0.13144125,0.2833873,0.04337475,-0.16666111,0.04458317,-0.40447128,-0.1635212,0.42051166,-0.01514321,-0.190693,0.056812003,-0.9887937,-0.0782603,-0.0798682,-0.28936827,-0.08914519,-0.2971008,-0.17107171,0.17534094,0.12051063,-0.31534216,-0.46018872,-0.015553255,0.15451275,-0.034138106,0.32837313,0.17076463
103,-0.100789994,0.18478654,0.28715578,-0.1547584,0.03393431,0.0041527897,-0.04503779,0.16609173,0.075768106,-0.06148298,0.13787968,0.05527584,-0.116411276,0.062536344,-0.10996349,-0.30098736,0.2559936,0.24871004,-0.17099759,0.12984858,0.14529088,-0.06283049,-0.057592794,-0.106320485,0.019262455,0.024276769,-0.080675624,-0.13272859,0.075587444,-0.1790407,-0.00748276,0.5767368,0.0178284,-0.12709035,0.091741055,0.21082154,-0.32214865,-0.041615926,-0.056314267,-0.08899497,-0.106710665,-0.061746825,0.16105881,-0.295862,-0.2883105,-0.005963295,-0.029394923,-0.3828744,0.0362078,-0.5376948,0.14483026,0.18626204,0.16123593,0.5904209,-0.12381913,-1.4753364,-0.016896795,0.0009336564,1.3249935,0.12019214,-0.05002803,0.30359215,-0.31870976,-0.06949478,0.4411471,-0.12809394,0.29722428,0.29364577,0.17125513,-0.22289704,-0.23296325,-0.17761339,0.005091961,-0.28582957,0.2100779,0.25007147,-0.08929881,-0.11260611,-0.5551426,0.039750822,0.39970833,-0.094966196,-0.39814824,-0.07845783,-1.0482236,-0.17109814,0.11977046,-0.0073611694,-0.3618027,-0.24048238,-0.25017285,0.063323274,0.3567478,-0.30946258,-0.36381438,-0.10610289,0.23133542,-0.21303397,0.35325196,0.25078183
104,0.005545968,0.1639464,0.19860426,-0.2177432,-0.106715664,0.2744391,-0.15723908,-0.00940697,0.06370174,-0.10648779,0.14675339,0.06004593,0.14950602,-0.06492059,0.07895102,-0.08366118,-0.059735596,0.10889903,-0.22859184,0.08023449,0.20210615,0.06297962,0.06077045,-0.206144,0.10149357,0.03673791,-0.20188677,-0.27679223,0.04461127,-0.16948669,0.044337273,0.3396134,0.015739053,-0.09473417,0.048266314,0.19141977,-0.32878226,-0.008938041,0.14480776,-0.030614464,-0.25137097,-0.10313365,0.06595638,-0.21332192,-0.35339746,-0.047936592,-0.007935056,-0.083156146,-0.05715516,-0.49053872,0.11769233,0.032076422,0.06787626,0.8286591,-0.04397154,-1.6891198,-0.08647648,-0.09521778,1.1668044,0.23285258,-0.031053415,0.5392652,-0.18620507,0.0018504359,0.5960866,0.011562096,0.26404622,0.18308929,0.0152930645,-0.11079933,0.042121984,-0.20430776,-0.022409461,-0.28839034,0.033859257,0.098413326,-0.25393403,-0.11666197,-0.44044772,-0.020599104,0.32229072,0.02435562,-0.3046264,-0.09431558,-1.098784,-0.08673651,-0.018400643,0.048253477,-0.19836411,-0.29908222,-0.12700221,0.1159462,0.089720845,-0.22492193,-0.29276398,-0.13456175,-0.071285084,-0.10770484,0.36099157,0.15558606
105,-0.106516,-0.038567998,0.17503801,-0.027779197,-0.12798378,-0.329286,-0.08122798,0.0734402,0.323382,0.224678,0.356632,-0.128784,0.22776398,-0.69260603,0.347216,0.0329266,-0.33279938,0.38765603,-0.33288604,-0.25837,0.012012613,-0.19161198,0.048820008,0.22425398,0.22756961,0.26519382,0.17411311,-0.1671794,-0.24776001,-0.15225461,0.2831996,0.8076981,0.0069688,-0.1313546,0.32948,0.2524228,-0.353772,-0.19026099,0.096159995,-0.72805005,0.14177619,-0.03728999,-0.029728007,-0.1646494,-0.28314838,0.19397879,-0.19809338,-0.3703956,-0.017085195,-0.40509605,0.546576,0.0321814,0.090528406,0.45343,-0.13756339,-0.87859404,-0.20245941,0.106379844,1.077946,-0.27661,0.126916,-0.0710346,-0.22433801,0.332812,0.22639604,0.09236799,0.11626321,-0.1495862,0.4142878,-0.357442,0.052951407,0.1766486,0.29624802,-0.24377282,0.060608517,-0.065354005,-0.0341508,0.0573302,-0.36651802,-0.3328742,0.1383054,-0.41269198,-0.13238999,-0.0909438,-0.55333537,-0.088055596,0.204698,-0.32622,-0.2503302,-0.15034199,0.143664,0.70201194,-0.110997,-0.18410198,-0.3281992,-0.13908,0.49514002,0.043764006,0.532573,0.12526122
106,-0.0012408701,0.21330972,0.28723267,-0.29356417,-0.25556138,-0.032591622,-0.1809418,-0.019314047,0.15097435,-0.016602244,0.305434,0.107211396,0.068395615,-0.02112211,0.037227187,-0.15300962,0.030004859,0.20989496,-0.07105285,0.31765383,0.19286099,0.09314483,-0.1455303,-0.14446954,-0.049588054,-0.01594681,-0.18249078,-0.3667976,-0.02760072,-0.44551617,0.080084,0.6292304,-0.028006235,-0.09212144,0.057629496,0.31197843,-0.09195413,-0.06242762,0.02575603,-0.2886163,0.05346981,-0.09972581,-0.13828175,-0.4154918,-0.36984056,-0.01857801,-0.17111155,-0.289621,-0.12130223,-0.74753195,0.10996548,0.09571119,-0.062671594,0.6237508,-0.13359004,-1.7282683,-0.13937037,-0.033304326,1.4558371,0.23713496,0.06508114,0.4386893,-0.499993,-0.14004445,0.5543576,0.023216696,0.50206804,0.2139384,-0.08848132,-0.37112832,0.041923188,-0.27013588,-0.14924595,-0.18695812,0.16513087,0.10101277,-0.22530854,-0.10885679,-0.50821656,0.088370815,0.49621502,-0.25687215,-0.31292805,-0.0900445,-1.0879221,-0.1815233,0.09664391,-0.12354896,-0.17140353,-0.31176123,-0.15599494,0.05862043,-0.12351721,-0.4381725,-0.26775524,-0.09940795,0.051380884,-0.0632858,0.45421946,0.21827486
107,-0.24388027,0.048397064,0.31553486,-0.1342418,-0.007582868,0.26589245,-0.15132074,0.086640336,0.30867034,0.04362521,0.2348342,-0.013125501,0.12058379,-0.12865737,0.12620337,-0.057218302,0.010116809,0.13790467,-0.07940764,0.19671887,0.12658738,0.1416325,-0.039663505,-0.1358881,0.19380456,0.0862753,-0.06970298,-0.11418809,-0.07121305,-0.10241205,0.007977629,0.359801,0.0634948,-0.0033909648,0.110748686,0.04530942,-0.15217875,-0.04375374,0.07671566,-0.09147306,-0.10335387,-0.056563977,0.031662066,-0.22617316,-0.15078233,-0.036998913,-0.154644,-0.007301402,-0.029739572,-0.555032,0.22427414,0.11223246,0.034230735,0.60126114,-0.14074974,-1.3172526,0.015945334,0.063619,1.201857,0.14414147,-0.064876206,0.57578456,-0.22281787,-0.029514957,0.5437278,-0.056593474,0.40982416,0.11372495,0.19102706,-0.15513065,0.07297742,-0.049792305,0.16996664,-0.36788943,0.16018423,0.08293049,-0.08257817,0.009470329,-0.42314878,-0.13886349,0.2618272,-0.1174487,-0.38935032,-0.11621023,-0.9785074,-0.06462873,0.22140397,0.05052169,-0.1827112,-0.112103395,-0.024786802,0.28719094,0.15179451,-0.18696013,-0.20903249,-0.11103437,-0.11385346,-0.22366066,0.25328416,0.19697142
108,0.067109406,0.48269397,0.23819558,-0.24772601,-0.244818,-0.1634518,-0.39209598,0.54386264,0.2797116,-0.3710722,0.57434803,0.62285006,0.5195358,0.013280404,-0.273046,-0.50964,0.312471,0.1914652,-0.3909698,-0.0781216,0.31475392,0.366352,-0.053679,0.051940005,-0.1559174,-0.055589985,-0.1096706,-0.1778698,0.32934397,-0.1137944,-0.22321899,0.2299186,0.0053185998,0.0499862,0.567344,-0.0028900027,0.0469006,-0.05966959,0.2564452,-0.23499401,-0.2709042,-0.080153406,0.14504156,-0.25368,0.11283441,-0.27172458,-0.1321412,-0.07565681,-0.053357206,-0.53734,-0.054274004,-0.112342015,0.016559388,0.90443003,-0.09946959,-1.526144,-0.050406,-0.2952024,1.263504,0.1810524,0.11249499,0.46001402,-0.270246,0.0877346,0.72301,0.18414639,0.51026684,0.2954658,-0.112643994,-0.35767198,0.06013919,-0.48954597,0.096835576,-0.2830304,0.1603914,0.07141,0.19284715,-0.10948233,-0.569018,-0.316116,0.73818207,-0.0223648,-0.52764803,-0.107532404,-1.143764,-0.10897861,0.120993994,-0.26545358,-0.23343179,0.064308405,0.2060968,-0.016943607,0.24743183,0.32119378,-0.18012801,0.42223802,0.16360399,-0.1531822,0.28011298,0.192626
109,-0.3766067,0.15217644,0.32704452,-0.1676247,-0.11365581,-0.032328255,-0.13247412,0.06982526,0.039158124,-0.08365562,0.14591509,-0.24382599,-0.10044019,-0.19995338,0.3232715,-0.07747343,0.2301007,0.17751937,-0.09275123,0.43078062,0.17330182,-0.08399543,0.046234637,-0.13555355,0.049643464,0.010761196,0.02024729,-0.37402436,-0.06634538,0.14459693,0.018870255,0.6244796,-0.26714486,-0.008977329,0.45720854,0.41519272,-0.20864913,0.016371995,-0.089924365,-0.40948513,0.04224369,0.055027243,-0.198671,-0.37005177,-0.005973872,0.04245313,-0.1497768,-0.38455427,0.12663561,-0.43914595,0.08409325,0.084484704,-0.021665998,0.44228,-0.091260165,-1.4310141,0.006002063,0.03213787,1.2207257,-0.07276469,-0.23407198,0.60040355,-0.13194975,0.119725935,0.4623169,-0.024325892,0.43870166,0.03431307,0.14916438,-0.2269353,-0.060953785,-0.099605426,0.02047044,-0.07454594,0.08084875,0.16031268,-0.1337423,-0.12038186,-0.35502508,-0.22462732,0.4576092,-0.17048939,-0.33973628,-0.16680084,-0.97395545,-0.17105319,0.030800814,-0.16453719,-0.22457917,-0.07014831,-0.1674915,0.099491194,-0.15140168,-0.26751524,-0.5189331,-0.12345425,-0.25984162,-0.30870426,0.602546,0.18447138
110,-0.11352018,0.11323001,0.30475232,-0.026056616,0.055644657,0.052214324,-0.011704296,0.02642109,0.1988663,0.06592044,0.23037393,-0.088715285,0.168974,-0.08137382,0.05591455,-0.005712516,0.27721182,0.13496687,-0.11245925,0.01045113,0.041879643,-0.07072572,0.038357195,-0.0855901,0.15300569,-0.12634759,-0.044813946,-0.14283942,-0.09169215,-0.038334936,0.09087088,0.31639493,-0.08451042,-0.0674729,0.06779049,0.2064455,-0.18897504,-0.10700371,0.013986375,-0.22331394,-0.07319345,-0.087360896,0.14473654,-0.22595043,-0.16579054,-0.08202515,-0.04400715,-0.16950555,-0.059036415,-0.5916159,0.313346,0.20054054,-0.00085626566,0.70242333,-0.10187916,-1.5377846,-0.079886146,-0.016202958,1.4168234,0.19268918,-0.1275286,0.32229775,-0.16492051,0.085736774,0.51544595,-0.13481599,0.21665734,0.14541021,0.10101225,-0.16065142,-0.06649833,-0.058946475,0.096463256,-0.23032741,0.29488704,0.31588918,-0.11023683,-0.079192154,-0.59690684,-0.088651784,0.34296274,-0.118777685,-0.2654158,-0.05123073,-1.0706755,-0.19671178,0.17331995,-0.05828926,-0.2146949,-0.15651445,-0.08986076,0.058405485,0.08765917,-0.23267256,-0.26589057,-0.01403335,0.01948058,-0.18139587,0.40434766,0.19295996
111,-0.03195094,0.25366,0.3684731,-0.5121777,-0.23878758,0.2630135,-0.11108174,0.11882795,0.3533002,0.07454607,0.12523636,0.20440368,0.15402688,-0.03497014,-0.037232064,-0.15951957,0.20828995,0.30877206,-0.29466367,0.5456551,0.1976211,0.06945844,-0.10355851,-0.21652207,0.19790074,0.15418361,-0.07730082,-0.29882374,0.087556876,-0.25439337,0.05911378,0.46475556,0.0036054403,0.033151172,0.22613148,0.16201814,-0.22310363,0.059308503,-0.036496624,-0.18785354,-0.16232932,0.12824519,0.064097375,-0.5260732,-0.020705,-0.046244875,-0.04217087,-0.12500313,-0.034481805,-0.5462075,0.04869831,-0.012302121,0.13621932,0.7044875,-0.10874232,-1.6200869,-0.1749042,0.18465975,1.1672374,0.27171347,-0.101230815,0.6367321,-0.4714621,0.112269,0.6986607,0.016682368,0.49115908,0.23569645,-0.16836312,-0.32215273,0.04320097,-0.2823087,0.059479937,-0.26643896,0.10490693,0.054514494,0.026170745,-0.037086185,-0.5689125,-0.06978212,0.44071057,-0.14564143,-0.31777626,-0.12982425,-1.0351148,-0.30058777,0.06575988,-0.014438529,-0.19034573,-0.24417095,-0.0008177571,-0.02259231,-0.044817626,-0.2556687,-0.2825369,-0.114350304,-0.18942656,-0.21477138,0.1839252,0.20765276
112,-0.047995325,0.005237445,0.2268764,-0.28200725,0.11078982,0.009982703,0.03272815,0.27835587,0.03589361,-0.10038582,0.27432716,0.11057793,0.07493506,-0.18349546,0.024661612,-0.19053459,0.20084226,0.07466556,-0.30732208,0.16489449,0.15807323,-0.08212692,0.023982776,0.1894089,0.060608696,-0.030857302,-0.045758262,-0.21371123,0.077841364,-0.18579844,0.07731041,0.5297285,-0.1558972,0.06844353,0.030895242,0.16678603,-0.22804756,-0.017570341,-0.056101482,-0.1991634,-0.21212861,-0.17622271,0.11132545,-0.22058442,-0.15156996,-0.08835699,-0.13814396,-0.48481923,0.26384234,-0.7297461,0.24032927,0.038388748,0.20855774,0.623373,-0.20046283,-1.8565964,-0.2596897,-0.11197868,1.5076594,0.32863426,-0.13245717,0.41715777,-0.31621757,0.027284702,0.42209014,-0.071696125,0.17858976,0.3602613,0.11458654,-0.14050825,0.0074097295,-0.010616302,-0.13588278,-0.30245987,-0.022565557,0.33259562,-0.20034355,-0.045613106,-0.8297174,-0.108366504,0.4285332,-0.092254154,-0.24739742,-0.07340781,-1.0069185,-0.28287688,0.15025751,-0.10887335,-0.19567461,-0.13319588,0.078411385,0.08589706,0.005591113,-0.11434617,-0.47120243,0.040047664,0.15077585,-0.0050699273,0.5074929,0.13971847
113,-0.1919458,-0.10332279,0.257538,-0.217044,-0.112059996,-0.095136404,0.084071204,0.104194805,0.13585101,-0.028709,0.23129621,-0.343928,0.26443,-0.1978722,0.1495634,-0.057424404,0.2148296,0.0647412,-0.16196398,0.713202,-0.1902268,0.061782002,-0.050405998,0.019707799,0.17256394,0.13073203,-0.17525637,-0.057416,-0.1663828,-0.2290188,-0.055920005,1.0545499,0.1694632,-0.229772,0.510642,0.444602,-0.58933383,0.1645086,0.24281605,-0.42931825,0.4445352,-0.265488,0.1023,-0.334271,-0.109816,-0.024355602,-0.062610395,-0.356826,0.28135183,-0.526152,0.35405597,0.030513799,-0.029813403,0.544806,-0.17111821,-1.728096,0.07332341,0.060719807,1.64667,-0.06187001,-0.12353001,0.07510339,-0.48533002,0.0453372,0.36237663,-0.135739,0.1627973,0.004932797,0.636218,-0.170312,0.172412,0.04052841,0.293322,-0.672032,0.546502,0.47975197,0.207834,-0.1929632,-0.46908396,-0.28793818,0.2956894,-0.109188,-0.16497998,0.1140122,-1.2021633,-0.1644828,0.1526126,-0.1672942,-0.38827044,-0.2067276,0.2551704,0.28579602,0.2420464,-0.188456,-0.346172,0.28326023,0.04750801,-0.1669284,0.43402797,0.53949606
114,0.06089143,0.20203431,0.1934257,-0.06263686,-0.18809713,0.23606142,-0.1949233,0.19492742,-0.10772713,0.10168428,0.19833359,0.07709385,0.16717516,0.09519943,-0.15525304,-0.30252,-0.004189714,0.35057572,-0.47242287,0.39683586,0.22804856,0.0015531506,0.05157886,-0.5053843,0.13175,0.16117986,-0.21637745,-0.57655853,0.018457998,-0.21734044,0.016791424,0.2370237,-0.089175716,-0.137966,0.004267561,0.32595158,-0.08828186,-0.075159565,-0.12999287,-0.20157573,-0.27257842,-0.19903198,0.14577799,-0.5387857,-0.20222926,-0.058106285,0.12443968,-0.26540843,0.028054995,-0.77477854,0.49179956,-0.14512214,0.060573854,0.88220567,-0.23973371,-1.94602,0.010394714,0.08561971,1.7443142,0.34720084,-0.09482258,0.66323006,-0.45576057,0.029071424,0.8637943,-0.027154569,0.19810414,0.35522386,0.035488863,-0.20421185,0.2209317,-0.22547999,0.012576858,-0.14945771,0.449215,0.1765473,-0.25435963,0.080644846,-0.47224757,0.26443613,0.60508883,-0.18595766,-0.52087426,-0.0084604295,-1.3039714,-0.08234228,0.15832743,-0.100228004,-0.35708284,-0.38337567,-0.032060433,-0.39478713,-0.045919858,-0.3082046,-0.43625858,-0.059519995,-0.041876715,-0.26070473,0.29110172,0.26256922
115,-0.20853879,0.24330552,0.22920915,0.010289487,-0.07890444,-0.23160622,-0.09195629,0.15275955,0.023792997,-0.060737174,0.052176666,-0.042377785,0.064151675,-0.09185003,0.10072572,-0.23176996,0.08521978,0.2383742,-0.15301463,0.16235578,0.17218365,-0.043147225,-0.0072023124,-0.27931905,0.03230705,-0.008863888,-0.16316405,-0.33508784,-0.24941328,-0.091737285,-0.06259027,0.38061935,-0.10238317,-0.1237547,0.2778312,0.38982496,-0.10254672,0.05071166,-0.026452763,-0.38902017,-0.048134677,-0.2476837,0.09644285,-0.28697005,0.034720324,0.03040028,-0.08056967,-0.20749074,-0.043813113,-0.6451406,0.31385133,-0.06313766,-0.0021200432,0.7976222,-0.054669894,-1.9306344,-0.09989276,-0.07045491,1.5651088,0.07540101,-0.1402775,0.5488838,-0.28404877,-0.029953666,0.63573825,-0.088175505,0.32052684,0.025624946,0.16950114,-0.36178476,-0.07296639,-0.24863966,-0.02370639,-0.16063844,0.24067879,0.18674833,-0.1815065,-0.15913773,-0.47158056,-0.052604124,0.5481316,0.05805611,-0.3952768,-0.08584803,-1.0715702,-0.2217867,0.13252361,-0.16684426,-0.3654204,-0.34294564,-0.124144845,0.047950245,0.15228173,-0.27330273,-0.5373331,0.04510101,-0.050392814,-0.19270056,0.55710316,0.18430378
116,-0.078389175,0.12900908,0.30489662,-0.29067084,-0.09748089,-0.011778453,-0.23882619,0.17009999,0.16430654,0.108780004,0.22349428,0.16261455,0.106053546,0.3175599,0.31213918,-0.17377092,0.13265346,0.1434691,-0.1050669,0.2976941,0.040517054,0.05497191,-0.19452482,-0.038325712,-0.072558194,-0.16672128,-0.06321673,-0.4052393,-0.12549318,-0.37930477,0.192834,0.33240792,-0.0138839325,-0.036691178,0.06751918,0.25945982,-0.14657064,-0.121610634,0.037246455,0.057908725,-0.06520837,-0.0922529,0.33087412,-0.15585773,-0.017109005,-0.3800771,0.15859455,-0.57710606,-0.30979654,-0.85767674,0.28475997,-0.009110005,0.060208455,0.71258813,-0.016345538,-1.8474265,0.44683778,-0.25233153,1.7847183,0.4684091,-0.13065155,0.026808094,-0.4510802,0.13494045,0.60883665,-0.23240048,0.31024507,0.08124191,0.16558537,-0.3040211,-0.24259184,-0.13527754,0.054414533,-0.28704518,0.4528755,0.47578183,-0.07208964,-0.13850875,-0.9194699,-0.07759145,0.59035736,-0.06283149,-0.13468628,-0.03671509,-1.3564045,-0.23918976,0.21353999,-0.20659353,-0.318316,-0.2963069,-0.17645727,-0.2703938,-0.1663748,-0.03668399,-0.21212178,-0.098344095,0.022793634,-0.29570353,0.4148908,0.10593783
117,-0.022237329,0.12619106,0.35505426,-0.15069126,-0.073910795,0.032488596,-0.21453926,0.021953069,0.27298602,-0.007271837,0.18973084,0.2362382,0.18707655,-0.07695731,-0.09690984,-0.24098444,0.14023803,0.15119873,-0.33554366,0.2922733,0.0875138,0.028062154,-0.07422168,-0.19220525,0.04363155,0.031112766,-0.11856043,-0.4009425,-0.05162577,-0.24152465,0.23425364,0.27523804,-0.091512576,-0.024220644,0.07560326,0.18088959,-0.14808126,0.08164502,-0.058603894,-0.16152784,-0.117972806,-0.002037835,0.14101063,-0.3669087,-0.13091756,-0.19509,0.032184724,-0.22663075,-0.17587885,-0.75017834,0.26261342,0.09008761,0.014094446,0.78164375,-0.09332876,-1.4960964,-0.00961178,-0.31654933,1.4327226,0.13449799,-0.028581573,0.362481,-0.22255968,0.0523208,0.77717954,-0.06339274,0.33421436,0.1230591,0.07052903,-0.1712436,-0.10160827,-0.1721484,0.012298063,-0.2321523,0.30050632,0.015099828,-0.07679816,-0.21612023,-0.8065456,0.11919872,0.7325798,0.01929293,-0.30592313,-0.12283381,-1.1353737,-0.20681296,-0.015691428,0.14207725,-0.16542313,-0.27843946,-0.18313543,-0.092904724,0.08938584,-0.21255676,-0.22320819,0.045718703,0.029680768,-0.19439322,0.4419956,0.061387163
118,0.066894,0.067771,0.67797,-0.58522,-0.96087,0.166,-0.13703,0.59476,0.20292,-0.38683,0.79485,0.60831,0.55931,0.14212,-0.60326,-0.57312,-0.82357,0.33851,0.30341,0.45724,0.19393,0.56606,-0.17186,-0.17161,-0.16995,0.59505,-0.17627,-0.27775,0.025801,-0.22062,-0.7296,0.32222,0.43976,-0.19894,0.18231,0.98794,0.017195,0.47684,0.25552,-0.90126,0.14563,0.84375,-0.18347,-0.4064,-0.84264,-0.022757,0.32945,0.036575,-0.15806,-0.80357,-0.47657,0.13429,0.31945,0.16154,-0.8252,-0.44651,0.65714,0.46558,0.15127,-0.075906,-0.25066,0.17722,-0.86311,0.0040458,0.12091,0.25197,0.20747,0.50528,-0.66736,-0.11422,0.24488,-0.60989,0.51165,-0.4932,0.83747,0.27555,-0.064635,0.27554,0.049505,-0.51136,-0.22426,-0.47253,-0.19854,0.40987,-0.68851,-0.19542,0.48206,0.1074,-0.80121,-0.054282,0.12373,-0.01541,-0.015814,-0.31487,0.07706,0.12996,0.55981,-0.049597,-0.30154,0.21477
119,0.011235926,0.20823449,0.41294688,0.036609016,-0.096351035,0.27724224,-0.085094996,0.03274475,0.056420125,0.049584508,0.056433745,0.08251175,0.2784215,-0.111004,0.023027506,0.1354725,0.17502774,0.43848875,-0.32734635,0.14143889,0.17161462,-0.17258161,-0.055028625,-0.3509805,0.20473126,-0.12415301,-0.086111635,-0.250761,-0.030867,-0.30538148,-0.010126248,0.317522,-0.1193875,-0.25881124,0.12966439,0.28745088,-0.16432124,-0.05541337,-0.14358374,-0.23061626,-0.19294003,-0.026907995,0.24210587,-0.29087853,-0.2411131,-0.162407,0.017028257,-0.28490776,-0.26909342,-0.6885763,0.37357497,0.056849122,0.17494336,0.80694497,-0.16777337,-2.05877,0.17162001,-0.049416002,1.5788238,0.26867825,-0.26842126,0.41807374,-0.11725475,0.08494499,1.050705,-0.13745013,0.28096122,0.08016589,0.0017500035,-0.32337177,-0.09131463,-0.105826244,0.13643637,-0.32718223,0.28417313,0.25328875,-0.16543251,-0.13424526,-0.60714877,-0.17997912,0.30609033,-0.07392375,-0.15602121,-0.030507214,-1.2917725,-0.066403374,0.08024338,-0.23388287,-0.011145126,-0.23652351,-0.14449625,-0.1522106,0.12857237,-0.135625,-0.35398877,-0.14631186,-0.09318187,-0.45805815,0.44476426,0.3001778
120,-0.092684664,0.1774358,0.24151094,-0.13336614,0.08088868,0.14519146,-0.10987458,0.16792218,0.13996594,-0.064647675,0.11019193,0.017871002,0.1117337,-0.16311687,0.1345073,-0.2309612,0.22359784,0.2522572,-0.13422579,0.21802078,0.044539787,-0.035575043,0.06815371,-0.09951828,0.09246525,-0.18457587,-0.10161647,-0.2722928,-0.066429965,-0.026663925,0.0030985419,0.49394694,-0.17450435,-0.15932193,0.32473415,0.12501095,-0.2162186,0.061046697,-0.071534954,-0.30820632,-0.034471378,-0.16266686,-0.0052006445,-0.17749245,-0.1458405,-0.007890686,0.20596258,-0.17868634,-0.010681669,-0.52428305,-0.0010404637,0.014545478,0.12519513,0.7735753,-0.026111737,-1.7502657,-0.038607944,-0.13542593,1.2796335,0.33980298,-0.16888267,0.47007194,-0.15287402,0.11833308,0.4898321,-0.013845022,0.22590949,0.005589687,0.24136244,-0.20564868,-0.13744745,-0.15303591,-0.0013098391,-0.15572368,0.04571275,0.06331459,-0.06538008,-0.09385797,-0.58121705,0.005524834,0.5246012,-0.015986962,-0.4639497,-0.04247973,-1.1571295,0.048275113,0.077899106,-0.14535566,-0.22364773,-0.20469931,-0.10985359,0.118164085,0.05274183,-0.11744757,-0.1933643,-0.06854162,-0.11892949,-0.12683733,0.42299557,0.06304162
121,0.00020912662,0.11596812,0.5730525,-0.2590725,0.1496575,0.24745776,0.04817675,0.1902475,0.5075719,-0.34895986,0.2953819,0.27825,0.2892171,0.03450688,0.011476371,-0.46989375,-0.12522,0.40869766,-0.13008474,0.37454873,0.06659675,0.26708502,0.061262626,-0.321876,0.1961213,0.218655,-0.34330022,-0.38224,0.021903127,-0.17541574,-0.1679026,0.36907986,-0.231299,0.017722877,0.19535801,0.13554375,-0.17378199,-0.16984801,0.1375512,-0.32000875,-0.23584162,0.017195005,0.09958175,-0.32482573,-0.17368661,0.08004414,0.11468887,0.3230689,0.27194464,-0.903565,0.37272975,-0.18866,0.20455627,0.88517624,0.06992876,-1.9188063,-0.23659,0.15446624,1.2112788,0.46939874,-0.07518051,0.888546,-0.12464638,-0.093756124,0.651875,0.103742495,0.47496375,-0.096780255,-0.12600875,0.0040947497,0.036092874,-0.31702176,-0.091113746,-0.07009475,0.41253826,7.7370554e-05,-0.077869125,-0.021437496,-0.5764265,-0.054460995,0.27038223,0.022907928,-0.55021936,-0.137375,-1.1523249,-0.35028514,0.14392763,-0.14193772,-0.5361862,-0.2638525,0.09329875,0.028566366,0.07124875,0.1007175,-0.33147717,-0.025651254,-0.11426474,-0.032498762,0.1748752,0.30692938
122,0.20266001,0.16011333,0.27656665,-0.3346993,0.088888995,-0.067980014,-0.013953328,-0.056191336,0.26911667,0.29977334,0.05699633,-0.123029985,0.03130733,0.38307762,0.12326,0.3966,0.5023733,0.32283732,0.10126666,0.022113001,0.093797326,-0.24518101,-0.029067,0.031105002,-0.20380966,0.046911,0.20772667,-0.15584667,-0.074820004,-0.37683332,0.16579,0.50927335,-0.10516933,-0.13788667,0.36415634,0.11796,-0.16790666,-0.30906835,-0.26806065,-0.070553,0.07092666,-0.21366699,-0.030088998,-0.48940933,-0.10045334,-0.04503767,-0.42471334,-0.212254,-0.351401,-0.6847933,0.41818333,0.501605,0.09021133,0.41534337,-0.036569,-1.4835666,-0.279703,0.04779899,1.6536533,-0.17969434,0.13279334,0.58429664,-0.16088666,-0.083632,0.38874102,-0.130274,0.27476,0.13303335,0.36742464,-0.38709334,0.0862,0.022041658,-0.070327334,-0.33922157,0.28477898,0.69380164,-0.07129666,0.20584667,-0.67540663,-0.023466667,0.95061994,0.005601667,-0.62467337,-0.18772334,-1.0516534,-0.36321664,0.5484767,-0.04507333,-0.10516566,-0.35208333,0.11446333,0.3506303,0.08093002,-0.80292004,-0.04481933,-0.37750998,-0.24742001,0.011140008,0.48865998,-0.12726067
123,-0.35239303,0.1451166,0.36897808,-0.38207513,-0.16230613,0.15613796,-0.187574,0.20130804,0.20178351,0.040983997,0.0008719087,-0.2060726,0.14829133,-0.1379087,0.14775057,-0.030250499,0.094137274,0.13978739,-0.09619099,0.30631742,0.2349889,0.0720936,0.005228138,-0.1444718,0.32992077,0.028424302,-0.15287,-0.526903,0.042057596,-0.05481701,-0.09800113,0.589012,-0.18908992,-0.19967474,0.018823605,0.21001592,-0.1698776,0.0011713005,0.19339648,-0.20900731,-0.0440961,-0.340677,-0.005154005,-0.53180325,-0.2574588,0.1583444,0.097305,-0.33029622,-0.011850505,-0.756337,0.095654294,-0.06498523,-0.0491245,0.701144,0.08005993,-1.941536,0.0631986,0.26217237,1.4428087,0.10364201,-0.18808721,0.69447,-0.11515576,0.058044095,0.842603,-0.09647701,0.36107048,0.0681422,0.04995779,-0.3634238,-0.056500304,-0.17840219,-0.07704688,-0.153307,0.1451311,0.21114199,-0.02873483,-0.065772995,-0.20667203,-0.05208265,0.33468932,-0.27594343,-0.38015512,0.10245152,-1.2440795,0.1707846,0.1255092,0.019281998,-0.21375251,-0.19864179,-0.12418189,0.1548372,-0.007401203,-0.2508313,-0.40842217,-0.27602673,-0.24663039,-0.21575908,0.623369,0.4052793
124,-0.10076632,-0.159647,0.19349998,-0.2790619,-0.005773008,-0.24383666,-0.09970134,-0.17175667,0.07613001,-0.32146034,0.19829671,-0.7026866,-0.18191667,0.21005966,-0.14659666,-0.25791734,0.32053933,-0.07038467,-0.28015,0.40116334,0.24367534,0.18279,0.053663332,-0.017310014,-0.3121133,0.14431667,-0.004353327,-0.17678332,-0.19182001,-0.36571002,-0.04381333,0.64604336,0.18602999,-0.19466333,0.15437333,0.029523328,-0.07281966,0.17501666,0.052223403,0.20038001,-0.134524,-0.5365933,-0.18170667,-0.28797,-0.11583,-0.16216335,-0.460418,-0.37281668,0.27997634,-0.8168734,0.41163,0.11068401,0.118669994,0.023529997,-0.30974868,-1.8818666,0.01335,0.38430667,1.7817334,0.14495967,-0.63862664,0.12250332,-0.51550967,-0.5478413,0.17801334,0.053481,0.7753,0.43002,0.9007667,-0.07664666,0.23777501,0.25432333,0.30228332,-0.86263996,0.2711067,0.17678666,-0.052019995,-0.167695,-0.79367,-0.33776334,0.50688,-0.14418167,-0.51869994,-0.27025867,-1.23934,-0.039203335,0.074053325,-0.44367698,-0.14055334,-0.7510667,0.0067970157,0.281946,0.28798732,0.3071,-0.13731234,0.24463333,-0.08713346,-0.60404664,0.37354365,0.27246267
125,-0.22017168,0.10770283,0.1190595,0.08202467,-0.29145446,-0.25303334,-0.039793346,0.23873717,0.18434918,0.20165424,0.096603334,-0.10457667,-0.013411999,0.19747825,0.24945767,-0.3589777,-0.1359075,-0.27630815,-0.11343167,0.15597488,0.27644682,-0.019796824,0.192225,-0.148665,0.26226917,-0.13533618,-0.3968933,-0.20627166,-0.27248,-0.03354367,0.07967783,-0.104408264,-0.055097837,-0.011084996,0.08283193,0.15711613,0.07086382,-0.11701832,0.010040005,-0.502595,-0.21221751,0.036829993,-0.035406988,-0.34903932,0.40763962,-0.07839017,0.21408665,-0.154385,-0.06288833,-0.5148233,0.2517945,-0.0127236545,0.06362121,0.67683,-0.44760835,-1.3363484,-0.01256832,-0.21510322,1.3173183,0.22156934,0.024567993,0.1147215,0.027082667,-0.40730187,0.032028332,0.065465,0.12813397,-0.099211335,0.3586513,-0.30071667,0.075461335,-0.35769168,0.34380782,-0.040034343,0.097974,0.16343465,-0.097924,0.1759093,-0.47385764,-0.10322499,0.63416165,0.34681717,-0.263168,0.096409984,-0.6394233,-0.16207166,0.18363667,-0.072645,0.083285,-0.31115332,-0.4317583,0.29483834,-0.054518834,0.12042,-0.68218666,-0.059355672,0.122667514,-0.23179333,0.58834916,-0.049409676
126,-0.4000775,0.37397748,0.42481261,-0.30822828,-0.0047912486,0.017483326,0.15135789,0.18662,0.42477915,-0.008522879,0.20284924,0.038642127,0.18705375,-0.27982414,-0.08905975,-0.09151875,0.27250624,0.41959998,-0.2027775,0.05259876,0.14755851,-0.21051626,-0.047390446,-0.038915128,0.193149,-0.059466124,-0.1453835,-0.47440574,-0.305785,-0.27179524,0.07661837,0.73965,-0.3554214,-0.20860624,0.20844126,0.633674,-0.08695823,-0.06377488,-0.06173188,-0.36030698,0.26922,-0.42319003,0.19766751,-0.83896625,-0.29240376,0.14399487,-0.174634,-0.38841274,-0.221838,-0.9425988,0.39692625,0.24871308,-0.037893504,0.69298995,-0.08987963,-1.636775,-0.19929257,0.012084633,1.5331374,0.17891148,-0.09832,0.4186625,-0.053408008,0.18933713,0.866675,-0.20815301,0.31764874,0.16315775,-0.071139574,-0.48309374,-0.2181155,-0.34259778,-0.014871873,-0.06404051,0.042505007,0.29981127,-0.25106376,-0.13970925,-0.51431376,-0.18775046,0.37263462,-0.4525188,-0.37060767,-0.22671628,-0.8729895,-0.17156613,0.21216877,-0.13635904,0.006617006,-0.3010229,-0.39484838,0.18302976,0.19766687,-0.65223,-0.56821245,-0.18870163,0.27681875,-0.21676002,0.74656415,0.20776574
127,-0.20391819,0.16860141,0.3873294,-0.27210656,-0.027242588,0.25129852,-0.15549177,0.07855794,0.21529265,-0.022876177,0.040189978,0.047791876,0.097040944,0.0039357087,0.020760648,-0.15816788,-0.030787531,-0.06767088,-0.23507322,0.045554414,0.17923331,-0.170995,-0.12444895,0.025426755,0.08127887,-0.063162535,-0.22558501,-0.110052764,0.12158747,-0.13910393,0.22957051,0.35907158,-0.1696544,0.010147941,0.029166887,0.32665706,-0.119052365,-0.12678395,-0.24044415,-0.22071615,-0.34819096,0.0038511176,0.07251942,-0.25633293,-0.07000642,-0.20818011,-0.10235818,-0.32576698,0.048679385,-0.63625157,0.47218126,0.24603519,0.20228826,0.6308147,-0.1487164,-1.5337943,0.042002674,-0.17986508,1.4011496,0.13744546,-0.07722506,0.42143753,-0.26292348,-0.24966991,0.43616763,-0.16589701,0.24386552,0.22709925,0.09345676,-0.14017911,-0.094060645,-0.21292362,-0.023177588,-0.29545474,0.26443124,0.4560356,-0.07595669,0.08823723,-0.7685076,-0.23527204,0.486645,-0.15031396,-0.5528088,-0.28267977,-1.0249425,-0.3494115,0.3171637,0.0110549815,-0.21420467,-0.38481474,-0.09899993,0.055555638,0.13731411,-0.26990992,-0.44303772,-0.13667853,-0.012335888,-0.022087172,0.34528866,0.06752676
128,-0.11677208,0.060863864,0.19890587,-0.175229,-0.052400652,0.051857065,-0.16840714,0.2274361,0.1110216,-0.034808204,0.094992995,0.06162733,0.07513593,0.17540224,0.043373402,-0.28087145,0.38874435,0.17081907,-0.3653671,0.007656662,0.27546635,0.0972247,-0.111537665,-0.13169315,-0.013535674,-0.2248802,0.008863737,-0.3688013,0.040292326,-0.29483834,0.015302064,0.46335527,-0.062791325,0.06532766,0.049334064,0.24764906,-0.33100134,0.10743973,-0.05991961,-0.18728974,-0.18156198,-0.28477967,0.16006248,-0.3143958,-0.10955313,-0.02915473,-0.03126205,-0.47829622,0.091410965,-0.70291865,0.09648698,-0.056735866,0.08692093,0.7976746,-0.14019696,-1.9482086,-0.16459313,-0.09137373,1.6066246,0.21137577,-0.16493787,0.56114936,-0.32454097,-0.00984773,0.4272093,-0.084370874,0.06338404,0.32135102,0.16335729,-0.38370994,0.02852316,-0.33533195,-0.13838287,-0.29537773,0.36019367,0.35647297,-0.14528535,0.09738674,-0.8552467,0.011661468,0.6314772,-0.120103724,-0.16218573,-0.18280698,-1.1589926,-0.1206906,0.18726747,-0.08604857,-0.27007297,-0.36910495,-0.026099509,-0.016252402,-0.021706602,-0.28173587,-0.59446496,-0.046333507,0.21239057,0.04154474,0.4281549,0.03261998
129,0.14904025,0.0976375,0.41287422,-0.36429498,-0.4405675,-0.014674999,-0.17373851,-0.020149253,0.10621001,-0.33918,0.4902585,0.25253874,0.33594224,-0.0009510685,0.09350474,-0.33198547,0.031024495,0.087881744,-0.24519727,0.408475,0.1730165,0.51774746,0.039262246,0.05697249,-0.12954406,0.1400815,-0.199015,-0.5305647,0.107012495,-0.052454744,-0.19575775,0.60532,-0.044152495,0.001530502,0.6030925,-0.0063150004,-0.28346375,0.33450377,-0.27393746,-0.020137504,-0.13720375,0.018702492,0.090125,-0.3591175,-0.27033252,-0.4265397,0.057494007,-0.34271073,-0.007400252,-0.915315,-0.23030624,-0.1459325,0.09158498,0.6017175,-0.3133465,-2.02288,0.38927758,0.12635626,1.3228301,0.030842505,0.030837,0.51909244,-0.713925,0.10721525,0.71386254,0.0206375,0.85583746,0.4053025,0.067082256,-0.34934247,-0.0358885,-0.48909453,0.10463697,-0.4548025,0.13630512,0.19808999,-0.027505007,-0.16411425,-0.39565003,-0.28505826,0.6116775,-0.1288675,-0.5928675,-0.09947,-1.5670325,0.011134999,0.099870756,-0.18539387,-0.41000748,-0.3504675,0.01679625,-0.14144251,0.33145374,0.19907002,-0.16273251,0.08461949,0.14772749,-0.182585,0.21990225,0.55428004
130,-0.3262,0.37663,-0.46472,-0.1021,-0.082114,0.46611,0.38964,-0.49173,0.11437,-0.30457,0.69878,-0.46911,0.10706,-0.93919,0.53677,-0.46456,0.048025,-0.90023,-0.063472,-0.057981,0.83849,0.50636,-0.46021,0.83971,-0.48749,-0.34951,0.75697,0.45814,-0.42016,-0.52367,0.64469,0.7775,0.11531,-0.11416,-0.43301,0.30022,-1.2184,-0.55637,0.25102,0.40906,0.010065,-0.050318,-0.53732,-0.2262,-0.62358,-1.0399,-0.17378,-0.92626,-0.38557,-0.51243,-0.21508,0.82102,0.23098,0.58865,-0.98223,-2.1593,-0.55874,-0.1892,0.67469,-0.37234,0.16377,-0.027408,0.71412,0.10459,0.42032,-0.079834,0.21681,-0.39733,-0.36657,0.080474,1.0219,-0.11701,-0.15058,-0.39003,-0.060789,-0.48433,-0.37578,0.23487,-0.96411,-0.25904,0.10793,-1.0883,0.37011,-0.18112,-0.96882,-0.36024,-0.56617,-1.5054,0.53818,-0.35668,0.40988,0.48873,0.78906,-0.27525,0.026356,-0.33824,-0.34155,-0.02032,0.81153,0.0076092
131,0.11323333,0.14265001,0.32700232,-0.24990134,-0.46109334,0.13292,-0.3554733,0.182325,0.20437334,-0.47688302,0.7577867,0.50242,0.24265967,-0.16236667,-0.19630332,-0.28203332,-0.100558005,0.3064367,-0.16438334,0.32858,0.3365247,0.54698664,-0.032719668,-0.049536645,-0.12855835,0.13191001,-0.17034334,-0.3768097,0.19582336,-0.09887167,-0.47937,0.59293336,0.08395333,-0.10636133,0.55567,-0.08842033,-0.078581326,0.27960435,-0.19021,-0.5692033,0.15242366,-0.007586673,0.023596665,-0.18988,-0.4854133,-0.3503833,-0.20490098,-0.052997004,0.010115666,-0.74102,-0.16279902,-0.12467001,0.42371,0.17440332,-0.4564233,-1.5485734,0.34509334,0.42013836,0.88435334,-0.14650565,0.244429,0.61085004,-0.6400767,-0.25652334,0.5742033,0.134723,0.97077996,0.28280565,-0.025416657,-0.34853664,0.26069534,-0.41628668,0.07210097,-0.36160663,0.24402668,0.43481,0.23691499,-0.22270466,-0.06414767,-0.26406,0.59092396,-0.24019253,-0.30742332,0.15028334,-1.16611,0.07659166,-0.31138667,-0.2565033,-0.43196,-0.0932,0.12334,0.102508985,0.6819,0.43433985,-0.15071668,-0.13599,0.138992,-0.024523338,-0.010037999,0.46677336
132,-0.16473792,0.086470805,0.15015136,-0.072457,0.08205436,0.18266273,-0.12010057,0.08032743,0.06696271,-0.051349275,0.008934566,-0.33413076,0.16448927,-0.024806876,0.10884922,-0.21385242,0.2508344,-0.1894312,-0.3629787,0.10056494,0.09933199,-0.076535776,0.31478947,0.17375,0.019431356,0.16434094,-0.04552042,-0.03293493,0.008125998,-0.017659144,0.01363257,0.6611578,-0.23082241,-0.0050536436,0.19568785,0.12821957,-0.26446834,0.03872565,-0.09636756,0.055407282,-0.43749505,-0.013020292,0.037103646,-0.30231777,-0.047715146,0.015118864,0.026734415,-0.458008,-0.03869571,-0.71429646,0.054888573,0.34074047,-0.042089146,0.7957572,-0.24521783,-1.8079207,-0.20661508,-0.21313062,1.5673943,0.14870307,-0.264486,0.0700385,-0.028160725,-0.10902829,0.5855245,0.06383371,0.112330996,0.24304236,0.4367707,-0.1977723,0.092641436,-0.2562825,0.022209857,-0.5811814,0.27300912,0.17546709,-0.011909834,0.29981977,-0.7850222,-0.119069986,0.60132504,-0.24817072,-0.32798842,0.040447082,-1.219411,-0.009178427,0.16156901,-0.17048118,-0.19233851,-0.18282364,0.051992644,0.05627687,0.14813285,-0.187354,-0.2753067,-0.05940529,-0.18679468,-0.24596281,0.4252316,0.2458882
133,-0.042771425,0.14693286,0.422609,-0.32961914,-0.33294514,0.057328004,-0.019742532,0.33882943,-0.07129628,-0.08421473,0.037710577,0.2469214,0.072522864,-0.04874714,0.03172714,-0.1722677,0.3017457,0.07311841,-0.07356858,0.4525657,0.1633227,0.20422313,-0.36595488,0.009087145,0.12936142,0.100416236,-0.15364411,-0.3038697,0.25598785,-0.2544857,0.17727359,0.3803304,0.08657686,0.19106194,-0.006180567,0.07178614,-0.27558595,0.07351286,-0.2167577,-0.1156747,-0.2019857,-0.04841056,-0.04487414,-0.3874876,0.030700147,0.02191257,-0.134084,-0.4389957,0.3551543,-0.65501004,0.20891571,-0.17181186,0.14970729,0.57921,0.022527585,-1.638853,0.124340005,-0.0019599881,1.4153128,0.21071856,-0.08702649,0.5966557,-0.39626154,0.057556998,0.6267325,-0.104128286,0.25630286,0.2711404,-0.07632728,-0.12110428,0.06545235,-0.20663156,-0.22894835,0.039270848,-0.010515579,0.13741384,-0.15846597,-0.1658057,-0.43610144,-0.24163942,0.35041714,-0.047753282,-0.13585998,-0.14101855,-1.1346328,-0.4149229,0.25301144,-0.19196115,-0.3996051,-0.47821856,-0.32103854,0.0014552815,-0.16044085,-0.29906243,-0.06499771,0.20503142,0.22012256,0.10211726,0.2746066,-0.040617704
134,-0.024279159,0.16842039,0.032616064,-0.05989292,0.06735807,0.39341295,0.086863235,0.228371,0.041321073,-0.017064773,0.24687761,-0.025367152,0.28660277,0.11642877,0.031559844,-0.32620665,0.20732345,0.08125799,-0.5169389,-0.010078252,0.29951692,0.004188001,0.2770534,-0.021339692,0.14004578,-0.3698005,0.055209305,-0.35077924,0.23700307,0.041223306,0.058468077,0.53198075,0.017742358,0.03407539,0.17133713,0.21986175,-0.26794523,0.18400607,0.059444614,-0.042352073,-0.5880077,-0.16122438,0.2799003,-0.16164874,-0.062822156,0.07129146,-0.062064152,-0.38717684,0.08603645,-0.55158454,0.0763483,-0.09383431,0.22857562,0.95183384,-0.13714308,-2.1032197,-0.1888133,-0.18897519,1.4792329,0.8548569,-0.20690283,0.665717,-0.16791525,0.09539853,0.6885077,-0.10273293,0.30270374,0.39142567,0.07386538,0.13299468,-0.13477254,-0.17412478,-0.0060443846,-0.44840783,0.11348984,0.30753064,-0.13486761,-0.39506096,-0.8293838,-0.13153185,0.6287131,-0.13257755,-0.41102457,-0.070154354,-1.3321077,-0.20933922,0.12320547,-0.26645315,-0.19072962,-0.22035423,-0.053213,0.055643078,-0.056527615,-0.045241382,-0.57049537,0.13878062,-0.3483044,0.023518154,0.31656632,0.16574493
135,-0.1046443,0.20599686,0.24752574,-0.18569154,-0.28043082,0.20965512,-0.21663097,0.057335615,0.18246914,-0.036118716,0.015522486,0.03657795,0.22480154,0.026153812,-0.020849142,-0.07610439,0.025174905,0.19503476,-0.29201284,0.27195576,0.21799174,0.06156786,-0.08247957,-0.40355006,0.049317934,0.10080921,-0.23845859,-0.28455058,0.19561979,-0.14108081,0.002566431,0.48847294,-0.043330867,-0.065329686,0.16470724,0.2720328,-0.1369731,-0.088456206,0.24931185,-0.23833731,-0.35284686,-0.09445139,0.0051954333,-0.53583455,-0.37964964,-0.015148821,-0.1420553,-0.12213828,-0.0065707066,-0.6893967,0.23258011,0.1527241,0.023671767,0.73797333,-0.09370786,-1.7198057,0.11932785,-0.043830425,1.318593,0.17740045,-0.06510333,0.55867475,-0.27522406,-0.077365436,0.6400187,-0.025684044,0.37217215,0.29148763,-0.12967923,-0.047558334,0.009478362,-0.15696192,-0.12982483,-0.4546228,0.1359065,0.28743005,-0.06307222,-0.11669308,-0.57818806,0.06947434,0.4247173,-0.007758,-0.33523268,-0.119375505,-1.3008187,-0.10787934,0.20746256,0.1137738,-0.36614156,-0.40281758,-0.07476167,0.0392864,0.116605476,-0.22670205,-0.19686799,-0.13066505,-0.14227071,-0.1820996,0.24016415,0.22198875
136,0.1155125,0.2945325,0.39527375,-0.48483348,-0.031611256,0.1026915,0.0021652542,-0.16322176,0.05719,-0.16775325,0.14030251,0.12510575,-0.0020137578,0.017820261,0.16048324,0.0070792474,0.13798428,0.0030099899,-0.12566748,0.36516502,0.27349,0.123527244,-0.0006107548,-0.319881,-0.063205004,0.061208256,-0.19195476,-0.46056002,-0.18054874,-0.2003825,0.12034301,0.12662001,-0.0836425,0.186648,0.20430773,0.1473675,-0.24104151,0.08419751,-0.08669,-0.37624002,-0.2850225,-0.30551502,0.122600004,-0.4503255,-0.009762103,-0.352805,0.33915973,-0.1547175,0.3532725,-0.502015,0.075381756,0.050387003,0.250335,0.567135,-0.005804997,-2.0994499,-0.0057027563,0.019100763,1.1968125,0.25662,-0.064915,0.6595925,-0.469295,-0.11060025,0.4993645,-0.34433252,0.4484485,0.262154,-0.1199925,-0.021789998,0.0045875013,-0.288475,-0.15138575,-0.2064175,0.103064,0.13457954,-0.0896255,-0.22788474,-0.54304326,-0.0061105043,0.41531825,-0.016936,-0.36026752,-0.19304626,-0.910915,-0.14927825,0.0980925,0.0016285004,-0.3466715,-0.075305,-0.009677526,-0.3394915,0.22686103,-0.051145006,-0.47993752,0.0934725,-0.1141025,0.01806251,0.056438252,0.44930252
137,0.0069290004,0.08974557,0.23848778,-0.30478317,-0.13117534,-0.26146802,-0.07874622,-0.0021411115,0.058635116,0.15685415,0.29424778,0.004965219,0.08378556,-0.20764416,0.1995524,-0.4088569,0.33014008,0.072714,-0.06991666,0.494443,0.06314787,0.20025434,0.055253547,0.0022809973,0.24056143,0.05952257,-0.31118822,-0.54134774,-0.42564932,0.015290108,-0.016922444,0.7805501,-0.00035333054,-0.2476822,0.20236102,0.3136842,-0.15076856,0.12127444,0.21948893,-0.5129812,0.1825929,-0.21507679,-0.01670356,-0.63499,-0.025111094,0.051360097,-0.15237266,-0.34556764,0.12778766,-0.50479096,0.19442876,-0.04216444,0.16220279,0.54636663,-0.16064289,-1.8833277,-0.16479976,-0.02032182,1.7738967,-0.021869326,0.084642224,0.2952541,-0.26047957,-0.015518446,0.1944681,0.003312336,0.470065,0.3542633,0.21779764,-0.3688111,0.062048886,-0.13728534,0.16146456,-0.27392325,0.07969599,0.24253345,-0.008279264,-0.12426901,-0.6732725,-0.13973811,0.8372991,-0.16193214,-0.2115789,-0.05684323,-0.91323406,-0.15150477,0.048442557,-0.24329789,-0.04424664,-0.15059733,-0.20069599,0.038551446,0.079695456,-0.5362523,-0.6274933,-0.012134241,0.06954688,-0.21139222,0.587342,0.17926
138,0.1118525,0.19929025,0.26032302,0.07384075,0.073712505,-0.5287082,-0.3523225,-0.112645,0.15448749,0.069767505,0.21352886,-0.16444,-0.19778499,-0.15293324,0.42109,0.009640001,-0.118504986,0.396615,0.36050126,0.3846725,0.21323,-0.1179325,0.19395751,0.0052250177,0.07637,-0.036979247,0.100035004,-0.67385244,-0.72929,-0.14816749,-0.09416,0.6429975,-0.3620505,-0.067027494,0.46142998,0.3789575,0.16964374,-0.032186247,0.08829087,-0.7478725,0.21522,-0.33371174,0.011992507,-0.3797625,0.0506285,-0.06850944,-0.126892,-0.224345,0.0865385,-0.6902525,0.273955,0.13619351,0.078433,0.5949,0.07398,-1.76099,-0.06404126,-0.024786066,1.7741,-0.39849925,-0.0036729947,0.009607509,-0.706765,-0.027004749,0.7026925,-0.25023752,0.498545,-0.2612365,0.24551249,-0.4271055,-0.21393725,-0.014665002,0.016534999,-0.020285025,0.11498475,0.070975006,-0.026764996,-0.1128245,-0.85058,0.1303475,0.9238125,-0.035078242,-0.4049475,-0.33940125,-1.124075,-0.196935,-0.10926749,-0.071614996,-0.1768234,-0.53939027,-0.20727748,0.13692251,0.0667095,-0.18409249,-0.2983375,-0.09318751,0.03214149,-0.200105,0.539905,0.022469003
139,-0.24149,0.43733,-0.32623,-0.18897,-0.29305,-0.28223,-0.37429,0.47172,-0.61045,-0.17059,-0.05528,0.74618,0.61522,0.29321,0.23069,-0.40869,0.24888,-0.48797,0.00048047,-0.54519,0.52164,0.73132,-0.0010567,0.10601,0.84546,0.49301,-0.92694,-0.56454,-0.073725,0.087184,-0.17091,0.29569,0.41866,-0.35302,0.33314,0.23985,0.51223,0.31759,0.36975,0.52439,-0.15201,-0.5523,0.41703,-0.13236,0.095632,-0.4792,0.82726,-0.41113,0.24488,-0.11884,0.25559,-0.55004,0.48753,1.2109,0.41641,-2.8652,0.26831,-0.094585,1.8959,0.43377,-0.17049,0.82421,0.10373,-0.18124,0.63302,-0.02878,0.66535,0.12374,-0.08893,-0.18875,0.26731,0.13841,-0.1126,-0.3464,-0.044674,-0.45838,-0.66339,-0.018257,-0.89461,-0.27158,0.70234,-0.077111,-0.35251,0.1509,-1.7293,0.20593,-0.23115,0.079508,-0.092586,-0.11143,-0.18736,0.32542,-0.38972,-0.37078,-0.65679,-0.082912,-0.51918,-0.34876,0.23791,0.21206
140,-0.74587,-0.31105,0.50803,-0.29089,-0.27585,0.36639,0.11195,0.064536,-0.49929,0.24547,0.16176,-0.52799,0.006528,-0.25769,0.13147,-0.05776,-0.43521,-0.38571,0.095668,-0.037963,0.10614,0.58842,0.13133,-0.72813,-0.12345,0.84321,-0.51126,-0.54044,-0.43643,-0.17442,-0.13725,0.45419,-0.32037,0.10308,-0.19441,0.87384,0.44916,-0.72491,0.40962,-0.82056,-0.080839,-1.0468,-0.32499,-0.38805,0.24453,-0.15281,-0.23598,0.22905,0.97877,-1.1883,-0.023652,-0.32838,0.16727,0.59475,-0.19604,-2.441,0.55152,0.40888,0.57289,-0.070599,0.18115,1.0243,-1.0689,0.29498,0.79422,0.28825,0.80208,-0.30532,0.27398,-0.78987,0.4938,-0.090447,0.11786,0.11613,0.055007,0.44122,0.22263,-0.31549,1.088,-0.12486,0.43743,-0.096397,-0.97517,0.34338,-0.32867,-0.025447,0.084205,0.58633,0.029914,-0.15884,0.03439,0.8434,0.024171,-0.47234,-0.47491,-0.022972,-0.43367,-0.14636,-0.255,0.24235
141,-0.09279545,0.18668093,0.3684902,-0.2330358,0.03152673,0.0769031,-0.16269256,0.35669592,0.35484937,0.038325097,0.18657736,0.1989668,0.15165319,0.06875882,-0.14995354,-0.26482782,0.37276182,0.28279972,-0.46346954,0.032393638,0.21654283,0.038570914,0.032117274,-0.23677544,-0.1240192,0.02360364,-0.27211636,-0.32752892,0.18426555,-0.19839698,0.08958709,0.36808002,-0.13908073,0.115438364,-0.024790637,0.37873134,-0.12497329,-0.04113499,-0.025318174,-0.20570308,-0.30786955,-0.2618128,0.29130208,-0.4084282,-0.061647452,-0.063648,-0.118376635,-0.23985371,0.10623011,-0.76090187,0.3463379,-0.03294146,0.15524301,0.74285895,-0.25400627,-1.4817482,-0.16223463,-0.20354691,1.2455972,0.46342528,-0.013218457,0.47973278,-0.18694907,0.052454825,0.6892482,-0.07178409,0.23519091,0.30194247,0.058073636,-0.22930974,0.09845647,-0.36199778,-0.06629901,-0.080116816,0.13488808,0.20069884,-0.1317969,0.035736356,-0.7770855,0.17720772,0.5487918,-0.08338492,-0.44172898,-0.09803183,-1.1456982,-0.34134272,0.066516206,-0.11857497,-0.31494364,-0.36580145,-0.13808599,-0.27323908,0.14326948,-0.25743473,-0.461081,-0.02398836,0.008348674,-0.1299751,0.26927,0.23260902
142,-0.0049579977,0.109998204,0.216731,0.15528,0.14653201,0.289456,0.2610532,0.53811395,-0.10329001,-0.17692238,0.4912704,0.028007794,0.1643888,0.065477,0.44556803,-0.316008,0.155244,0.320418,-0.226528,0.118016995,0.381286,0.10699399,0.24580121,0.061615992,-0.0018346071,-0.47574002,0.042606995,-0.148952,-0.26468042,0.1870524,0.11554458,0.3808392,-0.16803399,-0.187086,0.19722202,0.295935,0.0729934,-0.025499204,0.1415,-0.2812584,-0.100187995,-0.50076,-0.108835995,0.0237562,-0.084788,-0.155152,0.15113,-0.345712,0.1913706,-0.54833996,0.3220832,-0.17754,0.196552,0.78072995,0.095453404,-2.04454,-0.5041734,-0.20751867,1.7947,0.4691686,0.10539581,0.799528,-0.155928,-0.079528004,0.41884923,0.050666183,0.13018659,0.0466236,0.51709193,0.0073233964,-0.172732,0.24431999,0.1824776,-0.114668205,0.18555717,0.19353941,-0.014134802,-0.414042,-0.66069597,-0.037357002,0.4505914,0.17193799,-0.25447202,0.20304537,-1.120116,-0.07061,0.322202,-0.1651862,0.0059019984,0.046699993,-0.015808214,0.066762,-0.08079801,-0.2557564,-0.580044,0.004271008,0.09453939,-0.005534002,0.536613,0.016697805
143,0.040930003,0.030483,0.786345,-0.13160498,-0.963275,0.043203004,-0.0238736,0.61415,0.396245,-0.16392,0.51434004,0.458585,0.409525,-0.28285003,-0.330215,-0.25124502,-0.49361,0.268025,-0.25880998,0.21488,0.073199995,0.65238,-0.41961,-0.41613,-0.527335,0.3573785,-0.0034150034,-0.3283865,0.19840999,-0.17131001,-0.2851065,0.64945495,0.218702,-0.07019145,0.503155,0.19851999,0.13217601,0.167514,-0.065534994,-0.64752495,0.013755001,0.022970006,0.16431001,-0.34719,-0.3664835,-0.42218998,0.057296503,-0.060139496,-0.221915,-1.1392,0.041569993,-0.382525,0.29811,0.19654399,-0.464145,-0.997715,0.306575,0.1842505,0.81165004,-0.0631545,-0.054621,0.13105999,-0.95373,-0.29625,0.31744,0.039210007,0.6082,0.821015,-0.65711,-0.0023235008,0.39437997,0.036635,0.17698,-0.3646,0.430455,0.519095,-0.199425,-0.09549,-0.17119,-0.6522,0.151365,-0.387684,-0.2833465,0.072595,-1.20825,-0.13111904,0.05786923,0.0022800006,-0.62292504,-0.109387,-0.024094999,-0.2262765,-0.071162,0.0001995,-0.2140745,0.291381,-0.19040951,-0.20572,-0.1284285,0.11984699
144,-0.37628,0.37102,0.32594,-0.085084,-0.55012,-0.10441,0.20578,0.028909,-1.8407,0.081913,1.2134,-0.4567,-0.9334,-0.19151,-0.1152,0.58407,-0.69723,0.21457,-0.21608,0.41879,0.55475,0.29149,0.045214,1.0378,0.0015325,0.98789,0.74764,0.18687,0.45627,0.26539,0.37998,0.50505,-0.30507,-0.066636,0.33587,0.14825,0.67327,1.0297,-0.18765,0.62991,1.4595,-0.8292,0.45825,-0.6766,-0.41949,0.26539,-0.7623,-0.023719,0.25843,0.19986,-0.60288,-0.13189,0.30819,0.014331,-0.41035,-1.5426,-0.53611,0.17539,0.93878,0.4134,-0.49988,-0.4687,-0.32286,0.17851,1.1341,0.57721,0.2941,0.74367,0.49498,0.25438,-1.0924,-0.54461,-0.38894,0.74861,1.1122,-0.067949,0.34129,-0.6351,0.043718,-0.50877,-0.54271,-1.1272,-0.82029,0.036131,-0.47575,0.30262,-0.12555,-1.1586,-0.093576,0.36616,-0.87637,0.25128,0.1292,0.29042,0.061772,0.092755,-0.2546,-0.8799,0.055301,-0.38686
145,0.041975,0.56665,0.55495,-0.79539,0.011599,0.042316,-0.47193,0.16728,-1.03,-0.42708,-0.042261,-0.93797,0.01764,0.24681,0.24844,-0.74971,0.75269,0.24294,0.4173,1.089,-0.10551,0.29419,-0.84321,0.25104,1.2688,0.26621,0.4935,-0.12787,0.41448,-0.37376,0.36673,0.05751,-0.34514,-0.0082621,0.74975,-0.53979,0.42224,0.74624,-0.64641,0.046788,0.23655,0.26706,-0.63018,0.39395,0.65331,-0.29825,-0.84473,0.10571,0.31079,-0.049061,0.09755,-0.41271,-0.15946,0.91942,0.80997,-2.2296,-0.76507,0.86158,0.55543,0.75676,-0.83314,1.7212,-0.1477,0.34273,0.50468,0.025164,0.46121,0.89271,-0.38666,0.43921,0.18902,-0.25856,-0.23932,0.21862,-0.098173,-0.64256,0.28659,-0.39449,-0.048029,-0.41707,0.023152,-0.090341,0.011254,-0.34894,-0.91081,-0.36158,-0.33487,0.13672,0.026403,-0.36497,-0.66273,0.18363,-0.49008,-0.24731,-0.55261,-0.29198,-1.0498,0.048084,-0.038734,0.20852
146,0.0424405,0.265555,0.45532,-0.19451651,-0.44748998,-0.16310999,0.099313,-0.32990998,-0.11498,-0.4475,-0.070829056,-0.064865,0.37782001,0.014223499,0.040625,-0.164776,-0.038551,0.099133,-0.25462502,0.751665,0.079307996,0.10009499,-0.21356,-0.434885,-0.044500005,0.236918,-0.298695,-0.37961,-0.166493,-0.29184997,-0.016574994,0.57059,-0.004394997,-0.242045,0.35134,0.25601,-0.20525499,0.221774,0.0339126,-0.390765,-0.17453751,-0.0757645,0.233262,-0.306894,-0.222665,-0.439495,0.551318,-0.26131392,-0.1343455,-1.14924,0.18303502,-0.1783461,0.11107,0.8892,0.094324,-2.26465,0.235026,0.2013195,1.19947,-0.027390003,-0.356305,0.69942,-0.67330503,-0.136347,0.78697,-0.0060779992,0.54398,0.287815,0.072146006,-0.48690498,0.279065,-0.048959002,0.25504398,-0.18796399,0.42632997,0.13378,-0.0181195,-0.18766999,-0.39098,-0.0041050017,0.399555,0.2250725,-0.472515,-0.115425,-1.44805,-0.206625,-0.0385165,-0.1786105,-0.45190498,-0.50171,-0.0195588,-0.421365,0.0730225,0.1317675,-0.56973,0.129593,-0.26845998,-0.52009,0.044054,0.726405
147,-0.12431983,0.19939077,0.09241911,-0.05966907,0.08142599,-0.06182347,-0.12274651,0.28510162,0.12973015,0.15347938,0.17968841,-0.101158604,-0.027491998,-0.013090925,0.052474264,-0.25279298,0.24308635,0.20657732,-0.19620489,0.33018342,0.10439078,-0.1844666,0.0260231,0.056349754,0.0063722148,-0.031558335,-0.16022684,-0.17310536,-0.10995438,-0.31825998,0.008362607,0.6255186,-0.22317304,-0.13478954,0.21024501,0.3591067,-0.13894157,0.17428501,-0.072151326,-0.29703885,0.053889353,-0.2299694,0.049850035,-0.32937643,-0.109037645,-0.022761736,-0.18509594,-0.35569257,0.019606845,-0.47015652,0.14604126,0.09915143,0.04932847,0.82994694,-0.21704933,-1.5971498,-0.1605248,-0.27362922,1.6248815,0.16496374,-0.041388076,0.24261008,-0.22964999,0.11381463,0.52176416,-0.09680801,0.18764056,0.22517262,0.20522855,-0.33149996,-0.004886725,-0.22866538,0.045678966,-0.15935953,0.35181,0.30146986,-0.20056929,-0.043906648,-0.6073116,0.06080115,0.56855214,-0.2354226,-0.3062646,-0.09070033,-1.1355801,0.018236678,0.24936135,-0.04059378,-0.05255333,-0.16222323,-0.052849323,0.09553163,0.022181613,-0.47680253,-0.32812244,-0.14566049,0.15545109,-0.0022250733,0.6304513,0.012384321
148,0.018823827,0.13874654,0.16060041,-0.20993058,-0.04153851,0.18774576,-0.11991024,0.10728541,0.14385323,0.09708048,0.15307446,0.123511136,0.17997651,0.027470557,0.04252456,-0.23627417,0.12266938,0.22196679,-0.25213164,0.20431949,0.19591941,0.14912458,0.12691747,-0.13349853,0.04628923,-0.15666832,-0.24002244,-0.2960926,-0.009861104,-0.06274305,0.20189822,0.35962978,-0.07384435,0.014571987,0.08809293,0.3448718,-0.13173783,-0.11835385,-7.6258555e-05,-0.19476926,-0.19090377,-0.1974308,0.11274051,-0.34194067,-0.0673254,-0.03237228,-0.013315219,-0.08555433,0.18967217,-0.61182153,0.28759512,0.04875574,0.047166873,0.6928635,-0.09165458,-1.6848664,-0.16774368,-0.040442396,1.4620744,0.31784952,-0.09669581,0.56298757,-0.14330399,0.07922575,0.50056094,-0.15429516,0.37548032,0.13321963,0.14134865,-0.09163132,-0.07013928,-0.21600853,0.05055696,-0.25105393,0.13468532,0.32889667,-0.0418932,-0.01609604,-0.685693,0.13799067,0.5472571,-0.06652975,-0.28296548,-0.013979309,-1.1118802,-0.29886246,0.05290884,-0.10372439,-0.36497688,-0.22271968,-0.016677784,-0.15240788,0.11625048,-0.2219821,-0.45539758,0.008855891,-0.12673889,0.04872519,0.33449844,0.17662625
149,-0.040383,-0.2132,0.055937,-0.070654,0.4657,0.14988,0.35069,0.38861,1.0382,0.31142,0.43467,1.0776,0.20412,0.11486,-0.15259,-1.2375,0.63977,-0.40243,-0.32668,-0.16361,0.4715,0.097336,-0.3228,0.82284,-0.05374,0.72566,0.077025,0.19049,-1.011,0.063992,-0.42976,0.492,0.3961,-0.22394,-0.32937,-0.68569,-0.038767,1.2796,-0.51853,-0.14503,-0.46248,-0.021891,-0.57194,0.066688,0.36953,0.7507,-0.94705,-0.29925,0.41504,-0.50964,-0.61258,0.20794,0.51331,0.20323,-0.25576,-0.016653,0.36026,0.29747,-0.25774,-0.0073715,-0.6191,-0.16447,-0.28221,0.16458,-0.13794,-0.36302,0.32537,1.4793,0.16161,0.018392,-0.29274,0.56243,0.3591,-0.26062,0.24564,-0.39409,-0.61024,-0.23352,-0.40417,-0.46959,0.45789,-0.074916,0.12149,-0.79923,0.27619,0.19909,-1.3364,0.47668,0.9909,-0.057745,0.91582,0.46617,0.10032,0.25265,-0.36012,-0.42818,-0.3804,-1.3927,-0.015867,0.11311
150,0.36180001,0.082283,0.86275,-0.97811496,-0.58621,0.498245,0.0852935,0.15529999,0.356197,-0.016833,-0.36073,0.2198205,0.018079,0.056175,0.34956,0.51728,0.142465,0.1034775,0.053512998,0.66797,0.58736503,0.5533,-0.443195,-0.82144,0.15773995,0.3826575,-0.553995,0.19235499,0.042384997,-0.19113,-0.1849125,0.42056,0.796915,-0.26791498,0.0027250051,0.419,-0.81077504,-0.42284,0.5581,-0.42402,0.19485,0.61214,-0.17228,-0.1663445,-0.618515,-0.108072996,-0.1020655,-0.159825,0.052625,-0.525275,-0.430345,0.051653005,0.069955,0.45624,-0.62032497,-0.79468,-0.2089325,0.507555,0.07262161,0.261115,0.198915,0.43148,-0.235642,-0.09879801,0.828855,-0.021074995,0.87663496,-0.330265,0.062225,0.07682235,0.027704999,0.162615,0.133923,-0.20116,-0.22332564,0.398085,0.562975,0.093696,0.14124501,0.055540003,-0.033776,-0.301225,0.09818,-0.3453815,-0.76557,0.095628,-0.352225,-0.13599001,-0.37893498,-0.262915,0.010210007,0.12935099,-0.0165045,-0.25762498,-0.09736501,-0.134262,0.0216405,-0.1462575,-0.19041,0.24445
151,0.032553505,0.041553542,0.2790126,-0.15282173,0.0965007,0.18296842,-0.079076864,0.19519757,0.14400978,-0.1629227,0.11429679,0.120575726,0.1311059,-0.003991218,0.098675005,0.013714619,0.029626722,0.1441571,-0.21464717,0.1480031,0.112592526,-0.031616375,-0.14429028,-0.09222912,0.21081267,0.019278975,-0.24184376,-0.06898224,0.015724853,-0.1274712,0.22700232,0.22735514,-0.21281952,-0.048612814,0.0848385,-0.055161625,-0.17376341,-0.033678748,-0.25994834,-0.20423968,-0.04807179,-0.16900094,0.09128096,-0.21164304,-0.1209447,-0.12765162,0.157293,-0.21241184,0.016454993,-0.5735335,0.19559354,0.019701911,0.17878287,0.65834993,-0.13637759,-1.5432233,0.11480459,-0.06302784,1.2342805,0.24597609,-0.046666756,0.40922618,-0.48200765,0.0066253296,0.41437373,-0.020734746,0.22294043,0.18629883,0.16133715,-0.17372996,-0.13901709,-0.17799924,-0.01855624,-0.245067,0.21472692,0.33034492,-0.16860263,-0.10170575,-0.52839607,-0.04479438,0.41693792,-0.11609446,-0.41242418,-0.0034628857,-0.9571305,-0.09174955,0.25708607,-0.048673708,-0.17943658,-0.21175897,-0.109632544,-0.019189995,0.101608425,-0.12331804,-0.33209172,-0.17159306,0.039628338,-0.078137524,0.41697535,0.06085509
152,0.13960114,0.12684712,0.12983695,-0.05267519,-0.21733211,-0.19244102,-0.11766446,-0.0075965626,-0.18157938,-0.07407891,0.20503911,0.041726515,0.22291031,-0.160149,-0.1511466,-0.44593334,0.37226516,0.07738462,-0.2836399,0.36819813,0.084753565,0.19784126,-0.070541605,-0.09686883,0.19169636,-0.09293993,-0.17318286,-0.25433645,0.13532338,-0.21997926,-0.033433132,0.7349502,0.056820005,-0.24972029,0.08032125,0.25998482,-0.13533443,0.14770415,0.053122252,-0.28000563,-0.006653201,-0.1801855,0.07339387,-0.16520813,-0.1452549,0.06503262,0.26045775,-0.38019323,0.20393388,-0.6585356,0.049361065,-0.098957315,0.13825275,0.8613687,-0.018083312,-1.9158933,-0.03189586,-0.053847864,1.431003,0.32377803,0.08951175,0.49581936,-0.17280503,0.04093413,0.40694028,-0.09992126,0.37289667,0.206517,0.28624332,-0.010007437,0.009366119,0.0018957788,-0.1282692,-0.30722427,0.11612995,0.060809687,-0.050660934,-0.26935762,-0.7409581,0.07678607,0.44719312,-0.023564503,-0.28778648,0.11955946,-1.2029662,-0.22561876,-0.08463706,-0.30943346,-0.29813156,-0.3547511,-0.036981065,0.0131811425,0.10880057,-0.07903845,-0.4183194,0.04541761,-0.18623067,-0.1677017,0.29923162,0.4119499
153,-0.0692275,0.033859495,0.12162429,-0.15089314,-0.14897889,0.14473101,-0.3185659,0.1579044,0.3668767,-0.08805719,0.288382,0.14521852,0.093060076,-0.078688,0.0548823,-0.22016402,0.030715302,0.3951367,0.16737899,0.18872967,-0.055631805,-0.0860755,-0.090147994,-0.2465283,0.11800101,-0.024084006,-0.36662215,-0.24564838,0.1802812,-0.26692823,0.043998294,0.40277806,0.013012903,-0.055194605,0.214221,0.11942999,-0.029791296,-0.12838998,0.20993009,-0.3439066,0.086914,0.049606986,-0.0775245,-0.23491725,-0.27733546,0.0831954,-0.08247,-0.404039,-0.078297794,-0.5267803,0.2304287,0.2653555,0.039896604,0.6506395,-0.1275344,-0.904566,-0.049814202,-0.20142178,1.0585773,-0.101160586,-0.02139602,0.37225074,-0.279436,0.04084048,0.3966185,0.1003448,0.52071905,0.28940198,-0.25096717,-0.4667495,-0.23303223,-0.34248367,0.124028705,-0.330009,0.0853629,0.16066071,-0.08983811,0.028109496,-0.3529577,-0.1324464,0.49441186,-0.25516897,-0.42583042,0.038573496,-0.91228706,-0.1129022,0.2637683,-0.060006402,-0.18658341,-0.27218398,-0.22849949,0.182036,0.0850919,-0.45385998,-0.18924503,-0.34516183,0.21723919,0.048792202,0.26356602,0.2203108
154,-0.21372364,0.16565882,0.21720327,-0.30870056,0.002962947,0.16683199,-0.07152092,0.0314289,0.23631571,-0.08223819,0.28544044,-0.08045273,0.12760445,-0.19006683,0.093203634,-0.12742728,0.24662317,0.1772673,-0.39265525,0.36892354,0.12710027,0.067233086,0.16336788,-0.0036121823,-0.0881376,-0.082443446,0.015464503,-0.34369496,0.10582128,-0.16738419,-0.042099264,0.66984916,-0.17779583,0.0029032826,0.19403774,0.30871293,-0.38141644,-0.017942367,0.13707048,-0.3023609,-0.30105937,0.013086844,-0.277427,-0.40644577,-0.36799547,-0.051075354,0.21354483,-0.28449273,0.06295364,-0.54131407,0.16347028,0.01605327,0.07627138,0.6333127,-0.30375737,-2.1012118,-0.1100759,-0.19822717,1.3399696,0.18822546,-0.33112472,0.69239354,-0.15338396,0.0768412,0.7536345,0.08386845,0.35046208,0.3214073,-0.0091308085,-0.21556145,0.17914383,-0.14590345,-0.07306773,-0.46421912,-0.07842255,0.083239555,-0.12924375,0.0038524242,-0.45923626,-0.23268446,0.39802,-0.14500399,-0.30010092,0.009890051,-1.1909261,-0.15238562,0.11380527,-0.21208948,-0.27187908,-0.123197556,-0.050183807,0.16012084,0.08374473,-0.29803088,-0.4032549,-0.18693456,-0.17132328,-0.18142675,0.54246587,0.23608164
155,0.0006833308,0.17585887,0.48456225,-0.15527998,0.021001674,0.024879558,-0.26433367,0.15846376,0.29112932,0.08478912,0.27385113,-0.04958644,0.4606221,-0.118783444,-0.09762667,-0.13120712,0.31890947,0.23711668,-0.44044554,0.09557666,-0.06868443,-0.24875778,0.14863367,-0.0033644438,0.044439998,0.1464999,-0.053441215,-0.23766668,0.05749344,-0.029223995,0.15423721,0.5565455,0.11565223,0.1036611,0.3122178,0.29836977,-0.21833056,-0.0658089,0.098621905,-0.24425401,-0.34276354,0.017239783,0.11907089,-0.17196406,-0.19546214,-0.105418116,-0.17403632,-0.13472098,-0.091008455,-0.55504334,0.22118913,-0.059861336,0.041672774,0.70026773,-0.23225747,-1.2528521,-0.051667765,-0.079744555,1.3069633,0.14450245,-0.1885989,0.20684433,-0.40519655,-0.0041551357,0.493296,0.25919557,0.29770076,0.27633333,0.1277811,-0.20170933,0.211873,0.027992837,0.26161268,-0.28795364,0.108121105,0.11829315,-0.07410289,0.080157116,-0.53740513,0.030001227,0.70685554,-0.22821154,-0.37412044,0.16543877,-0.9937807,0.24099557,0.27474666,0.08754688,-0.21423411,-0.114108,0.15864633,-0.058013543,-0.13577545,-0.08081223,-0.12469888,-0.04132011,-0.25450668,-0.46359333,0.23041765,0.14513223
156,0.4846475,0.151416,-0.0043324977,0.19273199,0.17363,-0.67257726,-0.28319627,0.249765,-0.4161075,0.03756226,0.0006700009,-0.083011575,0.14822024,0.0177625,0.07042749,0.014651507,0.096518755,0.007732503,0.38947502,0.07442175,0.49681276,-0.077697754,0.258553,0.1149085,0.445382,0.4077255,0.091382496,-0.74301004,-0.3896375,0.19331999,0.233025,0.13255762,0.01891549,-0.11634249,0.29251748,0.12878174,0.16637576,0.09333125,0.119342506,-0.43027252,0.14127249,-0.2391105,-0.17635123,-0.4656,0.094124,0.17458175,-0.07330899,-0.5803049,0.218669,-0.867975,0.044055,-0.0663725,-0.09687725,0.5654075,-0.26763248,-2.21445,-0.30564925,0.030127496,1.7791975,-0.11794199,0.0770775,0.14204249,-0.3543545,0.2358905,-0.019792497,-0.454395,0.86880505,0.026648,0.6774925,-0.19679251,-0.0813075,-0.134167,-0.1881075,0.29796773,-0.14736477,-0.0237225,0.1727475,0.1291255,-0.8941025,0.12056801,1.0709275,0.30908227,-0.2854425,-0.47115505,-0.50419223,-0.45929253,-0.015185006,-0.62695754,0.07514825,-0.19038226,-0.4389975,0.2402375,-0.13751999,-0.36376497,-0.8338525,0.031542003,-0.17009026,-0.217589,0.7803775,0.1294515
157,0.013721965,0.16211554,0.21999444,-0.2780817,-0.10984424,0.04211769,-0.022265725,0.32406262,0.22432147,0.062158808,0.17449087,0.17004824,0.24770914,0.04731749,0.07496936,-0.24150886,0.14479297,0.2747154,-0.17483725,0.077554934,0.26320994,0.093533516,-0.09184997,-0.13090374,0.046777304,-0.04668265,-0.19129199,-0.36401317,-0.020685866,-0.37932467,0.20528233,0.49198306,-0.10649576,0.027691131,0.13548459,0.2990378,-0.074159406,0.04678976,-0.07089573,-0.28911263,-0.083796866,-0.1105051,0.18141077,-0.37004352,-0.06378655,-0.13986862,0.014347061,-0.30543473,0.07057134,-0.77700925,0.28752932,0.048137482,0.1310812,0.58124125,-0.15360391,-1.5003425,-0.05814363,-0.07630491,1.3817964,0.33369294,0.033370864,0.34307933,-0.36119708,0.15219419,0.56230736,-0.23950659,0.42661622,0.21978724,0.05628057,-0.33398777,-0.062070046,-0.16116145,0.02667876,0.0339215,0.14604765,0.27382958,-0.14851192,-0.04567276,-0.73624545,0.026587341,0.5313969,-0.089484,-0.22566865,-0.06668694,-1.1120591,-0.35956135,0.121938296,-0.186748,-0.33232203,-0.24601747,-0.0414903,-0.21624157,0.075778075,-0.3000072,-0.4006072,-0.025656067,0.062830485,0.0004906675,0.31071427,0.028880034
158,-0.10829263,0.12779473,0.2580123,-0.10797344,-0.06635008,-0.0035290795,-0.100167684,0.2293385,0.05727217,-0.057919025,0.1156012,-0.052816562,0.10839675,0.02361852,0.033780564,-0.33625314,0.24838085,0.11723074,-0.0992707,0.069912344,0.19114617,0.018401755,0.087543026,-0.063498385,0.13207434,-0.11459825,-0.16674018,-0.2783275,0.13443159,-0.0050121523,-0.11640266,0.3720272,-0.05141656,-0.12103682,0.15999515,0.22065671,-0.17729627,-0.05026469,0.11168659,-0.083493054,-0.056667577,-0.18825644,0.25290245,-0.31953064,0.10682694,0.018537061,0.077222206,-0.15566264,0.09446074,-0.5332649,0.15383075,0.16433546,0.011156488,0.72475874,-0.12307638,-1.530749,-0.014847,0.059552677,1.4470645,0.19445327,-0.13735667,0.34066063,-0.286353,0.11289677,0.39148247,-0.12476761,0.09566469,0.105210595,0.12888642,-0.073674425,-0.1796697,-0.27523798,-0.07776173,-0.37928262,0.26215407,0.13380888,0.04708194,-0.019521812,-0.5474547,-0.102675684,0.38538122,-0.015830077,-0.3266274,0.039698,-0.96129626,-0.26443297,0.14540331,-0.112927325,-0.23729855,-0.06897607,-0.050846484,0.021640262,0.070187226,-0.09584764,-0.44134727,0.0003243404,0.2157025,0.0151103325,0.3168366,0.17827217
159,0.28084317,-0.031616658,0.031879336,-0.29262832,0.0325905,-0.012105008,-0.11949066,-0.17754817,-0.13827164,-0.22912668,-0.108843334,-0.28180516,0.26917464,0.0085506635,0.38537332,-0.025977,0.38785633,0.30136767,-0.51856166,0.5274367,0.38765952,-0.0111233415,0.034211654,-0.07711,0.07177166,0.13957016,-0.103343494,-0.5666072,0.10562333,0.113197,0.005406665,0.46235982,0.13093467,-0.094110005,0.2393995,0.24194957,-0.107923836,0.26022598,0.17794436,-0.29439166,0.17168252,0.053921,0.25805134,-0.40248582,-0.014843334,-0.05447316,0.039607685,-0.24672316,0.21616216,-0.49373665,-0.040615,-0.04616167,0.100975014,0.63217765,-0.22512849,-2.0250933,-0.20214836,-0.043903336,1.19967,0.121147834,-0.15770866,0.69411826,-0.29448,-0.07090734,0.69844836,0.029978001,0.56256837,0.043503497,0.19270599,-0.103146166,-0.03608333,-0.170583,0.0070413253,-0.26930836,0.100841664,-0.07734018,0.1310415,-0.22724497,-0.5771783,-0.08938333,0.21780002,-0.23373532,-0.05883904,0.032998323,-1.1395468,-0.36396614,0.037073836,-0.1897682,-0.022409508,-0.28613332,0.04978184,-0.09173164,0.28461418,0.14342234,-0.4236063,-0.040356662,-0.19702,-0.47945666,0.27904218,0.29593667
160,0.048221402,0.3262072,0.16338441,-0.39280838,-0.032356195,0.13573399,-0.25438678,-0.09621599,0.08226,0.16907921,0.07640641,0.0027840137,0.35511798,0.187243,0.054215193,0.017149603,0.3918,-0.0094428025,-0.0660372,0.462222,-0.058648407,0.20988461,0.017986994,-0.117574,-0.0839352,-0.28761798,0.015273994,-0.34977,-0.19965479,-0.2212936,0.2543188,0.443372,-0.020598609,-0.20100601,0.08345,0.27741796,-0.44994742,-0.07200599,0.260881,-0.356812,0.17222099,0.061055996,-0.1976192,-0.4384312,-0.232548,0.10939461,-0.2178264,-0.03661102,-0.137798,-0.23684597,-0.030147802,0.2554304,0.20168158,0.780872,-0.35002202,-1.3289421,-0.187107,0.1691274,1.004782,0.42996198,-0.30167398,0.83620405,-0.075749,0.164648,0.6873358,-0.05012601,0.54589736,-0.017912393,0.378282,-0.09727888,-0.2527394,-0.15380397,-0.2598164,-0.23401602,0.260858,-0.049221806,0.08743501,-0.1482416,-0.476712,-0.17320001,0.45522755,-0.351568,-0.15873002,-0.16259754,-1.17874,0.058909196,-0.15918,-0.42680222,-0.18663798,-0.45472923,-0.082018,0.0013859987,-0.0930938,-0.0629448,0.045315992,-0.115122,-0.48943996,-0.19558398,0.24502,0.0395966
161,-0.028633,0.25419548,0.30240333,-0.12423,-0.33608636,-0.138704,-0.19666733,-0.1307685,0.09549833,-0.37169835,0.12179201,-0.2437154,0.23979169,-0.26536983,0.31203833,0.034711342,-0.022334496,0.22928767,0.030080333,0.51968044,-0.039897505,0.089218505,-0.25101334,-0.29229528,-0.11763334,0.0007099956,0.10544751,-0.1983167,0.26872334,-0.39462283,-0.11099184,0.52791494,0.027696168,-0.010138333,0.19837464,0.30143082,-0.17087601,0.2541083,0.22548503,-0.41759,-0.1808275,0.04033667,-0.05693834,-0.38793004,-0.313535,-0.062766165,-0.020793488,-0.4638267,0.118544824,-0.65600497,-0.06352367,-0.021091506,-0.043162663,0.553597,0.18790202,-1.4237133,0.16480331,-0.0469545,1.0836383,-0.15897167,0.009913151,0.54816,-0.4793013,-0.15468399,0.5462175,-0.1283374,0.41755,-0.047034997,0.05210333,-0.27197048,0.0050300076,0.13356517,0.306791,-0.37950048,0.002502825,0.13394332,0.11788417,-0.3444333,-0.27357206,-0.2699733,0.29812852,0.036821663,-0.5270161,-0.071323335,-1.0223516,-0.028083345,-0.10780866,-0.37393686,-0.44932184,-0.43773565,-0.19518983,0.15845168,0.10781703,-0.19126819,-0.04292665,0.06901666,0.08905084,-0.5798724,0.12210668,0.5489867
162,0.34387,0.4,0.53077,0.14903,-0.16918,0.46398,0.64121,0.083478,-0.87273,0.13816,0.063238,-0.18772,0.21109,0.052083,0.37241,0.36676,0.31645,0.2737,0.0019642,0.63023,0.074313,0.11802,0.18097,-0.31217,0.59224,0.20421,-0.59093,-0.072567,-0.21964,-0.63466,-0.47913,0.39836,0.32182,-0.32726,0.80218,-0.057734,-0.4329,0.15283,0.16311,-0.33627,0.47031,-0.020949,0.15135,-0.05581,-0.1065,-0.13374,0.18218,-0.19652,-0.10542,-0.75879,-0.077691,-0.36668,0.13958,0.79238,-0.08903,-2.5757,0.54487,0.94479,0.92003,0.327,-0.57815,0.39241,-0.97087,-0.41719,0.64458,-0.38418,0.26705,-0.12659,-0.46835,-0.64215,-0.35124,0.52667,0.26696,-0.31706,0.89674,0.38551,-0.36199,-0.76544,0.35917,-0.022716,-0.013267,0.4515,-0.78154,-0.11746,-0.82477,0.055252,0.80472,0.17552,-0.15795,-0.29723,0.22361,0.34893,0.37673,0.0099208,-0.1905,-0.46051,-0.4978,-0.41526,-0.087968,0.30271
163,-0.10283195,0.11078892,0.27093372,0.011856336,0.061633497,-0.19064935,-0.11600291,0.04740165,0.13287288,0.07869116,0.08731095,-0.027027305,0.15173277,-0.233948,0.07428195,0.007455947,0.06556329,0.21981615,-0.14388718,0.2771538,0.14161965,-0.091121346,-0.09374808,-0.02234179,-0.074873246,0.057694487,-0.08179573,-0.2681648,-0.09623592,-0.1946498,0.058753036,0.47115982,-0.13521233,-0.123379394,0.2346981,0.34044394,-0.08888273,-0.076902874,-0.16384347,-0.2772511,-0.01878756,-0.13540763,0.200412,-0.25250867,-0.09310259,-0.11729203,0.03386456,-0.30585507,-0.04824759,-0.71003723,0.307861,-0.005372787,-0.06510117,0.6830152,0.041438162,-1.6561483,0.14802541,-0.29344285,1.6053376,0.08671875,-0.061423663,0.089287736,-0.31724095,0.064033635,0.72320473,-0.1328664,0.22065242,0.15704916,0.08389888,-0.31733498,-0.007445098,0.007872898,-0.07779256,-0.26889503,0.08958178,0.20877227,-0.22868288,-0.15037228,-0.61594266,-0.23783827,0.38134843,0.04234605,-0.4042685,0.09003434,-1.0937186,-0.19378445,0.07834779,-0.036070272,-0.27384457,-0.2084905,-0.0670523,0.07414789,0.0106284395,-0.28491318,-0.19119835,0.18553188,0.07754806,-0.057532717,0.40594444,0.25108972
164,0.070323974,0.030963004,0.19841667,-0.12309166,0.29644832,0.13273266,0.099613994,0.106887005,-0.09185567,-0.14378579,0.137905,-0.08571667,0.47346666,-0.17282934,0.27023998,-0.33627,-0.35145164,-0.29883334,-0.08362001,-0.16275467,0.18401599,-0.18756677,0.2925389,0.48258767,0.26681665,-0.16905999,-0.22909999,-0.51307005,0.27993298,-0.14295667,0.30352333,0.17838933,-0.24906333,-0.11482034,-0.37848333,-0.024863333,0.22494332,0.33204666,-0.41659066,-0.28641334,-0.46621,-0.30520317,-0.21963333,0.41922665,0.48755667,-0.06946334,0.27157,-0.6828267,0.13405333,-0.49648,0.03127333,0.38743666,0.44219336,1.2993833,-0.029709673,-2.4539998,-0.16720332,-0.24186666,1.9160666,0.26011065,-0.26362535,0.35747668,-0.014678334,0.32494867,0.81079,0.39499667,0.43201566,0.08727067,0.94981,0.025699994,-0.07887999,-0.15434332,-0.20842333,-0.164303,0.12234002,-0.4062833,0.16492634,0.016478898,-0.80219,0.120317005,0.94907665,0.118103676,-0.63232,0.30459335,-0.98317665,0.21257667,0.28248,-0.2959287,-0.5348334,-0.40813032,-0.24038601,-0.005223324,-0.73353004,0.33231997,-0.27958333,0.035650004,-0.20535667,-0.06560334,0.27267,-0.30958667
165,0.61271334,-0.39370367,0.07484734,-0.006246666,0.42111,0.48827,-0.12659134,0.24011667,0.2841067,-0.19284868,0.08372467,0.16803668,-0.064642996,0.07413,0.39691666,-0.17814998,0.18771434,0.106180005,0.12206668,0.024273327,-0.29996666,0.22470331,-0.13564666,-0.0919973,0.13546,0.11188,-0.29098,-0.3377433,0.41561,-0.17943667,0.20959,0.61007667,-0.12632667,0.0077466667,0.35248968,-0.31989667,-0.4139727,-0.18572001,-0.20424335,-0.35513,-0.07116667,-0.36971,0.6265867,-0.043936666,-0.13564034,-0.35755667,0.0030200034,-0.34621367,-0.07164333,-0.57498664,0.378926,0.089206666,-0.13841666,0.71964663,-0.17318666,-1.3396301,-0.060386673,-0.042714667,1.4862667,0.34878334,-0.042073335,-0.077219665,-0.03240133,0.08216634,-0.10196886,-0.3149067,0.38687766,0.57761,0.0075886645,-0.0067196586,-0.66782665,-0.324275,-0.16432333,-0.24512632,-0.14802301,0.6697033,-0.15506667,0.059650004,-0.8600533,0.18181133,0.70243335,-0.263205,-0.55644,-0.24703334,-1.0425934,-0.25448957,-0.033822667,-0.25898,-0.25410333,-0.20859183,-0.39759398,0.07824135,0.17867853,-0.21997102,-0.22671165,-0.076666676,0.018899998,0.47601137,0.6368567,-0.072725
166,-0.18564971,0.20518579,0.19636454,-0.10928172,-0.078958206,0.20045343,-0.20792063,0.20927496,0.098442025,-0.082254425,0.12842657,0.012895207,0.047916025,0.033644065,-0.031262305,-0.16989258,0.15786727,0.17343302,-0.30053714,0.07760759,-0.014440969,-0.020674633,-0.07465687,-0.19170448,0.023344561,-0.097568735,-0.14920123,-0.1548953,0.14782482,-0.15473966,-0.0028333727,0.35548633,0.022325866,-0.05512965,0.10444382,0.23211107,-0.23102224,-0.02402548,0.06072714,-0.06602073,-0.21375056,-0.15014003,0.08981638,-0.32169163,-0.09151754,-0.05022284,0.02821903,-0.27268493,0.031297095,-0.53375566,0.2651587,0.07645365,0.072059594,0.6788161,-0.025983578,-1.6244819,0.075699165,-0.1127495,1.4951051,0.17881115,-0.13824898,0.38976005,-0.28038594,-0.06286963,0.52846456,-0.14770722,0.24152212,0.25410983,0.072646044,-0.14151157,-0.13119932,-0.15998417,0.08799331,-0.39997864,0.22694524,0.27012768,-0.1543973,0.01930517,-0.5571451,-0.06470729,0.44962558,-0.11764059,-0.43390918,-0.11859476,-1.2435127,-0.12769791,0.17553475,-0.07614705,-0.3221157,-0.21755385,-0.14814627,0.06923063,0.13968977,-0.16269985,-0.38065365,-0.15709528,0.12010865,-0.18272398,0.24386078,0.23363866
167,-0.067046605,-0.017964251,0.19487488,-0.19858232,-0.12759528,0.14749861,-0.30840632,0.25464556,0.25117695,-0.051377602,0.43975425,0.16101989,0.1869075,-0.15658462,0.10876884,0.007622002,0.1887649,0.2245493,-0.2730227,0.27139696,-0.037385643,-0.054231487,0.24182455,-0.15510686,0.0986437,-0.11790576,-0.07342039,-0.24095216,0.40083236,-0.35147518,0.063799396,0.51987046,-0.17292854,0.1282646,0.30970103,0.07436446,-0.12849477,-0.0751344,0.1631194,-0.23748323,-0.2330753,-0.054122638,-0.0710065,-0.42546168,-0.31877774,-0.09028655,0.14673896,-0.3876546,0.1053978,-0.68397254,0.40878502,0.036157396,0.054074503,0.74912584,0.0033998527,-1.4793719,-0.08025318,-0.08326875,1.231231,0.02983414,-0.12673666,0.5655354,-0.33392638,-0.117393695,0.6379674,0.02118608,0.4498419,0.24682426,-0.14778164,-0.39237034,-0.012295432,-0.104931965,0.27305788,-0.393758,0.12199662,0.22655663,-0.19393894,-0.23559082,-0.3822454,-0.026431505,0.36644933,-0.14897597,-0.20187888,-0.16214974,-1.1349664,-0.073824525,0.40539384,-0.053078733,-0.0496517,-0.1526867,-0.28217548,-0.0024430961,0.06932469,-0.33460313,-0.15622278,-0.10845256,-0.00022612512,-0.22446747,0.35847157,0.15132992
168,-0.06474951,-0.044925015,0.17968626,-0.36345,0.16470465,0.24584725,-0.425865,0.032150634,0.0875965,-0.054909367,0.2237925,-0.18627062,0.29989126,-0.02315437,0.0009500012,-0.2919063,0.33599073,0.16374,0.07231726,-0.068270996,-0.18951613,0.070674255,0.036078133,-0.027643997,0.24634123,0.1887316,-0.423445,-0.31456724,0.15405124,-0.21858813,0.13579325,0.361985,0.038579002,0.06361413,0.313262,0.044256274,-0.24472584,0.00909636,0.08548287,-0.13230711,-0.04484488,-0.140605,0.18498686,-0.23025623,0.048455868,-0.04294512,-0.064834125,-0.035454996,-0.00016167015,-0.5349875,0.22230498,0.1359665,-0.07265787,0.81496245,-0.19398113,-1.769305,-0.12490025,0.115122385,1.5601923,0.16294526,-0.18591,0.45178965,-0.1751925,0.3786331,0.5466745,0.093583494,0.21528602,0.23918962,0.051258873,-0.19434638,-0.01520138,-0.173325,-0.050524127,-0.51926583,0.17212299,0.5346013,-0.0027638748,0.13374425,-0.52179503,0.06829763,0.526725,-0.58743364,-0.35099727,0.15124388,-0.6856283,0.028106876,0.32744402,0.029821366,0.052966245,0.062495127,0.050892625,-0.19482762,-0.053819932,-0.30588353,-0.41145837,-0.27443948,-0.19417337,0.009954372,0.58665377,0.0046323817
169,-0.27373764,0.042623866,0.38298628,-0.11732926,-0.23903039,0.14120765,-0.15289046,0.05317726,0.0773982,0.12603207,0.039169535,-0.035295557,0.15579195,-0.0858459,0.22344036,-0.044352062,0.0011533331,0.07741848,-0.19757466,0.13878314,-0.07405854,-0.26360935,0.097379856,0.18106169,0.0304189,0.030121125,-0.127202,0.03570373,-0.07583781,-0.12344548,0.12603566,0.3088599,-0.009286517,0.07928268,0.044198666,0.116810426,-0.22714183,-0.3141248,-0.13871498,-0.013193727,-0.2615824,-0.07663894,0.1674848,-0.20696001,-0.21150313,-0.18593012,0.08059654,-0.1199722,0.15661706,-0.846954,0.45099112,-0.05119485,0.05705347,0.59360313,-0.08674027,-1.4495313,0.10963008,-0.30728278,1.3647952,0.39404467,-0.15102594,0.37226865,-0.21000026,0.0627604,0.659648,-0.05671794,-0.15624551,0.08665602,0.078815885,-0.4284931,-0.056082446,-0.31492186,0.100532524,-0.38239476,0.50952,0.48787466,-0.1745318,-0.047594342,-0.66703534,-0.41479656,0.30029055,-0.34028083,-0.26468438,0.13483256,-1.4320633,0.1811435,0.35139713,-0.15770678,-0.27102312,-0.20858672,0.025804736,-0.0071992828,-0.15164627,0.007074265,-0.1337332,0.033821795,0.17509557,-0.26092473,0.04604226,0.22376965
170,-0.19446467,0.16068667,0.36586332,-0.5789333,-0.370314,0.42815968,-0.27914336,-0.6061366,0.25230202,0.16806935,0.09022233,0.03262,-0.14161666,-0.3061848,0.28443667,-0.22698335,0.11154,-0.010125667,0.097000994,0.28632,-0.28297,0.010364673,0.22836934,0.33306667,-0.07906933,0.39076462,0.05843666,0.25032,-0.32465267,-0.5509933,0.5163083,0.48603335,0.6014967,0.22708233,0.17954333,0.06722133,-0.23708868,-0.40492666,-0.14488,0.097747564,-0.027779996,-0.045298677,-0.09665668,-0.3316407,-0.13411333,-0.104251,-0.04414,-0.10996333,0.30139664,-0.69228333,0.69786334,0.36019036,-0.12100667,0.24468665,-0.7587133,-0.7556319,0.051772002,-0.59537,1.34994,0.3540193,0.013692677,0.51212096,-0.24889334,-0.013146679,0.5220067,0.18680233,-0.0057233074,0.2011,0.65986997,-0.279701,-0.34887365,-0.61461,0.40386668,-0.07625667,0.13174999,0.41318431,-0.40268,-0.44465664,-0.9456634,-0.18066667,0.43209234,-0.48213968,-0.24463665,0.048226673,-1.4625,0.356828,0.5228897,-0.46881333,-0.31342867,-0.26832667,0.03434367,0.17229454,-0.22991668,0.17068802,0.13856667,-0.35498333,0.06832166,-0.20370634,-0.032496672,0.18808334
171,0.092543,0.07905076,0.087652,-0.3466945,0.016992385,0.28619462,-0.10713594,0.21127889,-0.024664626,-0.0735105,0.25714248,0.19293213,0.1575255,-0.0083292425,0.13792573,-0.19129385,0.060965516,0.15835744,-0.22260545,0.11339261,0.2509465,0.0933325,-0.048134815,-0.008918505,0.16038993,-0.15437716,-0.32258838,-0.31326875,0.20390019,-0.28615624,0.14030844,0.45231813,-0.10049687,0.25641978,-0.04375888,0.36447445,-0.22691935,0.14472339,-0.30067733,-0.042593878,-0.28336474,-0.111318946,0.26614964,-0.26695913,-0.16842091,-0.11586386,0.024395507,-0.29170182,0.28118095,-0.7599607,0.09024036,-0.00597314,0.17348884,0.86247563,-0.07809017,-2.018422,-0.24417493,-0.11154911,1.3187801,0.45873195,0.14381061,0.6560576,-0.42167965,0.11837044,0.534245,-0.2273505,0.27094287,0.33149168,0.042092554,-0.03446331,0.04574775,-0.14792077,-0.05492144,-0.34352392,0.086378746,0.31317294,-0.111392565,-0.057288237,-0.74299747,0.054888807,0.3932926,-0.09290882,-0.33353114,-0.16590993,-1.1575674,-0.28130394,0.037332647,-0.19110447,-0.34755924,-0.2431477,-0.18113361,-0.25195792,0.061622325,-0.17499857,-0.4074031,-0.16265324,-0.019742506,0.20094374,0.2251286,0.12816472
172,-0.10312154,0.18857658,0.33522904,-0.2541103,-0.059348743,0.35398892,-0.02719372,0.2638169,-0.02350233,-0.06061846,0.15749241,0.10041985,0.11987241,0.028484782,0.11798679,-0.262145,-0.018718706,0.14012207,-0.41365513,0.2272197,0.24940069,-0.0027378753,0.027768375,-0.0017150585,0.14288649,-0.050815593,-0.154189,-0.22956412,0.10014104,-0.19177659,0.085104585,0.38372216,-0.02760911,0.045110565,0.02905604,0.3274366,-0.17736119,-0.029858695,0.019804163,-0.16512533,-0.32276875,-0.057481665,0.17306697,-0.31461194,-0.026117295,-0.0327707,0.052367836,-0.37237278,0.0075531974,-0.7688212,0.21775395,-0.045739543,0.21712302,0.85474753,-0.17579341,-1.9762062,-0.05909436,-0.1890869,1.5601357,0.3348107,-0.07490937,0.5971824,-0.32891157,-0.029397128,0.5127976,0.09103366,0.29818258,0.20029175,0.094760396,-0.18911271,-0.030908441,-0.17279966,-0.018837718,-0.3935356,0.22674112,0.3535513,-0.22441773,-0.15201335,-0.7589528,-0.08759049,0.49864674,-0.14371714,-0.43404707,0.011820299,-1.1794989,-0.14441122,0.109736,-0.052770566,-0.16528405,-0.27316752,-0.020417457,0.028448751,-0.0015101656,-0.18696554,-0.4953979,0.024763959,0.061725613,0.008521123,0.3472451,0.15383847
173,0.0309572,0.33617422,0.087423995,-0.2785371,-0.21896566,0.023783734,-0.23329788,0.42460054,-0.15837301,-0.028600404,0.25289235,0.176203,0.1851254,-0.010162534,-0.017568149,-0.31855363,0.212987,0.15439878,-0.35364997,0.21923366,0.36127397,0.16351952,-0.06522187,-0.26310995,0.17731097,-0.0028944134,-0.39611816,-0.4217157,0.21404873,-0.15955165,-0.23778026,0.56554735,-0.016835062,0.11013981,0.11402254,0.3698139,-0.25028673,0.005495338,0.012106271,-0.12333388,-0.110906005,-0.2922649,-0.15122698,-0.24482952,-0.06389274,0.07178027,-0.119477466,-0.31005308,0.09537066,-0.66538733,-0.045360867,0.05989989,0.10891147,0.8343187,-0.12917146,-2.034772,-0.17470732,-0.19238485,1.6480738,0.29776606,-0.10325348,0.6185767,-0.29499063,0.0866636,0.3044629,0.09057205,0.21959585,0.2353868,0.21517019,-0.11752127,0.07120914,-0.3209909,-0.1488884,-0.23230267,0.15430894,0.21085832,-0.19399548,0.028398337,-0.46621385,0.08039146,0.5065053,-0.034005586,-0.35331267,-0.08211107,-1.1275628,-0.023739995,0.25504968,-0.111512296,-0.30553302,-0.27567527,-0.08325306,0.09304828,0.135956,-0.39421135,-0.4122173,-0.18188246,0.16614772,-0.074128404,0.54305726,0.15409538
174,0.65419,0.27746,-0.10547,-0.91779,0.41839,0.41272,-0.015927,-0.20756,0.51649,0.32003,0.060362,1.2766,-0.39098,0.093695,-0.18712,0.54698,-0.1702,-0.031614,0.019324,0.43524,-0.50269,0.053173,0.032153,-0.55947,0.011944,-0.26976,0.33463,0.36227,-0.80659,-0.6987,0.010814,0.42031,0.49334,-0.22102,-0.12886,-0.51986,-1.0425,-0.54203,0.27784,-0.48354,0.59781,0.17374,-0.33161,-0.80505,-0.31165,0.020492,0.031517,-0.12905,0.09742,-0.17376,-0.4088,0.51236,0.75736,0.63394,-0.99226,-0.02157,-1.0345,0.26853,0.93837,0.2285,-0.45301,0.10052,0.16203,-0.12295,0.3645,-0.15087,0.15521,-0.45257,0.54531,-0.30648,-0.58681,-0.16892,-0.89386,0.2354,-0.35604,-0.14752,0.52714,0.33882,-1.101,0.37775,1.1269,0.36949,0.49661,-0.60963,-0.98564,-0.32771,-0.48614,-0.080631,-0.61911,-0.40472,-0.2963,0.26597,0.023906,-0.80799,1.1643,0.32044,-0.02485,0.21798,-0.23912,-0.33895
175,0.260765,0.6155945,-0.106410004,0.130605,0.66194004,1.02947,-0.039482996,-0.48953003,0.44661,0.1013095,-0.2527585,0.56135,-0.37686998,0.0058100075,0.362845,-0.024682,-0.25775,-0.18064499,-0.04655,-0.24949001,0.639255,-0.44063,-0.396865,0.24390501,0.330315,-0.0717,-0.021479994,-0.49184,0.015864998,-0.42673,-0.21445501,-0.20146,0.29442,-0.35157502,-0.194265,0.426255,-0.018890008,-0.20354551,-0.0814005,-0.368726,0.667655,0.38932002,-0.02838,-0.167705,0.470206,-0.196325,-0.353455,-1.16397,0.049395002,-0.01624,0.44843,0.481384,0.27094,0.347825,-0.31201,-0.44457,0.051289,-0.069698006,-0.053040005,0.381443,0.056670003,0.24118301,-0.56411,-0.84216,0.036585003,-0.0405155,0.33410048,0.55350995,-0.20042399,0.62751496,0.401905,0.25527,0.5137605,-0.362401,0.0137600005,-0.132345,-0.20923,0.23034,0.1964495,-0.62672454,-0.093315005,-0.49618,-0.47584498,-0.138921,-0.77504,0.19429001,-0.550125,-0.46519002,0.345431,0.06991503,-0.580075,0.56425,-0.17674999,0.278532,0.0275135,-0.436705,0.20143,-0.779615,-0.13276,0.17807001
176,-0.030769,0.11993,0.53909,-0.43696,-0.73937,-0.15345,0.081126,-0.38559,-0.68797,-0.41632,-0.13183,-0.24922,0.441,0.085919,0.20871,-0.063582,0.062228,-0.051234,-0.13398,1.1418,0.036526,0.49029,-0.24567,-0.412,0.12349,0.41336,-0.48397,-0.54243,-0.27787,-0.26015,-0.38485,0.78656,0.1023,-0.20712,0.40751,0.32026,-0.51052,0.48362,-0.0099498,-0.38685,0.034975,-0.167,0.4237,-0.54164,-0.30323,-0.36983,0.082836,-0.52538,-0.064531,-1.398,-0.14873,-0.35327,-0.1118,1.0912,0.095864,-2.8129,0.45238,0.46213,1.6012,-0.20837,-0.27377,0.71197,-1.0754,-0.046974,0.67479,-0.065839,0.75824,0.39405,0.15507,-0.64719,0.32796,-0.031748,0.52899,-0.43886,0.67405,0.42136,-0.11981,-0.21777,-0.29756,-0.1351,0.59898,0.46529,-0.58258,-0.02323,-1.5442,0.01901,-0.015877,0.024499,-0.58017,-0.67659,-0.040379,-0.44043,0.083292,0.20035,-0.75499,0.16918,-0.26573,-0.52878,0.17584,1.065
177,-0.265316,0.18593001,0.82511497,-0.34449,0.17015499,-0.042332202,0.270385,-0.17587301,0.6446685,-0.23705,0.453307,-0.25906,0.06347,-0.716175,0.260865,0.06956,0.01057405,0.229785,0.434735,0.644755,-0.073695,-0.143885,0.08821501,1.008925,0.50349396,0.60431504,0.46778,0.238045,-0.18420002,-0.15469499,-0.05218999,0.93839496,0.421898,0.078245,0.64945,0.12891899,-0.94462,0.037609994,0.01348,-0.573375,0.1532355,0.393425,0.009374991,-0.306505,-0.123401,-0.339245,-0.22751999,0.0042349994,-0.24494499,0.019484997,-0.217805,0.168239,0.584315,0.24581501,-0.235832,-0.66488,-0.39449048,0.2592395,0.78626,0.24169499,-0.3424,-0.3991865,-0.601515,0.343405,0.40061998,0.019535005,0.208268,0.13784501,0.35203,-0.300785,0.024104983,0.26107502,-0.065505,-0.15609,0.0737415,0.46928,-0.23059002,-0.274353,-0.21849999,-0.19848499,0.030944996,-0.514835,-0.34602502,-0.022589497,-0.3318935,-0.336465,-0.204195,-0.057729997,-0.0641,-0.030955002,0.16234499,0.72015,0.19103499,0.14005,-0.266875,0.310755,0.589605,0.047244996,0.7138735,0.0036210008
178,0.022877151,0.053222004,0.24298,-0.12951034,-0.12527914,-0.069448516,-0.18421112,0.07280268,0.096207835,-0.08116379,-0.032385893,0.033361863,-0.0024516743,-0.15662402,0.043827638,-0.1669413,0.009706023,0.26731977,-0.27407616,0.19703102,0.20942925,-0.010267201,0.11054769,-0.13817139,0.11996153,-0.060882248,-0.18231343,-0.41941032,0.0014026784,-0.13700105,-0.025435677,0.45816076,-0.0742241,-0.018956592,0.20865902,0.11505287,-0.039284483,0.07137356,-0.020930164,-0.24800728,-0.21539718,-0.28315166,0.123244226,-0.28881449,-0.19292176,-0.017389309,0.18348686,-0.18588713,0.0061466005,-0.87488604,0.29401574,-0.12912117,-0.1347817,0.7960623,-0.11643883,-1.9619037,-0.059235867,-0.14810997,1.5372561,0.2587792,-0.23206095,0.41186896,-0.21450609,0.13873345,0.6569366,0.017027881,0.27358595,0.24131916,0.088832684,-0.36553207,0.102219276,-0.30412757,-0.101582736,-0.3189934,0.08990505,0.1869412,-0.061652195,-0.1323494,-0.6741204,-0.017134603,0.4335472,-0.07293263,-0.4772076,0.06400943,-1.3689362,-0.24515429,0.061797634,-0.07337697,-0.20655173,-0.29603377,-0.16360049,-0.011633355,0.039767195,-0.16069876,-0.31307444,0.0039454377,0.012533419,-0.04821706,0.35408032,0.24108237
179,0.1869405,0.15492016,0.34224832,-0.30858666,0.06350869,0.27706233,-0.200545,0.02071966,0.12201067,0.05504334,0.18031651,0.13139667,0.05638833,0.17392899,-0.04971,-0.12129167,0.011217008,0.185154,-0.21190834,0.4502293,0.116825335,-0.03912167,0.01583933,-0.18105501,-0.028127842,0.11257567,-0.23036666,-0.45909834,0.2023805,-0.2075885,0.20159318,0.13346434,-0.1681965,-0.25170502,-0.20939016,0.23472135,-0.20613815,-0.273243,-0.010095499,-0.21907151,-0.07045617,-0.07513834,0.0700055,-0.658905,-0.08711633,-0.06010716,-0.053393167,-0.13772115,0.0571575,-0.69599,0.051865667,0.029649496,0.16549483,0.6943616,-0.11270816,-1.6721168,-0.042217318,0.033675,1.60648,0.31096116,-0.078520834,0.49731836,-0.25864068,0.08391232,0.6420833,-0.16008468,0.14005001,0.15636,0.23970117,-0.24347,0.031091332,-0.455009,-0.30572832,-0.18799199,0.28652716,0.36319003,-0.19335167,0.15073118,-0.55524665,0.23474132,0.6207513,0.19496417,-0.49857798,-0.18419649,-1.2905916,-0.11158383,0.056155015,-0.043293785,-0.32099283,-0.29951334,-0.42777666,0.031890266,0.25915,-0.37435338,-0.16881835,-0.22288167,0.14131685,-0.04481711,0.38391736,-0.017735414
180,-0.060665313,0.33904868,0.27173764,-0.13944425,0.018439246,-0.101941876,-0.12158289,-0.020115627,0.07987111,0.07853781,0.083295844,0.001292944,0.22146451,0.099028155,0.32961634,0.079751015,0.14821589,0.17181976,0.15122548,0.16868374,0.1875855,-0.11952208,0.17966065,-0.17361546,-0.021948032,-0.1575406,-0.12263971,-0.39174384,-0.33278835,-0.2420787,0.29055607,0.32769874,-0.22205313,-0.17755494,0.26958877,0.31140643,-0.031446677,0.037256427,-0.010176543,-0.24319111,-0.026457435,-0.11109037,0.025012873,-0.16872899,-0.12537725,-0.099468306,0.18608423,-0.36495376,-0.27173182,-0.6796616,0.26730105,0.11222276,0.27866462,0.8384369,-0.09167631,-1.8167126,-0.021069601,-0.058234505,1.444746,0.09233019,-0.2172335,0.5266321,-0.21773139,0.17678767,0.7844337,-0.13811968,0.52046186,-0.044001974,0.1781392,-0.22459738,-0.29666913,-0.104491994,0.027399562,-0.11741181,0.22700965,0.074760586,0.10407843,-0.009749752,-0.74529845,-0.024654405,0.52713037,-0.10058944,-0.4489433,-0.18079,-1.4120063,-0.2043682,-0.13071896,-0.23149179,-0.11691989,-0.17319174,-0.049736504,-0.02667207,0.06956438,-0.30973732,-0.2166607,-0.1606865,-0.32967263,-0.27513075,0.46596745,0.1995557
181,-0.021383993,0.092125,0.4656,-0.34559748,-0.2451655,0.1597825,-0.027642488,-0.154603,-0.031515002,0.07878749,-0.06434476,-0.0790625,0.25764748,-0.12909007,0.14967975,0.008719996,0.645185,0.39912498,-0.40360895,0.457875,-0.07051401,0.022915006,0.0062617473,-0.31169027,0.333645,0.020253997,-0.2076025,-0.3191425,0.00069250166,-0.4633425,-0.134343,0.39728576,0.093210004,0.1009625,0.3923475,-0.026901629,-0.31356752,0.27703398,0.054209996,-0.21248749,0.056490004,0.04090725,0.37579,-0.43660498,-0.107517496,-0.3214,0.4233975,-0.158815,0.09958251,-0.7870925,-0.038678247,0.034402497,0.1937146,0.8061825,-0.19807625,-2.0122724,0.2828126,0.1387575,1.2559825,0.31895256,-0.22649825,0.65515,-0.581523,0.032213755,0.84009004,-0.025130004,0.23455,0.18847,-0.111486495,-0.28207248,-0.17943752,-0.17454177,0.18414125,-0.49554002,0.4141775,0.41392726,-0.07722525,-0.31946424,-0.47663748,-0.106076986,0.51081574,-0.208825,-0.33605424,-0.057677496,-1.2447774,-0.029221248,0.2621725,-0.3782786,-0.028374996,-0.2296375,-0.145265,0.018814996,0.12065326,0.084912695,-0.44811252,-0.272593,-0.18106249,-0.67269754,0.14856625,0.097247496
182,0.0,0.0,0.0,0.0,0.0,0.0,0.0,0.0,0.0,0.0,0.0,0.0,0.0,0.0,0.0,0.0,0.0,0.0,0.0,0.0,0.0,0.0,0.0,0.0,0.0,0.0,0.0,0.0,0.0,0.0,0.0,0.0,0.0,0.0,0.0,0.0,0.0,0.0,0.0,0.0,0.0,0.0,0.0,0.0,0.0,0.0,0.0,0.0,0.0,0.0,0.0,0.0,0.0,0.0,0.0,0.0,0.0,0.0,0.0,0.0,0.0,0.0,0.0,0.0,0.0,0.0,0.0,0.0,0.0,0.0,0.0,0.0,0.0,0.0,0.0,0.0,0.0,0.0,0.0,0.0,0.0,0.0,0.0,0.0,0.0,0.0,0.0,0.0,0.0,0.0,0.0,0.0,0.0,0.0,0.0,0.0,0.0,0.0,0.0,0.0
183,-0.051170826,0.13703243,0.21223865,-0.18196024,-0.108703874,0.10861501,-0.20542265,0.001623494,0.26967615,0.20801425,0.019555852,0.013598335,-0.009641914,-0.005384167,0.19859023,-0.17889625,0.104852386,0.22107048,-0.424366,0.25504324,0.1898169,-0.060788754,0.053094994,-0.024162827,0.010049001,0.023923999,-0.007997997,-0.439613,-0.13093817,-0.20992541,0.06884484,0.50123316,0.038748335,0.028086668,0.14416437,0.11563601,-0.19357963,-0.26911646,0.07540016,-0.07681212,-0.31943828,-0.009975765,0.081079684,-0.49890748,-0.3798567,-0.31200883,0.08911842,-0.27715993,-0.08346107,-0.67297834,0.11216632,0.059080016,-0.085606664,0.7444983,-0.03805233,-1.8158823,0.10364083,-0.079434164,1.4455451,0.19973,-0.20054846,0.18672125,-0.19195867,-0.06145167,0.70772916,-0.005836083,0.37984526,0.11085066,-0.014307912,-0.004501673,0.114928335,-0.25664023,-0.04141608,-0.3352646,-0.014757331,0.20637728,0.0024388395,-0.042441417,-0.6659178,-0.117883585,0.67823577,-0.35892355,-0.07536457,-0.069121666,-1.4111099,0.02454334,0.17042398,-0.088555,-0.027734118,-0.38932168,0.22445707,-0.073485084,0.06927357,-0.20614052,-0.28052792,-0.14835815,-0.2488875,-0.3315598,0.52225584,0.20960553
184,0.05253346,-0.058360867,-0.010959867,-0.0076271347,0.29074594,-0.16588987,0.22096106,0.13282648,-0.10806636,-0.045391206,0.27690235,-0.18080033,0.27660653,0.022431262,0.23055999,-0.37517542,0.23059279,0.11379559,-0.43842334,-0.12035779,0.2071212,-0.264074,0.31712598,0.17581971,0.15168111,-0.09547786,-0.26486328,0.0550734,0.26604766,0.099692,0.029522443,0.26962057,0.06723026,-0.11544346,0.043561127,0.35771,-0.09747376,0.029137593,-0.16159639,-0.1377345,-0.16663234,-0.13414533,0.34905204,-0.18944272,0.12211739,-0.141612,-0.038269207,-0.45235842,0.28620058,-0.5041816,0.03829205,-0.08849434,0.25798517,0.676792,-0.30979195,-1.8159248,-0.2993177,-0.25574934,1.5461255,0.330822,-0.28730994,0.33422,-0.34154564,-0.09133374,0.3940719,0.12956212,-0.1054012,0.038576733,0.15213689,-0.09405293,0.06058787,-0.07495112,-0.03163634,-0.017892675,0.053616658,0.1144181,-0.006068671,0.112684265,-0.7050973,-0.20640832,0.28138107,-0.06295493,-0.35213554,0.088009216,-0.8315005,-0.2810482,0.22849628,-0.14131723,-0.1045828,-0.05829566,-0.06901727,0.059539855,0.23891006,0.13373333,-0.31874904,0.057950668,-0.07316354,-0.027926324,0.28586027,-0.031274837
185,-0.11952041,0.19516008,0.17316766,-0.015490798,-0.047712613,0.09066556,-0.159737,0.0104549425,0.12743008,0.011264165,0.02155405,-0.026929373,0.23696217,-0.05294644,0.0277809,-0.2057631,0.13133807,0.17605461,-0.17602246,0.15805356,0.09526489,0.073678285,0.035772834,-0.14602657,0.040746175,0.011239843,-0.13206805,-0.27030012,0.004323277,-0.14448331,0.097739406,0.40615505,-0.0075672446,-0.07192305,0.08427784,0.24086216,-0.030660583,0.008793948,0.031264156,-0.20481673,-0.17652993,-0.015477212,0.07148148,-0.30134732,-0.053551942,-0.11254166,0.1538711,-0.26825354,-0.070646,-0.63320255,0.22126709,-0.023959283,0.0800909,0.8839194,0.07687444,-1.685925,0.0908226,-0.25626394,1.3589317,0.21282528,-0.027440615,0.23534335,-0.19290616,-0.0470746,0.695816,-0.018750425,0.36340502,0.006197622,0.25903383,-0.25055784,-0.080551684,-0.1648917,-0.026455592,-0.18264772,0.1949917,0.090874486,-0.12527972,-0.0823739,-0.70418286,-0.020252934,0.50171494,0.026969861,-0.40774035,0.06543358,-1.3730279,-0.1460316,0.0625128,-0.11518835,-0.3827638,-0.31517485,-0.21263167,0.06727736,-0.07350439,-0.0846583,-0.13760631,0.0060312757,-0.06392094,-0.22061226,0.35717675,0.22330861
186,0.18113443,0.14999428,0.15437713,-0.31735376,0.06757642,0.19320656,0.08507057,0.28950304,0.09626429,0.063397706,0.4054,0.23000468,0.054586284,0.19805312,-0.034168,-0.15542428,0.28686157,0.288613,-0.29258928,0.17198327,0.31882685,-0.06121857,-0.012614429,-0.25444144,-0.10690717,-0.013857291,-0.19831716,-0.36297354,0.10412,-0.2873743,0.26917,0.48468715,-0.03282417,0.16689573,-0.09769802,0.30247143,-0.28121856,0.03026815,-0.23271428,-0.007493428,-0.23360218,-0.23838982,0.29637545,-0.50014144,-0.073806286,-0.170749,-0.13691099,-0.36326143,0.36041158,-0.7563429,0.3044343,0.14084257,0.25482,0.7105014,-0.2551,-1.7981571,-0.1809137,0.024488578,1.4281485,0.46774372,0.12884828,0.6374043,-0.3160979,0.17549269,0.75256,-0.3559743,0.26328328,0.23934285,0.101037145,0.13829754,0.029506134,-0.31622002,-0.046212614,0.12117614,-0.02358064,0.44021574,-0.33227172,0.012620709,-0.8187304,0.11761286,0.5806732,-0.16549002,-0.3173614,-0.30830258,-1.2168128,-0.29411045,0.026540743,-0.27309352,-0.28400943,-0.4381643,-0.16013502,-0.33359712,0.21974857,-0.19197486,-0.45011425,-0.007854285,0.030349998,0.021829436,0.31873146,0.19037116
187,-0.23989601,0.1138543,0.32840386,-0.24656914,-0.12067294,0.31293827,-0.08488741,0.16293316,0.08653257,-0.24096285,0.16823354,-0.17177673,0.33891067,0.012772986,0.03640871,-0.109008126,-0.18910529,0.22159372,-0.18354857,0.5371582,0.12356271,0.007911435,-0.037410997,-0.34108713,0.106597856,0.37707,-0.31402427,-0.3802413,-0.159842,-0.13306956,0.015042437,0.74833435,0.030873854,-0.18259001,0.5071543,0.287706,-0.29190716,-0.026299147,0.11318139,-0.4816343,0.10519742,0.12290943,0.17894886,-0.44017857,-0.33352,-0.32802573,0.15879516,-0.069071,0.10254342,-0.83009577,0.25239372,-0.26623002,0.1597757,0.8014458,-0.16052373,-1.7878329,0.027222862,0.23788701,1.2110271,0.2282403,-0.15050198,0.69897956,-0.38230714,-0.04353828,0.66063565,0.0536794,0.5166606,0.047123622,0.108195856,-0.2326537,0.09597571,-0.13960817,0.18808685,-0.11225658,0.3492643,0.3111896,-0.12489157,-0.061367996,-0.4493895,-0.063454434,0.33144102,-0.16267715,-0.66931,-0.0921667,-1.2917526,-0.23568572,0.196099,-0.21626382,-0.3206443,-0.2748743,0.060270853,0.06763201,-0.026609715,-0.18366559,-0.20177555,-0.056451578,-0.27831572,-0.36259586,0.33588287,0.5116597
188,0.0,0.0,0.0,0.0,0.0,0.0,0.0,0.0,0.0,0.0,0.0,0.0,0.0,0.0,0.0,0.0,0.0,0.0,0.0,0.0,0.0,0.0,0.0,0.0,0.0,0.0,0.0,0.0,0.0,0.0,0.0,0.0,0.0,0.0,0.0,0.0,0.0,0.0,0.0,0.0,0.0,0.0,0.0,0.0,0.0,0.0,0.0,0.0,0.0,0.0,0.0,0.0,0.0,0.0,0.0,0.0,0.0,0.0,0.0,0.0,0.0,0.0,0.0,0.0,0.0,0.0,0.0,0.0,0.0,0.0,0.0,0.0,0.0,0.0,0.0,0.0,0.0,0.0,0.0,0.0,0.0,0.0,0.0,0.0,0.0,0.0,0.0,0.0,0.0,0.0,0.0,0.0,0.0,0.0,0.0,0.0,0.0,0.0,0.0,0.0
189,0.056588657,-0.044278223,0.39735332,-0.08175644,-0.084463336,-0.26653665,-0.24997224,0.3886478,0.025091128,-0.15004459,0.25392622,-0.012725221,0.18084687,-0.105544545,0.33355644,-0.11916248,-0.5085429,0.5763589,-0.15749998,-0.07943777,0.07716323,-0.29985246,-0.008699899,-0.23547445,0.34225112,0.13568479,-0.2556746,-0.25395554,-0.3256406,-0.11393666,0.16416366,0.10470133,0.006659559,-0.121429764,0.23553045,0.44320223,-0.041910622,-0.39658454,0.15630828,-0.370462,-0.031942207,-0.28280365,0.15284878,-0.14225288,-0.08462511,-0.08135911,-0.085332,-0.28010777,0.057864666,-0.6965034,0.07615444,0.06619944,-0.28266934,0.66606003,-0.14774622,-1.2348088,0.09516001,-0.26356655,1.5123689,0.021054665,-0.08097744,0.19053888,-0.32994664,0.1615299,0.5009223,-0.15507755,0.15515001,0.09954224,-0.121795565,-0.44340715,0.033790443,-0.30310026,0.13538633,-0.31509665,0.15508777,0.18997999,-0.04264755,-0.14716667,-0.4787189,-0.4933251,0.42796546,0.094334126,-0.118746005,-0.09448778,-1.0334688,-0.07033069,0.2614289,0.022107787,-0.21435778,-0.26739663,-0.057784438,0.20469376,0.0024067825,-0.08315466,-0.1594506,-0.005784439,0.13513058,0.046127442,0.33220088,0.2954209
190,-0.039700005,-0.34849998,0.096188344,-0.32342497,0.168805,0.28180966,-0.36174572,0.29444548,0.5677633,0.15210499,0.5746116,-0.022589415,-0.061903164,-0.53619236,0.36377954,0.021093348,0.17009334,0.23247166,-0.056498002,0.3787798,-0.22822733,-0.16601168,0.12971167,0.11192984,-0.20656817,0.07560584,0.33510017,0.28975335,0.28613916,-0.28487483,0.310465,0.7525966,-0.315339,0.36552727,0.49302045,0.12274083,-0.239703,-0.07041334,0.213297,-0.50944704,0.12765017,0.26323164,-0.26194483,0.0105965035,-0.2514198,-0.13707167,-0.2658483,-0.6098917,0.32182,-0.096407495,0.37701502,0.193545,0.25489667,0.07842066,-0.17401266,-0.46997213,-0.12493667,-0.2928325,0.916655,-0.12296832,-0.033652514,0.21289615,-0.17558499,-0.028949996,0.27450767,0.014207433,0.16444933,0.04596883,0.11899499,-0.34788823,-0.025785008,0.24352318,0.3735403,-0.43938884,-0.028901672,0.6488767,-0.10755833,-0.13056235,-0.28893247,-0.31429935,0.17598265,-0.452055,-0.029006662,-0.24481916,-0.5262845,0.091402985,0.438735,-0.2635162,-0.13845168,0.043605167,-0.10890334,0.46655515,0.15273084,-0.6610033,0.28010103,-0.4041957,0.33765998,-0.17319332,0.45208117,-0.02963467
191,-0.09865561,0.13967215,0.16212423,-0.21441616,-0.013533415,0.12663347,-0.021755978,0.29608366,0.08377922,0.030944891,0.29247347,0.07389485,0.07730609,-0.08600399,0.13443403,0.025181858,0.095378056,0.12458371,-0.12721221,0.23124856,0.16764824,-0.22178267,0.0923534,-0.106518656,0.14434761,0.0873447,-0.016982703,-0.19787642,0.11639258,-0.15064633,0.08564777,0.33970225,-0.17143017,0.096460484,0.14548244,0.22783947,-0.14246961,0.108384624,-0.036746938,-0.04043812,-0.057623763,-0.11445093,-0.08538563,-0.19957429,-0.14599188,-0.18234062,0.0321838,-0.20371534,0.07397855,-0.56106406,0.03312989,-0.059813447,0.14296874,0.74751973,-0.17820662,-1.5984461,-0.017648518,-0.13399097,1.3204764,0.16951926,-0.11171065,0.41345146,-0.31806237,0.042217333,0.5679908,0.038765255,0.26256615,0.2402345,0.014614379,-0.008892434,0.1525839,-0.096387595,-0.014192808,-0.07518328,0.14830741,0.3419875,-0.165352,0.0014901039,-0.511217,-0.011707031,0.5408377,-0.095783554,-0.278889,-0.12493345,-1.149747,-0.06793548,0.25210774,-0.04088113,-0.14943984,-0.10243989,0.08030282,0.069828555,0.016556557,-0.2799233,-0.18185946,-0.19449915,-0.029372774,-0.18989973,0.32723105,-0.029809782
192,0.438348,0.15926,0.48748598,-0.5268552,0.006046462,0.14747159,-0.12823638,0.041220415,0.43623,-0.14024019,0.2824498,0.5435946,0.1436944,-0.017382015,-0.192718,-0.12443441,0.075724006,0.16773441,-0.263386,0.368078,0.2530148,0.2775118,-0.214342,-0.336634,0.056801993,0.15283881,-0.325998,-0.41028756,-0.12970999,-0.43853396,0.22432038,0.53852594,-0.073415995,-0.0049199997,0.24956802,0.121782005,-0.25532398,0.098271996,0.1511076,-0.119234,0.12514679,-0.1412528,0.079059616,-0.32481602,-0.087925605,-0.1525504,-0.257338,-0.0777082,0.15551761,-0.526437,-0.195932,0.25919598,-0.111625,0.3844432,-0.190151,-1.1510208,-0.113742575,-0.12781106,0.93927205,0.09038002,0.043959998,0.38507605,-0.646634,0.3146126,0.617408,-0.18562,0.490302,0.266457,0.19390139,-0.093006,-0.3067062,-0.289934,-0.254377,-0.15207139,0.057970602,0.29041594,-0.025199998,-0.22700119,-0.746498,-0.1407558,0.703932,0.15954001,-0.63597,-0.350457,-0.61499465,-0.53738,-0.251182,0.072448,-0.4983614,-0.51821405,-0.1723378,-0.05772998,0.64517003,-0.540032,-0.49535197,-0.055434406,0.34907597,0.31417668,0.1827668,0.045249205
193,-0.030769,0.11993,0.53909,-0.43696,-0.73937,-0.15345,0.081126,-0.38559,-0.68797,-0.41632,-0.13183,-0.24922,0.441,0.085919,0.20871,-0.063582,0.062228,-0.051234,-0.13398,1.1418,0.036526,0.49029,-0.24567,-0.412,0.12349,0.41336,-0.48397,-0.54243,-0.27787,-0.26015,-0.38485,0.78656,0.1023,-0.20712,0.40751,0.32026,-0.51052,0.48362,-0.0099498,-0.38685,0.034975,-0.167,0.4237,-0.54164,-0.30323,-0.36983,0.082836,-0.52538,-0.064531,-1.398,-0.14873,-0.35327,-0.1118,1.0912,0.095864,-2.8129,0.45238,0.46213,1.6012,-0.20837,-0.27377,0.71197,-1.0754,-0.046974,0.67479,-0.065839,0.75824,0.39405,0.15507,-0.64719,0.32796,-0.031748,0.52899,-0.43886,0.67405,0.42136,-0.11981,-0.21777,-0.29756,-0.1351,0.59898,0.46529,-0.58258,-0.02323,-1.5442,0.01901,-0.015877,0.024499,-0.58017,-0.67659,-0.040379,-0.44043,0.083292,0.20035,-0.75499,0.16918,-0.26573,-0.52878,0.17584,1.065
194,-0.0682525,-0.13468674,0.2092075,-0.21512151,-0.04709,-0.252325,-0.18856174,0.25528476,0.29090074,0.15458186,0.31517252,0.18090126,-0.114235245,-0.3955816,0.24127,-0.44297752,0.09413999,0.121217504,-0.12916775,0.276595,0.37981248,0.3589175,-0.0021574982,-0.46528226,0.25388175,0.0697175,-0.35985124,-0.37312827,-0.27196524,-0.42309976,-0.071270496,0.55317295,-0.00087250397,-0.6155475,-0.0045804977,0.26707423,-0.31624252,0.095944256,-0.1093435,-0.64986,0.11963499,-0.08921023,-0.02136325,-0.28398,0.04908502,-0.031075,-0.15596001,-0.31787503,0.089053184,-0.2335025,0.651935,0.046732247,0.264215,0.69767755,-0.53208005,-1.234815,0.21101251,-0.017803803,1.5536025,0.095785,-0.14696,-0.036265746,-0.1655925,-0.2641475,0.20078576,-0.23578025,0.20558973,0.3370725,0.18435249,-0.430015,-0.18021876,-0.38581252,0.27041477,-0.35470325,0.11723,-0.10094474,0.1441205,-0.0643353,-0.464455,0.2478475,0.7390808,0.0386303,0.0563875,-0.15382652,-1.290545,-0.16419727,-0.011788249,-0.25570652,-0.07411975,-0.102517515,-0.47843403,0.06942625,-0.21278074,-0.5429268,-0.0585575,-0.0663325,-0.09960899,-0.0904475,0.56181496,0.0067725256
195,-0.091685,0.30772564,0.24304327,-0.046989135,-0.02051564,-0.4215498,-0.12064965,-0.045761287,-0.11930064,-0.012844228,0.10851257,-0.09976156,0.13843761,-0.053396363,-0.05423371,-0.2640466,0.33130127,0.02858293,-0.03338964,0.20619933,0.31621224,0.102321506,-0.034954865,-0.10134829,0.15370058,0.07626792,-0.17410411,-0.33734486,-0.13888364,-0.117223345,-0.07435793,0.49253502,-0.13311985,-0.15659264,0.087927856,0.34482858,-0.009402202,0.12036407,-0.08655308,-0.38187927,-0.056828577,-0.42796537,0.114209555,-0.14596923,0.1726019,0.020598708,-0.05467642,-0.44044846,0.16222022,-0.80457324,0.32481146,0.0059144967,0.14607236,0.9236893,-0.08097494,-1.9316456,-0.14826329,-0.034281682,1.7328871,0.17950077,-0.08558501,0.42389566,-0.27159834,-0.07289158,0.2551863,0.0071046436,0.36876914,0.093376994,0.41559592,-0.36413547,-0.07020464,-0.07916158,0.143559,-0.09316712,0.19202498,0.19694474,-0.10469914,-0.05299148,-0.7014651,-0.077515006,0.43911287,0.039097857,-0.35885718,0.14011909,-1.1904535,-0.2560957,-0.03018992,-0.23846199,-0.29254073,-0.27872953,-0.17276825,0.18870272,-0.041279852,-0.22981934,-0.48180413,0.12582488,-0.020355504,-0.3912967,0.6109378,0.21194293
196,-0.017829904,0.19259124,0.3101363,-0.13292047,0.03126144,0.098801136,-0.07727823,0.18635464,0.17216377,0.021280965,0.15496777,-0.0071619474,0.01760888,-0.05150378,-0.0051454497,-0.23297465,0.2719516,0.08159483,-0.19358468,0.3160117,0.10954977,0.010279548,0.0376047,0.053090904,0.018251622,0.068887584,0.013501566,-0.22152811,0.06271529,-0.15654643,0.026057547,0.61182666,-0.18397065,-0.017301694,0.25284058,0.14466816,-0.119433336,0.29409322,0.019846253,-0.37775704,-0.038495906,-0.14659484,0.07729496,-0.373124,-0.087820284,0.010235103,-0.0748985,-0.21806568,0.04670159,-0.53700507,-0.094759546,0.20343114,0.14719757,0.6972659,-0.07119616,-1.6901661,-0.23381856,-0.10782139,1.3802327,0.1381222,-0.07940484,0.22187571,-0.2736186,0.022563798,0.58575624,0.0050442456,0.25929856,0.38107398,0.13410878,-0.20842305,0.03366083,-0.12518778,0.047155082,-0.36773515,0.2743232,0.17584425,-0.08277167,0.046504986,-0.56688875,-0.11934794,0.5945539,-0.30009946,-0.26247638,-0.10076886,-1.0361583,-0.037077658,0.08655899,-0.14036013,-0.030605877,-0.17523254,-0.009963865,0.2155312,0.033383522,-0.24958889,-0.39208975,-0.12515734,-0.0023702735,-0.15264799,0.4814118,0.006721964
197,0.2687943,0.16618,0.309625,-0.019515203,0.13370529,-0.16132544,-0.065175,-0.23141003,-0.122759566,0.13067444,0.10296286,0.13108501,0.17991543,0.029234856,-0.1465207,-0.02008143,0.3926914,0.08254285,-0.13558327,0.14496456,0.51930577,-0.111276284,0.09035085,-0.01714474,0.14973143,-0.16433957,0.08432128,-0.4630243,-0.30309814,-0.22351572,-0.21731289,0.5163697,-0.15980886,-0.18523256,0.29148844,0.32755426,0.02664056,0.16341071,-0.25156716,-0.44560286,0.052969273,-0.36227998,0.06371215,-0.4021218,0.10951742,0.080456994,-0.2820607,-0.50592643,-0.07846944,-0.8897843,0.122905426,0.07084571,-0.04078915,0.69005287,-0.16961285,-2.0058665,-0.18427016,0.08113785,1.690837,-0.15485585,-0.10789687,0.55780715,-0.39371142,0.23502643,0.3560149,-0.10294472,0.31496328,0.25299433,0.26859206,-0.38088888,-0.024851276,-0.12807103,-0.049129844,0.09590142,0.09668557,0.424757,-0.31687716,0.030274987,-0.7430119,-0.10080243,0.9601785,-0.046118714,-0.34973857,-0.062542856,-0.95753,-0.17518441,-0.046872143,-0.18494728,0.09932341,-0.22607715,-0.06902671,0.113890424,0.12657456,-0.4905857,-0.682292,-0.07234716,-0.19923218,-0.19095345,0.5456771,0.23861799
198,0.065637,0.3248,0.12589999,-0.08445001,-0.21502332,-0.02362,0.16481201,0.023406006,-0.58883,0.004013335,0.017516,-0.28807667,0.40260664,0.014571999,0.027149996,0.0027993321,0.373256,0.15812533,-0.13556527,0.66798,0.0382198,0.21785401,0.061666664,-0.37998667,0.34293333,0.010870005,-0.46743,-0.425629,-0.11614,-0.3841733,-0.6041867,0.5343366,0.042913333,-0.19236366,0.16999666,0.280482,-0.33756366,0.19893901,0.0491713,-0.33975998,-0.023065,-0.009283,0.15611334,-0.16549666,-0.27976334,-0.26047334,-0.011718,-0.47242334,0.003232998,-0.87467337,-0.033770334,-0.24965733,-0.043986663,1.1017599,-0.08513533,-2.5868332,0.29269335,0.27476665,1.3586768,0.18025,-0.25576234,0.7476266,-0.7861767,-0.171634,0.8043234,-0.15048534,0.49056664,0.20457,0.04212,-0.55958337,0.08251334,0.19184934,0.24648964,-0.38896334,0.7116633,0.21843,-0.21036999,-0.27040666,-0.18444669,-0.10534533,0.30463102,0.47145,-0.56452996,0.0071766675,-1.5584234,0.16035734,0.35528767,-0.056667,-0.5159367,-0.57879335,0.09144667,-0.23541002,0.23762734,0.0900836,-0.38842,-0.09469726,-0.3674333,-0.49713662,0.19203067,0.56339
199,-0.20702924,0.022153387,0.123026386,-0.21268508,0.112399094,0.10757138,0.02214269,0.11166516,0.14699177,0.15132532,0.3597977,0.05725777,0.09674369,-0.20324668,0.112473376,0.008715742,0.30440167,0.21761154,-0.0797923,0.1971806,0.02358973,-0.014309993,-0.10736577,-0.20166914,0.09262374,-0.021669617,-0.090141244,-0.28992376,-0.3473446,-0.20351416,-0.12481669,0.5371839,-0.17852162,-0.11185615,0.36223385,0.29237393,-0.21952993,0.013672232,-0.11579149,-0.29926544,0.122216225,0.16192453,0.10186407,-0.2591231,-0.058002308,-0.20279846,-0.0902883,-0.38456997,-0.19027655,-0.63008827,0.21741277,0.04116215,0.19310093,0.6388692,-0.23644608,-1.6944983,0.013653929,-0.13759531,1.2584038,0.042352997,-0.057161614,0.46750212,-0.14247383,0.10374823,0.59705144,-0.17459284,0.3305049,0.20665447,0.07364,-0.26529124,0.019712072,-0.07325051,0.16614255,-0.1299263,0.23086731,0.16087693,-0.113289386,-0.14796862,-0.6332834,-0.14679377,0.42525214,-0.18356845,-0.21157384,-0.14402285,-1.212299,-0.20692092,0.19377002,-0.05622163,-0.20653984,-0.15936908,-0.150783,-0.024532923,0.08628077,-0.26183775,-0.2506317,-0.042757366,-0.23476608,-0.3461289,0.5189012,0.06840055
200,-0.1801645,0.18845999,0.40225,-0.53716,0.0008299947,-0.15399,-0.32597703,-0.126535,-0.24871498,-0.108875,-0.0915665,0.07574,-0.35205,0.059343502,0.1261415,-0.23294601,0.271664,0.045123,-0.25803,0.873515,0.181623,0.287572,-0.245425,0.13460499,-0.34353,-0.050170004,-0.38125998,-0.74330497,-0.755335,-0.49760497,0.09273501,0.7526,-0.021619998,-0.51173997,-0.01502499,0.46916,-0.39345998,-0.063235015,0.0901751,-0.2256255,-0.077572495,-0.73055005,0.49054998,-0.13242999,-0.366765,-0.699065,-0.042986996,-0.51148,-0.30657047,-1.2204499,-0.039206997,-0.370085,-0.0497625,0.96020496,-0.233073,-2.1901,0.76813996,0.009880006,2.05775,0.095929995,0.06199999,-0.025055021,-0.75298,0.047813,0.78540504,-0.3148795,0.39573398,0.085655004,0.450075,-0.928795,0.26001,-0.202164,0.123989984,-0.082760006,0.029264987,0.134585,-0.0064049996,-0.266375,-0.63384,0.08745,0.80069005,0.37118,-0.07396498,-0.52186495,-1.3399,-0.158995,-0.1275835,-0.3420555,-0.58220994,-0.79478,-0.2553695,-0.541475,-0.200009,-0.188225,-0.550485,-0.023119994,0.32230502,-0.21842799,0.63062,0.03929004
201,-0.1764625,-0.155575,-0.0316675,-0.025842495,0.18486202,0.16592503,-0.4851325,0.139624,-0.313816,0.0033000112,0.10945547,0.20597276,0.4441975,0.06986976,0.00044225715,-0.38508248,0.13230601,0.286095,-0.09343801,-0.11500201,-0.12229225,-0.20955999,0.052010257,-0.18816501,0.36023295,0.36100018,-0.38411698,-0.11530003,0.1618775,0.16101825,-0.07413525,0.1603425,0.035568494,0.04888425,0.029232755,0.0010195011,0.1131705,-0.367355,-0.039139986,-0.3407875,-0.4612375,-0.21451601,0.27678725,-0.051652506,0.0043074973,-0.04541725,-0.023583999,0.051376503,-0.09850384,-0.6980325,0.093241006,-0.026415005,0.104474746,1.3064724,-0.15826476,-1.9423499,0.1289935,-0.14732,1.6575,0.030307503,-0.17276847,0.847475,-0.1397875,0.096625,0.4475875,0.30768824,0.07160498,0.22254801,-0.24109225,-0.25570774,0.080869995,-0.127554,-0.018377513,-0.434726,-0.094523,0.15652499,0.11492249,0.07449,-0.39093,0.21735597,0.47018498,-0.037207253,-0.43249926,0.099262506,-0.78349245,-0.33410326,0.2339655,0.040785,-0.03594,-0.17403124,-0.17315249,0.067073494,0.23212752,-0.06453776,-0.18999425,-0.32743677,-0.0039385,0.1146395,0.5911275,-0.02452175
202,-0.030069025,0.016748676,0.23087415,-0.105438,0.24709101,0.060562577,-0.20189945,0.047491275,0.04023486,-0.0017141221,0.06009875,-0.04029743,0.17972398,0.07141922,0.09778967,-0.19108889,0.1742772,-0.041186843,-0.3979663,0.11393516,0.3588225,0.019710459,0.14683957,0.0039840946,-0.13426422,-0.1826653,-0.02570236,-0.43415856,-0.0590553,-0.13284309,0.15635112,0.27614456,-0.12342109,0.049945615,-0.020084942,0.27671838,-0.20136341,0.005738964,-0.18473624,-0.16590324,-0.41210902,-0.18885481,0.21356991,-0.26415795,0.07626418,-0.1714303,0.08847945,-0.3619091,0.16280119,-0.68430704,0.25008693,0.015035362,0.23421477,0.8771415,-0.06615247,-2.0513747,-0.22928849,-0.23894945,1.7434423,0.23777351,-0.23132461,0.34821588,-0.11358175,0.11134362,0.591116,-0.29427433,0.21293302,0.23928359,0.04717446,-0.053694993,-0.0651767,-0.07750882,-0.10929086,-0.49178106,0.19734406,0.011771929,-0.15641323,0.034059387,-0.9216289,-0.06274396,0.51803964,0.07041516,-0.15080453,-0.1130615,-1.1009479,-0.31793177,0.073893055,0.07026516,-0.19523777,-0.24380112,0.067260705,-0.107721075,0.04580757,0.04427275,-0.4066709,0.07913281,0.044836372,-0.032517213,0.44386056,0.1407587
203,-0.13922602,0.1829294,0.260311,-0.34498933,-0.08046497,0.17145617,0.08089337,0.28184277,0.07588201,0.04065341,0.20653775,0.029826451,0.14062697,-0.012744635,0.06699126,-0.19627026,0.22729757,0.30559924,-0.3953621,0.24703394,0.23432745,0.010470587,-0.020329282,-0.076057,0.13620128,-0.045189694,-0.11379152,-0.3225811,0.09000949,-0.21659915,0.025816072,0.49951974,-0.09264652,-0.026920065,0.11621632,0.27549925,-0.24001287,0.13208774,0.055843655,-0.18033458,-0.20995386,-0.15787847,0.13863789,-0.36168072,-0.12950116,0.02289527,0.07452753,-0.32633805,0.06015666,-0.68629575,0.16680051,0.029525638,0.10476265,0.8652083,-0.09983043,-1.9334658,-0.08956195,-0.045765538,1.6134965,0.34732375,-0.028571662,0.540949,-0.3581674,0.15623227,0.6746657,-0.08004818,0.37573877,0.25895208,0.1116634,-0.22502042,-0.075597726,-0.14651583,0.028994596,-0.33407128,0.25204384,0.19580863,-0.05432438,-0.085899845,-0.76112086,0.02008815,0.5373774,-0.043371994,-0.48917267,0.011075505,-1.1935394,-0.2730431,0.27107704,-0.061254907,-0.41059345,-0.23544653,-0.064752,0.06574085,0.010894116,-0.16234551,-0.3655472,-0.093474634,0.06390496,-0.09286273,0.287043,0.21454926
204,0.019319382,-0.194425,0.12546355,0.054934148,-0.09867365,0.07386526,0.57730657,0.22293183,0.4951142,0.022386888,0.1715534,0.18456298,-0.27014014,0.22379561,0.2815803,-0.24906985,0.13772832,-0.074970536,0.1353339,0.10719956,0.4116979,-0.04889339,-0.2756088,0.13709462,0.33202234,-0.01668993,-0.007914702,-0.37395808,0.07283659,-0.2841912,-0.20016211,-0.19332153,0.0147590665,0.25642276,0.19762106,0.25638136,0.29815328,0.015212757,0.18846355,-0.0008978833,0.22576636,0.041340515,-0.20435944,-0.21122265,0.007351638,-0.19607809,-0.25792438,-0.44087294,-0.5762525,-0.033953346,-0.16813515,0.35211438,-0.2602,0.07259955,-0.3189657,-0.95187837,0.058189582,0.18334955,0.34775382,0.21782683,-0.14240453,0.0027259404,-0.29510963,-0.4689369,0.13111196,-0.09454959,0.15480678,-0.20961012,0.12589057,0.20429231,0.108199514,0.30998257,-0.11558702,-0.43620422,0.06072696,-0.18212587,-0.009546629,-0.0833279,-0.36637887,0.12239906,0.19200495,-0.2378163,-0.1338329,-0.37143013,-0.29147893,-0.0038095529,-0.15837437,-0.19692911,0.1825476,-0.2982801,-0.19120464,-0.05627318,-0.0052567585,0.3246024,-0.2173898,0.071533464,-0.2178637,-0.47992498,0.04759814,-0.115821145
205,-0.090436,0.19636,0.29474,-0.47706,-0.80436,0.3078,-0.55205,0.58453,-0.17056,-0.84846,0.19528,0.23671,0.46827,-0.58977,-0.12163,-0.24697,-0.072944,0.17259,-0.0485,0.9527,0.50629,0.58497,-0.19367,-0.45459,-0.031095,0.51633,-0.24052,-0.1007,0.53627,0.024225,-0.50162,0.73692,0.49468,-0.34744,0.89337,0.057439,-0.19127,0.39333,0.21182,-0.89837,0.078704,-0.16344,0.45261,-0.41096,-0.19499,-0.13489,-0.016313,-0.021849,0.17136,-1.2413,0.079503,-0.91144,0.35699,0.36289,-0.24934,-2.1196,0.14534,0.52964,0.90134,0.033603,0.022809,0.70625,-1.0362,-0.59809,0.70592,-0.072793,0.67033,0.52763,-0.47807,-0.67374,0.36632,-0.38284,-0.10349,-0.6402,0.18104,0.82568,0.066403,-0.40791,-0.083813,-0.36487,0.045362,-0.073527,-0.20117,0.37441,-1.4024,-0.25605,-0.4708,-0.16145,-0.87921,-0.36325,-0.17357,-0.077983,0.43273,0.0089295,-1.0316,-0.11589,-0.34524,0.11514,-0.40812,0.20203
206,-0.052195624,0.1799449,0.35249227,-0.33682397,-0.0155414315,0.13452257,-0.03190798,0.1251988,0.25245607,-0.17206839,0.38146847,0.084269345,0.15126806,-0.12255254,0.04929528,-0.05862416,0.11603194,0.25173962,-0.24318725,0.16157721,0.32210565,0.04624163,0.013142526,-0.07096725,0.12813407,-0.027704453,-0.12870216,-0.3327696,0.057863787,-0.21673127,0.025362862,0.4768934,0.026656715,0.04441453,0.14783126,0.29303268,-0.25702402,0.033102993,0.00919568,-0.38913164,-0.050787438,-0.088111095,0.037062384,-0.30354336,-0.38220394,-0.04592913,-0.051689353,-0.13703561,0.005910243,-0.6576836,0.09980793,0.069883615,0.06774951,0.66996163,-0.18102747,-1.7528595,-0.1560328,0.029110817,1.2799963,0.25245258,-0.006613254,0.5704027,-0.31313217,0.07528902,0.6544816,0.051866066,0.46097863,0.25983718,0.06006731,-0.13890848,0.09403618,-0.18337016,-0.09118045,-0.26592565,0.03365302,0.110203676,-0.14875072,-0.1234091,-0.47304314,-0.040730074,0.37330678,-0.20887728,-0.37168086,-0.020587843,-1.0255631,-0.19121656,0.051391218,-0.16183439,-0.27934754,-0.23327023,-0.13089651,0.09795694,0.22315313,-0.14974664,-0.40178668,-0.15323195,0.0278679,-0.13756305,0.42452776,0.18291436
207,-0.20713979,0.048949193,0.24602495,-0.23738946,-0.054092523,0.2354293,-0.08689139,0.20073265,0.1177144,-0.05817609,0.15961643,0.039059326,0.16476105,0.016661463,0.06770558,-0.1878034,0.13868794,0.10349035,-0.22094387,0.04508292,0.15489267,0.036156308,0.10664583,-0.009608353,0.08283108,-0.075633645,-0.086079426,-0.15660074,-0.0004158318,0.06965112,0.09087743,0.30548733,-0.1668599,-0.008457047,0.09405113,0.16082738,-0.14730468,0.0025613455,-0.041530557,-0.20099176,-0.2584986,-0.17305404,0.11832326,-0.1567706,-0.002509131,-0.07987534,-0.016622862,-0.24289805,-0.056302603,-0.62184906,0.2562433,0.08054701,0.16594714,0.72055703,-0.19179735,-1.5580817,-0.11488157,-0.13692218,1.2370816,0.364102,-0.063218825,0.35089394,-0.1598658,0.037736643,0.54440373,0.020569213,0.26713446,0.12225852,0.19586277,-0.122186586,0.0067212703,-0.09330844,0.12995116,-0.26030532,0.098648675,0.22295408,-0.063939385,0.040778633,-0.6653243,0.075266786,0.5702521,-0.17021205,-0.3435925,-0.02109263,-1.003569,-0.038974997,0.21757,0.03202716,-0.15605548,-0.13059118,-0.08089263,0.052467123,0.07489428,-0.03606928,-0.2698632,-0.11254403,-0.06679092,-0.14741601,0.36366826,0.070379
208,-0.09705104,0.12914881,0.29262483,0.0002263429,-0.048561268,0.1586908,-0.05267677,0.22379072,0.17297688,0.046087112,0.056946002,0.07147157,0.21536304,0.08666738,0.0802912,-0.24115299,0.24739863,0.27988523,-0.1133428,0.055029914,0.093747444,0.03288796,-0.02704249,-0.12738712,0.07547658,-0.12052529,-0.26803714,-0.3015466,0.013681116,-0.14254189,0.072806925,0.59893423,-0.24210961,-0.072797365,0.12222058,0.108178616,-0.21035907,-0.018707998,-0.10016908,-0.20683715,-0.19318445,-0.13647278,0.11820562,-0.15590641,-0.10868258,-0.07523617,0.17397006,-0.30669963,-0.0149404565,-0.7256492,0.22814897,0.07611708,0.14993641,0.8108704,-0.097790614,-1.7635233,0.102649085,-0.14419901,1.4445153,0.3449767,-0.09504754,0.3420149,-0.203488,0.07286172,0.70492333,-0.119106576,0.3121669,0.010789691,0.056370907,-0.1788511,-0.208103,-0.066268876,0.03442526,-0.08157642,0.09184681,0.14889267,-0.13935086,0.032800186,-0.66604996,0.055508163,0.43528077,-0.1671666,-0.44459206,0.031009544,-1.2662029,0.019297043,0.11639519,-0.10671662,-0.2931396,-0.16364504,-0.17337012,-0.014795002,-0.1130095,-0.15042022,-0.30165842,-0.09913068,0.016166618,-0.06233326,0.33791226,0.072669394
209,-0.361591,0.1448076,0.21261998,-0.066049404,0.356963,-0.058038604,-0.096177995,-0.028404599,0.07950401,0.06574179,0.25013247,-0.4685514,0.24510801,-0.693666,0.06484799,0.2660226,0.4199378,-0.052972008,-0.101878,0.73636997,-0.478966,-0.2581886,0.1284536,-0.300398,0.021684205,0.05421146,0.1754142,0.17275801,-0.28362802,-0.22705999,-0.243198,0.91213256,-0.3739928,-0.062646404,0.8407459,0.112166,-0.71078396,0.25974202,0.11784999,-0.29947042,-0.023069793,0.0696212,0.21541801,0.06358999,-0.047053803,0.13604161,0.23002,-0.17717202,0.1951648,-0.1594766,0.3330256,0.11037199,-0.014437199,0.48689598,0.07236761,-0.81251013,0.14786,-0.22305182,1.1366819,-0.218855,-0.31084022,0.43902937,-0.1648996,-0.138212,0.352314,-0.021502202,0.4970332,-0.33292282,0.55048805,-0.231263,0.13880998,0.419344,0.43137604,-0.23529057,0.18043819,0.22681002,-0.2992368,-0.2310812,-0.17710285,-0.2713574,0.023204803,-0.061614,-0.16497138,0.1355882,-0.6582554,-0.1229846,0.39129,-0.006704402,-0.4280789,0.065634,0.1126292,0.558024,0.481572,-0.34553885,0.029389989,0.1870406,-0.18665901,-0.48217195,0.58917,0.39264998
210,-0.34431997,-0.047706664,-0.191092,-0.11698534,0.03736333,-0.75983,-0.236695,0.34489,0.34642002,0.30321914,0.48220003,-0.11398999,-0.20578034,-0.37218213,0.06679333,-0.8100767,0.45078334,-0.0004700025,0.42237332,0.21126668,0.13063999,0.25314668,-0.105233334,-0.25967968,0.29979166,-0.060360003,-0.554908,-0.58321667,-0.55001664,-0.24770033,-0.03647533,0.50960666,-0.098730005,-0.7366266,0.3880693,0.5475366,-0.13666333,0.009593348,-0.16432567,-0.58935004,0.57897997,-0.34665367,0.12300933,-0.42083335,0.428067,-0.049765337,-0.18058668,-0.36255002,0.35406002,-0.09029666,0.74541664,0.060654994,0.071226336,0.43883964,-0.4542564,-0.98090667,-0.08208666,-0.21986175,1.9312,-0.14600669,-0.06643334,-0.094739996,0.13493998,-0.12948333,-0.118282326,-0.34271002,-0.056773696,0.100080006,0.5190433,-0.65513,-0.37409368,-0.31790334,0.36611,0.12681998,0.010146667,-0.13434334,0.019561997,-0.045457065,-0.5467,0.21525633,1.2178067,-0.09653767,0.16886455,-0.06196569,-1.3233933,-0.082496345,-0.003186668,-0.31274793,-0.113220006,-0.19844,-0.5029127,0.11652434,0.13631566,-0.9510367,-0.28833,0.024103275,0.17332499,0.079346664,0.9313767,-0.47058997
211,0.06679716,0.16180134,0.1439951,-0.101649076,-0.18711363,-0.065408885,0.09185477,0.08094049,-0.032937,-0.06282305,0.19706406,0.093925364,0.05957522,0.01047803,0.27587634,-0.16861549,0.11260894,0.14676525,-0.30831587,0.02711291,0.16447456,-0.14464426,-0.12400675,0.095716506,0.2340047,-0.21105713,-0.09763759,-0.20202377,-0.012310867,-0.0653223,-0.17567712,0.4230265,-0.13684148,0.034511,0.16004504,0.22866678,-0.06657152,-0.010087302,-0.10546667,-0.34066442,0.055906024,-0.13342305,0.084327884,-0.20329767,-0.13632092,-0.1165341,0.017244853,-0.4703641,-0.018520609,-0.6488434,0.08161299,-0.098472804,0.15270193,0.6952134,-0.13895859,-1.6800714,-0.014045609,-0.2473498,1.4679196,0.39354476,-0.19640583,0.3786886,-0.44252554,0.08027963,0.582809,0.11005266,0.269008,0.17614654,0.28847384,-0.1963401,-0.15327221,-0.15266952,0.114255756,-0.13278666,0.016393444,0.11654338,-0.23544785,-0.13019176,-0.57235044,-0.12680754,0.38714322,0.029075248,-0.55211496,-0.110295594,-0.99701554,-0.046317518,0.23635057,-0.07121275,-0.14713079,-0.17481625,-0.27216285,0.09545831,-0.005256964,0.044152174,-0.3862328,-0.03366971,0.047402054,-0.101770855,0.26936185,0.065994896
212,-0.19278851,-0.03745,0.30703,-0.2330725,-0.08425325,0.4089655,0.2823475,-0.1933685,0.48857,-0.082748495,0.45169926,0.0072124973,-0.045852493,-0.7624675,0.4133375,-0.05994,-0.40612623,0.07673,0.17511949,-0.22534026,0.31513,0.37058252,0.079867505,0.2101005,0.357975,0.184321,0.120272495,0.3690175,-0.10780124,-0.32148075,0.26940748,0.391365,0.086679995,-0.25292575,-0.16866,-0.07563999,-0.7604925,-0.4704925,0.080405,-0.030477256,0.025896,0.50298053,-0.18572001,-0.035686743,-0.1566325,-0.1871775,0.23800951,-0.09736326,-0.17338574,-0.40704,0.09997349,0.04157026,0.07244575,-0.046400905,-0.17085674,-0.71826005,-0.12154376,0.20369498,0.24772875,-0.23151177,0.21451649,0.1754605,-0.037892506,0.1949825,-0.029487498,-0.018670995,0.385715,-0.386935,-0.030032754,-0.121194,0.44584227,-0.2033975,0.265504,-0.21954852,0.0013877461,-0.21293,-0.23907849,0.1516425,0.08378324,-0.20115374,0.18861274,-0.4698725,-0.16417247,0.08190501,-0.46592748,-0.13479751,0.048846245,-0.16605249,-0.2416125,-0.6154625,-0.15294498,0.35821,0.252739,-0.112844996,0.017987002,-0.5085905,-0.252787,0.0015925015,0.148038,0.0828873
213,-0.02820299,0.028219998,0.19479299,0.11885667,-0.3319367,0.27497435,-0.26416335,0.18734668,0.06937533,-0.12482667,0.21955001,-0.093949474,-0.060118,-0.08078703,-0.13096067,0.027603671,-0.41480303,0.17348833,0.026346663,0.47772667,0.22098434,0.10957333,0.138548,-0.36525,0.083049,0.6086633,-0.51464003,-0.31446633,0.10107567,0.10424,-0.14623,0.33234665,0.013856664,-0.26991892,0.0022499983,0.07898667,0.17726667,-0.31417668,0.18598665,-0.265186,-0.23288466,0.16575998,0.23938668,-0.34871665,-0.35472003,-0.22070666,0.31919667,-0.32467434,0.25123033,-1.0865567,0.32315767,-0.19556333,-0.115280665,0.91348,-0.15759866,-1.5945,0.09565333,0.31358334,1.4024,0.34644666,-0.173989,0.41085002,-0.15278333,-0.070978664,0.6819634,0.26138166,0.304706,0.16257,0.0035066605,-0.33515668,-0.046161328,-0.33128,-0.22604369,-0.137638,0.19057333,0.26259336,-0.143919,0.387887,-0.09135,0.013133337,0.611399,-0.051395327,-0.89426,0.107184,-1.48495,-0.38034666,0.31233665,-0.27803,-0.57152337,-0.3903133,0.08866099,0.06133333,-0.38277498,-0.27016333,-0.0230442,-0.41126665,0.023991667,-0.29184696,0.17698665,0.26054767
214,-0.25446066,0.27695054,0.37050763,-0.24536428,0.05821657,0.2284635,-0.115253866,0.004073122,0.27455437,-0.099797584,0.1602514,0.06250971,0.2052561,-0.14803511,0.17971814,-0.09765037,0.12745807,0.36016992,-0.09105158,0.15601854,0.09142962,-0.13567685,0.09633441,-0.12194529,0.15601434,0.07872608,-0.031004777,-0.31392887,-0.017886128,-0.10118053,-0.005458579,0.4738117,-0.18052037,-0.0654961,0.33840853,0.28519118,-0.16671787,0.042974554,0.11214863,-0.24578011,-0.12611061,-0.25186127,-0.12053494,-0.1534753,-0.22353072,-0.061200846,0.10469666,-0.18808986,0.17205234,-0.7855202,0.29983935,0.009128379,0.022143345,0.82602495,-0.05871148,-2.0967736,-0.06368876,0.14083983,1.2217941,0.36292812,-0.1115245,0.90874404,-0.40959623,-0.055595797,0.7332041,0.033098564,0.45198566,0.06874332,-0.029239755,-0.18542363,0.15584105,-0.13810459,0.021555804,-0.24644655,0.15287781,0.11500135,-0.061420266,-0.06640192,-0.28212324,-0.09493409,0.28855178,-0.26024324,-0.3719635,0.059255973,-1.1635209,-0.055631347,0.080644466,-0.13292855,-0.10789593,-0.09473394,-0.06247199,0.04760135,-0.058794364,-0.1682893,-0.17651325,-0.22325207,-0.3602595,-0.20938663,0.33540627,0.11355871
215,0.059738,0.211415,0.59747,0.08989,0.6624,-0.21478,0.38918,-0.751315,-0.07844499,-0.0404455,0.27938002,-0.32524347,0.133609,-0.363965,-0.34597498,0.36512002,0.80878,0.09165501,0.16409001,0.83123,0.28138,0.189135,0.09420501,0.055035,0.66946,0.19754499,0.1466995,-0.5702,-0.111075,-0.1993985,-0.015760005,0.416995,0.304015,0.03942,0.256744,0.8106,-0.39207903,0.15498,-0.13244501,-0.54122996,0.428375,0.519475,-0.102083996,-0.375075,0.14374,-0.10753499,-0.36535,-0.767785,0.07626,-0.5911,0.0047149956,0.10446499,0.136078,0.755795,-0.071361,-1.663895,-0.185147,0.37932003,1.1884999,-0.031165501,-0.0023749918,0.42117998,-0.37766,0.32874,0.85613,-0.489065,0.55910003,0.557485,0.154425,-0.30954498,0.08009501,0.2315245,-0.045712,0.360915,-0.05138001,0.15472001,-0.3034625,-0.61274505,-0.34280652,-0.492275,0.38947,0.36486,-0.538995,-0.15195,-0.917615,-0.6014,-0.502605,-0.42767498,-0.279265,-0.30524498,-0.139792,0.51145,0.3937,-0.37242,-0.60867,0.471515,0.12705502,-0.20955251,0.60712,0.51987
216,-0.1598072,0.16596566,0.171789,-0.120672725,0.0024239395,-0.12862317,-0.11980641,0.0889742,0.09834788,0.030368201,0.17238848,-0.07857788,0.15436415,-0.024253601,0.10118948,-0.24306831,0.23922129,0.1521525,-0.23651464,0.21889958,0.12064598,-0.0020094118,0.05865958,-0.15349545,-0.007917496,-0.08026086,-0.04042119,-0.29073167,-0.07467721,-0.1278828,0.004866446,0.5753513,-0.123588964,-0.12805504,0.231859,0.17142361,-0.18517683,-0.004419704,-0.044005774,-0.18717687,-0.14747828,-0.1687429,0.08391321,-0.25031847,-0.09365581,-0.0884385,0.057467226,-0.4133509,0.032045573,-0.6513083,0.2584391,0.09467984,0.084944725,0.80816585,-0.009641886,-1.7039511,0.017922703,-0.06347963,1.615986,0.22665805,-0.17943496,0.220525,-0.2156179,0.07327227,0.57886577,-0.03522883,0.24964035,0.054146986,0.37628475,-0.1571561,-0.2634928,-0.21503994,0.08563808,-0.20282306,0.28678095,0.12872359,0.050879505,-0.10969885,-0.6681496,-0.062735885,0.6428395,-0.06138255,-0.3540305,0.0003332483,-1.2845758,-0.15047623,0.2225257,-0.101008676,-0.31904975,-0.23041987,-0.17573921,0.12268045,0.07519745,-0.15689924,-0.2841467,-0.015435791,-0.01593666,-0.2687915,0.5212511,0.17521587
217,0.14247467,0.14413166,0.0022216663,-0.18772568,-0.23822732,-0.040841665,-0.25639185,0.30484834,0.3015475,-0.09482351,0.130087,0.32698983,0.113541685,0.05486217,0.2965375,-0.41854,0.074133165,0.21430665,-0.17595834,0.14288948,0.2954217,0.036660336,-0.18933801,-0.28417617,0.15652733,-0.010126163,-0.325897,-0.48462167,0.054574322,-0.143013,0.17363334,0.501604,-0.197145,-0.21204998,0.0800465,0.40646183,-0.132934,-0.10722517,-0.15427333,-0.22622834,0.21144502,-0.07197218,0.05247499,-0.38781333,-0.168535,0.074039996,-0.070655875,-0.06155217,0.119933166,-0.85253507,0.28153574,-0.06641917,0.019758496,0.71593666,-0.0945,-1.7068833,-0.15423334,-0.178141,1.48779,0.230272,0.10577483,0.5060867,-0.20644169,0.02182133,0.69598836,-0.18594418,0.358256,0.4713033,0.20783664,-0.32943165,0.09365183,-0.22369967,-0.017761333,-0.12932266,0.135745,0.20306166,-0.081099994,0.039270002,-0.55623835,-0.119988166,0.262776,-0.29206333,-0.25495502,-0.27083382,-1.2765766,-0.30920318,0.089038335,0.093426,-0.34991363,-0.15193667,-0.10887099,0.014202501,0.04451333,-0.42021903,-0.70471334,-0.030261664,0.23333836,-0.13320927,0.36485472,0.066388495
218,-0.27677983,0.15163757,0.38935778,-0.25314757,-0.056741934,0.14562152,-0.120833665,0.14843455,0.36972535,-0.008289533,0.17791526,-0.03422827,0.22573783,-0.2604973,0.02584695,0.09937766,0.1441285,0.20819038,-0.3423848,0.24274133,0.010354032,-0.19925527,0.06226206,0.044999108,0.07079776,0.0506971,-0.020893376,-0.25032228,-0.019583173,-0.029338403,0.112008095,0.5441893,-0.063509226,0.21653663,0.1926043,0.31510958,-0.20495874,-0.0275816,0.053760767,-0.41051683,-0.04539763,0.019819168,-0.0911504,-0.28255212,-0.100736,-0.12866423,-0.14787671,-0.3005877,0.056274485,-0.628653,0.19842295,0.14018534,0.087638736,0.45053795,-0.19667506,-1.4999892,-0.05517261,0.053847603,1.1654319,0.15779206,-0.14196405,0.38367748,-0.28865618,-0.017848868,0.6513787,0.094485894,0.2190044,0.19664723,0.16006869,-0.20373419,0.13352026,-0.050970357,-0.0007958581,-0.3421996,0.093760066,0.22563957,-0.031638693,0.065085426,-0.565077,-0.2464496,0.34635884,-0.37701628,-0.2239047,-0.035339493,-0.9719683,-0.036937494,0.138727,0.009099268,-0.27818033,-0.12261578,0.08217596,0.08048015,0.0807998,-0.20653482,-0.39143315,-0.17237313,0.060588997,-0.25153506,0.40887365,0.25934163
219,0.13742758,0.22344007,0.10772674,-0.28292358,0.10728794,0.08621295,-0.15825942,0.295189,0.09859459,0.012521732,0.23318914,0.11722222,-0.016021157,-0.04053028,-0.0022816062,-0.16231549,0.07746747,0.20603131,-0.16539894,0.32966632,0.2607945,-0.015299531,-0.088259794,-0.18429182,0.07499475,-0.14773783,-0.21309578,-0.4481935,-0.033314783,-0.22124429,0.038366355,0.4658647,-0.037178528,-0.024482576,0.038434755,0.39419004,-0.12614484,0.041009378,-0.03559021,-0.42956632,0.124881305,-0.2288921,0.14888422,-0.2987918,-0.2184258,-0.09521829,-0.19344164,-0.32273617,0.06477054,-0.75349236,0.02136711,-0.010195588,0.093510576,0.8152421,-0.34099263,-1.8283683,-0.22873163,-0.28601435,1.4798969,0.25436822,0.10042669,0.45252785,-0.36414266,0.13028169,0.54230523,-0.168806,0.42278597,0.23081838,0.1766091,-0.31187606,-0.18893936,-0.105452314,-0.120024055,-0.04354768,0.05925275,0.17342132,-0.09340888,-0.020595688,-0.6386126,0.038973793,0.4491721,0.021939743,-0.21585372,-0.19298762,-1.1204815,-0.11765721,-0.05697884,-0.20463075,-0.17671151,-0.07159803,-0.14133547,-0.15276937,0.15268652,-0.4954616,-0.5579342,-0.30342016,0.14292468,0.05066664,0.48425427,0.00093010697
220,-0.2001542,0.054712005,0.17928626,-0.07761348,-0.0010562502,-0.38484713,-0.08983875,0.1353912,0.20269425,0.056863114,0.2629566,-0.07648312,-0.06592155,-0.17746936,0.20286049,-0.49667946,0.13535763,0.04003906,-0.061958432,0.3771428,0.20484146,0.11122812,-0.10722419,-0.1757138,0.012543505,0.09914251,-0.2672441,-0.4097025,-0.34486583,-0.18879387,0.0028328728,0.7989575,-0.17895144,-0.23416062,0.2735518,0.42796627,0.03394808,0.24689145,-0.03985259,-0.48706615,0.21978088,-0.19536431,-0.0018683504,-0.4273766,0.05529313,-0.12704569,-0.15630431,-0.32529813,0.065203756,-0.50006,0.24702986,0.02913344,0.004436248,0.5880743,-0.19446532,-1.5344262,0.03919638,-0.12406847,1.5883663,-0.010311866,-0.10415745,0.12561044,-0.30169553,-0.10554037,0.36719158,0.026598938,0.29689956,0.27132124,0.3581769,-0.51895934,0.07814465,-0.19470102,0.16802026,-0.2204828,0.2515754,0.17974818,-0.01772607,-0.040662337,-0.58625495,-0.017852439,0.73779374,-0.2311478,-0.18591908,-0.1751634,-1.1249754,-0.10971238,0.169168,-0.20300025,-0.19107537,-0.1238177,-0.17810452,0.056087818,0.07544774,-0.54142374,-0.42875165,-0.11138685,0.13084187,-0.17091,0.6302422,-0.0030709468
221,-0.10504366,0.18929921,0.21939509,-0.19967878,0.018759394,-0.11470282,-0.089042395,0.24096417,0.09433678,-0.040346548,0.19943868,0.04579942,0.1262828,-0.099119775,0.042445067,-0.21487929,0.13042201,0.19241947,-0.24935468,0.14305452,0.31893945,-0.046298936,0.019365573,-0.03972912,0.11646932,-0.13329361,-0.19616763,-0.42733732,-0.045826584,-0.18287061,0.011458461,0.5081575,-0.12621579,-0.05666377,0.24404092,0.42447367,-0.11595285,0.10253986,-0.097546004,-0.16916536,-0.14960687,-0.26252577,0.1892672,-0.40009668,-0.10670939,0.0006674966,-0.03447849,-0.3473604,0.05384819,-0.67522424,0.22221084,0.030442445,0.021214714,0.77175313,-0.11976344,-1.8173699,-0.17224514,-0.01848665,1.4856648,0.3909587,-0.12859932,0.4741296,-0.12099903,0.110664375,0.56278795,-0.19239475,0.31155413,0.18022288,0.13729276,-0.2786397,-0.18604966,-0.2248345,0.03935563,-0.16203097,0.13531806,0.18994969,-0.17790067,-0.12799932,-0.7451566,-0.0765322,0.6594828,-0.0968423,-0.3662448,-0.12706575,-1.2261205,-0.24214368,0.06410464,-0.13495989,-0.26127908,-0.29828522,-0.06470079,-0.014226648,0.048100602,-0.37720823,-0.6583981,-0.07562641,0.05897394,-0.058190074,0.5607834,0.13384525
222,-0.23888166,0.35645834,-0.061463345,-0.23349036,-0.31278998,-0.042541623,-0.26186836,0.32179868,0.119303666,0.07607867,0.09754333,-0.10751966,0.30846265,0.109826,-0.15264167,-0.26114333,0.16994584,0.54045,-0.5778666,0.43194005,0.017304502,0.085478336,-0.091353334,-0.42745838,-0.25329998,0.008829171,-0.21310599,-0.60836834,0.009282163,-0.15724166,-0.104810834,0.8873016,-0.29140997,0.11398834,0.17681502,0.33889547,-0.36828998,-0.0052879998,0.11000333,-0.27664533,-0.29562166,-0.038753342,-0.14894833,-0.23181617,-0.5515966,-0.10315017,0.22985868,-0.68668,-0.24590333,-1.1225833,0.13979767,0.28847334,-0.051204503,1.0640966,-0.1989857,-2.0873,-0.019701675,-0.040655,1.4647166,0.19914834,-0.22160667,0.99339336,-0.22327669,0.05516799,1.0170333,0.08019502,0.62337834,0.16021167,-0.09433333,-0.16074699,-0.07491499,-0.19708316,0.13160951,-0.17268817,0.3860967,-0.02162967,-0.19591732,0.12298333,-0.5999284,0.3163782,0.7066967,-0.3544215,-0.523705,0.17838667,-1.8316666,0.24351168,0.42691502,-0.03878667,-0.477479,-0.29891402,-0.31036767,-0.314787,0.096418165,-0.13469666,-0.26833165,-0.21283251,-0.290875,-0.40386,0.31579098,0.33220267
223,0.037348922,0.121392615,0.20455286,-0.2524675,-0.14146307,0.32520464,-0.16134416,0.32416993,-0.07601908,-0.13768378,0.15116784,0.124012165,0.08099899,-0.023744194,0.1010633,-0.35698238,0.245685,-0.037131544,-0.28872293,0.2557273,0.27020574,-0.010170145,-0.048117124,-0.25550926,0.23345262,0.061040767,-0.18482669,-0.42927462,0.15369315,0.15268978,-0.018362543,0.19804546,0.006765004,0.050655607,0.19923414,0.26304692,-0.026196618,0.06611577,0.036838885,-0.17756332,-0.33629,-0.038304307,0.20273517,-0.23331715,0.09277459,-0.096921764,0.04706162,-0.30966023,0.14347182,-0.60400236,0.2363736,-0.17865247,0.29774415,0.89363384,-0.13654931,-2.1041677,-0.04692557,-0.046776924,1.4559363,0.38727948,-0.131053,0.85766923,-0.23645176,-0.1459954,0.58406603,0.023102922,0.43572342,0.3834979,-0.111962765,0.1403543,-0.10109378,-0.23794922,-0.009082538,-0.2895661,0.13565208,0.18331231,0.0071262764,-0.13143472,-0.6218723,-0.08891877,0.5245731,-0.17654425,-0.39939234,0.0017350058,-1.1589885,-0.20983464,0.0622143,-0.06195684,-0.12719356,-0.27646002,0.046815082,-0.13228686,0.117728546,-0.124448694,-0.49168894,-0.106204696,-0.03735077,-0.002099231,0.2516047,0.16580684
224,-0.18008,0.084106,0.72864,-0.77307,-0.60034,-0.19223,-0.22914,0.42666,-0.12717,-0.0065352,0.83655,-0.065268,-0.16575,-0.88205,0.1876,0.076791,-0.27967,0.91433,-0.39398,0.66955,0.54149,0.32752,-0.094895,-0.51644,0.90136,0.54181,0.26746,0.68016,0.22842,-0.73537,-0.20871,-0.059895,0.24477,-0.037463,0.068086,-0.42048,-0.94419,0.34877,0.11188,-0.52052,0.53379,0.82981,0.36603,-0.095496,-0.05701,0.61821,0.58893,-0.025414,0.038517,-0.64536,-0.32316,-0.13728,0.73336,0.16069,0.1331,-1.1587,0.82379,0.47982,0.25612,-0.095601,0.21236,0.48335,-0.57491,0.12975,0.3161,-0.078513,0.33765,-0.28684,-0.15185,0.14687,0.68358,-0.30267,-0.13771,0.06876,0.31156,0.57659,-0.31029,-0.10508,0.4543,-0.0074264,0.3042,-0.02276,0.017446,0.28472,-0.35168,-0.0090702,0.24685,-0.14356,-0.37145,-0.35959,-0.17115,-0.069143,0.33538,0.1673,0.3042,-0.49773,-0.8218,-0.70383,0.094282,0.80785
225,0.0,0.0,0.0,0.0,0.0,0.0,0.0,0.0,0.0,0.0,0.0,0.0,0.0,0.0,0.0,0.0,0.0,0.0,0.0,0.0,0.0,0.0,0.0,0.0,0.0,0.0,0.0,0.0,0.0,0.0,0.0,0.0,0.0,0.0,0.0,0.0,0.0,0.0,0.0,0.0,0.0,0.0,0.0,0.0,0.0,0.0,0.0,0.0,0.0,0.0,0.0,0.0,0.0,0.0,0.0,0.0,0.0,0.0,0.0,0.0,0.0,0.0,0.0,0.0,0.0,0.0,0.0,0.0,0.0,0.0,0.0,0.0,0.0,0.0,0.0,0.0,0.0,0.0,0.0,0.0,0.0,0.0,0.0,0.0,0.0,0.0,0.0,0.0,0.0,0.0,0.0,0.0,0.0,0.0,0.0,0.0,0.0,0.0,0.0,0.0
226,-0.29553613,-0.04390425,0.19798695,-0.15376599,0.12853009,0.2761865,-0.047035333,0.06683654,0.33116874,-0.035002775,0.21047433,0.034946162,0.100427665,-0.11252552,0.11665458,0.011597998,0.054082844,0.18745667,-0.16441667,0.11518178,-0.048311274,-0.023271665,0.029435242,0.02082191,0.24241096,0.10199275,0.017874833,-0.08507546,-0.033802245,-0.14276333,-0.023590164,0.62877995,-0.03142083,0.08235816,0.42481267,0.17192174,-0.367563,-0.062036578,-0.028152922,-0.24895418,-0.03312293,0.011340671,-0.010501672,-0.15038732,-0.20298807,0.003917668,0.052144077,-0.2471164,0.09891134,-0.3978516,0.25565326,0.07542776,0.12478441,0.54810435,-0.10514525,-1.4190167,-0.18357895,-0.054074418,1.0356544,0.094039164,-0.27138135,0.4230981,-0.1057645,0.021811089,0.37376043,0.038591586,0.1283809,0.10449491,0.0066910274,-0.26364216,-0.07487234,-0.000993579,0.23438847,-0.43257105,0.13110717,0.1248095,-0.07252335,-0.13225217,-0.24459802,-0.20247251,0.19768973,-0.27114567,-0.24888583,0.017036673,-1.0264589,0.013426438,0.31765234,0.24223499,-0.18933038,-0.109966256,-0.039897244,0.39091095,0.11706782,-0.074142665,-0.09771515,0.023466172,0.05184983,-0.12693575,0.19847004,0.15661198
227,-0.0069247703,0.16142313,0.25953588,-0.11650507,0.11250575,-0.017174367,-0.024466028,0.077333376,0.12399361,0.052961156,0.14374602,-0.0051416354,0.18757522,0.022068447,-0.14606263,-0.20840804,0.09481859,0.071380116,-0.16212861,0.25315785,0.13588044,0.0015090595,0.102640554,-0.060719892,-0.08823561,0.07025967,-0.020234577,-0.04613663,-0.06143408,-0.016569003,0.15448298,0.36189494,-0.11198429,0.053229872,0.061388914,0.13401777,-0.021157285,0.04950205,0.02455702,-0.06338034,-0.13643385,-0.08202458,0.09556781,-0.2352025,-0.1584025,-0.023284707,-0.050902653,-0.23068802,-0.049494773,-0.56271994,0.07553115,0.0442637,0.013524078,0.62256354,-0.06303031,-1.2443252,-0.122690864,-0.20814845,1.2567307,0.151663,-0.09034886,0.24639165,-0.07784997,0.01380818,0.54126054,0.00675141,0.33150935,0.15714216,0.2115188,-0.0018992051,-0.0004314604,-0.09025905,-0.052776292,-0.18732224,0.27137744,0.17248291,0.06652492,-0.06568267,-0.5717013,0.070442945,0.46800166,0.010546964,-0.33752432,0.010796906,-1.05372,-0.07992536,0.12459288,-0.073555626,-0.32218954,-0.23839177,-0.028610433,-0.030693917,-0.01901026,-0.22788326,-0.15300019,0.04529665,-0.022929763,-0.09508247,0.42910942,0.044866636
228,-0.30632076,0.38751748,0.6337455,0.065724,0.044695124,-0.5108205,-0.072072,0.147631,-0.012869999,-0.1137442,0.055766255,-0.15071574,-0.010288877,-0.053713296,-0.030380001,-0.13572675,0.31593004,-0.037117515,-0.21022873,-0.16344875,0.5323514,0.04161249,0.25978002,-0.1923075,0.29270688,0.10399388,-0.165005,-0.19319327,-0.29715222,-0.17210275,-0.07726337,0.2611891,0.015916001,-0.3256871,0.23775099,0.3300284,-0.049771126,-0.09763799,-0.32020214,-0.34359002,-0.11212876,-0.257498,0.30680975,-0.43696752,0.29524744,0.185458,0.15589374,-0.3009465,-0.015687753,-0.5422976,0.344,0.45872936,0.01549262,0.44749877,-0.24060614,-1.7266513,-0.5684071,-0.1904679,1.5334125,-0.13902725,-0.2345715,0.1558046,-0.18581751,0.031653766,0.47951877,-0.21769625,0.14639737,0.08740625,0.5409213,-0.25346202,-0.066307634,-0.20669113,0.06556499,0.070308745,0.21603113,0.032221504,-0.15885188,0.039251346,-0.61355,0.0939975,0.57584625,-0.029636625,0.011713579,-0.08097739,-0.90003747,-0.24647117,-0.31332752,-0.40488172,-0.13345088,-0.40061796,-0.16999036,0.15232837,0.29216623,-0.44883496,-0.7939775,0.11266746,-0.087653145,-0.350492,0.71363497,0.0875415
229,-0.01907067,0.00026433583,0.24757464,-0.062955275,-0.035892997,0.17449228,-0.11093199,0.08939461,-0.008285161,0.06202267,0.19492969,0.04046999,0.23521529,0.048098322,-0.019287886,-0.34736812,0.16573346,0.17529435,-0.33207437,0.18430515,0.03300001,0.04010633,0.08735668,-0.10396728,0.056850255,-0.10224179,-0.23085506,-0.2711808,0.26679358,-0.113748044,0.11918701,0.507571,0.023222506,0.18090178,0.16705093,0.15699105,-0.14832205,0.06822732,-0.13513762,-0.07698246,-0.2895663,-0.06885466,0.06148266,-0.275926,-0.056259222,-0.14072238,0.071763165,-0.32925284,0.19382513,-0.6954755,0.2628846,-0.0077627217,-0.0697353,0.86691,-0.15721112,-1.8883909,-0.089460835,-0.10544017,1.5588845,0.6089238,-0.120431274,0.37205538,-0.2671606,0.113428555,0.562948,-0.027315993,0.25663242,0.34306046,0.13046439,-0.051104017,-0.11299678,-0.13248724,-0.036899496,-0.40948114,0.21161924,0.2042461,-0.10155126,0.05003111,-0.6616222,-0.045325067,0.41626054,0.08272722,-0.5354934,-0.10016444,-1.4369917,-0.3224686,0.31595716,-0.08417621,-0.34257513,-0.2517271,-0.20737535,-0.111596555,-0.081525736,-0.2848892,-0.351069,0.019018168,-0.027873006,-0.14234,0.17841661,0.22164364
230,0.0,0.0,0.0,0.0,0.0,0.0,0.0,0.0,0.0,0.0,0.0,0.0,0.0,0.0,0.0,0.0,0.0,0.0,0.0,0.0,0.0,0.0,0.0,0.0,0.0,0.0,0.0,0.0,0.0,0.0,0.0,0.0,0.0,0.0,0.0,0.0,0.0,0.0,0.0,0.0,0.0,0.0,0.0,0.0,0.0,0.0,0.0,0.0,0.0,0.0,0.0,0.0,0.0,0.0,0.0,0.0,0.0,0.0,0.0,0.0,0.0,0.0,0.0,0.0,0.0,0.0,0.0,0.0,0.0,0.0,0.0,0.0,0.0,0.0,0.0,0.0,0.0,0.0,0.0,0.0,0.0,0.0,0.0,0.0,0.0,0.0,0.0,0.0,0.0,0.0,0.0,0.0,0.0,0.0,0.0,0.0,0.0,0.0,0.0,0.0
231,0.048554998,-0.2823975,0.15226251,-0.15108475,-0.24481599,0.19462,-0.22208351,0.49733,0.18574,0.20868075,0.12827,0.4688325,0.25519997,0.081144504,0.26137498,-0.5245875,0.043531004,0.4176175,-0.054422498,0.32744324,0.037703753,-0.1571325,0.029772505,-0.065924995,0.07984249,-0.1170675,-0.1423475,-0.175605,0.15463,-0.55525553,0.10908501,0.259724,-0.3556375,0.040540904,-0.11457851,0.4829425,0.196985,-0.2339735,-0.5420445,-0.2086275,-0.14498751,0.042978995,0.31472775,-0.44178998,0.23000774,-0.36891252,-0.082728,-0.463425,0.14739226,-0.59503,0.3927435,0.053624175,0.16280425,0.48809248,-0.20243275,-1.51993,0.069332495,-0.06979477,1.7544249,0.3866775,-0.17828251,0.030517496,-0.39692098,0.08785651,0.80060744,-0.2605925,-0.33407,0.141334,0.07801776,-0.3281675,-0.36793876,-0.32215774,-0.081345,-0.30936074,0.33680925,0.6147225,-0.19366075,-0.043580502,-0.8804925,0.06073,0.433703,-0.5789825,-0.0777325,0.017995,-1.0067525,-0.19251925,0.2325425,-0.12421075,-0.21844025,-0.029764999,-0.46907753,-0.23254877,-0.035143998,-0.30904448,-0.34021848,0.0011457521,0.3474475,0.13183251,0.10345775,-0.16843137
232,-0.073388085,-0.012637074,0.11926333,-0.122085005,-0.19642268,0.07044366,0.00039084256,0.17827924,0.29597464,0.100788854,0.29672226,-0.09153554,0.14683817,-0.08981208,0.05261463,0.035165053,-0.03114709,0.2676964,-0.26817533,0.18857284,-0.056584667,-0.14929111,0.14780666,0.0323192,0.04191782,-0.00865925,-0.22941649,-0.23883224,-0.014983165,-0.141215,0.05369692,0.51203185,-0.16397391,-0.029352413,0.016965171,0.13162358,-0.37483263,-0.21232943,0.186215,-0.19718401,-0.19261074,-0.01967954,-0.035379585,-0.13853826,-0.27184668,0.15177767,-0.05984649,-0.35194242,0.09197867,-0.55789083,0.09616992,0.1318915,0.009079088,0.6458214,-0.1773398,-1.1984525,-0.160225,0.07948809,0.958745,0.21435416,-0.22492228,0.41041824,-0.09668725,0.01378418,0.43694925,0.23789589,0.28394905,-0.13765009,0.033605088,-0.21336554,0.010788332,-0.038590834,-0.019247657,-0.086121656,-0.017311737,0.07165348,-0.06702341,0.077448994,-0.3756379,0.085885584,0.39466044,-0.29179928,-0.37174773,0.24967162,-0.74138886,0.15712458,0.1579716,0.027757918,-0.3571231,-0.104193665,0.14587858,0.10795411,-0.065804325,-0.08592833,-0.2010325,-0.10953858,0.1359805,0.02333533,0.30389497,0.12663975
233,0.40017,0.4083,0.0027361,-0.2679,0.15986,0.34322,-0.080405,-0.28808,0.7889,0.0053021,-0.35737,0.61335,-0.01852,-0.3333,-0.048305,0.23374,-0.34893,-0.44163,-0.11915,-0.37435,-1.0699,-0.30928,-0.28468,-0.21658,-0.035066,0.13106,-0.20477,0.016205,0.036241,-0.45262,0.23254,0.38095,-0.033195,0.14131,0.41115,-0.19043,-0.41704,-0.68507,0.53289,-0.12457,0.35438,0.057309,-0.11111,-0.021978,0.17203,-0.058609,0.083666,0.14063,-0.1134,0.34839,-0.30356,0.28894,0.17035,-0.10487,-0.043861,0.73924,-0.47551,-0.17454,-0.21695,0.084768,-0.19368,0.077156,0.08596,0.039736,0.014468,-0.066106,-0.23412,-0.049813,0.056609,-0.24087,-0.25795,-0.48904,-0.030319,0.38402,0.083532,-0.23908,0.28898,-0.42863,0.40143,-0.068507,0.25058,0.49452,-0.4527,-0.29563,0.21963,-0.27654,-0.37753,0.3139,0.34611,-0.049121,-0.14414,0.44235,0.24103,-0.67213,0.94234,-0.35264,0.59344,0.0085165,-0.68993,-0.10418
234,-0.15070376,0.07486737,0.5468225,-0.036952257,0.015615262,0.03420519,-0.1729175,0.03960862,0.21621907,-0.15328299,0.18905,-0.0093247555,0.23742625,-0.61614877,0.05621887,0.093215376,0.1991964,0.19501996,-0.08759312,-0.102184996,0.20677063,-0.023160875,0.3596435,-0.047756247,0.1424275,-0.30838126,-0.268473,-0.3431716,-0.29862636,-0.12195999,-0.01896,0.3766775,0.015458461,-0.24525,0.19159187,0.3904959,-0.24212152,-0.13514675,-0.02310713,-0.21010113,-0.03564512,-0.3246526,0.057599876,-0.29680628,-0.403884,0.365745,-0.19869688,-0.0385205,-0.07772629,-0.6245502,0.40715376,0.11325275,0.17174186,0.71902496,-0.00561326,-1.3251201,0.20712785,0.18309139,1.2737062,0.091974504,-0.31213626,0.4185662,-0.006969996,0.17811799,0.48476624,-0.24062186,0.19172312,-0.06463325,0.20707126,-0.2929201,-0.4136902,-0.052563373,0.015754253,-0.009587884,0.16422251,-0.023750007,-0.0538995,-0.106831014,-0.4638909,-0.116465576,0.25369048,-0.101461254,-0.3630138,-0.120084755,-0.8122882,-0.2233085,-0.19582625,-0.55024123,-0.38523835,-0.25223315,-0.30872113,0.36006376,0.056075238,-0.28102088,-0.33556128,-0.02578787,0.07248424,-0.2528955,0.5648712,0.19931713
235,-0.07721334,0.46061334,0.31636998,0.06951801,-0.12012533,-0.13039334,-0.36881998,0.015413334,-0.22777833,-0.157013,0.42787364,0.27952334,0.29454002,0.07001666,0.13969733,-0.19121134,-0.260852,0.37764665,-0.29607666,0.21091999,0.6119533,-0.0012253722,0.26106334,0.013155599,-0.035984814,-0.29740167,0.07694051,-0.50722235,-0.07703334,-0.31265166,0.17323667,0.038840014,0.005536,-0.13212633,0.24819666,0.57128334,0.43890968,0.06384767,0.18166333,-0.35215333,-0.30043268,-0.12475333,-0.113199,-0.27817002,-0.113307334,0.09123633,0.18769665,-0.051419992,-0.1867937,-0.5528733,0.2217257,-0.158851,0.073513664,0.94914335,-0.065140665,-1.9153,0.074699335,-0.28323,1.6504334,0.11860367,-0.013851334,0.55033994,-0.116710335,0.13067,0.90967673,0.056520324,0.82691,0.09165334,0.43168,-0.41893998,-0.4579667,0.13669834,0.06548666,-0.038173337,0.07821867,-0.16247667,0.17077434,0.07695732,-0.68425673,0.34440002,0.83518666,0.1969033,-0.4589567,-0.41632,-1.2344867,-0.44072732,-0.4514,-0.29009268,-0.16066568,-0.13260533,-0.26342466,-0.045300007,-0.14220767,-0.20207334,-0.7456367,0.14339666,-0.25156668,-0.256178,0.37453333,0.20300402
236,-0.11941911,0.30133557,0.3977513,-0.16994268,-0.252718,-0.3547581,0.07539643,-0.08897322,0.008553783,-0.029702216,0.14411645,-0.28602314,0.17757955,-0.15032214,0.16368888,-0.025608672,-0.116406985,0.35110688,-0.09821777,0.45700324,0.096881896,0.020215247,0.011336555,-0.073017254,0.039984226,0.32577097,-0.095688224,-0.5068456,-0.44955668,-0.20655777,0.019237785,0.7494576,0.040572222,-0.12632185,0.473446,0.3761922,-0.21772078,0.20195098,0.017600158,-0.55096334,0.123315655,-0.2015,0.009677006,-0.3484942,-0.27174377,-0.10315221,0.06463999,-0.2542649,-0.024634222,-0.9279889,0.17555568,-0.15427712,0.040921,0.74729335,0.06787956,-2.016,0.058373675,0.12725145,1.4809189,-0.09390777,-0.080985904,0.44555965,-0.56746864,0.08470389,0.6653578,0.006850342,0.42603955,0.039875556,0.33686554,-0.62057555,0.34582335,-0.032406002,0.07578621,-0.22392818,0.4385589,0.11942278,-0.12122554,-0.09486799,-0.43976334,-0.18859383,0.30855525,0.08985223,-0.5650295,-0.13015988,-1.1052085,-0.1608511,0.017726775,-0.28989622,-0.444043,-0.3588741,0.13059576,0.12561601,0.04938767,-0.2857667,-0.46078444,0.02577889,-0.06390523,-0.3245101,0.6527455,0.4066279
237,-0.0392954,0.27299398,0.62746197,-0.38333002,-0.36473602,0.08468805,-0.08575799,0.0767354,0.635354,-0.501258,0.27960843,0.3936804,0.2585354,0.0023357957,-0.017365001,-0.132248,-0.18794899,0.60295403,-0.628078,0.543892,0.0710898,0.07875019,-0.245554,-0.655016,0.040798,0.074633405,-0.2103504,-0.636084,0.2696692,-0.62707996,-0.014552206,0.85622996,0.15261641,0.035075206,0.26052803,0.137535,-0.41757935,-0.027959999,0.34121394,-0.5281248,-0.154954,0.14879985,-0.091865994,-0.620206,-0.6819608,-0.018117394,0.38066602,-0.20395,-0.09007619,-1.15797,0.302212,0.0025067956,0.058062993,0.583862,-0.062605396,-1.883604,-0.082828,0.37311202,1.2237079,0.435318,-0.21981618,1.25245,-0.430554,-0.410014,0.908062,0.38913,0.669438,0.29493803,-0.309558,-0.101777,0.152926,-0.307246,-0.07694958,-0.3817646,0.32521442,0.133778,-0.108673,-0.29416937,-0.32952198,0.044417806,0.20867398,-0.335244,-0.57282,-0.1331462,-1.383424,-0.1790646,0.13828103,-0.23029514,-0.29258803,-0.34868184,-0.18787661,0.038853806,0.11017001,-0.140787,-0.2759352,-0.05100841,-0.09909999,-0.1293762,0.114899,0.39429396
238,-0.10736201,0.11738334,0.49195,-0.20493667,0.11614999,0.21883933,-0.17182668,-0.347042,0.14938368,-0.38328335,0.07908999,-0.17682,0.09226867,-0.17333001,0.07447667,-0.10503333,0.326186,0.41786668,-0.64466,0.90724665,0.050457,0.009181672,-0.06290666,0.091303326,0.35919932,0.77105,0.036711674,-0.119881004,0.21475999,-0.16671999,-0.19818334,0.875511,0.22704534,-0.027840003,0.27057436,0.16224582,-0.4391867,0.39859,0.22696,-0.44682667,0.001068001,0.25657335,0.112712555,-0.41000333,0.06572333,-0.13632333,0.039326686,-0.25173932,0.46025,-0.27136,-0.12259666,0.27682,0.5483867,0.5221934,-0.07203167,-2.03351,-0.15705666,0.138823,0.87436336,0.09557667,-0.05972734,0.74761564,-0.48227,0.08558667,0.48969665,0.19918667,0.454782,-0.038553,0.44390234,-0.35308334,0.4302907,0.27608335,0.33551335,-0.3161843,0.09574667,0.521843,0.0058163307,-0.240162,-0.56060666,-0.16075666,0.01589334,-0.14904334,0.12020334,0.276407,-0.89073896,0.062351,-0.23004667,-0.57236665,-0.39487,-0.18275332,0.101993345,0.32263267,0.0010266677,0.1297,-0.39813665,-0.19014668,-0.39023665,-0.72028,0.5850293,0.4293833
239,-0.2118356,-0.13563058,0.30555955,0.17127171,-0.21725115,-0.054945853,0.20999111,0.19860427,-0.064345576,0.16336635,-0.117755,0.03664214,0.43495888,-0.013903595,0.31428045,-0.02777828,0.12784472,0.020284567,-0.23724855,-0.13852158,0.034680154,-0.03434143,-0.053675864,-0.14653957,-0.06341528,0.06125372,-0.014027564,-0.283119,-0.09949686,0.053155005,-0.026439993,0.175314,-0.14703058,-0.12160472,0.35691428,0.4027157,0.0018657105,0.32346985,-0.10339383,-0.18005028,-0.32324886,-0.00618428,0.3854447,0.027021434,-0.044485144,-0.07548386,0.19267845,-0.14252587,-0.21010944,-0.4842286,0.51236004,-0.20952642,0.13470857,0.70612866,0.0030850086,-1.7566215,-0.37193003,-0.32554898,1.26244,0.51706,-0.033430573,0.5470272,-0.35419717,-0.10057914,0.58349997,-0.01712222,0.09760286,0.015121155,0.23426759,-0.13729285,-0.005643998,0.02163386,-0.0017527214,-0.2271144,0.5563157,0.007910703,-0.045844432,-0.15904857,-0.56782025,-0.16285515,0.20649001,0.20457228,-0.363615,0.24779442,-0.9572829,0.092578575,0.13880043,-0.16153686,-0.26454142,-0.21154286,0.10064871,-0.30213144,-0.14087272,0.002044286,-0.27812713,0.19789144,-0.173809,-0.33209658,0.29746985,0.128472
240,-0.013786,0.38216,0.53236,0.15261,-0.29694,-0.20558,-0.41846,-0.58437,-0.77355,-0.87866,-0.37858,-0.18516,-0.128,-0.20584,-0.22925,-0.42599,0.3725,0.26077,-1.0702,0.62916,-0.091469,0.70348,-0.4973,-0.77691,0.66045,0.09465,-0.44893,0.018917,0.33146,-0.35022,-0.35789,0.030313,0.22253,-0.23236,-0.19719,-0.0053125,-0.25848,0.58081,-0.10705,-0.17845,-0.16206,0.087086,0.63029,-0.76649,0.51619,0.14073,1.019,-0.43136,0.46138,-0.43585,-0.47568,0.19226,0.36065,0.78987,0.088945,-2.7814,-0.15366,0.01015,1.1798,0.15168,-0.050112,1.2626,-0.77527,0.36031,0.95761,-0.11385,0.28035,-0.02591,0.31246,-0.15424,0.3778,-0.13599,0.2946,-0.31579,0.42943,0.086969,0.019169,-0.27242,-0.31696,0.37327,0.61997,0.13889,0.17188,0.30363,-1.2776,0.044423,-0.52736,-0.88536,-0.19428,-0.61947,-0.10146,-0.26301,-0.061707,0.36627,-0.95223,-0.39346,-0.69183,-1.0426,0.28855,0.63056
241,-0.030769,0.11993,0.53909,-0.43696,-0.73937,-0.15345,0.081126,-0.38559,-0.68797,-0.41632,-0.13183,-0.24922,0.441,0.085919,0.20871,-0.063582,0.062228,-0.051234,-0.13398,1.1418,0.036526,0.49029,-0.24567,-0.412,0.12349,0.41336,-0.48397,-0.54243,-0.27787,-0.26015,-0.38485,0.78656,0.1023,-0.20712,0.40751,0.32026,-0.51052,0.48362,-0.0099498,-0.38685,0.034975,-0.167,0.4237,-0.54164,-0.30323,-0.36983,0.082836,-0.52538,-0.064531,-1.398,-0.14873,-0.35327,-0.1118,1.0912,0.095864,-2.8129,0.45238,0.46213,1.6012,-0.20837,-0.27377,0.71197,-1.0754,-0.046974,0.67479,-0.065839,0.75824,0.39405,0.15507,-0.64719,0.32796,-0.031748,0.52899,-0.43886,0.67405,0.42136,-0.11981,-0.21777,-0.29756,-0.1351,0.59898,0.46529,-0.58258,-0.02323,-1.5442,0.01901,-0.015877,0.024499,-0.58017,-0.67659,-0.040379,-0.44043,0.083292,0.20035,-0.75499,0.16918,-0.26573,-0.52878,0.17584,1.065
242,-0.34332696,0.15846126,0.44661534,-0.03304067,-0.08241293,0.0037760728,-0.074479066,-0.07189453,0.28996238,-0.040623404,0.048224665,0.17048213,0.37192544,-0.009383326,-0.184375,0.13311492,0.058819868,0.12982506,-0.14277573,0.06882758,0.08090424,-0.10084621,-0.14594556,-0.1524988,0.071650006,-0.044067536,-0.10834997,-0.39584306,-0.04477233,-0.049302064,0.09544374,0.23707813,-0.14151508,-0.1682696,0.15523049,0.075211145,-0.119089395,-0.16298531,-0.02344333,-0.139293,-0.061194137,-0.20467748,0.3200373,-0.2553863,-0.10132873,-0.07642033,0.04761333,-0.06474561,-0.14680086,-0.766598,0.53047484,0.2573568,0.07258641,0.58563656,-0.009579007,-1.556232,-0.0348364,-0.1300538,1.2710553,0.34285015,-0.18262227,0.44482592,-0.19237633,0.083885,0.561194,-0.12307628,0.37870514,0.23967871,-0.017891675,-0.24806993,-0.11513981,-0.18498567,0.062319096,-0.22612594,0.3318843,0.009976862,-0.02858854,-0.12123346,-0.64587057,0.042541675,0.47546992,-0.11764065,-0.2582804,0.14631565,-0.7911914,-0.279353,0.21873431,0.24781734,-0.3629474,-0.15575752,-0.1293878,-0.01684066,0.116996005,-0.13313708,-0.3570271,0.07543766,0.06496436,-0.22428706,0.20179622,0.19108748
243,-0.13851,-0.16673924,0.1944775,-0.2459175,-0.17727502,-0.162108,-0.1623575,0.217976,0.44967127,0.09958625,0.35687023,-0.272255,0.29248518,-0.29085174,0.15133674,0.010794967,0.157285,0.18778753,-0.36447752,0.58171505,-0.267795,-0.12502,0.04392425,0.25044474,0.12837067,0.12898003,0.09512853,0.3384,-0.034671005,-0.090128504,0.2790125,1.027535,0.03811475,-0.16668251,0.181105,0.17379,-0.71381974,-0.06244675,0.4768125,-0.42237526,0.35724986,0.13889249,-0.07136351,-0.08773375,-0.017457515,0.18491802,0.1432325,-0.3075975,0.12452251,-0.273305,0.525905,0.11623724,0.08710325,0.4329575,-0.12102625,-1.11789,0.07898926,0.060972236,1.597765,0.15919,-0.1010125,0.054084256,-0.172535,-0.14404751,0.22973825,-0.205055,0.2133415,-0.2154865,0.716635,-0.037892506,0.08503299,-0.070512496,0.22178249,-0.453295,0.5791725,0.51624507,0.11867499,-0.080176495,-0.69989,-0.21533024,0.326615,-0.014907513,0.051855005,0.40968025,-1.1182292,-0.2391225,0.057269998,-0.4494725,-0.4235255,-0.0271745,0.38927776,0.58436006,0.204025,-0.15225498,-0.0613415,0.15974274,0.20999,-0.13661875,0.48633248,0.35003826
244,0.0205441,0.32807618,0.46076673,-0.33157638,-0.2958634,-0.09586521,-0.027517606,0.1654971,-0.0706255,-0.22703281,0.1125975,-0.019204294,0.21951401,-0.032474525,-0.04228433,-0.1720886,0.1321168,0.326305,-0.39078102,0.46117657,0.30042142,0.1275951,0.13865499,-0.16577248,0.19324651,0.03893309,-0.22233883,-0.648355,0.124174595,-0.35046268,-0.114421204,0.6397208,0.0884317,-0.1068712,0.4392569,0.4797361,-0.18295372,0.2647465,-0.028691178,-0.33982602,-0.080786005,-0.2734567,-0.073892996,-0.61470807,-0.27423412,0.0498446,0.1853436,-0.31008,-0.083619304,-1.052578,-0.010035003,-0.056803007,-0.12964149,0.87128496,-0.03708629,-2.41946,0.06656263,0.121700704,1.521648,0.17392449,-0.2157462,0.65576506,-0.58537203,-0.1002514,0.81106204,-0.0051129996,0.41885766,0.30772048,0.0781202,-0.47695756,0.039007552,-0.38738552,-0.003550297,-0.22066402,0.24584201,0.026611883,-0.05060894,-0.31454355,-0.45190078,0.024339592,0.44625393,-0.0719974,-0.590985,-0.04947049,-1.33426,-0.2518755,-0.064705595,-0.065324344,-0.16879001,-0.406771,-0.23176178,-0.071385905,0.1376546,-0.1896261,-0.607605,0.0987393,-0.075094804,-0.17507872,0.4310701,0.47267658
245,0.05190126,0.018056173,-0.026353655,-0.02379708,-0.05047257,-0.02832814,-0.13571027,0.16338086,0.08216922,0.053504914,0.09984899,0.20582025,0.21793176,0.032548256,0.14250317,-0.14036989,0.18116416,0.24543843,-0.22241737,0.07894967,0.20277007,0.05550299,0.00017847898,-0.25966588,-0.0062870784,-0.08886814,0.048673723,-0.20823379,-0.11919268,-0.14377843,0.23314907,0.37015176,0.013933612,-0.1866232,0.17841706,0.30067804,-0.07556618,-0.08652179,-0.045435347,-0.31643116,0.12998654,-0.20655607,0.12771581,-0.19928579,-0.09368407,-0.05048295,0.020839514,-0.1972332,-0.02391753,-0.5636818,0.26981103,0.11544887,0.14164639,0.613823,-0.24284421,-1.2850066,-0.11618689,-0.19862375,1.438163,0.25896797,-0.023120178,0.29184473,-0.10904715,0.089758925,0.3676526,-0.053960826,0.17189658,0.13476935,0.4471351,-0.1744112,-0.19581488,-0.17237492,0.073675744,-0.06751051,0.20599301,0.085594766,0.022527954,-0.09409492,-0.6361169,-0.11794196,0.34697682,-0.12306961,-0.2912617,0.055419773,-1.022317,-0.21451388,0.12602262,-0.25363088,-0.25076774,-0.13306966,-0.15959422,0.10595476,-0.090646826,-0.38579476,-0.31334168,-0.049871076,-0.03310307,-0.12901479,0.277429,0.07791864
246,-0.21260639,0.16312885,0.07513447,-0.22419344,0.03749416,0.11306754,-0.22644454,0.10069071,0.33990252,-0.14756604,0.27134117,0.03673675,0.16323467,-0.32054862,-0.0072166896,-0.0012620366,0.02518749,0.23461632,-0.13611493,0.22221938,0.005887974,0.16811718,0.008203988,-0.07143186,0.043327738,0.01905011,-0.12483388,-0.34585926,-0.1634534,-0.10780566,-0.097002365,0.5140639,-0.11793336,-0.170574,0.31033337,0.1684096,-0.14867695,0.048241764,0.15205139,-0.21934968,-0.004386959,-0.32081595,0.07688947,-0.42195588,-0.37925136,0.042777605,0.014565202,-0.16386032,-0.061692726,-0.7179212,0.06714436,0.09407953,-0.045515638,0.647268,-0.15212873,-1.4311566,-0.053029995,0.073693216,1.2163504,0.12018015,-0.14199816,0.49637878,0.00037047386,0.09851824,0.58904827,0.11521356,0.44035313,0.14290372,0.17901947,-0.19680843,0.008855161,-0.2358181,-0.07681028,-0.4059366,-0.01571551,0.2990371,-0.0008936143,-0.1293018,-0.25223234,-0.0718436,0.4127418,-0.13556293,-0.43220004,0.16116644,-0.9406155,-0.028675482,0.018160574,-0.022259327,-0.18031105,-0.14755677,-0.18892634,0.21715309,0.19394892,-0.31139937,-0.23852833,-0.19295692,0.036560435,-0.14078848,0.5256123,0.3088067
247,-0.17235774,0.13362235,0.2326925,-0.045463998,-0.030700723,0.16372441,-0.050376445,0.36643618,-0.17764169,-0.16673148,0.14920788,0.033324666,0.15011558,0.051406298,0.037375372,-0.38359138,0.20236853,0.16409718,-0.3487104,0.024859618,0.2945884,-0.117819995,0.11635937,-0.0043366253,0.12846375,0.03523019,-0.35813928,-0.20754208,0.27866894,-0.04539574,-0.22142975,0.16614002,-0.019026212,-0.08068896,0.054663755,0.25805172,-0.13141386,-0.06842529,-0.015199106,-0.11649976,-0.37506545,-0.15693712,0.25512737,-0.35566366,0.013295555,-0.07513596,-0.14084251,-0.31294593,0.14254631,-0.68943393,0.11860729,-0.045825075,0.21190146,0.90040666,-0.24210471,-2.0522177,-0.2853385,0.017202938,1.6364855,0.3189794,-0.22602253,0.6028863,-0.2661575,-0.13523896,0.49005777,0.06806742,-0.0011355104,0.18218803,0.11988124,-0.22906287,-0.0035516974,-0.37116954,-0.15029109,-0.47162494,0.28921983,0.41353554,-0.31427684,-0.15677011,-0.55213845,-0.101466194,0.4700722,-0.031560633,-0.46118513,0.022125114,-1.1318219,-0.090596825,0.16918258,-0.18030366,-0.1165296,-0.22149518,0.04754053,-0.014740037,0.15616922,-0.13098224,-0.5539052,-0.03710307,0.32786548,0.012524779,0.30774808,0.15177825
248,-0.1678479,0.12458701,0.30562556,-0.33581778,-0.29837522,0.27803656,-0.1313761,-0.048086654,0.38261712,-0.085521445,0.23075864,-0.06112889,0.26414353,-0.035503108,0.030376783,-0.08244111,0.11594233,0.11456112,-0.54301,0.18777111,-0.026223328,0.011919886,0.109024115,-0.027285052,-0.18196668,0.012052221,-0.13699266,0.13993779,0.19631976,-0.3648433,0.2057449,0.35955754,-0.08391435,0.034716673,0.018116446,0.050845336,-0.22372487,0.0029447477,0.009156445,-0.19765818,-0.42079568,0.15260246,-0.067642555,-0.28542814,-0.31668335,-0.031088445,0.042144198,-0.33809412,0.06894222,-0.61657,0.45256314,0.23052043,0.13385022,0.4954789,-0.0940211,-1.5053433,0.08160723,-0.20006135,1.1443734,0.27912667,-0.22569233,0.56869334,-0.267865,-0.49670988,0.57711244,-0.06339434,0.42256108,0.17786832,0.23247665,-0.1923135,-0.06750744,-0.15315667,0.083528884,-0.658817,0.2807911,0.40958658,0.08049158,-0.206331,-0.8318578,-0.010536558,0.6423993,-0.008092337,-0.31944078,-0.10971555,-1.2903622,-0.11804267,0.39931992,-0.102959566,-0.4973632,-0.3054168,0.06463156,0.31228447,0.23972175,-0.098557554,0.035617787,-0.043948337,-0.1360569,-0.12581155,-0.012589998,0.24681412
249,-0.11568558,0.1567506,0.27230063,-0.29614913,-0.029138748,0.30698174,-0.071620874,-0.0670031,0.1127335,0.0012293751,0.2295043,-0.070447,0.28298724,-0.013109496,0.20366144,-0.14053187,0.22334063,0.16945688,-0.33944747,0.09578025,0.02223131,-0.16877344,0.09933576,0.23398356,-0.016388435,-0.04723988,-0.011986278,-0.12186223,-0.047761254,-0.15434238,0.19324788,0.55290514,-0.039298937,0.11860513,0.24411964,0.065883264,-0.07397956,0.034582596,-0.14487651,-0.014432602,-0.23776563,-0.12888154,0.23979726,-0.30736595,-0.14166671,0.006159808,-0.1096627,-0.2394955,-0.0025390629,-0.64324564,0.39769235,0.16413674,0.15193278,0.72774,-0.13076338,-1.8807694,-0.065101966,-0.2504133,1.4389919,0.52897185,-0.2228038,0.52443504,-0.36036846,-0.23132758,0.790867,0.03340531,0.19790168,0.35222346,0.3530465,-0.35790503,-0.2536049,-0.27674383,0.03960012,-0.5891885,0.17937423,0.11062362,0.06275365,-0.1814225,-0.91056377,-0.16208884,0.5748397,-0.14702563,-0.3720081,-0.13089162,-1.3138763,-0.013196562,0.3403447,-0.18904644,-0.1471456,-0.4064512,-0.2216722,0.21132687,0.035596184,-0.16618198,-0.1464785,-0.022136437,0.034382813,-0.24323118,0.23974098,0.009569496
250,-0.023240842,0.094540685,0.31622478,-0.16872123,0.03186361,-0.012811421,0.0023792433,0.08466984,0.14890708,-0.0630633,0.26513806,-0.113126084,0.2825126,-0.27030045,-0.024617154,-0.24586865,0.05355392,0.17347701,-0.59757364,0.23480001,0.16822392,-0.08115384,-0.03191208,-0.22215077,0.018627692,0.001810635,-0.10986101,-0.38277775,0.1140706,-0.01171292,0.16755345,0.51006657,0.08418346,0.038726687,0.00049123395,0.35411617,-0.11486754,0.20424339,0.009603767,-0.23512636,-0.11854409,0.030173616,0.4740423,-0.4391136,-0.070920005,-0.13480377,0.08846275,-0.25046486,0.048888154,-0.67085004,0.192533,0.070268996,0.3353407,0.689023,-0.13239315,-1.825699,-0.3618251,-0.03876739,1.1302264,0.3431328,-0.0005096957,0.5832675,-0.3047962,-0.12117706,0.6631777,-0.06561016,0.4915374,0.4867869,-0.006825925,0.049580853,0.09730429,-0.04812924,0.01609331,-0.251555,0.154191,0.13698776,-0.17208622,-0.1732757,-0.7183316,0.047634847,0.48877254,-0.29262632,-0.18010905,-0.18216838,-0.9713489,-0.16483885,0.12284053,-0.09103693,-0.259294,-0.35043046,0.15770692,0.08268922,0.07675084,-0.1671477,-0.6065784,-0.09879462,-0.12930846,-0.17249376,0.396249,0.14111985
251,-0.2651925,0.18850274,0.22025542,-0.33375633,0.1759905,0.13672216,0.026658328,0.15932818,0.23751366,-0.017728752,0.37029997,0.10171125,0.23943418,-0.11820099,0.15551333,0.039286837,0.1729095,0.18232238,-0.3494922,0.12981993,0.39248076,-0.020887166,-0.046965912,0.14358337,-0.015297999,-0.22386491,0.09996975,-0.18050666,-0.31850493,-0.14857082,0.3081325,0.47224915,-0.045144666,0.03894001,0.09072017,0.27088708,-0.40313148,-0.067948334,-0.041636672,-0.16917866,-0.25061956,-0.025720669,0.13518707,-0.19416158,-0.27494565,-0.20791249,-0.037198417,-0.579155,-0.22881834,-0.63692623,0.33442852,0.112432085,0.14582168,0.7025133,-0.4112083,-1.7061933,-0.17788692,0.0470445,1.3086133,0.38814858,-0.21496399,0.5787109,-0.06376366,0.016761677,0.5715492,-0.079361,0.47503915,0.21828687,0.029672101,-0.0824885,0.08164299,-0.05532831,0.11631317,-0.2567169,0.19013257,0.29193157,-0.11159098,-0.08719024,-0.8464763,-0.14629026,0.55270416,-0.3093011,-0.17051415,-0.11641318,-1.1567408,-0.38284647,0.01929834,-0.25714305,-0.14785142,-0.27548417,-0.026612503,0.031074008,0.1262336,-0.3500675,-0.42165533,-0.1371914,-0.20965141,-0.21181774,0.45744267,0.0843896
252,-0.37541,0.0017650053,-0.034455,0.098677,0.012079984,-0.819235,-0.46237,-0.074925,0.18844,-0.1521063,0.22424501,-0.046084993,-0.0282305,-0.14676319,-0.2344915,-0.5004245,0.16813001,-0.37477002,0.28042,0.01579,0.540305,0.18861,0.249155,-0.24991,0.0848525,0.43435,-0.95887,-0.019215003,-0.0918165,0.2575905,-0.3867615,0.34722,0.032309994,-0.70419,-0.071746,0.05455995,0.3244,-0.077824995,0.123465,-0.301204,-0.199825,-0.464125,-0.084476,-0.10606,0.69747,-0.045959994,0.23964001,-0.404145,0.48272502,-0.48929,0.63883996,0.272225,0.020875502,0.71684504,-0.136295,-1.182345,-0.340545,0.18249734,1.85425,0.26181,-0.33691,-0.020709999,-0.019955002,-0.1618945,0.021079987,0.29208001,0.086089455,0.15549,0.74072003,-0.564675,-0.44956702,-0.196705,0.13408998,-0.23906499,0.329225,-0.0725745,-0.268852,0.2971094,0.12978,0.048575,0.82114,0.193552,-0.58108497,0.98763496,-1.2453899,-0.43247998,0.395325,-0.495105,-0.583595,-0.231875,-0.16157651,0.52036,-0.4365915,-0.62842,-0.08036131,-0.17317998,0.04739,-0.213845,0.65727496,-0.19214001
253,-0.1947443,0.059102144,0.28369385,-0.006335142,0.08893615,0.0024824312,0.24162856,-0.09248344,0.2008157,0.046519857,0.19008143,-0.26938716,0.074916266,-0.23405732,0.095814,-0.07498998,0.07131085,0.42370585,-0.2097843,0.17363271,-0.003102014,-0.18553714,0.13812684,0.09958143,-0.020765569,0.39422712,0.096128576,-0.2619486,-0.23756202,0.064305715,-0.024944285,0.541673,-0.05767457,-0.30752498,0.41348833,0.27481428,-0.18243988,-0.009076708,-0.11442772,-0.23823473,-0.05649313,0.04407571,-0.025129573,-0.11869256,-0.18620281,-0.30951473,0.040238578,0.0028989953,0.034302857,-0.5420134,0.29972145,0.112893574,0.24492572,0.44840914,-0.076642014,-1.7042044,-0.40576,0.16840503,1.3420886,0.08178943,0.003255712,0.34604242,-0.019586673,0.17495142,0.83109564,-0.10745985,0.13082758,0.08514428,0.18956001,0.0032919943,0.23965,0.15796685,0.114289716,-0.13859211,0.30398574,-0.10517888,-0.19731714,-0.046260852,-0.41077974,-0.2757443,0.24620514,-0.22447957,-0.260174,0.17739013,-0.9827853,-0.09720642,-0.09353714,-0.56825,-0.29091313,-0.3666771,0.14198144,0.31733283,0.0055842823,-0.03995714,-0.04747,-0.02330685,-0.12609215,-0.28685284,0.74640423,0.21147715
254,-0.11251873,0.14788574,0.40164164,-0.12856887,-0.09582364,0.033053346,-0.039253876,0.00015864067,0.14213297,-0.15563568,0.16546468,0.067306034,0.22762214,-0.15926853,0.011917316,-0.10850279,0.0095985215,0.23428005,-0.31059998,0.2595728,0.2483429,-0.041148648,0.0825171,-0.0987508,0.09830364,-0.009155041,-0.124283455,-0.32144308,-0.002199699,-0.0829497,-0.12076187,0.49979457,-0.070293434,0.10740787,0.26459566,0.4032509,-0.23647678,0.12722133,-0.016172271,-0.2988559,-0.2396432,-0.17325526,0.024011912,-0.37229452,-0.16556664,-0.16084886,0.0127332965,-0.23494402,0.07087487,-0.74657863,0.13575259,-0.06761079,0.08053151,0.93677396,-0.034385167,-2.006608,-0.111256935,-0.05672904,1.2883197,0.21448374,-0.02953918,0.5561314,-0.3036109,0.08974714,0.7109243,-0.08412653,0.35725352,0.26112986,-0.00892946,-0.1840959,0.06800389,-0.16242811,0.058062915,-0.2804097,0.16245747,0.11815538,-0.20831586,-0.20060836,-0.6270557,-0.15223157,0.46849218,-0.0534827,-0.5287896,-0.13649172,-1.2219224,-0.29589924,0.047184385,0.079291284,-0.19095273,-0.28333715,-0.10060559,-0.0031663335,-0.04157066,-0.08988829,-0.46950206,0.07642527,-0.025954748,-0.16175365,0.43774372,0.2953095
255,-0.11397114,0.0097528715,0.35135293,-0.06147456,0.15390368,-0.34386665,-0.18262413,0.07254044,0.23802587,0.012001247,0.25390244,-0.033879876,-0.103014365,-0.33661777,0.31989065,0.11902687,-0.05124723,0.11854694,0.046664633,0.30177787,0.20081818,-0.18813187,0.21231145,0.115754366,0.01498726,0.014004331,0.00915695,-0.16174638,-0.036015555,-0.11577788,0.109795615,0.6523556,-0.20233168,0.12360875,0.4674396,0.4618619,-0.18658175,-0.16238947,0.028892744,-0.4136377,0.09780293,-0.01824461,-0.19476861,-0.14055637,-0.21983708,-0.14802644,-0.0030069314,-0.4358663,0.16546513,-0.56918675,0.21896629,0.08602163,0.0896945,0.46044064,-0.2390291,-1.5251555,-0.15164793,-0.06316972,1.4179631,-0.09679857,-0.20776717,0.1268852,-0.35137627,0.16414362,0.3556965,0.055414964,0.25574562,-0.09635262,0.27973768,-0.40411937,0.020479374,0.15140182,0.064504996,-0.058094233,-0.010396355,0.38171273,-0.15777843,0.009574123,-0.4279415,-0.19939473,0.3944278,-0.089485064,-0.40351355,-0.211113,-0.9447434,-0.2793819,0.16456257,0.06965231,-0.20320275,-0.050586194,-0.03575751,0.25200385,-0.098194696,-0.2557845,-0.31966066,-0.1998575,0.06089027,-0.13016295,0.63202184,0.002477997
256,-0.030769,0.11993,0.53909,-0.43696,-0.73937,-0.15345,0.081126,-0.38559,-0.68797,-0.41632,-0.13183,-0.24922,0.441,0.085919,0.20871,-0.063582,0.062228,-0.051234,-0.13398,1.1418,0.036526,0.49029,-0.24567,-0.412,0.12349,0.41336,-0.48397,-0.54243,-0.27787,-0.26015,-0.38485,0.78656,0.1023,-0.20712,0.40751,0.32026,-0.51052,0.48362,-0.0099498,-0.38685,0.034975,-0.167,0.4237,-0.54164,-0.30323,-0.36983,0.082836,-0.52538,-0.064531,-1.398,-0.14873,-0.35327,-0.1118,1.0912,0.095864,-2.8129,0.45238,0.46213,1.6012,-0.20837,-0.27377,0.71197,-1.0754,-0.046974,0.67479,-0.065839,0.75824,0.39405,0.15507,-0.64719,0.32796,-0.031748,0.52899,-0.43886,0.67405,0.42136,-0.11981,-0.21777,-0.29756,-0.1351,0.59898,0.46529,-0.58258,-0.02323,-1.5442,0.01901,-0.015877,0.024499,-0.58017,-0.67659,-0.040379,-0.44043,0.083292,0.20035,-0.75499,0.16918,-0.26573,-0.52878,0.17584,1.065
257,-0.15357205,0.25697443,0.1408821,-0.19796887,-0.090653494,-0.025357593,0.117542334,0.22605391,0.1718425,0.09738634,0.27376568,0.016902218,-0.022545736,0.036682803,0.05944306,-0.3151968,0.032937087,0.077025205,-0.20677495,-0.009582869,-0.061711736,-0.09412413,0.021353511,-0.023274241,-0.06403806,-0.10661228,-0.05711551,-0.17210042,-0.04715549,-0.18790899,0.16717215,0.47526044,-0.022649622,0.103762254,0.03363805,0.3001837,0.13195404,0.0379656,0.0019173961,-0.0018380273,-0.06198296,-0.18576403,-0.06886574,-0.29688367,-0.15937701,0.05717894,-0.049757857,-0.3010991,0.034345035,-0.65476507,0.07351731,0.11987972,0.27464435,0.47097164,-0.21627821,-1.450834,0.026300903,-0.047502555,1.1708077,0.21361858,0.052875698,0.2382604,-0.4836745,0.0027657505,0.61383104,0.08863057,0.33150482,0.18430954,0.0875827,-0.15498981,-0.14475986,-0.1200668,-0.011270031,-0.40794086,0.3706309,0.09024789,-0.041305847,-0.077681065,-0.69948685,-0.0033469289,0.47061822,-0.28344074,-0.47332305,-0.061396495,-0.9721452,-0.0715779,0.19658542,-0.15927355,-0.2191875,-0.23429075,-0.07382487,8.685283e-05,0.15611833,-0.19802788,-0.18343292,0.11938042,-0.014887211,-0.17887914,0.3049589,0.17527847
258,-0.17474721,0.15558083,0.25972968,-0.05671596,-0.17764334,0.06220216,-0.19162701,0.03422603,0.14044422,0.028302109,-0.023127463,-0.15232778,0.20910715,-0.08306308,-0.08402686,-0.072469294,0.014313258,0.16926418,-0.28440472,0.050630473,-0.046100188,-0.08767979,-0.13216916,-0.14299704,-0.007825441,-0.053014133,-0.07718205,-0.0035747471,0.1362155,-0.068648264,0.050916616,0.6033538,0.014476837,0.04080783,-0.0033603867,0.19936396,-0.18060133,-0.032540496,0.06295311,-0.13929442,-0.25381857,-0.13152376,0.006212768,-0.15825859,-0.14960107,-0.019251032,0.032145556,-0.342429,-0.12824711,-0.6086503,0.37226284,0.04608949,0.104139775,0.69245285,-0.04261551,-1.6293663,0.03721752,-0.21155563,1.3385746,0.15913115,-0.04097202,0.35963842,-0.20965423,-0.12538801,0.61380273,-0.13591912,0.20670855,0.13054328,0.26012242,-0.074104175,0.018428868,-0.016970403,0.013132426,-0.4762703,0.35714552,0.2665308,-0.16208927,0.005748691,-0.7565303,-0.028327083,0.43112436,-0.10623845,-0.21553089,0.011323155,-1.3718189,-0.07018248,0.19390695,-0.084353566,-0.2600788,-0.30105704,-0.092986085,0.08061434,0.023743503,-0.036582448,-0.102848746,0.055190284,-0.014683545,-0.17835605,0.31544623,0.23480171
259,-0.252395,0.39251,0.30890852,-0.1112955,-0.1775,-0.381955,-0.489315,-0.155654,-0.074955,0.0758695,0.123331696,-0.225125,-0.298975,-0.009195,0.52681,-0.42282,-0.35424,0.1338685,0.33778998,0.18575999,0.98836493,0.689485,0.36958998,-0.661605,0.104445,0.6329,-0.66501,-0.55103505,-0.650565,0.351103,-0.360225,0.58315,-0.432395,-0.481345,0.675385,0.2940945,-0.033915002,-0.24987999,-0.015310999,-0.4160565,0.139555,0.055376496,-0.16899501,-0.406425,0.22727,-0.26740152,0.1980225,-0.047553502,0.61253,-0.800125,-0.07843,0.377495,-0.08810945,0.37341002,0.33468002,-1.67705,-0.42036998,0.79351,1.65835,-0.709947,-0.40741497,0.038340002,-0.072404996,0.066025496,0.42633998,0.065660015,0.5093735,-0.372779,0.44779998,-0.6735,-0.014617499,-0.33805,0.207295,0.09528498,0.43023503,0.239945,-0.3741,-0.039575003,-0.124430016,-0.10753001,1.04547,-0.0779565,-0.556895,-0.06493001,-1.1489,-0.161965,0.081435,-0.19497502,-0.732075,-0.30087,0.194965,0.179475,0.14348501,-0.511445,-0.50666,-0.57307,-0.040079996,0.028985001,0.31835,0.26404
260,0.036660817,0.22389828,0.177562,-0.2728917,-0.10092449,0.08588125,-0.20492263,0.1243801,0.17652746,0.010990192,0.19532849,0.04829904,0.2555257,0.057472438,-0.03088386,-0.2014684,0.35127357,0.31859243,-0.30085477,0.37798858,0.08570672,0.019674756,0.045266613,-0.12156767,0.047871176,0.046282046,-0.16614789,-0.46334517,0.03470981,-0.17105284,0.068547525,0.6749629,-0.09798546,-0.01595552,0.2039576,0.43607095,-0.052494038,0.03606786,0.13461843,-0.36370263,0.04646352,-0.20310533,-0.11265639,-0.40818328,-0.20754927,-0.08176371,-0.06580771,-0.27955166,0.021019904,-0.69709045,0.17520839,0.098683394,0.088473044,0.6969681,-0.12022007,-1.9337126,-0.06184918,-0.07715587,1.6052905,0.2588078,-0.058646757,0.44021708,-0.31059927,0.049427096,0.7093258,0.015136713,0.5081098,0.33350363,0.11535538,-0.15488021,-0.08252605,-0.17033316,-0.044324,-0.48104677,0.13336599,0.07137381,0.0038192428,-0.07139005,-0.7095696,-0.0037139186,0.651539,-0.25628012,-0.47216,-0.015834972,-1.2878146,-0.17507751,0.148586,-0.10576774,-0.110941544,-0.28744018,-0.029323192,-0.09220481,0.1582959,-0.2840523,-0.43014336,-0.13750483,-0.09532152,-0.24609315,0.2804189,0.29142871
261,-0.040383,-0.2132,0.055937,-0.070654,0.4657,0.14988,0.35069,0.38861,1.0382,0.31142,0.43467,1.0776,0.20412,0.11486,-0.15259,-1.2375,0.63977,-0.40243,-0.32668,-0.16361,0.4715,0.097336,-0.3228,0.82284,-0.05374,0.72566,0.077025,0.19049,-1.011,0.063992,-0.42976,0.492,0.3961,-0.22394,-0.32937,-0.68569,-0.038767,1.2796,-0.51853,-0.14503,-0.46248,-0.021891,-0.57194,0.066688,0.36953,0.7507,-0.94705,-0.29925,0.41504,-0.50964,-0.61258,0.20794,0.51331,0.20323,-0.25576,-0.016653,0.36026,0.29747,-0.25774,-0.0073715,-0.6191,-0.16447,-0.28221,0.16458,-0.13794,-0.36302,0.32537,1.4793,0.16161,0.018392,-0.29274,0.56243,0.3591,-0.26062,0.24564,-0.39409,-0.61024,-0.23352,-0.40417,-0.46959,0.45789,-0.074916,0.12149,-0.79923,0.27619,0.19909,-1.3364,0.47668,0.9909,-0.057745,0.91582,0.46617,0.10032,0.25265,-0.36012,-0.42818,-0.3804,-1.3927,-0.015867,0.11311
262,0.036575038,0.12947452,0.34490407,-0.020283509,-0.21948317,0.019216798,-0.25161588,0.020169588,0.1645132,-0.017634802,-0.04548749,-0.014265952,0.15675887,-0.009923997,-0.03368025,-0.15851612,-0.07036152,0.12731162,-0.3418783,0.30317363,0.11628597,-0.06371696,0.02524673,-0.14624758,0.015647626,0.07031268,-0.13979155,-0.26971737,-0.060910117,-0.04492668,0.11710267,0.43599918,-0.039511718,-0.070223086,-0.06902057,0.15166043,-0.019966079,-0.08029068,-0.0051519666,-0.17922135,-0.3828778,-0.13138606,0.16483098,-0.44673675,-0.23044552,0.05689867,0.23955698,-0.19664596,-0.21525331,-0.8303524,0.29382217,-0.039742593,0.08751152,0.93247795,-0.107465245,-1.8447651,0.09829256,-0.1677279,1.5558358,0.33744526,-0.17593867,0.37485164,-0.22282742,-0.13836078,0.81040865,-0.04609821,0.30914825,0.18841049,-0.016951563,-0.21206309,-0.0876468,-0.19769812,-0.08150111,-0.28004152,0.3431892,0.21475138,-0.16495475,0.011612797,-0.6016012,0.06719811,0.48551208,-0.074819505,-0.24465035,0.05758692,-1.3998401,-0.17255352,-0.036800083,0.057378937,-0.29223078,-0.38490516,-0.05647069,-0.10014633,-0.10824766,-0.04530896,-0.17230341,0.14340076,-0.07850764,-0.19022702,0.3611792,0.15156105
263,-0.053161904,0.21434677,0.3375587,-0.08806424,-0.08711866,-0.12691177,-0.044888485,0.22422205,0.003000038,0.051901333,0.1323363,-0.063003145,0.17330222,-0.03908782,0.07326385,-0.07653331,0.09256383,0.10531629,-0.23807447,0.18434073,0.20480147,-0.09386749,0.20393088,0.0039999457,0.1108128,-0.03459504,-0.15319824,-0.16711374,-0.040296663,-0.051392023,0.048083045,0.3994518,-0.1099902,-0.12565696,0.20009288,0.34953758,-0.090604074,0.028744677,-0.017738791,-0.24492987,-0.16829589,-0.21998674,0.0780229,-0.2151159,0.06832112,0.03193624,0.17356838,-0.22431079,-0.004863383,-0.67700124,0.28368258,0.036607176,0.0891006,0.78308153,-0.12691095,-1.7823476,-0.063305944,-0.0908394,1.4956734,0.20246056,-0.12247079,0.28472257,-0.30713075,-0.052836925,0.48038605,-0.023976136,0.16634399,0.18703748,0.226802,-0.21863036,-0.028051853,-0.10435633,-0.043115694,-0.120895535,0.3331622,0.1779661,-0.046370737,0.041416775,-0.593175,-0.06061874,0.5117181,0.0062743993,-0.39130464,0.052634113,-1.2073226,-0.26951233,0.060619224,-0.15659916,-0.3235188,-0.25004482,0.014537429,0.088894285,-0.00903652,-0.073901735,-0.37423763,0.048885696,-0.20070696,-0.2632107,0.40851167,0.1299698
264,-0.016056767,0.21800539,0.48963925,-0.49961713,-0.21411616,0.017496618,-0.08698308,0.29081148,0.21469769,0.109260395,0.10836315,0.3410625,0.10189807,0.108199626,0.045690298,-0.11451047,0.17221925,0.25672618,-0.49256074,0.36738664,0.26563823,-0.048995156,-0.05737876,0.0061853854,-0.08644677,-0.13174464,-0.23930296,-0.44435164,0.07087031,-0.35551232,0.26411068,0.4144728,-0.24688484,0.15663728,0.09492894,0.25766844,0.068463616,0.06930031,-0.036808923,-0.15868476,-0.19139464,-0.30926132,0.0974807,-0.4038723,-0.17292899,-0.19396877,0.05195363,-0.4006983,0.036951665,-0.9102199,0.3168165,0.06067477,-0.0061144624,0.77144235,-0.078032985,-1.8391969,-0.05465708,-0.1304633,1.6008415,0.42468193,-0.11394994,0.60466206,-0.5265129,0.05652954,0.610229,0.03796874,0.26911333,0.38263637,0.027244618,-0.26552156,-0.04505281,-0.34679854,-0.053860307,-0.28028744,0.21201602,0.35091108,-0.124482006,-0.05947654,-0.77999234,0.05105961,0.6737807,-0.025906615,-0.4272232,-0.34558487,-1.2795546,-0.34132928,0.40098026,0.03729331,-0.38780802,-0.24087383,-0.11182745,-0.18136899,0.005534152,-0.5103315,-0.49199826,0.022999924,0.14728948,0.023142232,0.3675367,0.07479213
265,-0.311485,0.494785,-0.20234501,-0.1007635,0.140107,0.38322502,-0.437875,-0.266385,-0.168383,-0.147445,0.21509549,-0.180483,0.157375,-0.0709435,0.484406,0.076275006,-0.233528,-0.137565,-0.039517496,0.32386598,0.06621499,-0.04897305,0.221525,0.0071699917,0.18692274,-0.5147645,-0.18917423,-0.12600501,-0.03383,-0.040409,0.246555,0.23978502,-0.2153285,0.0740955,-0.293555,0.32555,-0.2629855,-0.07536,-0.1437215,0.16595499,-0.5891105,-0.016925,-0.3688185,-0.0831365,-0.07124001,-0.0419495,0.20922498,0.048984997,0.07875745,-0.079853,-0.150145,-0.053035,-0.3455255,0.643875,0.202093,-0.46665,0.23963499,-0.022180006,1.17905,0.413325,-0.47934002,0.992575,0.42642,-0.07281999,0.16155002,0.018570498,0.34668553,-0.18298,0.116270006,-0.67875004,-0.43916,0.081496,0.23667501,0.018420003,-0.0196165,0.118379995,0.12302,0.082734495,-0.166015,0.18197,0.335455,-0.35967,-0.14570999,0.0937885,-0.99481004,-0.23382099,-0.14834,-0.191395,-0.605325,0.02651,-0.224342,-0.021274999,-0.303305,-0.084908046,-0.590695,0.0060100034,-0.50325596,0.084228,0.23714,0.36026
266,-0.17161576,0.1492057,0.25993454,-0.042522606,-0.01055639,-0.15938501,-0.17515452,0.08949558,0.1079336,0.042679965,0.1547562,0.118557885,0.08898508,-0.1384932,0.15799704,0.10736159,-0.14345863,0.2500574,0.054921977,0.061971705,0.19192472,-0.28705674,0.043256562,-0.01578235,0.23916192,-0.07215064,-0.0004052541,-0.28120443,-0.2534394,-0.2215672,0.3148513,0.5196457,-0.12442783,-0.062648155,0.17169826,0.42802936,0.015308261,-0.030015932,0.15010108,-0.440667,0.23898563,-0.12352861,-0.047017727,-0.26891807,-0.3321578,0.05854833,-0.14072521,-0.33837613,0.11911799,-0.4863961,0.45721868,0.12027178,0.12397405,0.4181132,-0.19093113,-1.5587837,-0.18158178,-0.06685258,1.5593386,0.17719874,-0.03159467,0.14038149,-0.41588178,0.085230894,0.5297802,0.05071225,0.4225729,0.07516199,0.37156457,-0.2837778,-0.28295678,-0.15669723,-0.014329361,-0.0978855,0.029690748,0.15659373,0.058660287,0.036574572,-0.5398653,-0.15649521,0.16347964,-0.24566986,-0.3949534,-0.1883829,-0.9741039,-0.2616058,0.055957567,-0.09168298,-0.21258153,-0.11063568,-0.31688532,0.28227437,0.15846226,-0.4604612,-0.36317754,-0.17183943,0.2955872,-0.3167383,0.5388078,0.15679748
267,-0.013786,0.38216,0.53236,0.15261,-0.29694,-0.20558,-0.41846,-0.58437,-0.77355,-0.87866,-0.37858,-0.18516,-0.128,-0.20584,-0.22925,-0.42599,0.3725,0.26077,-1.0702,0.62916,-0.091469,0.70348,-0.4973,-0.77691,0.66045,0.09465,-0.44893,0.018917,0.33146,-0.35022,-0.35789,0.030313,0.22253,-0.23236,-0.19719,-0.0053125,-0.25848,0.58081,-0.10705,-0.17845,-0.16206,0.087086,0.63029,-0.76649,0.51619,0.14073,1.019,-0.43136,0.46138,-0.43585,-0.47568,0.19226,0.36065,0.78987,0.088945,-2.7814,-0.15366,0.01015,1.1798,0.15168,-0.050112,1.2626,-0.77527,0.36031,0.95761,-0.11385,0.28035,-0.02591,0.31246,-0.15424,0.3778,-0.13599,0.2946,-0.31579,0.42943,0.086969,0.019169,-0.27242,-0.31696,0.37327,0.61997,0.13889,0.17188,0.30363,-1.2776,0.044423,-0.52736,-0.88536,-0.19428,-0.61947,-0.10146,-0.26301,-0.061707,0.36627,-0.95223,-0.39346,-0.69183,-1.0426,0.28855,0.63056
268,-0.20821019,0.23321001,0.5179922,-0.39512208,-0.092721246,0.17591049,0.035983004,0.1573,0.44310328,0.099236496,0.36930227,0.30903932,0.28373644,0.003991476,0.08273683,-0.148796,0.21944304,0.47160968,-0.44759712,0.08882744,0.30274275,0.11274955,0.20868008,0.08851141,-0.0597361,0.06474051,-0.1083675,-0.2307595,0.08774749,-0.11628634,-0.07622359,0.30647483,-0.0365195,0.048835006,0.38310167,0.182725,-0.11674699,-0.009873326,0.056634855,-0.2185726,-0.10720832,-0.07213891,-0.1004822,-0.42210755,-0.15255126,-0.07660865,0.13246883,-0.032620426,-0.20287426,-0.6336985,0.18842311,0.028073499,0.1668664,0.6967892,-0.16365235,-1.5807658,-0.17963122,0.07225209,1.2502884,0.21054451,-0.1447336,0.61210555,-0.28602937,0.21390192,0.7873619,0.16512932,0.5817122,0.109295495,0.10274335,-0.49514118,0.022873247,-0.21743698,0.34723547,-0.29285994,0.11983117,0.02943034,-0.020307248,-0.089313574,-0.43805087,0.043369666,0.47510335,-0.037695844,-0.52202255,-0.22775184,-1.0014181,-0.35735166,0.19103009,-0.12205697,-0.3728467,-0.13130751,0.011352089,0.07636767,0.13570742,-0.03229717,-0.21389,0.112593174,0.08557267,-0.25062665,0.37500784,0.1621662
269,-0.005069453,-0.0054241996,0.23230433,-0.1078912,-0.04086025,0.07898602,-0.10584111,0.38695845,0.0955794,-0.057965994,0.23622547,0.24836072,0.11977841,-0.029309716,0.100399956,-0.34147668,0.14712213,0.15842459,-0.20346452,0.16534697,0.30197054,-0.08235899,0.060617186,0.035255633,-0.0024567002,-0.21511678,-0.16596973,-0.22675766,0.04938717,-0.37428126,-0.032332428,0.3303436,-0.08585903,-0.041374914,-0.061644156,0.23904264,-0.07517843,0.108774446,-0.22160608,-0.109518066,-0.14584851,-0.21226051,0.27055335,-0.24983285,-0.014498645,-0.12613124,-0.14292787,-0.29133427,0.12575896,-0.7422158,0.22963402,0.04482177,0.07556434,0.7888824,-0.2381171,-1.6941395,-0.12084521,-0.18275468,1.4417814,0.35710394,-0.10712243,0.27752456,-0.3147113,-0.015306877,0.46430114,-0.104025505,0.08632837,0.17505233,0.18157493,-0.24119693,-0.17124666,-0.29883787,-0.0137240635,-0.15464842,0.030716635,0.20375665,-0.19045043,-0.11028357,-0.6676004,0.033468276,0.47317886,-0.107576914,-0.21601868,-0.09772737,-1.1039796,-0.27148998,0.011255487,-0.15013665,-0.23373494,-0.10299535,-0.28321818,-0.061032794,0.09346059,-0.40301672,-0.502688,0.013521923,0.29159993,0.0015289097,0.33662498,-0.026369603
270,-0.17723687,0.19785437,0.5206385,-0.30182207,-0.18798669,0.2479839,-0.17495781,0.1601093,0.18886414,-0.1299,0.19490507,0.083814904,0.05087791,0.08623496,0.049187586,-0.028160773,0.111458845,0.22313665,-0.28626263,0.23062192,0.21150135,0.03589463,-0.05317777,-0.034418114,0.18250576,0.0005135777,-0.26621586,-0.3925319,0.12436214,-0.15771356,-0.06656034,0.44651225,-0.05120688,0.0024498845,0.01755789,0.19750561,-0.35497448,-0.04507204,0.06460741,-0.22594333,-0.16607222,-0.1711685,-0.07800318,-0.42427513,-0.3442529,0.10700161,-0.08895393,-0.2708097,0.008204817,-0.78137726,0.2677203,0.023869656,-0.007614467,0.8668188,-0.06976366,-2.0726192,-0.07459596,0.06778543,1.4629555,0.26906985,-0.12846264,0.77607465,-0.26590142,0.042853884,0.65340877,0.19230431,0.34270912,0.1450889,-0.043327883,-0.15133856,-0.08288138,-0.19701669,-0.087919384,-0.42858294,0.17460969,0.16166487,-0.17638192,-0.041502234,-0.5389909,-0.085494235,0.40859908,-0.09015919,-0.40383762,-0.04247956,-1.1356055,-0.06452457,0.110803835,-0.029629204,-0.37087485,-0.21114007,-0.18127577,0.10234444,0.15012823,-0.15674776,-0.41927427,-0.10735535,0.08993208,-0.09604331,0.44970608,0.16057941
271,0.04030954,0.0269426,0.22563843,-0.18939114,-0.21292558,0.057610933,-0.06731879,0.2631608,0.010469198,-0.048585337,0.40634456,0.054275498,-0.09833166,-0.15778068,0.07761647,-0.083026,-0.02936327,0.32311672,-0.13748734,0.19731359,0.015997665,0.05519793,-0.03730866,-0.25502476,0.079999164,-0.05903406,-0.15782207,-0.17270206,0.2548806,-0.3683781,-0.25725618,0.5570332,-0.07343721,-0.020259608,0.033234198,0.15784127,-0.22028941,-0.04408727,0.055050537,-0.055275664,-0.10525474,0.0043820837,0.068755604,-0.3100632,-0.19660656,0.11408166,0.06388446,-0.36215955,0.022892393,-0.6598851,0.13102654,0.09453759,-0.010616271,0.49924448,0.020729596,-1.621964,-0.04541027,0.028469674,1.0629853,0.13091178,-0.12904027,0.47593266,-0.20424415,-0.15563893,0.3917502,-0.14738944,0.33808404,0.1931325,-0.23441812,-0.26696756,-0.05513666,-0.15808173,0.064906135,-0.27792025,0.1640887,0.18127279,-0.23123932,-0.020223867,-0.34575167,-0.013784456,0.24110718,-0.060579736,-0.41790694,-0.028782796,-0.9185667,0.017407663,0.17071113,-0.07470752,-0.02077793,-0.14577092,-0.25177994,-0.023136208,-0.069097735,-0.15869914,-0.268408,-0.15430133,0.081410035,-0.18638366,-0.012231004,0.008739507
272,-0.33132333,0.18710999,0.14712334,-0.30603334,-0.23029433,0.56791,0.25295165,0.35114002,0.17762999,-0.28286335,0.03981957,0.22352065,-0.008053333,-0.14066333,0.22643332,-0.45314002,0.09124633,0.117486335,-0.075489976,0.12931307,0.74666667,-0.425233,-0.24203199,-0.002546668,0.62808,0.30620167,-0.03983,0.05452,0.44241336,0.3017713,-0.43095002,0.15666,-0.24047667,0.08193601,0.29604834,-0.015046335,-0.27926,-0.145144,0.40309,-0.4531031,0.037963334,0.009246667,-0.28294435,-0.015070002,-0.10736299,-0.25007665,-0.32145,-0.40941334,-0.15992999,-0.4593967,-0.066292,-0.14905334,0.09708667,0.94739336,0.15054001,-1.8823333,0.20760767,0.18040533,1.0997133,0.7349467,-0.12869243,0.82752067,-0.22914313,-0.461714,0.533311,0.50560033,0.18330668,-0.31582436,-0.27044,-0.21344934,-0.09408333,-0.71094674,0.010012339,-0.099366665,0.23034668,0.16129564,-0.10976567,-0.22239701,-0.14451666,-0.28541666,0.41929004,-0.2567967,-0.51071,-0.09541393,-1.1479133,-0.040363353,-0.16069067,-0.32111335,-0.38283,0.10375001,0.31800333,-0.025923332,0.71377,0.78696996,-0.26774332,0.13482,0.106663324,0.07732,0.5911533,-0.35166
273,0.2179152,0.032094,0.263548,-0.39001918,-0.13111019,-0.02924639,-0.039054,0.2908068,0.1009142,-0.055799477,0.16442439,0.18692802,0.16000901,0.15276161,0.220746,-0.30813402,0.0062733977,0.2404958,-0.377824,0.13779321,0.3488898,0.109281145,0.213606,0.25950998,0.0894968,-0.18605039,-0.26752582,-0.59771,0.448975,-0.43558198,0.24169202,0.48741135,-0.031687003,-0.05875554,-0.1775568,0.279412,-0.059591997,0.14415619,-0.267964,-0.49034,-0.192542,-0.2990583,0.3431802,-0.3447436,-0.08425981,-0.22911999,0.026994806,-0.5915456,0.342132,-0.820354,0.14940558,-0.07273679,0.1338872,0.82571,-0.22492301,-2.0612042,-0.17005,-0.444724,1.8097801,0.328964,-0.041151404,0.542462,-0.598256,0.06830601,0.7076,0.16629,6.5386295e-05,0.24873038,0.056849997,-0.076512,0.049406596,-0.12289103,-0.437004,-0.27472657,-0.2294718,0.09295361,-0.14883819,0.1066118,-0.80404997,-0.058729194,0.519604,-0.14015,-0.28958198,0.081592806,-0.71399105,-0.230306,0.22571759,-0.047612403,-0.517324,-0.20959601,-0.23836939,0.0712656,-0.2212158,-0.034883965,-0.5789088,0.1147418,0.2007364,0.422798,0.2653754,-0.23737621
274,-0.051328592,0.2760666,0.36192998,-0.20123799,-0.153977,0.28056902,-0.500324,0.2587626,0.004342711,-0.1022295,0.001818341,0.0143156,0.3510976,0.1376029,-0.18986115,-0.269766,0.0809672,0.15798502,-0.3566399,0.40636086,0.10559346,0.009292709,0.105161406,-0.08931351,-0.045099147,0.09351426,-0.13775137,-0.094672605,0.28750628,-0.081312805,0.009517406,0.4126007,0.028882798,-0.1372753,0.19317248,-0.04702909,-0.14817879,0.1903435,0.10317111,-0.2384642,-0.1755661,-0.084989205,0.3515702,-0.32927623,-0.0897861,-0.0124657545,-0.023304898,-0.18972942,-0.12809356,-0.8145685,0.09658229,-0.032850225,0.1108665,0.89417493,-0.1640186,-1.8297551,0.18987471,-0.066544995,1.249971,0.043446902,-0.0423851,0.3619371,-0.3671016,-0.3143197,0.44669777,0.1431747,0.35851902,0.22200167,0.21813568,-0.26484,0.19208018,-0.283655,-0.11144836,-0.50213253,0.38083917,0.3131822,0.0074085966,-0.1635577,-0.59115136,-0.0094396975,0.47833318,-0.07433079,-0.322948,0.23279381,-1.170306,-0.0849554,-0.1208208,-0.059531998,-0.425214,-0.2975553,0.013173098,0.0545622,0.0699247,-0.25547165,-0.715829,-0.104795,-0.17721559,-0.26741737,0.15996881,0.3282066
275,-0.065219745,-0.044215843,0.04110799,0.0135610625,-0.0016711846,0.08845891,0.30186704,0.23394005,-0.04636509,-0.069139585,0.28117025,-0.06937875,0.1031072,0.18513636,0.04869205,-0.3374617,0.21306174,0.014074805,-0.04604776,0.07841068,0.2407835,0.088216946,-0.11462398,0.32583365,0.061397545,0.22720759,-0.043628372,-0.29895616,0.19827384,-0.12646,-0.18040329,0.20104834,-0.06611336,0.041971225,0.045883544,0.2562222,0.18810374,0.2239598,-0.07733229,-0.083570644,0.026127657,-0.30899462,-0.21945281,-0.43904456,0.18604007,0.16715983,-0.2505086,-0.12592997,-0.10943608,-0.17866378,-0.1899755,0.11474489,0.07549201,0.26187396,-0.3337831,-1.3347499,0.0027645032,0.21813388,0.7090931,0.14602287,-0.19801053,0.15406099,-0.26860273,-0.14944819,0.27081323,0.092377774,0.2398351,0.063121185,0.21628273,0.08172922,0.19146274,0.23147163,0.023636412,-0.16981737,0.0415271,-0.18410596,-0.099794045,-0.119520724,-0.3896307,0.056278802,0.2631867,-0.38933352,-0.25856912,-0.06480445,-0.40044075,-0.12384136,-0.13482064,-0.18985225,0.21461217,-0.08470164,-0.046469294,-0.019422699,0.027136544,0.3362202,-0.19363531,0.05470553,-0.41327578,-0.37029192,0.3970098,-0.07605527
276,-0.006958652,-0.057791878,0.21437132,-0.070765436,-0.05785517,0.06324356,-0.051106807,0.16111264,0.19148669,0.023094613,0.10364816,0.26689532,0.27138212,0.0012913749,-0.054551,-0.30158532,0.1128103,0.104160815,-0.28824157,0.068301566,0.11833491,-0.042643253,0.08065587,0.012543192,0.114936106,0.03590478,-0.08431446,-0.28561214,0.17022955,-0.09350307,0.025679404,0.41405913,-0.08912907,-0.07721901,0.15585752,0.21399826,-0.030046137,0.03210048,-0.15015543,-0.17350914,-0.4276103,-0.10721826,0.22756705,-0.33789748,0.028800488,-0.061372533,-0.005759595,-0.34508023,0.12494335,-0.59100056,0.39341852,-0.008661829,0.008919955,0.76880175,-0.1051323,-1.688453,-0.07480145,-0.34932494,1.50663,0.3668541,-0.15814063,0.30775794,-0.286369,-0.10542626,0.6516132,-0.06407206,0.32044253,0.24902959,-0.021764647,-0.1493131,-0.101361245,-0.29052114,-0.15049496,-0.4178574,0.11100721,0.22306812,-0.20883337,-0.10474484,-0.75697035,-0.13310868,0.5528049,0.06167161,-0.28508928,0.026041673,-0.9873177,-0.2247313,0.18857867,0.07638005,-0.1573268,-0.30092537,-0.24732548,0.07407436,0.0035556606,-0.20556949,-0.3780272,0.09212345,0.13418938,0.106203526,0.29757217,0.07746317
277,-0.21928819,0.492402,0.23678139,0.039777406,0.23804522,-0.1971618,0.066673994,-0.2943514,0.22560301,-0.11093201,0.06313,-0.28034198,0.014952397,-0.5877,0.227644,-0.12837,-0.06070639,-0.0330336,0.06321199,0.4590846,0.104509994,-0.36942703,0.0917926,0.11220519,-0.16463439,-0.162486,0.22476201,-0.181696,-0.47218284,0.21280798,0.09115599,0.51949537,-0.10343699,0.06386201,0.625994,0.3716684,-0.38498402,0.021871602,-0.20582159,-0.26967397,-0.006411803,0.030885791,-0.13451199,-0.007779998,-0.26643783,-0.18242109,0.096853994,0.138788,-0.00024520158,-0.30314,-0.030119997,0.09013601,0.0017320036,0.32139,-0.1791636,-1.233518,0.067689605,0.07352461,0.9176046,0.107182,-0.367722,0.43620682,0.0812826,0.21372381,0.6666781,-0.0990188,0.29437917,0.089436,0.6442028,-0.29391798,0.18526885,0.24419442,-0.056873996,-0.12229401,-0.06971339,0.0841248,-0.031141996,-0.3275892,-0.4560586,-0.4475166,0.19407359,-0.0800156,-0.2077674,-0.0977688,-0.8898734,-0.035876203,-0.14353801,-0.220687,-0.326867,-0.039146006,0.12350919,0.16419923,-0.222592,-0.253889,-0.57347,0.21997783,-0.42216602,-0.2991536,0.631296,0.53386396
278,-0.2301839,-0.044760033,0.30040985,-0.14693977,-0.16356036,0.10755977,0.1497142,0.10443835,0.2642386,0.09307319,0.22102581,-0.058311906,-0.13799617,0.24124362,-0.010096289,-0.21604131,0.21866244,-0.11278556,0.023746159,0.17157924,0.38298893,0.0106118,-0.29846236,0.20218761,0.049926553,0.17158258,0.01859667,-0.18413801,0.10642065,-0.101433344,-0.21810567,0.2476504,0.08255905,0.117687926,0.14578977,0.16368638,0.18985426,0.25511774,-0.05056178,-0.25954244,-0.07793998,0.031697653,-0.21137735,-0.13124004,-0.10667703,0.12851624,-0.23472002,-0.13169254,0.1027891,-0.15589646,-0.17569685,0.2030648,0.07064232,0.036175594,-0.3799308,-0.9928945,0.08787229,0.26394218,0.4483357,0.011891385,-0.09574214,0.13675234,-0.5883516,-0.10345808,0.3049879,0.02940753,0.30045858,0.22207612,0.22216284,0.17760399,0.11952732,0.16666493,0.06559352,-0.40368715,-0.032949574,0.0668512,0.035247363,-0.1669162,-0.2302071,-0.1247748,0.08748797,-0.3424396,-0.017689474,-0.108965956,-0.543215,0.0116827935,-0.08743021,-0.22219051,0.08825333,-0.02549469,0.00021421058,0.19268516,0.04515322,0.1157444,-0.033954374,-0.06495639,-0.31106132,-0.40686694,0.040242832,-0.016026333
279,0.031910498,0.118531995,0.1949025,-0.16315703,-0.23614712,0.110608764,-0.37377223,-0.08155833,0.49496752,-0.36480248,0.30941004,-0.006645562,0.20005669,-0.2003295,0.101794,-0.06986699,0.0967605,0.3052199,-0.1369485,0.22018814,0.097384885,0.053476363,-0.07428075,0.14542341,-0.104939125,-0.27284724,-0.25912416,-0.13691238,0.21141502,-0.37783208,0.117909625,0.49909878,0.07796687,-0.0829,0.19761625,0.20401978,0.004732251,-0.21791002,0.3455886,-0.25865126,-0.2925125,-0.1064175,-0.060967498,-0.054589875,-0.24252218,0.0066094957,-0.010777872,-0.21256125,0.02923499,-0.501175,0.27686152,0.06162325,-0.1266014,0.63965714,0.020721748,-1.4184712,-0.025083749,-0.17392212,1.2328376,0.03315125,-0.21855614,0.3011175,-0.26022673,-0.21198249,0.55793935,0.19213808,0.44716874,0.20766063,-0.007746,-0.22879663,-0.103437506,0.16320625,0.13613875,-0.53323996,0.012733623,0.04172975,0.18226713,-0.027274251,-0.33278584,0.017568253,0.4370796,-0.33045924,-0.38821086,-0.22469886,-0.68909436,-0.16159451,0.102944374,-0.2545865,-0.12171424,0.00499422,-0.01777,0.10070387,0.078322515,-0.34129322,-0.14932463,-0.42818365,0.11581688,-0.22128601,0.13065,0.11834112
280,0.043923747,0.27799624,0.27799374,-0.02055331,-0.024950583,-0.17177549,0.0014323723,0.132295,0.07702275,0.022118622,0.095411986,0.10649013,0.26222476,0.033980757,0.08928813,-0.4652363,-0.087752506,0.20552637,-0.34042475,0.09152251,0.16759,-0.13587624,0.039098766,-0.014537118,-0.014595877,0.045831367,-0.13679412,-0.3575973,0.06307363,-0.10496849,0.10208499,0.5301174,-0.027167626,0.10474774,0.28931004,0.34988248,-0.056725137,0.10326838,-0.20884927,-0.023888499,-0.41734084,-0.026199594,0.32318577,-0.29231128,-0.034629248,-0.25000426,0.20954913,-0.3621401,0.09635588,-0.7780687,0.4861125,-0.00938138,0.24370873,0.924155,-0.06069837,-1.9186375,-0.16088486,-0.12604524,1.4389439,0.53009,0.09219013,0.45265564,-0.43543473,-0.12937349,0.70924234,-0.14366253,0.26719525,0.17966816,0.034404,-0.11647424,-0.04627375,-0.13714989,0.013181001,-0.13383837,0.31977525,0.12368213,-0.10319376,-0.014408752,-0.868815,-0.0016984046,0.32280576,0.001087496,-0.4133075,-0.234679,-1.6451875,-0.28287938,0.10920289,-0.15205987,-0.323995,-0.07032375,-0.17479,-0.062408745,-0.050312117,-0.084618986,-0.44168824,0.27480876,-0.21859212,-0.03443637,0.22049326,0.202651
281,0.040144358,0.20675237,0.23442426,-0.25451374,-0.18946905,0.07843057,-0.13090183,0.10316141,0.16005382,-0.043204464,0.17244022,0.21302761,0.15765876,0.009774396,-0.023226501,-0.075932994,0.09707724,0.23026289,-0.20926191,0.3133691,0.17066838,0.11391803,0.07484661,-0.18929516,-0.0710892,-0.0896591,-0.09882846,-0.4064259,0.024800189,-0.19072643,0.10351324,0.39124364,-0.08541231,-0.010262295,0.18571404,0.15820257,-0.22167554,0.040574487,-0.0068907375,-0.113744795,-0.16849132,-0.19260034,0.10297729,-0.3154376,-0.13491215,-0.13886538,0.17078829,-0.3188478,0.018715989,-0.82196397,0.024385383,0.016706495,0.09379261,0.8504487,-0.0823504,-1.7637466,-0.027917271,-0.1474334,1.3406104,0.30073777,-0.10191336,0.38865983,-0.31726387,0.10688925,0.6317413,-0.011671497,0.36967725,0.30614093,0.019882677,-0.27348226,-0.056309566,-0.2044185,-0.07021366,-0.24961428,0.10727514,0.1572579,-0.13525978,-0.10123573,-0.61853933,0.02146611,0.63685286,0.08064713,-0.51221496,-0.046160635,-1.2823213,-0.21230051,0.13929953,0.076933146,-0.39518473,-0.266405,0.005887354,-0.1700443,0.058393642,-0.27005073,-0.26859,-0.04019368,-0.034227416,-0.13387984,0.3016001,0.26053515
282,-0.12791513,0.009442716,-0.07673858,-0.227249,-0.17055228,0.06766343,0.07518857,0.10455685,0.2195786,-0.19222485,0.012852856,0.032102704,0.22057843,-0.06377286,0.04685613,-0.016212855,0.29664472,-0.22113143,-0.33579144,0.033429995,0.063248426,0.23101257,-0.3196214,0.15915886,-0.050954487,0.03143587,-0.029308558,-0.10059141,-0.24017692,-0.0056443,0.04150063,0.57308453,0.26451844,-0.04773858,-0.087381855,0.08204428,0.043610036,-0.02845714,0.068658285,-0.45625573,0.0025772878,0.047884855,0.17635214,-0.44769287,-0.120974295,0.12618615,-0.019210143,0.035641573,0.02910817,-0.2594193,0.27016643,-0.282173,0.013648571,0.49688715,-0.20830569,-1.8049486,-0.03437957,0.010831432,1.0172664,0.14825785,0.03250951,0.47135988,-0.05376156,-0.014714284,0.048140142,0.059087824,0.36121926,0.04767286,-0.06480286,-0.3813033,-0.30161873,-0.29779044,-0.12818143,-0.11823128,-0.013095343,-0.017987145,0.0011811426,0.13956858,-0.572611,0.16124871,0.36124516,0.06445867,-0.24539717,0.022141162,-0.9099997,-0.14423586,0.040877707,0.06360859,-0.35502785,-0.25926572,-0.04956699,-0.044650853,0.13343982,-0.032489996,-0.20812,0.17571758,0.1880397,-0.013001417,0.58323556,0.26024345
283,-0.042792007,0.22254424,0.31049663,-0.09663259,-0.164598,-0.029357707,-0.24292895,-0.091249764,0.06782265,-0.10538835,0.1668914,0.06971758,0.16221774,-0.16210878,0.09704374,-0.36146995,-0.12256224,0.14902884,-0.07095669,0.3457051,0.16820613,0.2066104,0.068128586,-0.19100052,0.021707794,-0.025772594,-0.20754527,-0.5034473,-0.18416134,-0.058678005,-0.12885165,0.3267576,-0.04678159,-0.057556454,0.12140577,0.12789948,-0.11675021,0.018601649,-0.1080601,-0.27943155,-0.25869814,-0.115353145,0.061882354,-0.21533452,-0.24280529,-0.15945779,0.29216823,-0.011985591,-0.007826433,-0.83964646,0.09471325,-0.16314521,0.051007032,0.8027063,-0.1733264,-1.9534901,0.0727523,-0.15027454,1.3006923,0.2709344,-0.046925526,0.75860685,-0.35360473,0.10226089,0.67550474,0.006700471,0.42867094,0.033945113,0.24503295,-0.26789722,0.041177582,-0.24094696,0.04770005,-0.1333973,0.2394587,0.13228863,-0.007226495,-0.08872958,-0.44734985,-0.10227706,0.3795544,-0.08637734,-0.38251868,-0.060108956,-1.4482181,-0.045101415,0.01965726,-0.19127363,-0.34695366,-0.28530207,-0.07253212,-0.04343961,0.06095554,0.067913644,-0.28468183,-0.076583564,-0.095106885,-0.26348895,0.21979663,0.41646898
284,-0.055351913,0.004570833,0.17773758,-0.15895586,0.1294708,0.21566027,-0.025975341,0.19747639,0.25707927,-0.026599482,0.264456,0.058733914,0.24142458,-0.08928615,0.08229848,-0.17828824,0.16124322,0.28963515,-0.31547686,0.18225668,0.04912809,-0.063446656,0.05803236,-0.067145355,0.18484901,-0.2011808,-0.11987617,-0.29082504,0.058820035,-0.1114829,0.14722146,0.46088505,-0.09129003,-0.050994966,0.1812331,0.22823384,-0.26953346,-0.08214873,0.032267824,-0.13418655,-0.05437392,-0.1815915,0.18134356,-0.35461843,-0.06886761,0.15006681,-0.12862903,-0.21872763,0.03671719,-0.6085492,0.14174755,0.04091317,0.08453242,0.7757796,0.054869723,-1.552559,-0.08966417,0.037433892,1.5357251,0.42448595,-0.11626915,0.45616853,0.032267924,0.15468565,0.55165756,-0.15050232,0.1952807,0.094286636,0.20486891,-0.093879916,-0.15759823,-0.15679398,0.011520068,-0.27163726,0.2861457,0.39140597,0.037887726,-0.10755027,-0.68477976,0.009696583,0.5895868,-0.070541605,-0.39807814,0.012694009,-1.103361,-0.25084734,0.1176419,-0.23772648,-0.28738162,-0.13812208,-0.094593816,0.18722543,0.07265361,-0.21184544,-0.3137524,-0.12453501,0.07062804,-0.020168632,0.5202121,0.05578345
285,-0.5491467,0.46009,0.56625,-0.21356499,0.16504999,-0.21181035,-0.68921,0.18803667,-0.11497132,0.44399264,-0.072574,-0.007439991,-0.09243997,0.14711934,0.04325767,-0.44550002,-0.04562667,-0.06838,-0.39321566,0.60401994,0.5890033,0.13723801,0.30799267,0.08392332,-0.34324932,0.026934663,0.018803338,-0.3200333,-0.397055,-0.38957664,0.17603002,0.49049672,-0.20283668,-0.32613534,-0.14561,0.22883336,-0.15049534,0.00358666,-0.27064,0.060764667,-0.62055,-0.31186336,0.72195333,-0.19199,0.050546665,-0.5100743,0.4325633,-0.03710999,0.118810005,-1.0760001,0.095093995,0.15106167,0.31703833,1.1406366,-0.45644665,-1.9926666,0.067981996,-0.55114,1.8061,0.21100067,0.10618333,0.13809665,-0.2581133,0.064163335,0.66110003,0.09673234,0.345386,0.27925667,0.51058334,-0.19881101,0.30167633,-0.36912665,-0.019949334,-0.15057002,-0.04794666,-0.075695,-0.096469335,-0.25487533,-0.9767366,0.41009998,0.83119994,0.12461496,0.00015334289,-0.5302,-1.0453233,0.04794799,-0.243267,-0.14034332,-0.5675967,-0.28427333,0.0075999945,-0.10075001,-0.44634,-0.4072833,-0.49409,-0.003703316,0.41224003,0.003314654,0.54612696,-0.036936652
286,-0.9701,0.46821,-0.26834,0.67043,0.08871,-0.50789,0.11278,-0.46291,0.19719,-0.39083,0.11516,-0.88141,-0.095489,-0.1932,0.65421,0.16757,0.086689,0.053819,0.14595,0.52494,0.064429,-0.15729,-0.095941,-0.62295,-0.27015,-0.16057,-0.10939,0.16812,-0.41207,0.24502,-0.48753,0.35941,-0.56217,-0.52329,0.70499,0.19003,-0.5514,-0.099501,-0.31659,-0.31091,-0.18102,0.22955,0.31253,-0.7237,-0.54198,-0.090034,0.47733,0.032755,-0.52504,-0.48995,0.74818,-0.20234,0.18415,0.68781,-0.068136,-0.99438,0.10891,-0.30967,1.4043,-0.23582,-0.56765,0.82108,-0.27794,0.25087,0.99916,-0.18415,0.62771,-0.13185,0.46809,-0.49638,-0.10746,-0.34309,0.92547,-0.19316,0.44694,0.028827,-0.027924,-0.25467,-0.42717,-0.28876,0.3664,0.40122,-0.8698,-0.49363,-1.6019,0.77631,0.9808,0.35298,-0.78359,-0.35673,-0.55091,0.27107,0.69169,-0.42077,0.029862,-0.046423,-0.34432,-1.0237,0.307,1.0106
287,0.35887903,0.3951925,0.5227275,-0.6103225,-0.2166875,0.109302,-0.1785875,0.094740495,0.23645324,-0.36677998,0.44544753,0.27322075,-0.064945504,0.040829994,0.027708918,-0.29347503,-0.24775249,0.43379998,-0.184695,0.6732125,0.2389295,0.69149,-0.2796875,-0.58473,-0.1919475,0.16411602,-0.34163,-0.591435,0.10212399,-0.35886753,-0.078248754,0.668075,0.309395,-0.024582502,0.0064200014,0.098615244,-0.513895,0.2797925,0.166527,-0.054248247,-0.077134505,-0.353335,0.227635,-0.61355,-0.56426,-0.17532074,0.019602507,-0.260189,0.08275825,-1.0404825,-0.157925,-0.12670998,-0.018666252,0.74610996,-0.0199415,-2.39255,0.015062274,0.18162698,1.4817001,0.41912752,0.085577495,0.974155,-0.63680506,0.158365,0.79648006,-0.12988052,0.72855496,0.2181615,0.16564275,-0.0809225,0.13019724,-0.30966526,-0.014121249,-0.14453,0.22938426,0.36297002,-0.15967984,-0.13906151,-0.58995324,0.38715023,0.601778,0.125606,-0.51623,-0.2940272,-1.4928751,-0.0792055,-0.2211375,-0.21492068,-0.69522,-0.5178275,-0.17707075,-0.3045775,0.14044376,-0.33507276,-0.45679748,-0.14553049,0.12415675,0.130014,0.342523,0.619815
288,-0.0037937388,0.28531465,0.17608054,-0.20722629,-0.064458594,-0.18382026,0.16987793,0.25809342,-0.078032054,0.0043777833,0.35490116,-0.034740224,0.19077483,-0.008185901,0.13105336,-0.28773096,0.24994513,0.29775897,-0.43783057,0.24067849,0.059674952,0.023506992,0.037389997,-0.13394615,0.14523727,0.035713512,-0.16546766,-0.27075934,-0.018620217,-0.10927205,0.1294625,0.7062039,-0.09041949,-0.0035660532,0.25085416,0.31095353,-0.05917322,0.05265017,0.1129695,-0.1299946,0.0316524,-0.420251,0.16277276,-0.35630485,-0.08151995,0.027687004,-0.028239446,-0.43373057,0.20003359,-0.68672335,0.16553131,0.21992928,0.2029925,0.7630499,-0.06862237,-1.9165139,-0.2163871,-0.043951944,1.6341453,0.34278548,0.045049787,0.46697584,-0.2761134,-0.04096806,0.52272856,-0.10192636,0.17622559,0.29508668,0.23570667,-0.09633171,-0.035958894,-0.27505597,-0.11112009,-0.14165078,0.33870792,0.24104497,0.030520111,-0.0026677186,-0.6908901,-0.08973084,0.40084457,-0.036142997,-0.25471625,-0.14964074,-1.237971,-0.17963028,0.3220629,-0.2966186,-0.2963054,-0.188499,-0.13641495,0.015718827,0.1617715,-0.25374383,-0.48745224,0.05531223,0.10753789,-0.116486125,0.43999872,0.032418385
289,0.025131209,0.14074464,0.16295716,-0.040678255,0.030864665,-0.12035073,-0.13131563,0.058276154,0.3498686,0.12570463,0.28509,0.06668993,0.27890322,-0.004762205,0.057019077,-0.15009184,0.18840314,0.0020326418,-0.09416856,0.22718665,-0.10640157,-0.026632065,0.048062064,-0.058506865,0.011090113,-0.055630084,-0.096472144,-0.13967864,-0.11032133,-0.15015414,0.22147699,0.60524565,-0.036050074,0.0035450694,0.16970183,0.32564422,-0.18954027,-0.103704415,0.12441421,-0.15024392,-0.038882144,-0.08222936,0.087385654,-0.4026195,0.046624295,-0.047157932,-0.08937764,-0.27859908,0.04169351,-0.3112544,0.22878323,0.008971853,-0.029922219,0.7866236,-0.13400973,-1.5133065,0.04277987,-0.14328234,1.6113837,0.34169477,-0.03469029,0.031771444,-0.20202419,0.06978293,0.64035004,-0.07413594,0.26301524,0.045218784,0.30494472,-0.119173065,-0.0932778,-0.15199329,-0.070434436,-0.08907465,0.30382746,0.18932152,0.04195207,-0.009329647,-0.7371807,-0.11868464,0.6148521,-0.15330681,-0.3140578,-0.026086424,-1.1879057,-0.14542615,0.06889322,-0.22052138,-0.28600138,-0.33368054,-0.002693787,0.06029724,-0.057147574,-0.121988215,0.0065757143,0.20273252,0.033336006,-0.089228265,0.3688957,0.15739894
290,0.008667332,0.059168138,0.21508117,-0.20798917,-0.054640833,0.046319112,-0.08021084,0.11701378,0.078135274,-0.024457568,0.14332166,0.11130349,0.30031568,0.04006605,0.012106219,-0.20664921,0.26251,0.21267095,-0.41531846,0.21369262,0.19488192,-0.053597406,0.12712334,0.07127526,0.024390854,-0.13874531,-0.15073246,-0.32288244,0.1347653,-0.14763218,0.109241486,0.43186018,-0.09014442,0.024878018,0.13268906,0.22758855,-0.09626328,0.06858382,0.048770584,-0.17864245,-0.22592026,-0.11918884,0.1100822,-0.33099163,-0.09458175,0.042483613,0.06669249,-0.35591337,0.049124036,-0.6281751,0.2359855,0.063116364,0.0783104,0.77558804,-0.020531455,-1.8077481,-0.1175203,-0.13219923,1.4316605,0.4771924,-0.10911064,0.42319357,-0.16957046,-0.007782389,0.7156247,-0.07736052,0.2537646,0.37311646,0.15421544,-0.15027896,-0.03424096,-0.16527328,0.02229444,-0.3971701,0.22325362,0.13655801,-0.035183907,-0.1744044,-0.68230075,-0.03244334,0.49842423,-0.06217201,-0.44113877,-0.010773082,-1.1754702,-0.22844063,0.21539523,-0.13177432,-0.22618881,-0.14427441,-0.09301207,-0.0780354,0.018517615,-0.20949851,-0.35471633,-0.047911655,-0.0971014,-0.13363482,0.18974942,0.10631645
291,-0.05007507,0.18809937,0.35413122,-0.24206813,-0.1976093,0.16696598,-0.11771643,0.37692896,0.0242225,-0.12755376,0.28687805,0.13548025,0.18251517,0.032574058,-0.026425697,-0.31083748,0.070019625,0.1367781,-0.28173116,0.27125522,0.3423863,0.08302814,-0.13725376,0.032503314,-0.078305244,-0.14375196,-0.2825996,-0.32964966,0.18968843,-0.257361,-0.010922382,0.38475817,-0.038532205,-0.098334685,-0.0387548,0.39776605,-0.2941773,0.1340606,0.048523746,-0.18561907,-0.11954788,-0.05947919,0.2072353,-0.20875496,-0.14313707,-0.07703637,-0.021544896,-0.45521945,-0.029899806,-0.81995004,0.20059636,-0.18795231,0.135961,0.781504,-0.22880635,-1.7973996,-0.013009727,-0.17389706,1.4076563,0.36596,-0.100520894,0.42711696,-0.35902542,-0.13230659,0.53567576,-0.002132371,0.47226998,0.34230122,0.011703324,-0.21829371,0.008249938,-0.268519,-0.09378974,-0.2534347,0.23079468,0.2111123,-0.16059174,-0.08392158,-0.5517939,-0.041490126,0.48212442,0.046767376,-0.2204592,-0.13420832,-1.1879059,-0.28379992,-0.0519262,-0.028655093,-0.30576965,-0.404048,-0.14573124,-0.06282058,0.19487068,-0.23120813,-0.41326326,-0.10736887,0.16684233,-0.07400994,0.26399413,-0.04974761
292,-0.25738707,0.14586163,0.3299549,-0.03861135,-0.056844853,0.06150602,-0.010354778,0.16681431,0.21393184,-0.05295082,0.1425408,-0.042207196,0.1078892,-0.07061806,0.09694135,-0.018400382,0.04935489,0.09771978,-0.083389655,0.13100381,0.009918793,-0.13697417,0.041239295,-0.05984285,0.026680745,0.03285023,-0.08302051,-0.12176714,-0.14263517,-0.09391453,0.022819228,0.28683814,-0.0678837,-0.063205786,0.19430251,0.2257403,-0.17895788,-0.08720324,-0.03898036,-0.16829473,-0.07854793,-0.04712819,0.12479977,-0.31293285,-0.08253145,-0.1577509,0.047387544,-0.14042665,-0.00021208823,-0.5213816,0.36504135,0.024161136,-0.054632142,0.67305493,-0.11014903,-1.5620868,-0.01433698,-0.14892757,1.2950674,0.22564961,-0.22754377,0.444912,-0.17881252,0.015005526,0.674626,-0.07671897,0.1883999,0.072912835,0.08000609,-0.17264201,-0.13709387,-0.056667503,0.060993895,-0.13764216,0.19049364,0.23798364,-0.12744464,0.04618527,-0.56563395,-0.12278242,0.47746274,-0.15243995,-0.32361305,-0.14810272,-1.0628853,-0.16199456,0.15094647,-0.09446725,-0.30493507,-0.18667912,-0.07223726,0.060308933,-0.08183726,-0.18229927,-0.27476966,-0.030992432,-0.021117028,-0.18167755,0.47265205,0.14030324
293,-0.08392645,0.10487699,0.22962447,-0.3289958,-0.06457018,0.01577436,-0.050131883,0.094382785,0.14822991,-0.051122613,0.17904383,0.063248165,0.10493999,-0.046970956,-0.084462136,-0.19741872,0.1530726,0.13690141,-0.4120147,0.21111473,0.05347524,0.10515925,-0.10269897,-0.10978461,0.013258182,0.005830341,-0.13911836,-0.39064732,0.061898902,-0.09312386,-0.035856925,0.62565404,-0.13142191,0.003520381,0.16228165,0.33515152,-0.16451867,0.014522763,0.12226534,-0.23053735,-0.18316515,-0.20045027,0.022901515,-0.3079507,-0.18059471,-0.046888094,-0.032007955,-0.37544978,0.11509755,-0.7443865,0.13250686,0.110905625,0.19010775,0.66917604,-0.011109164,-1.743275,-0.070197366,-0.10237447,1.486344,0.3438556,0.010984374,0.3613696,-0.300679,-0.073989116,0.5029834,-0.10985204,0.41653073,0.47821435,0.118477605,-0.13299282,-0.067511864,-0.23312484,-0.08936515,-0.42959964,0.25785843,0.2277207,0.0053021503,-0.012684515,-0.68623513,0.033958107,0.56180793,-0.13735288,-0.33271372,0.0031917817,-1.1925609,-0.30294427,0.05275334,0.055088665,-0.32697067,-0.22463417,0.009292836,-0.020010144,0.087301195,-0.26521307,-0.3720336,0.04488468,0.13255058,-0.041055746,0.37821653,0.23117745
294,-0.08687566,0.22166526,0.25989825,-0.2736784,-0.12792823,0.14333138,-0.10416739,0.08189522,0.18935055,-0.08226176,0.2787131,0.15005201,0.18872787,-0.022888284,0.06829798,-0.21093531,0.14662434,0.22440961,-0.36681095,0.18626657,0.18757734,0.028696802,0.0026378506,-0.13572422,-0.09240407,-0.04394155,-0.21263485,-0.22665063,0.084626436,-0.34833884,-0.040415157,0.5862978,-0.044565655,-0.11156446,0.23173681,0.24246474,-0.099147834,0.072123654,0.1044839,-0.22410052,-0.20707342,0.0039790333,-0.030540356,-0.31493413,-0.23467395,-0.0032834436,0.044550106,-0.31897017,-0.067722276,-0.55956256,0.11488283,0.15545304,0.043094147,0.6916146,-0.18956769,-1.575534,-0.031399835,-0.107194565,1.226294,0.15524949,-0.15124755,0.45225626,-0.27590698,-0.17371681,0.6130052,0.053955495,0.4125115,0.18635525,-0.09457036,-0.44158083,0.008995625,-0.26222876,0.12193985,-0.37611347,0.06632418,-0.02279294,-0.18499473,-0.06486292,-0.48950553,-0.007815694,0.42024502,-0.16286644,-0.35975066,0.020972501,-1.1346136,-0.107238136,0.1357998,-0.13607997,-0.20173045,-0.22218537,-0.13498041,0.015646253,0.009620555,-0.377537,-0.21068212,-0.0561337,-0.0037389547,-0.30251428,0.30210438,0.21021366
295,-0.24060966,0.16802476,0.30542368,-0.47556445,-0.017262693,-0.078678206,-0.107547194,0.059548456,0.23222798,0.006234303,0.24263994,-0.29228824,0.22148776,-0.16311541,0.013034382,0.03951369,0.2781987,0.28906998,-0.052016377,0.3281151,0.11478571,-0.08377723,0.07708324,-0.10833785,0.23650223,0.14551595,-0.014052669,-0.2981168,0.016374698,-0.20669076,0.022610465,0.510693,-0.012805694,0.14015199,0.19052316,0.30751413,-0.36133844,0.067469835,0.117022306,-0.3088997,0.06784954,0.05937467,-0.11663985,-0.28021133,-0.46467924,-0.1298523,-0.019970464,-0.17891668,-0.019196233,-0.6805508,0.08482877,0.064853534,0.105386056,0.59862286,-0.084346764,-1.6079154,-0.026791047,0.15536371,1.2762661,0.23570617,0.014761538,0.7061926,-0.3893161,0.19072907,0.6791936,0.018393999,0.51268303,0.08113862,0.07581723,-0.21295446,0.10783613,-0.0660453,0.030834354,-0.27695152,0.15581952,0.13177231,-0.049911696,-0.023933347,-0.3621842,-0.19918528,0.111564845,-0.089715466,-0.34399134,-0.19433977,-1.0704205,-0.22322024,0.05014061,-0.014370955,-0.29312462,-0.32264864,-0.04136616,0.276706,0.37420556,-0.13269207,-0.15588202,0.00130884,-0.029515158,-0.4051785,0.7275242,0.47170708
296,0.15021533,0.22924966,0.31858334,-0.275,0.3048167,0.37871334,-0.22483669,-0.035573345,-0.030156314,-0.020163668,0.112776674,-0.30337667,-0.031726,0.027626658,0.13675667,0.045263335,0.49521336,0.35380003,-0.3922467,1.01535,0.43435,0.257975,-0.06979,-0.24511333,0.29143667,0.25492665,0.111198,-0.5851733,-0.017869988,-0.18970335,-0.47429666,0.58452004,0.42546,-0.048413336,0.37637433,0.35857,-0.25396,0.37444666,0.06684,-0.52311665,0.36333767,0.13000134,0.076483235,-0.23919334,0.062303334,0.16354667,-0.32006,-0.24474268,0.41976333,-0.567461,-0.08985666,-0.04917,0.25651535,0.78328663,-0.042216662,-2.5576,0.067282,0.51321,1.0984067,0.05496634,-0.29920334,0.91378665,-0.08996335,-0.060203683,0.39089334,0.14296335,0.60328,-0.097642995,0.15727232,-0.24432766,-0.16015266,0.00951,0.011202671,-0.011357665,-0.26096,0.41411003,-0.05689001,-0.09336334,-0.3901843,-0.27276,0.03217,0.38665333,-0.13607334,0.17835999,-1.1683334,-0.27492666,-0.49711668,-0.34508666,-0.34904,-0.31089,-0.08528667,0.137096,0.376899,-0.19081669,-0.7694734,0.077968664,-0.091303326,-0.38421667,0.6005927,0.81604004
297,0.061573386,0.18367007,0.26363543,-0.17607978,-0.10325434,0.02041058,-0.11991681,0.14679475,0.171926,-0.0141201485,0.14514874,0.15180585,0.12270682,0.026150692,0.02370161,-0.24425805,0.10350068,0.24180059,-0.2812938,0.38440174,0.15322867,0.080251284,-0.08526243,-0.13347784,-0.030165758,0.119169176,-0.15940711,-0.32218423,0.019008392,-0.372968,0.1531752,0.66495687,-0.026696611,-0.030334672,0.17869303,0.35225204,-0.020823095,0.13326852,-0.007920431,-0.36752057,-0.0061890087,-0.08832129,0.036267463,-0.4549653,-0.22440764,-0.088341065,-0.033065412,-0.2408931,-0.0046489267,-0.69837326,0.12105799,0.10631859,0.09395049,0.661553,-0.19401696,-1.6225698,-0.05234709,-0.08571794,1.5188255,0.167992,-0.117449716,0.21202442,-0.31287962,-0.040552564,0.66800135,-0.035380803,0.51663,0.3760202,0.06374412,-0.29846856,-0.06456674,-0.162511,-0.10097503,-0.39398786,0.12652574,0.18747221,-0.031254925,0.015482004,-0.7067737,-0.11405532,0.54383045,-0.1954535,-0.21917269,-0.095357426,-1.2318572,-0.22689798,0.025957998,-0.19500525,-0.22493687,-0.26864865,-0.036791824,-0.081702605,0.035830643,-0.3286747,-0.3305659,-0.028529925,0.03646289,-0.14403161,0.33377752,0.12894161
298,0.21295,0.03707,1.0124,-0.67493,-0.88175,0.18373,0.0004378,0.60014,0.4172,-0.19167,0.7171,0.36191,0.11145,0.14043,-0.22185,-0.27983,-0.50095,0.30039,-0.32264,0.22795,0.33832,0.93526,-0.62456,-0.30561,-0.53559,0.75834,-0.38558,-0.55745,0.09416,-0.20772,-0.55032,0.78057,0.50519,0.0070371,0.39801,0.14073,0.073522,0.012188,0.41071,-0.77171,0.22932,0.36581,-0.51284,-0.78185,-0.7812,-0.34036,-0.019167,0.031401,-0.24249,-1.2048,-0.39647,-0.12308,0.20971,-0.049102,-0.55112,-1.1077,0.25262,0.45174,0.92798,0.011731,-0.078905,0.73941,-0.81196,-0.26955,0.2769,0.27116,0.98054,0.76292,-0.88089,0.057249,0.35555,0.051699,0.1286,-0.35501,0.38306,0.57801,-0.19022,0.10603,0.1416,-0.50563,0.13599,-0.7722,-0.080773,-0.10218,-1.1811,0.0093019,0.11515,-0.10057,-0.22685,0.017916,0.18127,-0.040203,-0.031254,-0.011978,-0.093409,0.025642,0.027521,-0.26216,-0.069477,-0.070536
299,-0.23406033,-0.29399166,0.35543334,-0.26017782,0.19378333,-0.1196,0.27565032,0.0026413351,0.63521,0.04148333,0.7039034,0.12668,0.26003,-0.5783934,-0.08829334,0.067308,0.292324,0.06391766,-0.246346,0.82072335,-0.14989667,-0.33715,0.35697666,0.427814,0.05267181,0.3811597,-0.019801663,0.30582333,-0.23082668,-0.17953001,-0.101183325,0.38351998,-0.38344133,0.38571,0.31217334,-0.014423336,-0.29721668,-0.01281333,0.69348335,0.082150005,-0.41467968,0.059063327,-0.047306,-0.21702999,-0.15892667,0.42310667,-0.19228335,0.05417666,0.28926334,-0.21568668,0.31091002,0.37663332,0.116686665,0.73403335,-0.011816661,-1.30011,-0.51149327,0.12926967,1.75749,0.26121667,-0.48683,0.7152757,0.39763665,0.195696,0.42084834,0.23843966,-0.33345136,-0.21652234,0.14440668,0.013233324,-0.14494665,0.0043566725,0.21182567,-0.28729,0.195087,0.31021,0.16610332,0.020127997,-0.9462533,-0.34956098,0.22960334,0.010250002,-0.021513322,-0.10963634,-0.555229,-0.17563899,0.47848567,-0.14911534,-0.55528,0.23166333,0.5924967,0.73683333,0.051589984,0.21819,0.12395966,0.34148002,-0.07022694,-0.19939,0.52951837,-0.25008667
300,-0.14429176,0.168855,0.483955,-0.04835674,0.1054375,0.1979,-0.759045,0.089127496,0.3384825,-0.1720595,0.138865,-0.2420237,0.027578505,-0.046476,-0.15791576,-0.202659,-0.553095,-0.016539745,-0.3373,0.002464749,0.25973248,-0.103065,-0.011327505,-0.0787175,0.071999505,0.3472145,-0.36158746,-0.3021775,0.58628297,0.10532425,0.108905755,0.23763299,-0.14794749,0.118295,-0.15283501,0.1039,0.19085926,-0.48059675,0.2322475,-0.1971865,-0.34910497,0.023605749,-0.16405475,-0.595791,0.195212,-0.067737505,-0.21447724,-0.5063822,0.05181001,-1.0016074,0.46396,0.43465102,-0.08949649,0.6973725,-0.07405051,-1.5850075,0.016621998,-0.0459145,1.78255,-0.14843926,-0.036755003,0.196515,-0.1894675,-0.13433605,0.4865325,0.251299,0.30455002,0.31792498,0.18389249,-0.28254998,-0.13424999,-0.39296028,-0.3739475,-0.6655175,0.30990076,0.6043175,0.20318049,0.37697998,-0.693315,-0.2909335,0.685385,-0.20938626,-0.6634966,-0.1905115,-0.9949175,-0.28749025,0.30131152,0.016461251,-0.10249674,-0.134563,-0.13764,0.0567275,0.064854994,-0.45035,-0.5739375,-0.3696725,0.24587724,0.09045099,0.25765002,0.20151749
301,-0.23334001,0.19265862,0.39366108,-0.1448015,0.058229808,-0.009926529,-0.051339705,-0.024123147,0.25520816,0.056954548,0.20887001,-0.15020014,0.13682538,-0.17274648,0.1361793,0.03893485,0.08287832,0.18862696,-0.12543307,0.087250665,-0.028186178,-0.15768395,0.15257432,0.042102106,0.0656932,-0.009527229,0.17341274,-0.20110673,-0.21150178,0.03907874,0.10538577,0.48852077,-0.09631425,0.06673403,0.40664,0.27488306,-0.18396348,0.08097245,0.037876148,-0.1901148,0.04956431,-0.11613016,0.08731899,-0.26693347,-0.19531667,-0.008587848,0.09434236,-0.26443258,0.11693942,-0.45812705,0.32156295,0.06983429,0.090601966,0.66164905,-0.02434385,-1.6529202,-0.089260235,0.0044807326,1.3568918,0.2005868,-0.2489587,0.49435177,-0.19371513,-0.089226,0.6469536,0.10258278,0.2352657,0.008537264,0.28373724,-0.05080681,-0.010378033,-0.0027327803,0.09267579,-0.25537902,0.1836058,0.1825062,0.05534501,-0.017000254,-0.5106004,-0.28735933,0.31091106,-0.2900679,-0.2613115,0.09747999,-1.0992942,-0.087505355,0.04880171,-0.31002203,-0.3195025,-0.1059598,0.061334435,0.28068444,-0.007761112,-0.30739453,-0.12102836,0.03663686,-0.058230516,-0.31037515,0.61396056,0.23574069
302,0.021587415,0.19152033,0.24494416,-0.30168918,-0.016597169,0.20565784,-0.17145835,0.12862583,0.09905074,-0.13371032,0.19409132,-0.02470543,0.2200005,-0.04903667,0.070738144,-0.347846,0.16394034,0.13451694,-0.16953242,0.24501999,0.17927305,0.16113675,0.040309083,-0.084371425,0.24254622,-0.09215575,-0.22787516,-0.3166475,0.08306608,-0.21019848,0.040494915,0.5027023,0.053735,-0.09561801,0.056280583,0.21838975,-0.31857303,-0.050505415,0.15953319,-0.12476283,-0.18614416,-0.1844251,0.17265582,-0.37265873,-0.009304844,0.07011625,-0.008139077,-0.24937941,0.04717276,-0.70593923,0.2968203,0.004832825,-0.07274851,1.0216991,-0.044803243,-2.2511377,-0.098632574,-0.12906575,1.8750582,0.43414998,0.004109835,0.5253792,-0.08474117,0.09540117,0.5516361,-0.019088,0.32291284,0.24104534,0.1640875,-0.018035246,-0.016380796,-0.31332734,-0.07242267,-0.47548547,0.2716524,0.28350332,-0.10739688,-0.10433516,-0.6948469,-0.15412234,0.6230343,-0.036910187,-0.45285973,0.016165,-1.3373758,-0.35910583,0.142501,-0.24826781,-0.2519377,-0.35032082,0.016453417,0.04134233,0.07763151,-0.31833097,-0.4277942,-0.017121581,0.10545192,0.060560416,0.37576595,0.3534862
303,-0.2816,0.18427,-0.06755,0.27694,-0.066775,-0.41389,0.30757,-0.11097,-0.84585,-0.17047,0.0062422,-0.65395,0.28771,-0.12409,-0.26717,0.026893,0.17115,-0.46256,0.19549,1.1399,-0.46206,0.39222,-0.18622,-0.53259,0.073297,0.0045262,-0.45476,0.16952,-0.41111,-0.31766,-0.73616,0.56228,-0.26528,-0.088054,0.93175,0.46633,-0.36245,0.46954,-0.18022,-0.07036,0.55793,0.13965,0.38983,-0.04636,0.55198,0.020288,0.34741,-0.61839,0.051404,-0.83699,0.05628,-0.24738,-0.19872,0.75093,0.068948,-1.7575,0.70621,0.079792,1.1462,-0.63423,-0.68378,0.51682,-0.68141,0.29451,0.25864,-0.25839,0.36467,0.026786,0.35151,-0.13273,0.18513,0.52367,1.0416,-0.12293,0.77957,0.41305,-0.28948,0.19722,0.41088,-0.35153,0.48837,0.58854,-0.37273,-0.45631,-0.98976,-0.070993,0.48845,-0.082542,-0.49009,-0.29484,0.031072,-0.38779,0.15321,-0.0078053,-0.43276,0.37334,-0.76888,-0.82518,0.28753,0.76069
304,-0.2138474,0.32045233,0.2767413,0.11546701,0.112858154,-0.07958483,0.0024086635,-0.010060658,0.22575285,0.10990123,0.10545816,-0.30948976,0.3007615,-0.28128126,0.13849343,0.18315,0.24872309,0.3916187,0.18335152,0.053655986,0.13258366,-0.18610334,0.067499585,-0.04579742,0.06704723,-0.03149542,0.04957168,-0.24754299,-0.2278222,-0.021574588,0.058063656,0.48649374,-0.19384982,-0.27563414,0.36999616,0.27677676,-0.012264843,-0.09514952,-0.28085497,-0.3531253,0.07917041,-0.21527733,0.26139534,-0.22907645,-0.15619351,-0.08412174,-0.025919175,-0.116238594,-0.2376005,-0.48818228,0.27812907,0.18307732,0.045167748,0.54577833,-0.022568837,-1.4819134,-0.11324483,-0.22904108,1.4611324,0.037001174,-0.004015919,0.11158808,-0.16708612,0.12820417,0.64869726,0.011326331,0.23759095,0.20119901,0.193455,-0.34145632,-0.011304411,0.010303919,0.16282283,-0.061913315,0.1344821,0.084322155,-0.16909115,-0.15472558,-0.50904584,-0.2258175,0.37216914,-0.20304275,-0.38970265,-0.0025958307,-1.0516783,-0.16104382,-0.09408092,-0.07349321,-0.147622,-0.19532748,-0.13475432,0.14643629,0.16188368,-0.23102081,-0.106301665,0.033874914,-0.09306267,-0.23747957,0.5503191,0.23694015
305,-0.22687808,0.2881307,-0.065197,0.0629419,-0.0765666,0.1692748,-0.15759918,0.1196244,0.2472206,-0.058938902,-0.04548501,0.052599598,0.0322006,0.126131,0.009784003,-0.103634834,0.3661052,0.44401112,-0.05141611,0.038730912,0.2644212,0.017099494,-0.008730927,-0.24191912,0.116101995,-0.0542972,0.045544006,-0.199267,0.270286,-0.21380672,0.09194261,0.51489353,-0.488415,0.060378097,0.2940859,0.16007501,-0.3224443,0.050556697,0.055280693,-0.48156986,0.0149342,-0.25842282,-0.086908594,-0.44312602,-0.3028637,-0.1389884,0.0865382,-0.2100567,-0.29001218,-0.605393,0.21311441,0.48599777,0.29444176,0.76806104,-0.11733472,-1.3765329,-0.0032677993,-0.068932,1.2969949,-0.019518804,-0.123376705,0.36965927,-0.115600005,0.32780293,0.59456295,-0.057774507,0.3022155,0.178266,-0.0630389,-0.388801,-0.018623402,-0.22189763,0.28509897,0.020623317,0.1444329,0.045707397,-0.2900144,0.15000662,-0.565004,0.10482861,0.53137267,-0.20280404,-0.342932,-0.16494538,-1.017778,0.0016455092,0.25535402,-0.158761,-0.054386698,-0.15903741,-0.1409948,0.092910804,0.119424,-0.249209,-0.33867767,-0.46325403,-0.16184977,-0.351767,0.362265,0.015293295
306,-0.087939344,0.45815668,0.27372667,-0.12670599,0.10531966,-0.05303665,-0.06849668,0.19231002,0.16565667,0.10453334,0.020406008,0.019640332,-0.11139002,0.070932,-0.19097634,0.254069,-0.055386666,0.15558334,-0.47010997,0.26178336,-0.049480665,-0.27598265,-0.44139,-0.33392334,-0.082182,0.19257666,-0.27096668,-0.05914666,-0.24857666,-0.6353333,-0.05512634,0.68008,-0.14174666,-0.192917,-0.057166666,0.44612002,0.25470933,-0.25687668,-0.28868198,-0.15316033,0.09437999,-0.31606665,0.24419801,-0.27162334,-0.10761666,-0.09935,-0.31594828,-0.23608667,-0.06831176,-0.41273,-0.14155845,0.35798,-0.088546656,0.30700335,0.06764001,-1.17946,0.12373667,-0.16861999,1.0362767,0.047395006,0.138504,0.265043,-0.33742332,-0.2601367,0.24092768,0.10536327,-0.18417001,0.57472664,-0.28131,-0.7883633,0.25645664,-0.29913,-0.10845599,-0.019703338,0.19163334,0.32311335,-0.28735998,-0.13576333,-0.18760999,-0.26247534,0.37037668,-0.265477,-0.25455,-0.56769997,-0.7529433,0.12519526,0.35678998,0.20509332,-0.27583805,-0.234815,0.04796933,-0.27412334,-0.011128336,-0.63821334,-0.18065333,-0.22031002,0.12200532,-0.019379,0.115783334,-0.07585666
307,0.13956366,0.24533187,0.35506678,-0.26731333,-0.17169642,0.0121089965,-0.09649834,0.10701177,0.3248241,-0.039599165,0.4793451,0.17431533,0.09303266,0.07938068,-0.09014124,-0.23957253,0.32178113,0.19052576,-0.15707417,0.37802586,0.042557165,0.2760364,-0.11334575,-0.25086784,-0.22280002,-0.08993405,-0.21155185,-0.37192833,0.061114755,-0.25776282,0.24739207,0.5679464,0.021064764,0.07627176,-0.017214084,0.14755027,-0.42183697,0.07839393,0.10367242,0.036125094,-0.12834217,-0.13655733,0.052938417,-0.44509467,-0.22726648,-0.20172584,-0.022373335,-0.3252325,0.12261408,-0.8515093,0.014257751,0.087201424,0.090822905,0.70576,-0.10905692,-1.5854307,0.0835915,0.020079538,1.1449958,0.42191422,0.055098,0.5253513,-0.5474825,0.049473826,0.6078457,-0.030784482,0.6393433,0.2262175,0.33986136,-0.0633365,0.05714758,-0.0663315,0.066379674,-0.25985137,0.1449635,0.17204218,-0.15298508,-0.118269585,-0.66619307,0.18294235,0.407176,0.1666795,-0.39281416,-0.15578176,-1.223936,-0.08259443,0.022368586,0.021512931,-0.45843196,-0.17992842,-0.14754067,-0.2294036,0.27150583,-0.070727415,-0.16467534,0.011716002,0.10293325,-0.037263747,0.16930266,0.31267706
308,0.18651298,-0.29469407,0.07856259,0.17171276,0.040342037,0.07291073,0.45322374,0.40201718,0.3989304,0.0458903,0.24033688,0.039122574,-0.05367462,0.15409806,0.23694618,-0.45089832,0.4528154,0.08445541,-0.14497945,0.34637663,0.4063961,-0.08960687,-0.15337466,0.013752156,-0.0050780308,-0.13808554,-0.14355595,-0.62051237,0.25715697,-0.185916,-0.26290175,-0.16721939,-0.061489634,0.266681,0.18294968,0.3678304,0.3511728,-0.015283732,0.032498926,-0.011697522,0.1511146,-0.2694445,-0.14959183,-0.52458405,0.34797513,0.022936814,-0.4512504,-0.33668154,-0.47609106,-0.049865294,-0.23886693,0.5542598,-0.054098412,0.17867449,-0.37696365,-1.6280222,0.064877145,0.12708749,0.69945097,0.45451027,-0.46732366,0.00012862461,-0.529938,-0.42226097,0.24360387,-0.074733116,0.1554134,-0.1698324,0.20243816,0.47618687,0.22278936,0.47793686,-0.18893598,-0.51471436,0.116247125,-0.25503257,-0.12378082,0.09814168,-0.5184198,-0.11326174,0.41826966,-0.4330197,-0.18735124,-0.1896158,-0.7070995,-0.043009587,-0.28787988,-0.31321943,0.33109552,-0.3321612,-0.03198346,-0.20385304,0.19495393,0.49291357,-0.14409344,0.19162963,-0.55750364,-0.6312748,0.27008912,-0.07461725
309,-0.1745245,0.30858502,-0.17105675,-0.27597117,0.04122217,0.06345833,-0.121801175,0.152005,0.1129505,-0.13195318,0.14585984,0.22832666,0.012855023,0.18936734,0.1664,-0.045348313,0.28723216,0.09645168,-0.0823726,-0.07499716,0.16399395,0.28967533,-0.31102166,-0.2811483,0.39774048,-0.27758428,0.04175001,-0.5030183,-0.050505836,-0.19561966,0.121568345,0.40056148,-0.20699167,-0.118998,0.16920684,0.521725,-0.13812351,-0.117224164,0.04774995,-0.43627498,0.16176084,-0.14469482,0.16079833,-0.20445804,-0.23933811,-0.114706665,0.08391616,-0.55533427,-0.20165634,-0.61633,0.394232,0.07595118,0.088332854,0.72690994,-0.10763516,-1.9445,-0.072998166,-0.25769117,1.5652467,0.361325,-0.0017666655,0.3544363,-0.13482334,0.15869033,0.66014665,-0.06950734,0.19385433,0.25208554,0.10047,-0.20682667,-0.09896167,-0.15128034,0.10172049,0.0034300138,0.25170884,0.14466684,-0.060135994,-0.12418499,-0.8820901,-0.23889232,0.08637482,-0.206775,-0.223475,-0.24367166,-1.04427,-0.3225335,0.10143066,-0.3519055,-0.017647663,-0.15397333,-0.13213183,0.14445382,0.196934,-0.33466518,-0.5390467,-0.052241463,-0.11865797,-0.44112757,0.4350721,0.22411434
310,-0.15431343,0.1742441,0.4009722,-0.23753558,0.17718558,0.13686812,0.24373889,0.23920669,0.026309779,0.024273222,0.06298578,-0.014276885,0.22024521,-0.046180505,-0.063857116,-0.23954779,0.25253424,0.036496334,-0.4828579,0.20909332,0.04384111,-0.09413567,0.056994114,0.041479446,0.16024889,-0.17057456,0.007058995,-0.26507446,0.23610888,-0.032904897,-0.045267787,0.3905544,-0.21048345,0.13499355,0.36303478,0.21716002,-0.22782108,0.5637233,-0.38066888,-0.11332156,-0.40494108,0.008356048,0.14969254,-0.34778044,0.071729995,-0.09802489,0.27625132,-0.61725,-0.11561998,-0.58995557,0.11368111,-0.07343212,0.27602088,0.8791234,-0.28437892,-2.2292778,-0.1562608,-0.22626156,1.5550467,0.5702277,-0.21725224,0.6304211,-0.411013,-0.06193722,0.8027947,-0.044431444,0.34410223,0.44090328,0.15644413,0.050269224,-0.120004326,-0.3022539,0.14803967,-0.24993856,0.21766001,0.23808445,-0.26741135,0.015973117,-0.91975117,0.012994111,0.61817,-0.111638226,-0.5652945,-0.156763,-1.3946967,-0.101078115,-0.027054237,-0.15158056,-0.084688775,-0.3016497,-0.001809332,-0.21376444,0.028750658,-0.09300867,-0.55594,0.316354,-0.14013778,-0.067690335,0.56408393,0.17852868
311,-0.017405923,-0.07712636,0.11007021,-0.018614212,-0.008517431,0.057828587,-0.05316006,0.1654658,0.43535763,-0.07772715,0.16604659,0.22363093,0.19930394,-0.28901628,0.005459715,-0.14433502,0.10063449,0.23855622,-0.35967118,-0.12070082,0.089157715,0.015816854,0.31439862,0.015438573,0.0073658535,-0.07316286,-0.23077807,-0.27996236,-0.04923361,-0.08479778,0.17480643,0.56797856,-0.13607685,-0.013803995,0.19318178,0.079037726,-0.21831632,-0.034282643,-0.07621329,-0.13930443,-0.40767333,-0.049956657,0.17309558,-0.11601456,-0.21742527,-0.08741391,-0.0048597124,-0.12421735,0.051204305,-0.39855784,0.20628563,0.112246014,0.17282964,0.74662066,-0.29079485,-1.3370857,-0.21774958,-0.036151685,0.95587355,0.215376,-0.1389523,0.3402712,-0.14913788,0.15130463,0.4093742,-0.108636566,0.27731368,0.12976499,0.06892298,-0.31337142,0.017783567,-0.18998742,0.14093414,-0.19096132,-0.052431382,0.10855593,-0.21670172,0.0282482,-0.5276795,-0.11284663,0.4574564,-0.21201363,-0.4509314,0.010323873,-1.0631013,0.1380326,0.42296243,0.021973431,-0.4805654,-0.19666985,-0.100513704,-0.0051151398,-0.26286304,-0.079634555,-0.24909973,-0.1155157,0.098522425,0.09023862,0.30103952,0.12425035
312,0.0,0.0,0.0,0.0,0.0,0.0,0.0,0.0,0.0,0.0,0.0,0.0,0.0,0.0,0.0,0.0,0.0,0.0,0.0,0.0,0.0,0.0,0.0,0.0,0.0,0.0,0.0,0.0,0.0,0.0,0.0,0.0,0.0,0.0,0.0,0.0,0.0,0.0,0.0,0.0,0.0,0.0,0.0,0.0,0.0,0.0,0.0,0.0,0.0,0.0,0.0,0.0,0.0,0.0,0.0,0.0,0.0,0.0,0.0,0.0,0.0,0.0,0.0,0.0,0.0,0.0,0.0,0.0,0.0,0.0,0.0,0.0,0.0,0.0,0.0,0.0,0.0,0.0,0.0,0.0,0.0,0.0,0.0,0.0,0.0,0.0,0.0,0.0,0.0,0.0,0.0,0.0,0.0,0.0,0.0,0.0,0.0,0.0,0.0,0.0
313,-0.0782946,0.123554945,0.2563307,-0.25060812,-0.19883905,0.051198397,-0.18155508,0.1383832,0.13691808,0.023755731,0.15525621,-0.028846333,0.30224282,-0.03429614,0.061339602,-0.0916224,0.13709562,0.19017506,-0.3526322,0.3975744,-0.051466927,0.08809899,0.012871879,-0.042838667,0.07452408,0.008837405,-0.20020907,-0.17441565,0.10561959,-0.16611028,0.056813337,0.6032827,-0.06654421,0.0015153289,0.18402535,0.22958952,-0.30753466,0.0040076654,0.2042387,-0.25472435,0.0030362064,-0.06211541,0.07717279,-0.2781332,-0.06852153,0.142299,0.15637787,-0.244814,0.0443606,-0.64391136,0.17836186,-0.04355014,0.094903395,0.7845107,0.044082068,-1.6696302,0.00047629277,-0.071969375,1.4777733,0.1881964,-0.117154665,0.43893352,-0.33601752,-0.044918403,0.5359327,-0.033955257,0.31130442,0.027762331,0.168493,-0.249424,0.0534696,-0.30706987,0.06654121,-0.36214495,0.34357312,0.29748863,-0.09058,-0.15925151,-0.55487686,-0.02743206,0.48974666,0.09151173,-0.33428466,0.1704064,-1.2731258,-0.19251451,0.0831474,-0.14277837,-0.31637648,-0.21632433,0.035477526,0.19845289,0.16181867,-0.21114233,-0.18165067,-0.020533534,-0.0010439992,-0.05929797,0.29447427,0.2772723
314,-0.12475234,0.121340014,0.65575004,-0.17083335,0.21232033,-0.097184666,0.14887534,-0.443663,0.2044987,-0.087012686,0.41316566,-0.28777668,0.11487334,-0.44279802,-0.27232334,0.058778662,0.28953266,0.4224,-0.47425997,0.47848335,0.12656,0.012850006,-0.10556799,0.08429667,0.33058932,0.28875569,0.17269333,-0.02342233,0.29479998,-0.04888,0.06556033,0.6063966,0.10759866,0.39936665,0.5550867,0.04001433,-0.8103301,0.19752668,-0.16992666,-0.31748533,-0.23834966,0.5804733,0.27560666,-0.076996334,0.23495333,-0.0026685297,0.56094,-0.45355335,0.09021667,-0.41647336,0.022890002,-0.04458667,0.3886464,0.5316834,0.002976666,-1.5972433,-0.3580967,0.1389822,0.9886567,0.18827999,-0.25742134,0.62682897,-0.46535668,0.15855001,0.81322336,0.054943666,0.15126532,-0.14538667,0.44725966,-0.31564,0.6031533,0.20759332,-0.027343323,0.17992334,0.16652001,0.30861002,-0.10581667,-0.39859533,-0.56614333,-0.069819994,0.2991967,-0.29838982,0.024183324,0.019580334,-1.0235057,-0.20474334,0.007859,-0.5787733,-0.059860993,-0.12173167,0.14063835,0.5191024,-0.040031,-0.23361999,-0.29540667,0.07114666,-0.21331,-0.2878767,0.78622,0.20499532
315,0.02653886,0.23871242,0.27791435,-0.22300294,-0.21478826,-0.26096353,-0.16086236,0.1097392,0.14225194,0.01682341,0.3374794,0.046320654,0.15066727,-0.1397296,0.025485411,-0.19515873,0.19122714,0.17174485,-0.21911591,0.1678502,0.30551535,0.026397143,0.053807303,-0.2570903,-0.0080860015,-0.12459963,-0.21602537,-0.40347138,-0.035475463,-0.22851072,0.035471708,0.48744324,-0.024095336,-0.13810195,0.08019867,0.32662734,-0.11495858,0.049155515,0.005440413,-0.28967527,-0.20137127,-0.14335304,0.067165226,-0.39392552,0.012729647,-0.012818039,-0.021365989,-0.34812182,-0.01769389,-0.6860126,0.31677482,0.08741763,-0.08049704,0.76657957,-0.2331744,-1.5789716,-0.120529085,-0.037650295,1.4463755,0.31805196,-0.1691375,0.45029408,-0.32722837,0.021064213,0.5036483,0.012720355,0.43957695,0.1689838,0.14363845,-0.24708593,-0.117602,-0.25660172,0.07988019,-0.094249584,0.08993947,0.046267226,-0.14618656,-0.12604043,-0.6429465,-0.002658045,0.5072255,-0.08330831,-0.29652482,0.008548672,-1.0884,-0.235168,0.16429512,-0.18285482,-0.18869999,-0.27913862,-0.18297836,0.034384076,0.04553137,-0.32905656,-0.44237074,-0.028360384,0.056617763,-0.21244954,0.34972674,0.19530618
316,-0.4384789,0.49856997,0.21818751,0.0038695,0.221205,-0.063618004,0.011545002,0.39155248,-0.119673,-0.18804248,-0.13483751,-0.17266,-0.067097254,0.16258675,-0.48674253,0.0676475,0.36129498,-0.16609001,-0.30341697,0.25270826,0.15479,0.009266252,0.76246005,0.1788325,0.41000003,0.20828325,0.33788148,-0.17827249,0.127795,-0.05398,0.039352503,0.18158248,0.19672823,0.2348955,0.2580045,0.074157506,0.22655249,0.64481753,-0.5225575,0.24780248,-0.45353752,-0.18093,0.1088225,-0.18328926,0.3607148,-0.019630007,-0.03181748,0.031197239,-0.058908477,-0.5047225,-0.3750675,0.22827,0.17411625,0.6867441,-0.43931276,-1.118895,-0.05644501,0.12213801,1.389605,-0.034032494,-0.633375,0.058167487,-0.58439827,-0.52460253,0.54433626,0.43724772,-0.2886495,0.198035,0.6415665,0.23122,0.09672199,-0.28414,-0.44279364,0.16789725,0.613455,0.048988253,-0.3315525,0.03024976,-0.46653748,-0.3603385,0.4707375,-0.05840251,-0.1142365,-0.0818175,-0.2383125,0.122669496,-0.4514105,-0.20943874,0.028517507,-0.063755006,0.13119249,0.48478,-0.28931502,0.007120244,-0.0690825,0.2521425,0.04508751,-0.3887275,0.6295525,0.1342245
317,-0.0521717,0.09779597,0.3072107,-0.010917699,-0.21743613,-0.024655333,-0.22771014,0.106357306,0.18744363,-0.05497274,0.16473947,0.11567336,0.22174108,0.04636579,0.028990773,-0.17565796,0.07448047,0.17929131,-0.31016082,0.19595331,0.04764974,-0.07528339,-0.034627676,-0.118218616,-0.08810312,-0.04008796,-0.07172925,-0.23940589,0.028571488,-0.14654735,0.083589286,0.38514632,-0.03392504,0.0007592771,0.06791377,0.28535625,-0.11320052,0.090327516,-0.09777536,-0.09944654,-0.19971257,-0.1198892,0.17975219,-0.4073401,-0.078787625,-0.13103017,0.16642581,-0.37956944,-0.042608693,-0.7696534,0.4804233,0.078544006,0.11593593,0.7790071,-0.087987535,-1.7389684,0.20129786,-0.22184333,1.6258492,0.23083843,-0.16867177,0.3185437,-0.2518357,-0.03885518,0.81038177,-0.19882382,0.19077829,0.25982755,0.056578517,-0.13727237,-0.062437985,-0.29103625,0.042616263,-0.3628243,0.31584045,0.37172073,-0.04476055,-0.07443137,-0.7611977,-0.15895985,0.3998172,-0.15571322,-0.22089761,-0.0065202746,-1.286437,-0.31307548,0.14182812,-0.06843292,-0.22473787,-0.2770306,-0.108900495,-0.08219273,-0.04030204,-0.17332475,-0.23696497,0.105148666,0.03605407,-0.11407287,0.30324653,0.25037044
318,0.0026383337,0.28406298,0.19875002,-0.0022900004,-0.04133333,-0.10778999,-0.34571669,0.16467999,-0.036169987,-0.25872335,-0.11302333,-0.44547668,-0.028144002,-0.34446335,0.16626999,-0.15802333,0.18915033,0.3287,-0.6857734,0.60064334,0.0013103336,0.45803902,-0.40629002,-0.61497337,0.037179988,-0.08859,0.035676673,-0.17831767,-0.16077998,-0.26293,-0.40510002,0.26270768,0.03254668,-0.28836334,0.14477332,0.08102916,-0.27235666,0.41976666,-0.04351,-0.46094665,0.08435336,-0.07929467,0.41521,-0.45501664,0.14448999,0.36962667,0.50576335,-0.20333667,0.58636665,-0.4315277,-0.083083995,-0.16663001,0.193798,0.6595133,0.28979167,-2.4242334,0.019533316,0.016026655,1.3978333,0.1316,-0.24183439,0.99462,0.020817332,-0.103963666,0.35086,0.11677667,0.34880665,-0.58569,0.31219333,-0.0018910021,-0.10108333,-0.22139667,0.16728266,-0.25829765,-0.07385634,0.23283966,0.04927967,-0.087133326,-0.4334867,0.032073338,0.27356467,0.36280668,-0.05704233,0.28975,-1.1867667,-0.13012902,-0.46495,-0.5256967,-0.31262,-0.5308333,0.13526465,0.069633335,0.40866098,-0.113432996,-0.6059167,-0.026944676,-0.09724334,-0.5078034,0.56605333,0.7385733
319,-0.2293625,0.0698375,0.70604,-0.29033917,-0.1652075,-0.0370025,0.13716751,0.20569251,0.30313945,-0.122013,0.004281752,-0.16811074,-0.2236625,-0.0178575,-0.014572813,-0.36088,0.2098025,0.28895998,-0.42572674,0.466024,0.33182573,0.1504655,-0.071723,-0.1211575,-0.0033670068,0.587526,-0.010800008,-0.6068375,-0.0708705,-0.1026375,-0.14648375,0.26129752,0.5549175,0.21290676,-0.079805,0.32135522,-0.08642401,0.1579575,0.1251285,0.1205025,-0.29044503,0.022467494,0.1311475,0.25242752,-0.35160398,-0.01717925,0.04501,-0.3122375,0.065132484,-0.80016875,0.19327101,-0.09096875,0.04502925,0.31652498,0.0070984997,-1.9682474,-0.08233061,-0.0034549981,0.4768975,0.2993875,0.26162502,0.607655,-0.09153501,0.0709125,0.6032275,0.015526242,0.76635504,0.423825,-0.1377025,0.0152127,0.0032824948,-0.1138325,-0.12486001,-0.042195998,0.2610125,0.20825225,0.07946516,-0.09580383,-0.2748284,0.0972325,0.1772855,-0.109733,-0.14314249,-0.041453496,-0.7428025,0.04989275,-0.27678025,-0.33902502,-0.36957502,-0.3754825,0.06031885,-0.1364125,-0.29285502,-0.095313005,-0.6005225,-0.016795006,-0.2101545,-0.11534101,0.08938924,0.42032725
320,0.30034333,0.5398434,0.029066682,-0.56705,-0.24476498,-0.35782364,-0.116551004,0.4405267,0.19269668,-0.10660335,0.4493867,-0.0033456683,0.35261,0.13554832,-0.095970005,0.04648335,0.606229,0.41882667,-0.18162997,0.36556998,0.25344682,-0.269406,0.2510467,-0.12760998,0.110484004,0.11434668,-0.28851366,-0.58326334,0.034333337,0.05635334,0.018788338,0.08679668,0.017348995,0.26895633,-0.20491,0.53862333,-0.3014303,0.23625566,0.36987457,-0.2980633,-0.28537333,-0.041709002,-0.30171666,-0.16750067,-0.28342,-0.14874734,-0.17695336,-0.36250666,0.011701331,-0.79190665,0.18963332,-0.191984,0.12212333,0.95397663,-0.09572333,-1.7223368,0.07251033,-0.20977001,1.2177666,0.32534,-0.07155701,0.46995997,-0.52103,-0.155796,1.0173967,0.063736,0.6325267,0.46497664,-0.112530015,0.070206694,0.43517736,0.019698657,-0.16946232,-0.35098663,0.03894666,-0.21499522,-0.083264664,-0.11386666,-0.69342,-0.015903996,0.61029667,0.057059992,-0.66214335,-0.015444,-1.483923,-0.20520002,0.30707666,-0.17599034,-0.44911566,-0.4285667,0.136622,-0.4209833,-0.134009,0.037339997,-0.5548666,-0.12482393,-0.21811001,-0.51727,-0.100453325,0.2658
321,0.40017,0.4083,0.0027361,-0.2679,0.15986,0.34322,-0.080405,-0.28808,0.7889,0.0053021,-0.35737,0.61335,-0.01852,-0.3333,-0.048305,0.23374,-0.34893,-0.44163,-0.11915,-0.37435,-1.0699,-0.30928,-0.28468,-0.21658,-0.035066,0.13106,-0.20477,0.016205,0.036241,-0.45262,0.23254,0.38095,-0.033195,0.14131,0.41115,-0.19043,-0.41704,-0.68507,0.53289,-0.12457,0.35438,0.057309,-0.11111,-0.021978,0.17203,-0.058609,0.083666,0.14063,-0.1134,0.34839,-0.30356,0.28894,0.17035,-0.10487,-0.043861,0.73924,-0.47551,-0.17454,-0.21695,0.084768,-0.19368,0.077156,0.08596,0.039736,0.014468,-0.066106,-0.23412,-0.049813,0.056609,-0.24087,-0.25795,-0.48904,-0.030319,0.38402,0.083532,-0.23908,0.28898,-0.42863,0.40143,-0.068507,0.25058,0.49452,-0.4527,-0.29563,0.21963,-0.27654,-0.37753,0.3139,0.34611,-0.049121,-0.14414,0.44235,0.24103,-0.67213,0.94234,-0.35264,0.59344,0.0085165,-0.68993,-0.10418
322,-0.12710194,0.092759274,0.3053097,-0.22259632,-0.0590729,-0.12513553,-0.10377921,-0.0016892216,0.094010934,0.039387178,0.10794736,-0.23116149,0.23506598,0.017637808,0.10860328,-0.115550846,0.24783795,-0.022039507,-0.17912367,0.07939338,0.15198493,-0.06469349,0.01592924,-0.17592002,0.04892328,-0.0836396,-0.1391264,-0.29278502,-0.085305355,0.04966532,0.010469744,0.46156067,-0.10772494,-0.20350619,0.22350284,0.20761664,-0.03494809,0.06548228,-0.003408231,-0.12244309,-0.14525208,-0.21100105,0.10284207,-0.30616343,0.054410513,0.047141947,-0.024630152,-0.23772633,-0.07099461,-0.5492815,0.39385593,0.08501578,-0.017486654,0.73214257,-0.07346816,-1.5988164,-0.06554516,-0.17646451,1.493056,0.3238005,-0.15798733,0.5341309,-0.20831126,-0.08367951,0.52614594,-0.04271279,0.4585256,0.1113153,0.28586605,-0.121550344,-0.21163347,-0.20041247,0.19506834,-0.20591813,0.198878,0.15041286,-0.024579426,-0.12109075,-0.5825965,-0.017296365,0.5723372,-0.019304173,-0.41702226,0.21846052,-1.25198,-0.043585815,0.16560514,-0.05978935,-0.28015077,-0.20974278,-0.12666382,0.025208646,-0.09331176,-0.07433817,-0.22645834,0.090417854,-0.14207317,-0.18049057,0.39364287,0.08025496
323,-0.1150121,0.23503183,0.27527454,-0.29306728,-0.23662001,-0.067125276,-0.32870337,-0.09584246,0.04040599,0.11819217,0.30734652,-0.14092882,-0.08867255,-0.3457422,0.04507381,-0.141019,0.0074361996,0.33083427,-0.11834636,0.82566,-0.17810017,0.18367219,-0.32170293,0.04528909,-0.08159309,0.10551636,-0.03071055,-0.16328181,-0.09018909,-0.13916856,0.083414726,0.60495114,0.08064308,0.1863109,0.5287773,0.30710548,-0.39449397,0.11493046,-0.102351904,-0.12730145,0.18433784,0.03493875,0.004882547,-0.4607133,-0.18530364,-0.04278318,-0.08835637,-0.2843639,0.07282554,-0.66941905,0.09092981,-0.39219773,-0.29195184,0.54916364,-0.06265273,-1.3607259,0.20032135,0.09110028,0.86710054,0.17360726,-0.16422635,0.51292,-0.48601544,0.2619665,0.43907806,0.2269609,0.49616632,0.12333927,0.15081201,-0.06305591,0.26442182,0.0038016438,0.10405863,-0.19831508,0.2870053,0.16406336,-0.22449051,-0.031208364,-0.24826154,-0.36424,0.23507975,-0.320868,-0.3451091,-0.15050887,-0.8916618,-0.114181094,0.03822809,-0.20805758,-0.32131335,-0.26910937,0.037163638,0.048559085,0.054445565,-0.3062113,-0.075061806,0.09984437,-0.086118095,-0.067937545,0.25016183,0.5055423
324,-0.36159,-0.42597333,0.71356004,-0.75087667,0.051226657,0.21780999,0.22415332,-0.031413317,0.20029332,0.06630665,0.375935,-0.11613166,0.42264333,0.46397004,0.218349,-0.103397995,-0.31929335,0.043217015,-0.15187299,0.297797,0.44458333,0.76490337,0.360256,-0.03837334,0.24378459,0.52264667,-0.5525834,-0.43115664,0.16833232,-0.019866599,0.282399,-0.14438634,0.43803,0.470737,-0.08322,-0.25529334,-0.61525995,0.29876497,-0.11575333,0.5655083,0.0010803292,-0.3422967,0.40777996,-0.17343332,0.025520334,0.0325304,-0.3492533,0.20693232,0.57404,-0.23339336,-0.35809502,-0.13478665,-0.26351666,0.364472,-0.64640003,-0.8464966,0.15589666,0.4796733,0.88725,0.35323098,0.15442933,0.6032633,-0.03614333,0.18897332,-0.036620006,0.29611933,0.29617667,-0.022251671,-0.619317,-0.48511997,-0.4376727,0.3195483,0.21109366,-0.50702333,-0.15285356,-0.30268598,0.060396653,-0.18834668,-0.37714002,0.21002966,0.43885335,0.06089167,-0.59960335,-0.21850334,-0.8088799,0.29248664,0.12039801,-0.29309666,-0.88683003,0.077231,0.44188467,-0.29299998,-0.078236334,-0.23783332,-0.11563999,-0.06226334,0.33928332,-0.15967335,0.39404666,0.36142668
325,-0.046687484,0.080423996,0.061916243,-0.49349597,0.13154016,-0.19587566,0.08951959,0.12341925,0.0958575,0.07309192,0.050991416,0.009117494,0.1403424,-0.3144112,0.19238012,-0.315461,0.19265084,0.069146976,-0.2741756,0.07670226,0.15926833,0.0028866578,-0.0343005,0.13457651,-0.09397558,-0.06670167,0.03655025,-0.25656366,-0.17045332,-0.22449774,0.114335835,0.6224192,-0.04867908,0.041247588,0.172453,0.26555985,-0.2390579,0.16374576,-0.12847684,-0.04673767,-0.1787024,-0.22600602,0.06714504,-0.30488667,-0.2618949,-0.075247906,-0.13845117,-0.5213029,-0.18638515,-0.63488,0.3494831,0.14361076,-0.099695675,0.5427311,-0.1726016,-1.7355093,-0.19196983,-0.06424802,1.4474391,0.36989626,0.044903338,0.23841983,-0.10346667,0.039986175,0.49647334,-0.14873157,0.35703602,0.28664935,0.18434577,-0.25544462,0.17369163,-0.36093244,0.039845083,-0.21285117,0.19659467,0.13786358,-0.3157045,0.028374692,-0.73644453,-0.14366214,0.58661586,-0.31404367,-0.32315552,-0.2715675,-1.0040859,-0.50398284,0.243475,-0.20858836,-0.12021866,-0.30195817,0.11326841,-0.052199673,0.24053507,-0.36200926,-0.5398495,-0.08862849,0.18417549,0.026802337,0.5663858,0.13639143
326,-0.11689551,0.1293225,0.43985248,-0.068817,-0.025501257,-0.378928,0.036522493,-0.348334,0.015030019,-0.25842503,-0.015335005,-0.460145,0.012887998,-0.3828553,0.006452497,-0.012329996,0.351192,0.4330875,-0.555635,0.47817725,-0.13970324,0.076812506,-0.13761275,0.023779996,0.19872701,0.40812004,0.043572515,0.059073497,-0.179175,-0.2397425,-0.018545002,0.6821165,0.09079701,-0.1593375,0.30632752,0.22064625,-0.37638253,0.32782128,-0.1503575,-0.40079248,0.066187754,0.051748008,0.24384822,-0.388342,0.21937199,0.062442496,0.4086275,-0.3852225,0.180945,-0.3402525,-0.0109824985,0.19021374,0.31589502,0.5518125,-0.0680065,-1.9557076,-0.43907,-0.0201785,1.3069925,0.078235,0.0017914921,0.5742867,-0.5070375,0.35426998,0.74663746,0.016092751,0.294674,-0.14035499,0.64893496,-0.294355,0.4638775,0.28166252,0.28478953,-0.33155373,0.34297752,0.19808574,-0.077897996,-0.18582898,-0.4846575,-0.0007899925,0.28886002,-0.13291499,-0.20308751,0.30987525,-1.0184042,-0.002956003,-0.097667515,-0.70689505,-0.21285999,-0.335185,0.23789251,0.3367025,-0.1347535,-0.026452497,-0.36754,-0.22752002,-0.3252925,-0.68511003,0.8337749,0.3571775
327,-0.04932159,0.15947407,0.27963585,-0.04305603,-0.097112276,-0.11738782,-0.08569328,0.09485245,-0.05890869,-0.014262133,0.07415983,0.075140946,0.04107362,-0.074762195,0.090051144,-0.21177708,-0.02086736,0.101978734,-0.21107563,0.23136431,0.2115375,-0.076188475,0.032392032,0.051901355,0.10983074,0.0005341305,-0.17809345,-0.3047176,0.18887302,-0.13236599,-0.026345136,0.49764723,-0.038977064,0.03588678,0.1266105,0.14867605,-0.019657774,0.18871513,-0.19386151,-0.16312313,-0.25083813,-0.28386727,0.1876971,-0.29849884,-0.036616795,-0.050934225,-0.000112057394,-0.33378392,0.11675621,-0.7272755,0.13479257,0.010328127,0.023810977,0.788361,-0.0175569,-1.804697,0.045314386,-0.22740288,1.3981813,0.35655323,-0.1871119,0.28674048,-0.324524,0.1107041,0.48020366,0.031430375,0.14363687,0.2651425,0.12355549,-0.04520465,0.0011551181,-0.12680957,-0.06635271,-0.33593842,0.16564682,0.14231755,-0.15360518,0.09104006,-0.59009296,-0.030629937,0.47240782,-0.024678621,-0.44387656,-0.16294973,-1.0968364,-0.10471308,0.105728574,-0.10410497,-0.17838836,-0.25207347,-0.19372152,0.07008802,-0.12959255,0.13316178,-0.41478056,-0.1094919,0.035726417,-0.034366567,0.43728447,0.037348706
328,-0.134357,0.3147244,0.3432994,-0.24811919,-0.25510842,-0.018851884,-0.19554669,0.16743812,0.11454231,0.022240873,0.12676013,0.19552068,0.10847376,-0.09032356,0.11940336,-0.28652674,-0.1126013,0.28881973,-0.19691925,0.32963443,0.2720931,-0.032232694,0.031862576,-0.27654326,0.07011181,-0.07568006,-0.08817594,-0.4555147,-0.055713512,-0.22161926,0.1207165,0.70654756,0.11598612,0.0065665077,0.21104057,0.29369345,-0.117249236,0.08311351,0.32234564,-0.44316223,-0.08529507,-0.25122735,-0.086104065,-0.3839697,-0.2747762,0.11867563,-0.00692143,-0.47704375,-0.11064863,-0.8783519,0.10454993,-0.12852937,0.09167831,0.83140063,-0.08561437,-1.7400649,-0.07271294,0.058695808,1.6072829,0.06467556,0.0649835,0.5038337,-0.41368148,0.019668177,0.40272927,-0.14260733,0.42715,0.050555997,0.17147648,-0.057136748,-0.114605725,-0.20764586,-0.018372992,0.039176688,0.09229618,0.008252496,-0.010694379,0.01731233,-0.7160307,0.034892187,0.6206111,-0.10840143,-0.44308352,-0.15352924,-1.3066471,-0.26160425,0.0005835146,-0.08339267,-0.21315593,-0.28573534,-0.042803127,0.14085336,0.005996569,-0.42334273,-0.51885,0.116345726,0.039550498,-0.11338943,0.32634,-0.009813612
329,-0.258015,0.50173,0.27752,-0.43885,-0.19392,0.19254501,-0.24119501,0.542625,-0.140858,-0.108753,0.59198,0.037081502,0.464295,0.015704997,-0.14312,-0.426235,-0.106203005,0.69589996,-0.58546,0.563485,0.114700004,0.105544,0.051404998,-0.525495,0.0251,-0.1881205,-0.01958999,-0.52183,-0.031668,-0.3798,0.07168,0.515525,-0.06793,0.1076675,-0.064751,0.33766,-0.186465,0.058425,-0.448025,-0.2335545,-0.53211,-0.07051501,0.065965004,-0.1166445,-0.412888,0.058760002,0.189261,-0.616605,-0.2033105,-0.99134004,-0.0019490011,-0.015140001,-0.1405275,0.98708,-0.394075,-2.12925,0.028944992,0.1079395,1.57795,0.625765,-0.201925,1.1096001,-0.45376998,0.066928,0.869475,0.1630075,0.6627,0.37311,0.061179996,-0.082138,0.007280007,-0.2759165,0.060813498,-0.2307515,0.60751003,0.200047,-0.47359002,0.019469999,-0.81990504,0.06798501,0.648155,-0.058339,-0.30776,0.583035,-1.8835499,0.17026499,0.123574995,-0.19663,-0.45854,-0.32313502,-0.53792,-0.2611565,-0.1903885,0.057184,-0.656405,-0.1254155,-0.420465,-0.303395,0.32675952,0.54864
330,-0.040383,-0.2132,0.055937,-0.070654,0.4657,0.14988,0.35069,0.38861,1.0382,0.31142,0.43467,1.0776,0.20412,0.11486,-0.15259,-1.2375,0.63977,-0.40243,-0.32668,-0.16361,0.4715,0.097336,-0.3228,0.82284,-0.05374,0.72566,0.077025,0.19049,-1.011,0.063992,-0.42976,0.492,0.3961,-0.22394,-0.32937,-0.68569,-0.038767,1.2796,-0.51853,-0.14503,-0.46248,-0.021891,-0.57194,0.066688,0.36953,0.7507,-0.94705,-0.29925,0.41504,-0.50964,-0.61258,0.20794,0.51331,0.20323,-0.25576,-0.016653,0.36026,0.29747,-0.25774,-0.0073715,-0.6191,-0.16447,-0.28221,0.16458,-0.13794,-0.36302,0.32537,1.4793,0.16161,0.018392,-0.29274,0.56243,0.3591,-0.26062,0.24564,-0.39409,-0.61024,-0.23352,-0.40417,-0.46959,0.45789,-0.074916,0.12149,-0.79923,0.27619,0.19909,-1.3364,0.47668,0.9909,-0.057745,0.91582,0.46617,0.10032,0.25265,-0.36012,-0.42818,-0.3804,-1.3927,-0.015867,0.11311
331,-0.07005083,0.36511075,0.23573636,-0.339033,-0.0073080948,0.07896818,-0.09397307,0.13225055,0.14501213,-0.0630313,0.15856382,0.11559766,0.13045491,-0.06406463,0.03372689,-0.17431575,0.021272201,0.094456285,-0.19732538,0.44957793,0.1795863,0.14371939,-0.10030092,0.048459344,-0.010690829,-0.069894746,-0.0040939273,-0.19713686,0.15117231,-0.14370464,0.1443883,0.49568355,-0.011516207,0.07511205,0.09244649,0.19364369,-0.13710365,0.12173687,-0.10232802,-0.28636417,-0.18378481,-0.060294144,0.0050306176,-0.21864973,-0.02130196,-0.16112307,0.0075525846,-0.17995666,-0.066330396,-0.64157635,0.08503847,0.09892734,0.14727488,0.60071486,-0.28431243,-1.5467112,0.04200783,0.007855526,1.1655918,0.23196602,-0.011920691,0.36642462,-0.3412638,-0.062765524,0.5231555,0.1246485,0.20335703,0.21493205,0.14796017,-0.23606013,0.16877179,-0.031594068,-0.05585755,-0.30045232,0.12103939,0.17393996,-0.10188014,0.025249038,-0.6044445,-0.026539305,0.49190858,-0.19586644,-0.31611,-0.08473036,-1.156656,-0.14202547,0.15006134,-0.17256413,-0.25539437,-0.025320789,0.015985167,0.04347587,0.02230058,0.078366235,-0.24479178,-0.16496605,-0.030962475,-0.016662722,0.23616427,0.13984141
332,-0.14131895,0.19228898,0.21793938,-0.10864948,-0.031684767,-0.18480407,-0.025594022,0.17959085,0.02141461,0.093895994,0.11024974,-0.084591426,0.20726249,-0.15809542,0.043129455,-0.100943506,0.24737847,0.21039216,-0.21929343,0.23825414,0.044590738,-0.261957,0.03316013,0.043303423,-0.05227588,-0.09626354,-0.04248653,-0.23896782,-0.07974776,-0.09477935,0.07339545,0.55126923,-0.14826767,-0.0018472335,0.27064434,0.30281466,-0.1332292,0.06984891,-0.11533034,-0.17810592,-0.23596758,-0.12108112,0.071086064,-0.28256127,-0.1055785,-0.02947193,0.023863528,-0.37254494,-0.0045121615,-0.6436552,0.22333431,0.033738554,0.053232346,0.81708175,-0.058815535,-1.9357115,-0.041192837,-0.17348602,1.6239971,0.3144987,-0.109991,0.459472,-0.2007688,0.1119198,0.80196565,-0.05197961,0.1792164,0.15529555,0.20203942,-0.23696129,-0.0136071965,-0.012485167,0.062074408,-0.2059832,0.16951108,0.019710312,-0.019629631,0.018106636,-0.6322661,-0.113132074,0.44595912,-0.09870863,-0.47046822,-0.014110137,-1.342647,-0.13706918,0.22603522,-0.18091664,-0.262643,-0.2048621,-0.040258136,0.03696435,-0.12509853,-0.2078148,-0.19554049,0.09947098,-0.052163113,-0.32810575,0.5845401,0.14702706
333,-0.19112943,-0.28980285,0.05642428,-0.12783751,-0.092470154,0.4686103,0.14771758,0.68917567,-0.23236828,0.030717859,0.047108285,0.09494928,0.08993714,0.009671711,0.06829543,-0.6068286,0.66412145,0.26771957,-0.47598,-0.10438443,0.350431,-0.25696856,0.22925629,-0.0043574274,-0.025050005,-0.004099716,-0.2482494,-0.16387115,0.28438085,-0.0005055634,0.07978572,-0.021795573,0.06051871,0.12771429,-0.0141414255,0.24334289,-0.06972043,-0.14975713,0.46460286,-0.050747145,-0.48086143,-0.4584763,0.32066712,-0.50948465,0.20140927,0.0044707167,0.09508284,-0.4754023,0.4673256,-0.42412573,0.14205143,-0.30384955,0.25008243,0.66586304,-0.254096,-1.3903571,-0.41480574,-0.15397184,1.41204,0.46498933,-0.18600716,0.40604573,-0.06505058,0.161508,0.31347784,-0.15075043,-0.22471285,0.24506569,0.020522853,0.24718717,-0.08854372,-0.12788428,-0.121778585,-0.597242,0.2374344,0.5095943,0.0144591415,0.09376543,-0.5487186,-0.08009299,0.5039278,-0.06271915,-0.22815372,0.014070149,-0.8110762,-0.16109243,0.17351432,-0.27757743,-0.05561285,-0.14763285,0.12522241,-0.31605673,-0.07175358,-0.0035067159,-0.65299284,0.18503787,0.15607142,0.187451,0.33410117,-0.10679165
334,-0.16575986,0.2025719,0.28678182,-0.25815207,0.0030847818,0.03279539,-0.106290966,0.056935083,0.16083363,-0.18913352,0.07228462,0.0029428182,0.18187928,-0.16301592,0.055784464,0.07649032,0.1063053,0.23632112,-0.20642325,0.14193584,0.083684556,-0.13711506,0.0047106603,-0.057220403,0.1865089,-0.015452266,-0.084238626,-0.28846243,-0.050360657,-0.11963312,-0.029142866,0.48344457,-0.05946958,-0.030794526,0.18771371,0.27897105,-0.17917022,-0.0057855994,-0.035075054,-0.29788288,-0.104156084,-0.14217329,0.008447108,-0.36153877,-0.08967394,-0.07826713,0.044223253,-0.17874199,0.012448358,-0.60158527,0.06885686,0.100578964,0.108546406,0.70230436,-0.11652807,-1.7144543,-0.1592517,-0.0981684,1.3042699,0.19238658,-0.12939234,0.5340506,-0.18953907,0.041479737,0.671925,0.0341236,0.23594944,0.04102237,0.11327436,-0.25025064,-0.0560764,-0.26209363,-0.024560682,-0.26821768,0.14791048,0.16733293,-0.14386064,-0.109585546,-0.4528248,-0.037706237,0.35467377,-0.11449554,-0.3933905,-0.08225728,-0.98851717,-0.16272525,0.13578497,-0.102627955,-0.21804795,-0.13082339,-0.20550255,0.10533413,0.05450309,-0.2501888,-0.32773936,-0.17950922,-0.030653957,-0.18861298,0.5372838,0.1360931
335,-0.25825113,0.20959288,0.10985537,-0.089516245,0.121913634,0.041667502,0.018275995,0.38292876,-0.027528128,0.107114375,0.20529263,0.025181007,0.39994085,0.017169595,0.092946246,-0.22632875,0.22670749,0.18980123,-0.029618759,-0.17074253,0.2864468,-0.1641321,0.2689495,-0.09400384,0.2240085,-0.17945887,-0.068195,-0.08618624,-0.09653376,-0.1671915,0.06996249,0.24213125,-0.06679194,0.19677526,0.09792411,0.276635,-0.11677925,0.28019586,0.28080672,-0.21137038,-0.42534986,-0.08562238,0.3068225,-0.21234125,-0.13471475,-0.07491812,0.059360005,-0.063703,0.18575376,-0.23175374,0.008356251,0.081789754,0.15259124,0.94564503,-0.086680256,-1.7978251,-0.35656697,-0.26027298,1.3654838,0.48550552,0.019216742,0.64390373,-0.23566288,0.17756838,0.524387,0.199226,0.37686998,0.075410746,0.08932501,-0.22860387,-0.13936287,-0.14842251,0.21377024,-0.36067286,0.253007,0.1652605,0.16544752,-0.011695374,-0.5528732,-0.076318,0.38652503,0.04424125,-0.49105987,-0.004456397,-1.1988465,-0.13156751,0.36704522,-0.13788058,-0.25659874,-0.347785,0.13838099,-0.21174751,0.13821885,-0.011973754,-0.51736623,0.011010787,-0.17841406,-0.35302126,0.31950173,0.07824038
336,-0.049675226,0.28591847,0.2831594,-0.26616955,-0.14824665,0.0014555315,-0.0051242886,0.2836917,0.04565647,-0.027368527,0.08220023,-0.17876041,0.16942045,0.01359411,0.036169764,-0.18449306,0.22096755,0.35843536,-0.3879288,0.2041384,0.16181943,-0.16410111,0.076795995,0.04780354,-0.034067295,0.012353168,-0.020660466,-0.41331056,0.10569458,-0.23891774,0.08914177,0.5268784,-0.09269536,-0.0047632405,0.20996647,0.416685,-0.109009355,0.04496382,-0.22760211,-0.14834112,-0.30005062,-0.15160753,0.068270415,-0.3316835,-0.059631187,-0.056579653,0.09679429,-0.4517938,-0.07125071,-0.96644527,0.2683273,-0.11309994,0.11948228,0.9327248,-0.10713348,-2.0834675,-0.14771737,-0.17438306,1.7289971,0.42316455,-0.064300515,0.61608154,-0.33559552,0.005901173,0.79252857,0.03061742,0.36485934,0.30776042,0.2405741,-0.363354,-0.025750093,-0.24231832,-0.09397406,-0.31982666,0.13941321,0.16346312,-0.2383226,-0.07564682,-0.8196969,-0.108573064,0.5334348,-0.18465964,-0.5432176,0.02303112,-1.5295162,-0.19138001,0.2942596,-0.1531217,-0.2071959,-0.36277097,-0.04699241,0.0004663623,-0.15896088,-0.25080815,-0.35358173,0.045569297,-0.046320647,-0.18229224,0.4572772,0.155903
337,0.0579773,0.062277995,0.430866,-0.18405901,-0.0546655,0.13093588,-0.1477847,0.187624,0.42915687,0.056805838,0.22560748,0.31815338,0.0386525,0.053196765,-0.0335698,-0.42542142,0.014251496,0.28033403,-0.1900015,0.24328117,0.32529563,0.035473306,0.0382481,-0.29853588,-0.0892577,0.079779774,-0.2652804,-0.37013564,-0.018131232,-0.17129841,0.011661202,0.2232649,-0.0830994,-0.3210833,0.023489201,0.2750403,0.1100206,0.009759502,0.08351152,-0.266796,-0.055648692,-0.016255006,0.051348876,-0.40019518,-0.10024599,0.013253396,0.24042098,-0.2708185,-0.1062333,-0.744408,0.2815408,-0.0643643,0.16551492,0.728301,-0.21778679,-1.3430661,-0.11645049,-0.29398873,1.18674,0.13701501,-0.08461227,0.47506627,-0.32090646,-0.07529409,0.3829686,0.052118503,0.4079443,0.27019328,0.034044236,-0.087903105,-0.24283819,-0.44243598,0.113276504,-0.2171698,0.1332649,0.1388337,-0.054902297,-0.13756411,-0.65662223,0.10461728,0.654709,0.08768849,-0.274508,0.2138375,-0.936623,-0.25969163,0.10200991,-0.02155441,-0.1614449,-0.2995713,-0.17731072,-0.12075599,0.1254316,-0.3990168,-0.306093,-0.0391842,-0.08400992,-0.08804309,0.2684738,0.160009
338,-0.023822855,0.010424536,0.26472908,-0.019848797,-0.052131716,0.06470538,-0.08522457,0.16548136,0.36648288,0.07907151,0.2054143,0.13735835,0.15151662,-0.19939625,0.13552299,-0.101764135,0.1890053,0.14390528,-0.030741567,0.1776333,-0.085809804,-0.20019428,0.092964806,-0.018679436,-0.030021288,-0.26212254,-0.095840946,-0.19761436,0.068506636,-0.09485052,0.3669595,0.35259908,-0.35277623,0.045712885,0.109623514,0.1926215,-0.10196618,-0.21853851,-0.18077832,-0.2645818,-0.20061848,-0.031224862,0.0707701,-0.15945262,-0.14930241,-0.19901702,0.01602267,-0.29814604,0.0032097215,-0.64423573,0.46652472,0.07145353,0.12373608,0.6035924,-0.023041043,-1.553292,-0.0393907,-0.22869807,1.4103369,0.17538264,-0.09847144,0.36941895,-0.22335511,0.042296562,0.6725172,-0.17445871,0.24247468,0.21352455,-0.09752243,-0.1995405,-0.22524694,0.068232715,0.031851143,-0.13848673,0.057508327,0.28002185,-0.17581603,-0.0060838084,-0.61858225,-0.10654627,0.3493017,-0.21094686,-0.24758837,-0.1482991,-1.0573276,-0.16724269,0.10234703,-0.05186959,-0.22011054,-0.09305862,-0.08450129,0.06245428,-0.032912213,-0.17183468,-0.08612224,-0.11516176,0.0012183331,-0.014613046,0.47594532,-0.020810716
339,0.1906349,0.31940746,0.4075673,-0.37795526,0.016148092,0.16455637,-0.14819965,0.097448,0.38285115,-0.027834548,0.10129583,0.30946857,-0.014324192,0.149808,-0.038324136,-0.30208275,0.01886199,0.46011817,-0.26229727,0.50714725,0.18912245,0.07523563,-0.16860108,-0.39300057,-0.029529374,0.040327635,-0.37718174,-0.59147465,0.22164683,-0.54957545,0.1349091,0.6776364,-0.096287556,-0.030948669,0.11031216,0.3302009,-0.06886836,-0.047015086,-0.17636786,-0.12352126,-0.09243682,-0.029107248,0.04597373,-0.4724845,-0.30344298,-0.19221725,0.16031574,-0.27679822,0.07594282,-0.9414991,0.12343092,0.079926714,0.17070048,0.6098819,-0.13633908,-1.7661545,0.105305366,-0.06761836,1.2814755,0.27035272,-0.0060338136,0.7662472,-0.4032018,0.026332451,0.62466276,-0.11309018,0.49687272,0.28189847,0.009507171,-0.27857247,-0.025611537,-0.32369375,-0.08866957,-0.078364186,0.16250414,0.24182649,-0.20294274,-0.25880218,-0.6826772,0.13058434,0.6091773,0.025656283,-0.52984905,-0.20699479,-1.2368518,-0.1993348,0.19014302,-0.056004014,-0.3118451,-0.33932593,-0.033934817,-0.20829664,0.10717864,-0.44228494,-0.33228782,-0.28578824,-0.087124616,0.054592457,0.06774355,0.20790428
340,-0.067484245,0.099798344,0.20189172,-0.032145172,0.10796095,-0.095593385,-0.08707666,0.07929954,0.0985017,0.05228937,0.16131407,0.0041455585,0.1844129,-0.09212478,-0.057374172,-0.2295722,0.009030499,-0.013601469,0.0044186926,0.085194476,0.21104895,0.026785143,0.029287273,-0.03563326,0.16823405,-0.06911219,-0.19962597,-0.20165269,-0.094558164,-0.10740514,0.12981628,0.22930075,-0.12067677,-0.11610781,0.051502697,0.20943964,-0.026795726,-0.16898869,-0.17190069,-0.20243946,-0.1326634,-0.20933576,0.11135658,-0.21795149,0.22512162,-0.09706039,0.02203045,-0.21784574,0.12589642,-0.5856369,0.36079746,-0.0034504656,0.029275915,0.6920029,-0.0711159,-1.5098,-0.07438382,-0.13466431,1.4978474,0.2914343,-0.08552728,0.41534308,-0.24818835,0.052931834,0.4091885,-0.05895741,0.18214181,0.049844734,0.3445691,-0.17916383,-0.1562151,-0.030258002,-0.05846479,-0.06737924,0.1081999,0.25507382,-0.16566561,-0.106873885,-0.6312921,-0.015634345,0.59527695,-0.07731549,-0.31820357,0.017157894,-0.96193486,-0.40871507,0.08483211,-0.16468921,-0.30977157,-0.0735046,-0.17734736,0.19538386,-0.028979791,-0.21497408,-0.45960635,0.13067958,-0.06930425,0.05946436,0.45699966,0.017970346
341,-0.08394941,-0.0117266,0.257994,-0.023481231,0.2116274,0.022300607,-0.24172,-0.025166798,-0.006906009,0.178582,0.19225919,-0.23309998,0.2262474,-0.0033439994,-0.0462826,-0.3515606,0.1056252,0.17665799,-0.48606,0.219421,0.40109602,-0.064427204,-0.19656,-0.43329674,-0.197148,0.36215597,0.0085016005,-0.29408997,0.6330298,0.2621306,0.1607844,0.48982248,-0.16549401,0.23475559,-0.11539278,0.0558664,0.0511388,0.385162,-0.00713259,-0.5235918,-0.1909318,-0.20935802,0.2960886,-0.189098,-0.19009158,-0.12020141,0.055987984,0.1132486,0.248808,-0.5149852,-0.105302,0.11038999,0.613336,0.90104115,-0.012375,-1.9331601,-0.27060398,0.23630993,1.0780089,0.32202202,0.352984,0.67667806,-0.17791739,-0.36354798,0.525344,0.1302442,0.52164805,0.14232679,-0.151506,-0.0546134,-0.220415,0.09852946,0.09569999,-0.37262195,-0.0439566,-0.07053439,0.296144,-0.100026056,-0.43691796,-0.3018848,0.11068159,-0.196096,-0.12468159,-0.11868961,-0.74677944,-0.0859976,-0.310538,-0.4730708,-0.0878248,0.01269201,-0.068826,0.1245548,-0.333924,0.247058,-0.23847282,0.15823999,-0.310296,-0.3256858,0.40567142,0.186824
342,-0.120329216,0.24409552,0.3830265,-0.32454127,-0.08740804,0.16720885,-0.010172948,0.12679249,0.13199547,-0.101400636,0.09408982,-0.16759817,0.09300541,-0.17968404,0.021978961,0.014536211,0.16522938,0.32262668,-0.05516632,0.15204814,0.06924268,0.029731637,0.05728874,-0.100456215,0.08473795,0.038631476,-0.16724448,-0.08580994,0.033550207,-0.082571894,-0.14588062,0.34561136,-0.024261577,-0.023154235,0.04047,0.26756105,-0.3381594,-0.013531892,-0.03913728,-0.40649974,-0.010443376,-0.01321995,0.061921094,-0.28727722,-0.12987433,0.015536306,-0.18869075,-0.15364848,-0.053004898,-0.54364806,0.14120743,0.02042305,0.08289872,0.43550396,-0.18268931,-1.2737621,-0.12189484,-0.013347316,1.1342556,0.083819896,-0.077412896,0.47759494,-0.26698008,0.18584253,0.46692085,-0.023229375,0.2132272,0.16086575,0.09861306,-0.28691474,-0.041979667,-0.10262557,0.11634845,-0.21002895,0.01770805,0.38395423,-0.20251888,0.029052183,-0.38838777,-0.03870658,0.2957802,-0.08184221,-0.25028303,-0.08864,-0.9292855,-0.22265765,0.019152895,-0.05040063,-0.26371804,-0.291517,-0.09033852,0.155692,0.021546422,-0.14764227,-0.41162094,-0.14410034,0.060074154,0.043694526,0.41347292,0.02227489
343,0.19779572,0.12229198,0.24033928,-0.22547002,-0.013787142,-0.10343443,-0.22216858,0.2617086,0.045336433,0.044100154,0.007101578,0.16193701,0.25012213,-0.044490147,0.019898133,-0.34765467,0.39095482,-0.13307916,0.05435286,0.42045,-0.14527014,0.23795143,0.07678857,0.077053286,-0.01918519,-0.23453857,-0.059006415,-0.17730728,0.0025601366,-0.39188054,0.3755164,0.5212357,-0.11182558,0.22909768,0.11567484,0.23642285,-0.21564557,0.062865004,-0.033345696,-0.2622616,0.11754857,-0.19842587,0.034042716,-0.14312503,0.3527947,-0.15370615,0.20688657,-0.39062002,0.37297004,-0.48285145,0.31963286,-0.11547315,0.09454513,0.5455114,-0.13649556,-1.3121815,0.39171386,-0.48950002,1.5225168,0.10863428,0.0009028486,-0.06561143,-0.24685429,-0.009876715,0.2722162,-0.36086145,0.11027143,-0.030768152,0.43001857,0.06804286,-0.23204,-0.19881156,-0.10351377,-0.15511213,0.28715992,0.3101143,0.027564278,-0.031410422,-0.8034229,-0.281297,0.60246,0.09135343,-0.17293428,0.05430643,-0.94173,-0.2733183,0.2158943,-0.3005697,-0.3796437,-0.07340486,-0.11048099,0.038317155,0.20261917,-0.089263,-0.23902342,0.23665428,0.18751144,0.10109787,0.18278384,0.24933715
344,-0.15164621,0.121384904,0.19917612,-0.20046356,-0.08450879,0.15847446,-0.07881198,-0.048691943,0.10039286,-0.026454087,0.049155496,-0.060682416,0.0714675,-0.11954596,0.09149421,-0.09901837,-0.0022009625,0.18644151,-0.2107805,0.17678562,0.14739567,0.023553135,0.0050200582,-0.1336285,0.076632805,-0.04732773,-0.096578725,-0.075691245,0.11436908,-0.19725251,-0.046544872,0.4416434,0.006516555,0.06543287,0.12953329,0.09681885,-0.20358057,0.0042012273,0.03722712,-0.29993263,-0.12199911,-0.019559115,0.03387878,-0.32794374,-0.16995282,-0.09113167,0.11015274,-0.114227965,-0.032847103,-0.6265163,0.1729646,0.05544007,0.09816292,0.6527926,0.09570627,-1.7985834,-0.016500488,-0.07074226,1.2983968,0.21343033,-0.05557514,0.46689096,-0.3162096,-0.1548641,0.57493633,0.029830327,0.28950676,0.1363824,0.011543402,-0.35733837,0.02490215,-0.29226273,0.064759046,-0.2688745,0.24339502,0.15918918,-0.065485716,0.0019212313,-0.4915727,-0.006273671,0.363599,-0.0775602,-0.36252433,0.021059625,-1.3028979,-0.107283175,0.04477966,-0.16094367,-0.21278147,-0.29376853,-0.12081301,0.1786276,0.06576171,-0.12572642,-0.1890059,-0.120048,-0.12891677,-0.19817214,0.32110885,0.25037917
345,0.051567346,0.05689233,0.051918272,-0.1740724,0.08823939,-0.28408486,0.00066631,0.058239274,0.094670236,0.08433339,0.19996686,-0.038083486,0.073388904,0.019922404,0.13010548,-0.33517966,0.36473134,0.14543931,-0.20944941,0.05585297,0.18341117,-0.027719412,0.12282739,0.033873335,0.03240711,-0.09848362,-0.17398503,-0.34382108,-0.19990696,-0.047530964,0.095710166,0.61523014,-0.15396045,-0.24438196,0.31175575,0.2623722,0.06906185,0.1210949,-0.21630292,-0.28444573,-0.098694384,-0.334568,0.19036812,-0.27477157,0.19738881,-0.039006382,-0.062042758,-0.45834038,0.011653069,-0.6675504,0.3754828,0.12773906,0.042037964,0.823101,-0.2655324,-1.6749368,-0.1816208,-0.16817138,1.805236,0.43510318,0.019148417,0.09655021,-0.31994015,-0.03784955,0.44405302,-0.066807136,0.2514443,0.22982946,0.33467063,-0.3460448,-0.16410108,-0.25634697,0.0007141674,-0.19250488,0.11885469,0.02387641,-0.023765484,-0.05756069,-0.7645724,-0.021063551,0.6742464,-0.05583659,-0.33910754,0.17392185,-1.2539245,-0.31667435,0.15092422,-0.18189394,-0.12509863,-0.22079298,-0.23156396,0.030355338,-0.07507178,-0.39531136,-0.17955974,0.04027556,0.06335391,-0.09352542,0.6613921,-0.022406474
346,0.087277174,0.18798046,0.2980237,-0.27556136,-0.05888591,0.018689714,0.016416274,0.15019503,0.21033855,-0.008627545,0.18859987,0.053696826,0.22278365,-0.11544411,0.04756609,0.054184556,0.2927866,0.21645637,0.02237391,0.292079,0.26318946,-0.25307637,0.22284089,0.17244655,-0.00670455,-0.066703446,-0.10288436,-0.04474537,-0.09814635,-0.05466708,0.33101246,0.15754925,-0.076808095,-0.136205,0.117142744,0.2961291,-0.11401281,-0.04486,0.03191719,-0.3056409,-0.018660637,0.05406718,-0.13097574,-0.14679116,0.06947979,0.07096655,0.14219365,-0.24410719,0.051475726,-0.56584,0.26538822,0.10521443,0.21735245,0.49410638,-0.04304302,-1.0982755,-0.082426734,-0.18777648,1.1282812,0.09328899,-0.21691938,0.26076612,-0.39156482,-0.11411853,0.5552532,-0.03475409,0.14778802,0.15815455,0.057325,-0.1515509,0.15915209,-0.024619639,0.0015094497,-0.04030255,0.09308427,0.21627721,-0.17017318,0.02369691,-0.57392544,0.09276791,0.38359663,0.08478818,-0.34107065,0.11714464,-0.8060387,-0.28928387,0.21949197,-0.21612166,-0.18354554,-0.04198291,0.071213365,0.12252999,0.0004268133,-0.28694397,-0.33426875,-0.122757286,0.083469085,-0.22045742,0.25554398,0.00082576816
347,-0.36628395,0.03287361,0.49572602,-0.0664932,0.19675198,-0.015398407,0.102596804,-0.07163374,0.43299717,0.05490899,0.21449201,-0.36660463,0.13149801,-0.649948,0.26077,0.279848,0.20053878,0.026369995,-0.18390839,0.477782,-0.1281482,-0.18889801,0.1454596,0.18471259,0.0854434,0.14619622,-0.107091784,0.058501996,-0.2895882,-0.16357401,-0.20370202,1.231116,-0.0612052,-0.141954,0.91117936,0.26226598,-0.36580402,-0.227422,-0.028858002,-0.435692,0.15773219,-0.1118108,0.15238401,-0.383344,-0.287178,-0.041424397,-0.142028,-0.15140201,0.25584346,-0.4005626,0.2334402,0.162219,0.14425124,0.52600396,0.051230438,-1.6898301,-0.016412003,-0.18343787,1.4266341,0.072000995,-0.28738958,0.047607202,-0.455626,-0.008939207,0.502808,0.1064618,0.2414792,0.10311799,0.23217802,-0.549127,0.108144,0.00583601,0.25742,-0.691682,0.15915534,0.286646,-0.1704168,-0.3523712,-0.53505963,-0.100814,0.47030202,-0.16905941,-0.19283599,0.1268042,-1.0874434,0.18919799,0.107626006,0.094272,-0.4579669,-0.2080396,0.18611398,0.52367914,-0.07015201,-0.3370892,-0.01628201,0.1809566,-0.21238701,-0.1618176,0.54484904,0.041244797
348,-0.040383,-0.2132,0.055937,-0.070654,0.4657,0.14988,0.35069,0.38861,1.0382,0.31142,0.43467,1.0776,0.20412,0.11486,-0.15259,-1.2375,0.63977,-0.40243,-0.32668,-0.16361,0.4715,0.097336,-0.3228,0.82284,-0.05374,0.72566,0.077025,0.19049,-1.011,0.063992,-0.42976,0.492,0.3961,-0.22394,-0.32937,-0.68569,-0.038767,1.2796,-0.51853,-0.14503,-0.46248,-0.021891,-0.57194,0.066688,0.36953,0.7507,-0.94705,-0.29925,0.41504,-0.50964,-0.61258,0.20794,0.51331,0.20323,-0.25576,-0.016653,0.36026,0.29747,-0.25774,-0.0073715,-0.6191,-0.16447,-0.28221,0.16458,-0.13794,-0.36302,0.32537,1.4793,0.16161,0.018392,-0.29274,0.56243,0.3591,-0.26062,0.24564,-0.39409,-0.61024,-0.23352,-0.40417,-0.46959,0.45789,-0.074916,0.12149,-0.79923,0.27619,0.19909,-1.3364,0.47668,0.9909,-0.057745,0.91582,0.46617,0.10032,0.25265,-0.36012,-0.42818,-0.3804,-1.3927,-0.015867,0.11311
349,0.062026545,0.10465161,0.19904076,-0.27047578,-0.20486946,-0.013202041,-0.12588388,0.16634479,0.013235331,-0.074607946,0.48096234,0.24390282,0.09002283,-0.064918175,0.2064349,-0.4089001,-0.11207822,0.13037466,-0.31380782,0.18829922,0.11831272,0.11732128,-0.052934054,-0.05020756,-0.052956667,0.1200342,-0.11545356,-0.3446717,0.09543705,-0.30680874,0.15737528,0.49804142,-0.041989837,-0.021015232,0.14278628,0.34950814,-0.03384704,0.14966041,-0.03813894,0.032101788,-0.09621973,-0.14560917,0.2531712,-0.33459303,-0.20624644,-0.112349,-0.20080242,-0.15948556,0.12640078,-0.75589275,0.008276333,0.04945589,0.12915534,0.6828943,-0.18433465,-1.4658638,-0.107778616,-0.0065825004,1.3977599,0.15540403,0.115528055,0.3199056,-0.5009546,-0.07477005,0.5446608,-0.037479024,0.44264734,0.3837094,0.0016105523,-0.12627026,-0.33451092,-0.19231611,-0.050345108,-0.44885534,0.16897076,0.14197606,0.009342555,-0.19550835,-0.5940108,-0.11888233,0.45050418,-0.28937653,-0.42728722,-0.3370464,-0.8817026,-0.102815054,0.13538344,-0.080057554,-0.27183515,-0.14902346,-0.24262945,0.09155256,0.11205261,-0.18010625,-0.19839199,-0.08967017,0.27628213,0.01739006,0.14071599,0.092292294
350,-0.109604,-0.070171334,0.41550004,-0.32445717,0.01997,0.15032382,-0.11891832,0.34012318,0.22302134,0.11074334,0.1188165,0.213112,0.078036666,0.12362967,0.13070424,-0.1450635,0.300224,0.31546667,-0.1128125,0.16156667,0.21106815,-0.09771466,-0.21638234,0.03183234,-0.011394997,-0.031826098,-0.07580983,-0.29882467,0.040964995,-0.42029834,0.23204833,0.31895652,-0.21469815,0.07919143,0.043500338,0.48165333,0.063259006,-0.096939825,-0.32716134,-0.41867003,-0.18366499,-0.14067167,0.40928087,-0.44466498,-0.074914835,-0.32923475,-0.112920485,-0.509485,0.0291,-0.8843817,0.604495,0.1034923,0.22474332,0.47451663,-0.20665516,-1.6166466,0.11138166,-0.3195375,1.7991834,0.2774937,-0.14590134,0.24555331,-0.46475503,0.044838835,0.7943616,-0.30914667,0.047193334,0.350181,-0.022345,-0.46241832,-0.20781668,-0.27056634,-0.04340017,-0.30429384,0.2834392,0.5329537,-0.31132552,-0.10238633,-0.9166333,-0.16063984,0.61379164,-0.294305,-0.16661334,-0.18823893,-0.8842016,-0.23239516,0.32937834,-0.18616168,-0.13531333,-0.35038996,-0.1511265,-0.063734494,0.040047336,-0.50903326,-0.5726157,-0.09828117,0.114732005,-0.085735,0.37319168,-0.085756995
351,0.007992816,0.18889846,0.31676677,-0.2270843,-0.22582178,0.07922735,-0.16777962,0.0060286527,0.0056003258,-0.12782298,0.1578958,0.13327354,0.1264214,0.029135313,0.03665295,-0.16542576,0.1380212,0.22427435,-0.24160434,0.36672547,0.25861776,0.12869568,-0.07957658,-0.18887074,0.13692528,0.11819,-0.24275154,-0.37851208,0.10574431,-0.19503053,-0.010702244,0.3603756,0.088191636,-0.12694557,0.103128836,0.17458296,-0.14867578,0.13434575,0.05604256,-0.20768219,-0.21302445,-0.018579045,0.1505333,-0.33366913,-0.13651322,-0.09294503,0.15071099,-0.27159178,-0.07831603,-0.6571158,0.19973023,0.009842886,0.12900142,0.7800417,-0.056845732,-1.8233371,0.024028983,0.0017711229,1.3507512,0.34509432,-0.17047668,0.7212109,-0.17741747,-0.016996289,0.6709793,-0.07294038,0.4891045,0.25371018,0.010930819,-0.18723208,-0.041699927,-0.23779625,-0.0623771,-0.25152776,0.0928652,0.12059142,-0.16120099,-0.1934565,-0.56519455,0.042843554,0.4263036,-0.014526208,-0.31505895,0.017046558,-1.1844443,-0.2054436,-0.05111977,-0.032342445,-0.17046933,-0.29893932,-0.055828333,-0.10707703,0.06036217,-0.2033452,-0.47349274,-0.14075966,-0.16673465,-0.1763153,0.32171655,0.2606837
352,0.009225251,0.25021833,0.38519248,-0.34778434,-0.11987511,0.1293426,-0.06518768,0.11566506,0.21491046,-0.07978137,0.24606252,0.07103418,0.20156462,-0.05914124,0.11080501,-0.24455206,0.087931976,0.3522305,-0.24292132,0.3544736,0.2771218,0.17890671,-0.015573707,-0.18098435,0.07038232,0.012439227,-0.101991236,-0.4608906,0.019146124,-0.16364734,0.079721764,0.48533988,-0.010495821,-0.12485615,0.22243544,0.29289865,-0.1580979,0.06842838,-0.04089159,-0.27846307,-0.097072706,-0.04703776,0.048073996,-0.3726935,-0.17117773,-0.17726532,0.11392299,-0.29084176,-0.091107324,-0.81125736,0.11616826,0.011594375,0.1251307,0.7279042,-0.046042345,-2.0406861,0.039546125,0.015143176,1.5337083,0.24743786,-0.10291439,0.62152684,-0.37924328,0.06450255,0.7628766,-0.025221776,0.54064643,0.24235371,0.016125713,-0.2458651,-0.07090534,-0.31248915,0.022481523,-0.3158109,0.16304307,0.1706584,-0.09431422,-0.16339208,-0.62699306,-0.08451623,0.47159234,-0.11640378,-0.44474196,0.00065267493,-1.1903434,-0.23438439,0.016409792,-0.1087109,-0.18041363,-0.3069211,-0.12087975,-0.08063237,0.11050333,-0.24608953,-0.4670883,-0.03824269,-0.10345267,-0.12688577,0.3943573,0.29096434
353,-0.035815,0.23147,0.576225,-0.31923366,0.0053451657,0.059410196,0.09931833,-0.15684152,0.20191668,-0.01825652,0.43485832,-0.03933364,0.27152967,-0.26800132,-0.09570267,0.02268933,0.16583966,0.34645283,-0.32363334,0.55395,0.23897374,-0.12123817,0.018976167,0.12633999,0.25294468,0.06373735,-0.14368017,-0.39009,0.22970669,-0.18065952,0.014643337,0.72562796,0.22295415,0.18210383,0.3560373,0.2881955,-0.54008,0.29058284,-0.11249167,-0.31867948,-0.22114408,0.2352987,0.04717201,-0.1885405,0.041241,-0.047256667,0.4207867,-0.47578165,0.17635451,-0.82549334,-0.039603338,-0.10253433,0.299243,0.76820666,-0.08183333,-1.751346,-0.259833,0.23311418,0.99140745,0.3332648,-0.26384333,0.6355111,-0.37135217,0.19631666,0.6217217,-0.010343323,0.43123266,0.33855167,0.13134818,-0.2746385,0.30717084,0.018969826,0.025253003,-0.13331716,0.051508654,0.141645,-0.14460318,-0.30416432,-0.5440205,-0.13554667,0.155125,-0.0928995,-0.42428502,0.09622383,-1.2554728,-0.33779332,-0.021275962,-0.21212666,-0.03800017,-0.24211831,-0.021347657,0.14791119,0.038465,-0.26580232,-0.42184505,0.19617999,-0.17026167,-0.098573506,0.39966834,0.43124935
354,-0.04486016,0.19136877,0.096344754,-0.12553093,-0.025227379,0.052876614,-0.07461462,0.34267998,-0.19016412,-0.1592757,0.24898136,0.15378737,0.24488288,0.11381584,0.04816562,-0.45829254,0.38208574,0.043107502,-0.42321998,0.075189896,0.5916275,0.14618374,0.28767702,-0.0950334,0.09853487,-0.18496251,-0.267905,-0.2048051,-0.06004625,-0.15331388,-0.11682913,0.34905073,0.09490761,-0.12182324,0.12632212,0.24427,-0.074538626,0.28687873,0.0054199956,-0.28643,-0.23875561,-0.45154113,0.178406,-0.46779656,0.030874884,0.023103368,-0.042834997,-0.21731225,0.16565976,-0.65315,0.2002525,0.032346122,0.03971813,1.0262024,-0.36908212,-2.231624,-0.42848253,-0.091302425,1.5951651,0.40556127,-0.13117588,0.8683962,-0.123441875,0.025539752,0.37506247,0.038573973,0.34017894,0.11939953,0.18341054,-0.165691,-0.16721375,-0.31334874,0.07261498,-0.17299375,0.024210874,0.10183288,-0.07292037,-0.15308478,-0.7073425,0.1321145,0.6435634,-0.01704,-0.48884377,0.21796238,-1.01905,-0.2820326,0.10908137,-0.21545374,-0.089877486,-0.17810337,-0.1331785,-0.10958013,0.20624964,-0.22712624,-0.6871762,0.12346624,-0.16168877,-0.12995374,0.49317425,0.31852874
355,-0.027353283,0.2645598,0.26604244,-0.15681085,-0.03427994,0.16710964,-0.045186915,0.14036901,0.035193797,-0.10735171,0.14213295,-0.08416426,0.05204061,-0.09011436,-0.053283025,-0.10513086,0.25618973,0.34925625,-0.2638898,0.43989086,0.17452563,-0.028236035,-0.11734728,-0.15201283,0.23680286,0.022449844,0.015520297,-0.34565368,0.1382685,-0.22705677,-0.21173047,0.5236324,-0.043293823,-0.0678864,0.20226192,0.2532386,-0.34269878,0.12763822,-0.020836374,-0.49140832,0.09837376,-0.15506588,-0.017518874,-0.3873137,-0.29457787,-0.06861305,-0.03930837,-0.41419157,-0.008575082,-0.7378534,0.091962695,-0.00068652246,0.08936705,0.7764096,-0.0812128,-1.9633926,-0.06664954,-0.101513214,1.3833325,0.2500267,-0.09409257,0.5782206,-0.35593235,0.024060631,0.61762345,-0.023135785,0.36749202,0.27471235,0.050584126,-0.25642696,-0.01855924,-0.034700297,0.08165095,-0.08954258,0.079251915,0.23179065,-0.19087316,-0.18797636,-0.49133927,-0.019165887,0.3458117,-0.071209565,-0.35324544,-0.10480136,-1.2189351,-0.18033564,-0.06857969,-0.22494204,-0.1775048,-0.23047006,-0.14320548,0.11094612,0.15213478,-0.31906137,-0.46807557,-0.15335035,-0.04382618,-0.2342355,0.56143415,0.26884106
356,-0.2815255,0.16939013,0.33509827,-0.29071212,-0.056772582,0.12653388,-0.112118416,0.068425775,0.3137119,-0.01703697,0.2482183,0.034098808,0.2674301,-0.069614194,0.1332652,-0.017589346,0.09360836,0.20340237,-0.21850419,0.22209336,0.033617947,-0.07948158,0.27615952,0.046295974,-0.06484507,0.043032125,-0.03789753,-0.13715105,0.0018283007,-0.06850212,0.033434443,0.54706556,-0.19279478,0.056173008,0.22100785,0.27328756,-0.25497735,-0.0017227175,-0.014172843,-0.23152973,-0.18156724,-0.051451024,-0.20773299,-0.3111406,-0.16713214,-0.12719218,-0.01288948,-0.15229896,-0.01372828,-0.59118146,0.3442325,0.089552745,0.15395859,0.75512224,-0.13869107,-1.5422181,-0.034432914,-0.018443817,1.3977875,0.26971087,-0.20761539,0.42266336,-0.28247714,-0.011792948,0.6484441,0.059009343,0.29826957,0.09375721,0.21699187,-0.27707657,-0.006553637,-0.20766282,0.25686148,-0.4234964,0.25037438,0.1347527,-0.1124633,-0.014973788,-0.54247105,-0.09540454,0.39066598,-0.08533974,-0.50072235,-0.04104485,-1.1877375,-0.07338328,0.29928938,-0.124146536,-0.27952203,-0.07734474,-0.12519169,0.17456669,-0.11807539,-0.21314944,-0.09316168,-0.105365984,0.030486895,-0.3111104,0.3673306,0.282077
357,0.10994751,0.21119751,0.099484995,-0.46818277,0.04973775,-0.24206251,-0.115795,0.31095502,0.14781675,0.19556543,0.4750225,0.052333497,0.054569997,-0.23315501,-0.272323,-0.5522875,0.600955,0.39056,-0.00058374554,0.3576725,0.068932146,0.26234248,-0.092941,-0.19568776,-0.18223,-0.11724675,-0.32222,-0.21005076,-0.26790825,-0.032994993,0.080317914,0.6812475,-0.19782001,-0.1541375,-0.1401,0.48769,0.07705001,-0.31492907,0.14495,-0.51937747,0.33600277,-0.2570625,-0.3426475,-0.5108472,-0.3946225,0.3295,-0.41950998,-0.2306425,-0.1548275,-0.8723375,0.092055514,0.1147355,0.100678,0.7319375,-0.26890174,-1.7297425,-0.38112998,-0.018794999,1.7046499,0.11103749,0.2259725,0.4560725,-0.29396868,0.28601626,0.50801504,-0.036866754,0.68857,0.35962248,0.0388861,-0.20425901,-0.12305,-0.045245737,-0.044055,-0.14502825,0.1307325,0.1571435,0.06844,0.036023244,-0.940835,0.41904724,0.8313,-0.007435754,-0.34722,0.3262425,-0.93298006,-0.410095,0.066820495,-0.27679998,-0.40502998,-0.2456405,0.00019799918,-0.320775,0.14522375,-0.50913274,-0.4552625,0.019250214,0.04364024,-0.0011974946,0.57621473,0.36017248
358,0.13580999,0.30589864,1.200345,-0.107795,0.32417032,0.59983003,0.525565,-0.031834997,-0.109469995,0.1107895,-0.3340215,-0.22573501,-0.06385501,-0.52586997,0.104739994,0.333275,0.055085003,-0.33688998,0.04279001,0.1946345,-0.33059502,0.274126,0.041254997,0.141325,0.492015,0.1815105,-0.121065,-0.150007,-0.57007,-0.1403105,0.19807999,0.19552249,-0.3661397,0.329855,0.06509205,1.04654,-0.242234,-0.21225001,0.295255,-0.184425,-0.055244997,0.055655003,-0.06108001,-0.11049999,0.125297,0.467055,0.59003997,0.03541501,0.124285,0.210035,0.011464998,0.22668001,0.141255,-0.457568,-0.5976015,-0.2813615,0.31915498,0.10763185,-0.539705,-0.448655,-0.14553,-0.2661905,-0.2861,-0.33728,0.1761627,-0.51718,0.574245,0.1199505,0.106438495,-0.25499,0.520475,0.2100125,0.242545,0.024920002,-0.391175,-0.165475,-0.09726,0.35561997,0.504125,-0.371745,0.41995502,-0.269855,0.223835,0.258088,-0.39907,0.2359995,-0.036679998,-0.19079503,-0.1384345,0.073249996,0.38809502,0.995149,0.34389502,-0.2297,0.454993,-0.47668952,-0.43023,-0.26177,-0.19397551,0.741125
359,-0.074712135,0.26172203,0.38328287,-0.14770474,-0.006752005,-0.045843486,-0.13740905,0.16276973,-0.07105782,-0.08489329,-0.05114704,-0.08417463,0.103998795,-0.04566797,-0.13065119,-0.2924134,0.097265534,0.11190113,-0.30368462,0.13692516,0.019500893,0.008540821,-0.015442102,-0.01377058,0.044644352,-0.09827438,-0.117273755,-0.27073076,0.12044124,-0.13991779,-0.05020797,0.34571844,0.11238491,-0.005312078,-0.025044756,0.2956222,-0.053750884,0.12760171,-0.07716176,-0.21067676,-0.43089333,-0.15678367,0.27128333,-0.25153625,-0.11034921,0.021497501,0.16370943,-0.26812783,-0.1427158,-0.6753921,0.14197266,-0.08004542,0.108349115,0.8106653,-0.188324,-1.7971433,-0.056391954,-0.15216345,1.3050983,0.23038134,-0.2135794,0.4111997,-0.29023874,-0.04979369,0.59558976,-0.033804446,0.17692426,0.39124805,0.14745972,-0.24919991,0.13565741,-0.10980386,-0.19345154,-0.32076538,0.19449583,0.19546229,-0.19785891,0.016233413,-0.6056274,-0.025544936,0.46567893,-0.07550447,-0.2375482,4.4040124e-05,-1.1932142,-0.19422859,0.06172769,-0.073265955,-0.31298074,-0.43133807,-0.012305815,-0.014523121,-0.13902554,-0.007923203,-0.41888112,0.01229314,-0.029693682,-0.05028173,0.3788334,0.027789453
360,-0.051198605,0.18734886,0.5411548,-0.28324777,-0.1568195,0.043673344,0.0812333,0.101386644,-0.29810256,-0.13969591,0.18796365,-0.04641322,-0.16394,-0.08227351,-0.010275058,-0.13488114,0.027446037,0.28703263,-0.20605825,0.25446534,0.35233128,0.120067336,-0.016654609,-0.04332421,0.34970793,0.007271606,-0.22315808,-0.27230296,0.21890126,-0.23964351,-0.40009296,0.27250287,0.11957997,-0.09617401,0.10810248,-0.014704956,-0.38120502,0.1882727,-0.098551385,-0.14748217,-0.15189517,-0.06693628,0.20116968,-0.29344013,-0.022332968,0.12936056,0.36504292,-0.36304465,-0.009219524,-0.7569019,-0.043945737,-0.18329234,0.06842069,0.83635443,0.100750946,-2.1529195,0.031622346,-0.0023248014,1.2241166,0.41351488,-0.4599111,0.36539993,-0.34211257,-0.048411835,0.5050408,0.0370243,0.29189867,0.09220465,-0.0619217,-0.15397365,-0.03752687,-0.19406965,-0.09325069,-0.093424246,0.040220827,0.16264784,-0.34642515,-0.13543455,-0.4188265,0.030477654,0.46043575,0.039902955,-0.44584695,0.048425738,-1.2425026,-0.11563627,-0.13691425,0.00478739,-0.14423694,-0.17758675,-0.1420169,0.055114232,-0.15300477,0.031362478,-0.39695504,-0.047234744,-0.05010153,-0.0010283048,0.3956549,0.24728239
361,0.1035295,0.06058171,0.15712656,-0.1519868,-0.06484329,0.16301401,0.0013908574,0.11138792,0.21062572,-0.012072857,0.025803646,0.0746276,0.2837707,-0.01709933,-0.010314929,-0.26032397,0.088570215,0.24225762,-0.41243505,0.26194063,0.072797574,-0.15710722,0.050641272,-0.06277672,-0.11945607,-0.094555795,-0.100471,-0.29188567,0.043105137,-0.038100857,0.2618852,0.56864256,0.0051465607,0.024573999,0.12732016,0.3740298,-0.24471332,0.06813114,-0.19539574,-0.142538,-0.3149114,0.049571447,0.24006166,-0.3674112,-0.06635628,-0.13188614,0.016415574,-0.31466368,-0.16046306,-0.79201066,0.385933,-0.055573773,0.21012212,0.81088364,-0.2143499,-1.6000185,-0.0638478,-0.24009022,1.5767399,0.16976142,0.008926334,0.39728078,-0.37403527,0.04724979,0.7719006,-0.21728209,0.34311137,0.34152904,-0.041369565,-0.22562422,-0.059914686,-0.20202859,0.049051497,-0.2894682,0.20773365,0.32558092,-0.15194215,-0.040122423,-0.9082293,-0.06272579,0.44631982,-0.1913055,-0.3661036,-0.15069345,-1.5344572,-0.24629621,0.16764872,0.031540934,-0.27752787,-0.45713583,-0.11068971,-0.10786287,-0.055662926,-0.25918588,-0.086498566,0.16424821,-0.09002336,-0.053946298,0.4224655,0.19745798
362,0.08608934,0.0603308,0.2404484,-0.057410542,0.029902129,-0.1630797,0.04020639,0.0037247075,0.252364,0.077074304,0.19875178,0.009312386,0.27037868,-0.20419669,-0.2519198,-0.23239762,0.14747998,0.043190002,-0.11889987,0.13252519,0.1416366,-0.0051222006,0.26457134,0.11596667,-0.057277538,0.09918068,-0.19733979,0.052713312,-0.08875607,-0.10806547,0.19968033,0.6687065,0.010310003,-0.11722293,0.14048289,0.14580186,-0.21428038,-0.025831422,-0.136847,-0.09574425,-0.07684087,-0.14039423,0.112435326,-0.2035827,-0.11692467,-0.10958479,-0.0073077977,0.036157932,-0.06484733,-0.36749446,-0.10024866,0.12560807,0.036425132,0.45784053,-0.110608384,-1.0733594,-0.01498401,-0.19816558,1.2504036,0.0462272,-0.12921152,-0.22798236,-0.1922649,0.16101925,0.4619709,-0.09235941,0.2631508,0.27261916,0.13164434,-0.16106166,-0.037660003,-0.0007131298,0.039747607,-0.103462145,0.08249114,0.17014928,0.015694063,0.056096796,-0.6110966,-0.11108392,0.45478868,-0.08621008,-0.3151504,0.030317541,-0.8935705,-0.036792647,0.0051840045,-0.002132368,-0.18627669,-0.27189782,-0.018662069,0.0065752673,-0.05725215,-0.08913061,-0.09992521,0.032719865,-0.14153455,-0.019366344,0.44136956,0.07357592
363,-0.34953216,0.10869006,0.10270493,-0.14808853,-0.016146071,-0.14300324,-0.012414157,0.106405616,0.12124923,0.13863614,0.29054993,-0.22425538,0.18333623,-0.15403923,0.06434582,-0.17935692,0.35864538,-0.02935769,-0.045106906,0.034126535,0.069106154,-0.051310763,0.20068002,-0.23221938,0.0824509,-0.1395984,-0.34691444,-0.2471669,-0.25862262,-0.038805384,-0.06907216,0.47684658,-0.17452785,-0.21150622,0.4459183,0.27781644,-0.16208386,0.059905924,-0.08430409,-0.27319866,-0.019237747,-0.15826777,-0.010331091,-0.40251526,0.026960155,-0.06099445,-0.00713369,-0.3827254,0.04465169,-0.56897926,0.3403238,0.13543706,-0.00929685,0.6503264,-0.28299376,-1.5326159,0.021137891,-0.015218512,1.5849577,0.00018961154,-0.20310646,0.30412406,-0.26620713,0.014375081,0.60875756,-0.038489997,0.13999294,0.116363086,0.05104616,-0.43588597,-0.19885185,-0.3652835,0.2807377,-0.19426729,0.24020615,0.08222775,-0.04233192,-0.006042799,-0.46699074,-0.17963177,0.577659,-0.15704685,-0.45749995,0.22160453,-1.214174,0.053596616,0.3689081,-0.12663573,-0.34289047,-0.32209384,-0.13632062,-0.026691679,0.062741764,-0.5082746,-0.291416,0.089201525,-0.062759236,-0.15821368,0.39007208,0.037649073
364,-0.061727013,0.10195601,0.19241951,-0.23353377,-0.35934502,0.239727,0.5078925,0.006850496,0.33042252,-0.05798376,0.67358744,-0.2898634,0.017357506,-0.1525675,0.26617676,-0.0002009999,-0.20413774,-0.012126002,-0.271721,0.181475,0.6073375,-0.042175002,0.17350425,0.52374125,-0.14297052,0.5748075,0.1279575,-0.15799002,-0.175119,-0.19183749,0.053834997,0.97371745,0.0740465,0.37192476,0.3578285,0.12490449,-0.0043022037,0.30809748,-0.31267002,-0.59664744,0.17202924,0.1176825,-0.14265251,-0.2240925,-0.18113375,0.032695003,-0.16304,-0.29052,0.0697225,-0.08736999,-0.2370475,0.043915004,0.4355725,0.17257595,-0.30715024,-1.2101325,-0.2570375,0.19619976,0.899845,0.1243925,-0.39816,0.04855424,-0.17569,0.406725,0.4546625,0.248725,0.24551626,0.36628503,0.29087752,-0.103539504,0.018259495,-0.020692736,-0.010689996,-0.5761275,0.258287,0.09386526,-0.22383,-0.007196501,-0.65007746,-0.21033649,0.120869994,-0.54561,-0.41263282,-0.20525724,-0.5258543,0.068215,-0.261202,-0.37662172,-0.080586255,-0.09839,0.11285675,0.41218752,0.0014149994,0.376585,-0.080917254,-0.09247625,-0.05597251,-0.5142525,0.394996,0.013804503
365,0.14467333,0.3776767,0.19857,-0.112872995,-0.12454333,0.092642,0.16920006,0.07500433,0.5410233,-0.086729325,0.3313,0.30158132,0.5025733,-0.19071333,0.0035330008,-0.12527667,0.17183132,0.46305665,-0.45277333,-0.14328001,0.36664334,0.18613632,-0.029244667,-0.26330766,-0.011671667,-0.16654965,-0.156699,-0.5661733,-0.07039666,-0.2842801,0.111094005,0.48368666,0.14742634,0.31671736,0.35440335,0.36143997,-0.26415333,-0.051684666,0.03329,-0.3667213,-0.0905,0.038370766,0.11381,-0.176867,-0.13714533,-0.007523338,0.29029667,-0.15641999,0.57438666,-0.80535,0.21863401,-0.108885325,0.5183733,0.60652,-0.014893338,-1.4413834,-0.34407997,0.047876466,0.67430663,0.41087,0.08663001,0.80137664,-0.46815667,-0.22358,0.45912996,-0.17157066,0.5319566,0.20336334,-0.12857668,-0.08597233,0.219997,-0.27325332,-0.0019940038,-0.187771,-0.10860265,0.1624027,-0.41615668,-0.37480333,-0.60205,-0.0786,0.31107333,-0.029315332,-0.4798,0.014686339,-1.39301,-0.5710067,0.12105147,-0.068421,-0.70289,-0.20517333,-0.071104,-0.28814533,0.057986677,-0.19530131,-0.56695336,0.15835233,-0.26906466,0.16878633,-0.046115667,0.5119067
366,-0.13139193,0.21558438,0.35392696,-0.22552806,-0.1437971,-0.06197807,-0.09049864,0.15138406,0.20349546,-0.009684591,0.23316528,0.050173286,0.18501891,0.010425406,0.041037485,-0.14195053,0.1594076,0.20992678,-0.3267044,0.20165397,0.20381129,-0.0076917773,-0.0077712135,-0.044865213,-0.042878725,0.09601742,-0.16657528,-0.25336322,0.02953751,-0.0823796,0.10010303,0.5677659,0.0023184724,0.11124376,0.18650511,0.3402125,-0.14447309,0.0890481,0.04200888,-0.19698274,-0.18059297,-0.106469974,0.06898265,-0.34501788,-0.22447158,-0.07590375,0.012730103,-0.3125471,-0.051229954,-0.658787,0.2033612,0.08154436,0.14135623,0.7279915,-0.13353361,-1.6889282,0.007299012,-0.08952774,1.4433602,0.1940954,-0.12829356,0.43279162,-0.34024584,-0.11114911,0.696729,0.064099275,0.36787224,0.3321016,0.06034512,-0.27970555,0.100379504,-0.21128434,-0.009132318,-0.3045788,0.16707909,0.17634556,-0.11446711,-0.0075856107,-0.6079106,-0.036396172,0.42102066,-0.3452323,-0.38960811,-0.15335666,-1.2042606,-0.07052847,0.2258184,-0.06320346,-0.24181111,-0.23607203,0.00021112878,0.10290924,-0.026826574,-0.28847715,-0.34639215,-0.06566979,-0.011696434,-0.12285686,0.41347888,0.18424746
367,-0.41029,0.15853,0.017312,0.16308,0.42548,-0.54078,0.092826,0.22298,-0.33469,0.21976,-0.16348,-0.088108,-0.39607,0.19797,-0.19606,-0.77827,0.18204,0.44074,-0.25578,0.0057366,0.040918,-1.0588,0.03964,-0.33948,-0.51492,0.17078,-0.66517,0.60069,0.46746,0.17798,0.19015,0.3941,0.060206,0.26932,0.17194,0.44072,0.09577,-0.30546,-0.55285,0.47792,-0.18798,-0.055406,0.088525,-0.67585,-0.21539,-0.06515,-0.044978,-0.64626,-0.17655,-0.35742,-0.18938,0.080589,0.70692,0.33669,0.36703,-1.371,0.13375,0.19497,1.6274,-0.64577,0.11712,0.51786,-0.45914,-0.74738,-0.14084,-0.22178,-0.07257,0.51025,-0.029886,-0.62296,0.47272,-0.40129,0.21614,-0.55057,0.7092,0.68979,-0.27544,-0.039344,-0.21697,-0.28726,0.77297,0.13007,-0.89158,0.021674,-1.245,-0.19264,0.99817,0.31839,-0.42871,-0.06458,0.64568,0.31094,0.2617,-0.51732,-0.43239,-0.25875,0.21429,0.0097521,0.83353,0.58546
368,-0.040383,-0.2132,0.055937,-0.070654,0.4657,0.14988,0.35069,0.38861,1.0382,0.31142,0.43467,1.0776,0.20412,0.11486,-0.15259,-1.2375,0.63977,-0.40243,-0.32668,-0.16361,0.4715,0.097336,-0.3228,0.82284,-0.05374,0.72566,0.077025,0.19049,-1.011,0.063992,-0.42976,0.492,0.3961,-0.22394,-0.32937,-0.68569,-0.038767,1.2796,-0.51853,-0.14503,-0.46248,-0.021891,-0.57194,0.066688,0.36953,0.7507,-0.94705,-0.29925,0.41504,-0.50964,-0.61258,0.20794,0.51331,0.20323,-0.25576,-0.016653,0.36026,0.29747,-0.25774,-0.0073715,-0.6191,-0.16447,-0.28221,0.16458,-0.13794,-0.36302,0.32537,1.4793,0.16161,0.018392,-0.29274,0.56243,0.3591,-0.26062,0.24564,-0.39409,-0.61024,-0.23352,-0.40417,-0.46959,0.45789,-0.074916,0.12149,-0.79923,0.27619,0.19909,-1.3364,0.47668,0.9909,-0.057745,0.91582,0.46617,0.10032,0.25265,-0.36012,-0.42818,-0.3804,-1.3927,-0.015867,0.11311
369,0.07306334,-0.11417534,0.35606667,-0.15925,-0.43741667,-0.27325532,-0.36663663,0.02092,0.059886675,0.08241501,0.19900034,-0.053039998,0.4375267,0.12203,0.08204567,-0.3658267,0.35665068,0.051433343,-0.015463333,0.65531665,-0.17847998,0.10262001,-0.16119666,-0.00068199885,0.044900566,-0.15734667,-0.25869396,0.101446666,0.028543001,-0.043824334,0.25681666,0.9903,0.052147996,-0.41198334,-0.036883336,0.31719932,-0.52186966,-0.10260833,0.293799,-0.27647367,0.42539933,-0.39668334,-0.091639996,-0.09378167,0.054310005,0.07745067,-0.0011433363,-0.3989123,0.27189934,-0.67148,0.44843802,0.10281533,-0.19473702,0.65269333,0.084968664,-1.7797166,0.29708233,-0.028813332,2.1660335,0.25333998,0.05822367,0.079796694,-0.21279998,-0.028270667,0.26798433,-0.303645,0.28938666,-0.21718533,0.858433,0.011803329,-0.26835668,-0.17284,-0.027886664,-0.37960336,0.62057334,0.37977,0.21142668,0.031383336,-0.7439167,-0.137877,0.66732335,0.105513334,-0.19964333,0.20143032,-1.6530333,-0.4385067,-0.26191667,-0.39328995,-0.37857735,-0.19821934,0.0062636733,0.2785667,0.17938668,-0.16635667,-0.25615665,0.38287035,0.20045668,-0.03895923,0.25944334,0.40045667
370,-0.1516705,0.19677363,0.32161194,-0.16437855,0.0017701716,0.17959176,-0.09122668,0.10665259,0.23661676,-0.13252023,0.26204896,-0.017834483,0.23429771,-0.10418445,-0.005797989,-0.13206586,0.1672163,0.17411162,-0.3157785,0.28606203,0.2637622,-0.07811029,0.21248543,0.07702214,0.082054324,-0.1738,-0.13864975,-0.2453012,0.22552994,-0.05195114,0.08346755,0.56789005,0.07905228,0.06745007,0.18685691,0.1671119,-0.26834375,0.08139865,0.026397385,-0.268616,-0.26329416,0.047857054,0.038132615,-0.067980014,-0.070436165,-0.002354516,0.21267356,-0.5117005,0.11976282,-0.81672496,0.13889848,-0.02361314,0.19058765,0.81128925,-0.026231023,-1.9691526,-0.10144935,-0.1403921,1.4786826,0.33270308,-0.22913657,0.58449787,-0.42834604,-0.16410351,0.74433595,0.11101859,0.3488277,0.09500936,0.23048003,-0.23757856,0.06621617,-0.029286737,-0.030735109,-0.11795486,0.12308343,0.16843912,-0.2280528,-0.21735057,-0.6062896,-0.12927777,0.44388092,-0.011826449,-0.37973863,0.15057449,-1.2400527,-0.09664203,0.16497184,-0.15909398,-0.25557858,-0.11599907,0.028844027,0.2805707,0.06358628,-0.214156,-0.3242308,0.022167966,-0.0060776626,-0.063898675,0.43075362,0.07628718
371,-0.068648,0.48226002,0.73614,0.048043,-0.064545,-0.223185,-0.191218,-0.36217502,-0.454285,-0.4188255,-0.091805,0.099135004,-0.008620001,-0.310725,-0.039305,-0.50388503,-0.0019350052,0.0834945,-0.72582,0.524515,0.4620655,0.721835,-0.138025,-0.45898,0.12204999,3.9000064e-05,-0.289745,-0.2565715,0.114695,-0.3309,-0.02311501,-0.0048290007,0.190745,-0.1434785,0.19991499,0.22000875,-0.106652506,0.233495,-0.450015,0.01856,-0.325155,-0.117927,0.291603,-0.469205,0.212845,-0.124025,1.0296,-0.209331,0.29425502,-0.39613998,0.07546002,0.018095002,0.236595,0.915685,-0.114502504,-2.5614,-0.156625,-0.115375,1.4649501,0.20815499,-0.0724435,1.2186,-0.56141496,0.26986998,0.778015,0.009649999,0.1891845,0.035715003,0.286915,-0.0650915,0.316835,-0.299605,0.065795004,-0.240655,0.42036998,-0.1825155,-0.0829605,-0.21166,-0.61855,0.18660146,0.581915,0.278485,-0.19917,-0.016520008,-1.44205,-0.1593835,-0.11776002,-0.414526,-0.234995,-0.40395,0.056055,-0.17224249,-0.22561349,0.15574451,-0.771945,-0.039545,-0.62873995,-0.42209002,0.403085,0.375745
372,0.361825,0.0015700012,-0.0730665,0.1028035,0.258305,-0.570967,0.411745,0.080313504,-0.590505,0.201435,0.106692,-0.585535,-0.020135,-0.0649585,0.92920506,-0.5582,-0.298631,-0.30448997,-0.14463499,-0.175899,0.326015,-0.4332565,0.48137,0.44529998,0.473145,0.30477,-0.650005,-0.09123,-0.17017499,0.341605,-0.09771299,0.250375,-0.239795,-0.17950499,-0.2389,0.35834002,-0.216065,-0.17219,-0.027831998,0.024404995,-0.059414998,-0.32829002,0.24862501,-0.03763002,0.262515,-0.1634,-0.18470499,-0.617535,0.45533502,-0.92005,0.32248,0.5119724,0.46353,0.848065,-0.35577,-1.6473,-1.324065,-0.0425025,2.15925,0.454725,-0.21773998,0.421375,-0.234745,0.177801,0.21159525,-0.422,0.109662,-0.088145,0.06832499,-0.43717,-0.471205,-0.043026503,-0.29882002,-0.361355,0.25731498,0.04620999,-0.13068001,0.2088225,-0.611995,-0.26908502,0.2332595,0.16903,0.19010499,-0.19240999,-1.361365,-0.19388399,0.39124,0.12803501,-0.51127,0.15082002,0.208525,0.53942,-0.022764996,0.451095,-0.986475,0.19335,0.29122502,0.18094,-0.064985,-0.09547502
373,-0.5872657,0.39577898,0.55714,0.23978333,-0.47078001,0.33321235,0.10317334,0.66307,0.23150666,-0.20415,0.7333433,0.0046413317,0.017783334,0.55066663,0.11151499,0.0023260005,-0.041355666,-0.10619799,-0.31045568,0.22208,0.34861732,-0.24887998,-0.27744666,0.07757666,0.18247999,0.13639669,-0.08066001,-0.21288665,0.5028167,-0.23401166,-0.120473005,0.68463,-0.24290001,-0.15385999,-0.12017867,0.41619667,0.018502345,0.39302,0.5171933,-0.36078334,0.1427,-0.20188336,-0.033081997,-0.71062666,-0.44085336,0.031055996,-0.11929002,-0.03744666,-0.033305667,-0.4021933,0.02710333,0.19713666,-0.057433326,0.43350002,-0.1081009,-1.0015601,-0.032074336,0.19748932,1.1452333,-0.16583668,-0.32961002,0.35365334,-0.10163333,-0.36707667,0.73171335,0.015016635,0.5735733,0.34063005,-0.21122967,-0.091803335,0.14120167,0.19934069,-0.041106995,-0.50534993,0.33881,0.43090665,-0.10020133,0.33670333,-0.11150793,-0.61485666,-0.14311667,-0.98451996,-0.09250333,-0.204778,-1.0566467,0.33696333,0.27067998,-0.48932135,0.27202332,-0.040113334,-0.16728668,0.48972666,-0.14959,-0.17474334,-0.20169665,-0.43615332,0.10977334,-0.5054337,0.47546664,0.14985
374,0.23115401,0.178356,0.489806,-0.014389997,-0.2010338,-0.12326243,-0.299958,0.046717405,-0.16345079,-0.19407406,0.24166839,-0.08709781,0.24134,-0.0960292,-0.259312,-0.04620281,0.28221077,0.13434139,-0.288774,0.365132,0.33982962,-0.015269208,0.2437352,0.028241063,-0.056030013,-0.313104,-0.041806996,-0.34522802,0.145438,-0.158036,0.25465602,0.30118603,0.055993,-0.0068499995,-0.103909984,0.00046259686,-0.182652,-0.07743125,0.0189468,-0.32333797,-0.329142,-0.030303996,0.059949994,-0.43157178,0.16056201,0.23466463,0.3900346,-0.504484,0.205638,-0.93954,0.131558,-0.2974134,0.275104,0.99486005,-0.23631,-2.1557202,-0.11196599,0.068723604,1.77638,0.436346,-0.316206,0.56362224,-0.38007492,-0.038155995,0.699878,-0.06030599,0.25730598,0.40436,-0.2680028,0.1302654,0.141084,-0.056266,-0.34505004,-0.037676,0.1393738,-0.0888356,-0.042522002,-0.3411946,-0.8383579,0.14454459,0.673964,-0.0716692,-0.32944718,0.300409,-1.306728,-0.590218,-0.1802978,-0.38442358,-0.043393396,-0.3770366,0.2056408,-0.25728458,-0.3037758,-0.0924348,-0.198054,0.390908,0.035088997,-0.107265994,0.45449,-0.0041928
375,-0.11557809,0.072311185,0.23427404,-0.19747408,-0.10945149,-0.18375422,0.08383466,0.12494692,0.12501457,-0.018600812,0.18490562,0.12072795,0.33854756,-0.05488919,0.14797977,-0.42636013,0.06970314,0.18778881,-0.21010678,0.1575896,0.22932725,-0.117428124,0.19824357,-0.07034212,0.078446805,0.22129554,-0.35081068,-0.27008614,0.13727176,-0.09590051,-0.122529015,0.3109283,-0.15293543,-0.06253944,0.11213752,0.28669766,-0.12154534,-0.18415242,-0.057713468,-0.33095178,-0.32659128,-0.25747812,-0.02128742,-0.3776899,0.15954763,-0.11759181,-0.0007516203,-0.20769349,0.26256567,-0.5986009,0.24803945,0.08874894,0.1536125,0.77811813,-0.118587755,-1.7754035,-0.29642767,-0.02807162,1.4790213,0.2701791,-0.18427572,0.67685026,-0.37559932,0.06730781,0.50660706,0.050164573,0.09093114,0.11410553,0.118085645,-0.32231978,0.078692876,-0.24120486,0.030317709,-0.21708643,0.29308617,0.2220876,-0.12284447,0.019239672,-0.42532438,0.01167538,0.34894475,-0.11022733,-0.41656947,0.16552503,-1.046016,-0.17815351,0.3481589,-0.15162703,-0.3581868,-0.15086462,-0.15937778,0.045689136,0.13467166,-0.08628475,-0.3908328,-0.044744805,0.0894309,-0.028257051,0.30659747,0.1240661
376,-0.2971445,-0.054405004,0.052329987,-0.537585,0.06825,-0.0474345,0.090059504,-0.609025,-0.029345006,0.10437499,0.39756,-0.246845,0.16278,-0.2144955,0.310765,0.105819,-0.095161006,0.714933,-0.35391998,1.03371,-0.227697,-0.01684001,0.24096,0.44885,0.025344,0.341725,-0.012704998,-0.023744985,-0.49587,-0.21632999,-0.04085,0.99232996,0.29777,-0.008134998,0.82060504,0.331525,-0.82681,0.300935,-0.0969299,-0.47347,0.3562875,-0.100076996,0.1413,-0.42602998,-0.29795998,-0.12575501,-0.078397,-0.44826502,0.2627195,-0.353055,0.007615,-0.23631,-0.02901,0.399545,-0.105683,-1.448506,0.28305,0.309375,0.8126515,-0.1076525,-0.24006501,0.44847,-0.795695,0.360693,0.540215,0.4031655,0.56013,-0.063504994,0.467165,-0.66261,0.44613,0.170456,0.35266998,-0.89927995,0.33315623,0.480825,-0.174705,0.005874999,-0.238385,-0.381935,0.397145,-0.178435,-0.20038998,-0.022165,-1.09185,0.160725,0.2651715,-0.0198325,-0.373725,-0.14980501,-0.0332065,0.14559,0.282731,-0.15291,-0.24988998,0.00023500621,-0.423845,-0.13506499,0.5135,0.65480006
377,-0.05037215,0.24789524,0.19094959,-0.21591413,-0.1284797,-0.11725546,-0.08550097,0.107409194,0.067308165,0.095344596,0.12121763,-0.075082846,0.17538525,0.023288498,0.1037751,-0.036985025,0.101491824,0.12868692,-0.12421627,0.15400901,0.19863825,0.055664055,-0.019563671,-0.069706134,0.28702563,0.1974932,-0.06202142,-0.37197015,-0.010363056,-0.20683576,-0.04463054,0.34580168,0.010651547,-0.042978812,0.123749055,0.28068578,-0.10380622,0.11581178,0.039246723,-0.2901427,0.0032960621,-0.19955738,-0.015014991,-0.4024128,-0.27977693,-0.083707735,-0.043363363,-0.26705337,0.049371086,-0.670345,0.04270782,0.033664722,0.03304609,0.74980485,-0.07863284,-1.6235936,-0.06487496,0.04056997,1.3630573,0.14897314,-0.078868926,0.5195663,-0.36055842,0.09744855,0.42698416,-0.021921175,0.42986533,0.05996553,0.177984,-0.25815478,-0.016599214,-0.07410266,0.00013630281,-0.17198025,0.08207309,0.15143172,-0.15938589,-0.09173019,-0.44189098,-0.006018971,0.39089608,-0.1258045,-0.1840642,-0.049155094,-1.0387422,-0.16493875,0.018720888,-0.14980891,-0.20256555,-0.12842292,-0.0020329796,0.003737097,0.018110756,-0.16073553,-0.3293388,-0.04916707,-0.046551142,-0.2077389,0.5581419,0.18091418
378,-0.13349126,0.25535375,0.28255522,-0.37294003,-0.05912812,-0.0621105,-0.06830275,0.2574955,0.38652813,-0.13496025,0.19341747,0.13968913,0.20027626,-0.2961484,0.1397489,-0.0578025,0.23178062,0.104329765,-0.13055213,0.5901712,0.0643345,-0.1607444,0.077378266,0.06594376,-0.08115975,0.20879403,-0.14817761,-0.19524875,-0.19971348,0.010846864,0.14321212,0.51497126,-0.22531463,0.10480074,0.4187888,0.54555374,-0.31574953,0.12444912,0.03938375,-0.26621163,-0.06362362,0.052111894,-0.20318465,-0.29173276,-0.2872731,-0.21854565,-0.054043755,-0.19058537,0.2886405,-0.6119477,0.15866376,-0.0627145,0.20366651,0.48951995,-0.13310538,-1.37219,9.629875e-06,-0.093496375,1.1386238,0.009743746,-0.034549378,0.2365754,-0.25519264,0.03155375,0.6046562,0.119288884,0.3255944,0.20379138,0.1315625,-0.1766341,0.12975012,0.050605003,0.054003123,-0.44637123,-0.16976424,0.09092092,0.012667004,-0.07309288,-0.6442225,-0.17963022,0.325145,-0.31851363,-0.4437755,0.06018987,-0.77412075,-0.19594076,0.1706225,-0.05662463,-0.21161625,-0.018818278,0.31690586,0.10133,-0.030723378,-0.234475,-0.25287873,-0.11475574,-0.27927876,-0.20618588,0.49000874,0.22718126
379,0.190995,0.273755,0.12177402,-0.30067325,0.05065375,0.24830462,-0.15114538,-0.0045573823,0.50081813,-0.0022108483,-0.125033,0.3284775,0.36077097,-0.109546654,0.12225274,-0.0849825,0.081657514,0.22050522,-0.33886734,0.15062124,-0.20341888,-0.045278743,0.06637375,-0.14599977,0.043971375,0.26450223,-0.152691,-0.28382,0.06390712,-0.160876,0.22242498,0.46267,-0.12327237,0.21798648,0.34023812,0.30972,-0.35882628,-0.035710245,0.23230976,-0.20230886,-0.0070037544,0.032345377,-0.120947495,-0.34247532,-0.101399615,-0.09092875,-0.13189775,-0.11961,0.008413749,-0.35444123,-0.20446625,0.19401413,0.0039973725,0.53288496,-0.20783758,-0.8299,-0.044347465,-0.044212244,0.84222925,0.12675075,0.032586254,0.394259,-0.20997624,0.22556952,0.37091637,-0.10337325,0.36070126,0.0820892,-0.015865244,-0.37170076,-0.25902933,-0.4208525,0.121660754,-0.11454801,-0.119685754,-0.06993124,0.07754913,-0.27434725,-0.28349036,-0.08059188,0.36594126,0.0591985,-0.6087325,-0.08676525,-0.8430388,-0.09271625,0.04515374,-0.08870907,-0.08821486,-0.18865614,-0.050572738,0.06555787,0.17192487,-0.42566127,0.13739125,-0.33159897,0.17887786,0.023196617,-0.0061921254,0.051738497
380,0.011301282,0.26716992,0.45326638,-0.022303252,0.030237684,0.00088124874,-0.13411047,0.05096243,0.08360581,-0.039088596,0.14950041,-0.03696648,0.0754432,-0.08998032,0.021968234,-0.2210906,0.087830305,0.25079805,-0.09865815,0.3076594,0.07727149,0.009726059,-0.057851568,-0.19783798,0.033474855,0.23659272,0.070568234,-0.24301592,-0.005655851,-0.10783371,0.02065863,0.38919732,0.040405408,0.032109134,0.21830963,0.28113788,0.15299575,0.118565194,-0.032749075,-0.27331918,-0.16207768,-0.0002769661,0.09067724,-0.2749792,-0.10372847,-0.06073393,-0.094890416,-0.14709169,-0.2655931,-0.6413127,0.052260876,-0.083810285,0.05052377,0.61162245,-0.090768196,-1.5904491,0.008836313,-0.15653948,1.1501864,0.17250073,-0.075029045,0.39568102,-0.38535583,-0.08569279,0.73941934,0.11757643,0.30710664,0.14117901,0.16086504,-0.3250681,0.14735049,-0.23928656,0.023664199,-0.10409839,0.12811953,0.12102877,-0.20303099,-0.26712227,-0.37006,-0.015655383,0.30090472,0.07870544,-0.18531403,-0.115384094,-0.96389556,0.041117482,-0.015311957,-0.16949989,-0.23659736,-0.17792806,-0.0974256,-0.05963496,0.121281356,-0.128344,-0.36070672,-0.10514924,0.03799519,-0.26576242,0.34855828,0.06268189
381,0.0,0.0,0.0,0.0,0.0,0.0,0.0,0.0,0.0,0.0,0.0,0.0,0.0,0.0,0.0,0.0,0.0,0.0,0.0,0.0,0.0,0.0,0.0,0.0,0.0,0.0,0.0,0.0,0.0,0.0,0.0,0.0,0.0,0.0,0.0,0.0,0.0,0.0,0.0,0.0,0.0,0.0,0.0,0.0,0.0,0.0,0.0,0.0,0.0,0.0,0.0,0.0,0.0,0.0,0.0,0.0,0.0,0.0,0.0,0.0,0.0,0.0,0.0,0.0,0.0,0.0,0.0,0.0,0.0,0.0,0.0,0.0,0.0,0.0,0.0,0.0,0.0,0.0,0.0,0.0,0.0,0.0,0.0,0.0,0.0,0.0,0.0,0.0,0.0,0.0,0.0,0.0,0.0,0.0,0.0,0.0,0.0,0.0,0.0,0.0
382,-0.16854766,0.1166988,0.21333662,-0.11419849,0.02716938,0.18305066,-0.040121634,0.20259799,0.09945128,0.008912491,0.12472133,0.018174808,0.2685286,0.08829084,0.055020288,-0.23296596,0.24209848,0.046180386,-0.44826493,-0.039989013,0.20886953,0.04844277,0.05811994,7.494824e-05,0.061934065,-0.09352885,-0.17458527,-0.23567829,0.18372783,-0.065123364,-0.09232132,0.31311774,-0.035500918,0.04504434,0.10621342,0.24366261,-0.14348388,0.049808867,-0.038723577,-0.0930827,-0.33771336,-0.20170157,0.24287702,-0.30617502,-0.015120041,-0.09372826,-0.124077655,-0.2599659,0.14163731,-0.6182889,0.14774367,0.0005511984,0.12866455,0.6455533,-0.18402702,-1.5565746,-0.21998604,0.014350389,1.4205148,0.3018366,-0.17613462,0.4474862,-0.2586555,0.046468318,0.39695254,-0.111563966,0.17285831,0.27881625,0.047374744,-0.072392434,-0.25480285,-0.14431359,-0.019969031,-0.330441,0.17128262,0.28372788,-0.03839677,-0.014244428,-0.665967,0.010116366,0.45297566,-0.15513916,-0.30421603,-0.027434157,-1.0088434,-0.16900487,0.11456948,-0.0030828714,-0.19666511,-0.17816673,0.021405319,-0.09820828,0.05216109,-0.1351001,-0.4018521,0.040259965,-0.02470102,-0.046794124,0.32750067,0.0671315
383,0.25902,0.2224997,0.332225,-0.5093615,-0.3462395,0.0624,0.031185001,-0.214255,-0.19511849,-0.057925,0.2527155,-0.055490002,-0.1766715,0.003399998,0.208604,-0.24988501,0.107559994,0.329895,0.071675,0.763575,0.271925,0.43704,-0.073497,-0.6539555,0.21791501,-0.1513855,-0.27143002,-0.55541,-0.12539,0.137105,0.075283006,0.91951,0.11239001,-0.407735,0.39663,0.554115,-0.058429986,-0.1011995,0.514035,-0.52562,0.741215,-0.12033701,-0.09977001,-0.869285,-0.81421995,0.25103998,-0.66694,-0.38376498,-0.15481299,-0.908085,-0.061506752,0.2991595,-0.035435006,0.53396,-0.0079925,-2.1864,-0.186925,0.37611002,1.328735,-0.120419994,0.69296,0.37271,-0.519875,0.1092795,0.4681,-0.109817,0.72638,0.75438,-0.28899783,0.07606,0.16126001,-0.53916,-0.42461997,-0.22499001,0.12207,0.24027,-0.112485,-0.0015930003,-0.30928499,0.3047245,0.868925,-0.08817001,-0.412655,-0.200295,-0.57865,-0.40731502,-0.12985,-0.19997999,0.0442725,-0.4226315,0.1104215,-0.24121001,0.52853,-0.85130095,-0.795755,0.33251095,0.053745,-0.10958501,0.17028701,0.19473049
384,-0.17039059,0.0846726,0.34135795,-0.12601973,-0.22257449,0.071912676,-0.113341026,0.24286991,0.14310658,-0.0742864,0.22133094,0.024135754,0.1062621,-0.15335773,0.060803823,-0.16019855,-0.004491746,0.1122977,-0.22471865,0.23271409,0.13902445,0.085819915,0.0066556074,-0.097703606,0.018050598,-0.021979265,-0.11163074,-0.15520932,0.20170112,-0.1131736,-0.07549394,0.3743111,0.017422967,5.1485895e-05,0.047765933,0.24727285,-0.3356203,0.031357434,0.078392304,-0.15134436,-0.30784538,-0.0398755,0.010089535,-0.2119227,-0.1443751,0.011325335,0.08916093,-0.29094517,0.009261089,-0.63988626,0.24636413,-0.080344394,-0.0050080265,0.69539607,-0.12703237,-1.7586273,0.022350013,-0.035288993,1.3225936,0.2763784,-0.16097769,0.5122129,-0.21788272,-0.120946504,0.5093837,-0.086271696,0.27607304,0.11151676,0.17710963,-0.17055088,-0.040159747,-0.17404217,-0.01711289,-0.1758513,0.14047712,0.17681608,-0.11840996,-0.07339016,-0.55549806,-0.10307963,0.3369149,-0.07106613,-0.330745,0.04265131,-1.242624,-0.062162206,0.035906103,-0.08189609,-0.3166441,-0.19214685,-0.090721086,0.118298985,-0.054822583,-0.17472813,-0.28947535,0.060829706,0.017217942,-0.094642274,0.3373047,0.19423266
385,-0.29854164,0.18357332,0.2527435,-0.19507802,-0.067103334,-0.017684393,0.13720717,0.1711318,0.47894052,-0.043928176,0.277255,0.11157618,0.042463332,-0.41681,-0.18041368,-0.21990001,0.16937168,0.33396164,-0.050489154,0.055265676,0.095906325,-0.13997501,-0.0129456,-0.04183967,0.141632,-0.1831115,-0.26203832,-0.43385968,-0.23824668,-0.14997382,0.011200835,0.65273,-0.46412352,-0.30066434,0.12898584,0.5636365,-0.07500998,-0.08716017,-0.032597836,-0.231636,0.32546166,-0.453385,0.23607332,-0.88767165,-0.19333668,0.22123098,-0.25942,-0.262262,-0.17953001,-0.8390817,0.21382332,0.2902241,-0.037342172,0.63573,0.117818825,-1.5423402,-0.2260043,-0.04052482,1.4425668,0.05449601,0.015016626,0.22240084,0.022302663,0.22042418,0.65396667,-0.31885734,0.16194667,0.16519533,-0.2022161,-0.3643433,-0.28503618,-0.21126533,-0.17907698,-0.05769233,0.04189752,0.44971517,-0.28005168,-0.085225165,-0.351185,-0.20693745,0.40345117,-0.28328833,-0.36285684,-0.119939834,-0.657641,-0.164257,0.15864167,0.021122029,-0.043385003,-0.0666105,-0.300497,0.18376301,0.16550682,-0.65773165,-0.55247337,-0.2154197,0.285101,0.094988324,0.69333166,0.073777996
386,-0.11067244,0.13250954,0.19458891,-0.041125517,0.058447435,-0.057580292,0.034880348,0.08766476,0.10668775,0.08525392,0.059546825,0.020809688,0.33544704,-0.018314509,-0.094235085,-0.072192736,0.11755425,0.08936033,-0.303157,0.07433676,0.2366092,-0.048977137,0.14086019,-0.01038939,0.14835633,-0.045289557,-0.16465354,-0.17658441,0.028629044,-0.07168381,-0.026376275,0.3020373,-0.045582782,-0.08821708,0.10607826,0.2211566,-0.09373822,0.0028270306,-0.027263798,-0.11852073,-0.25394395,-0.16395321,0.15602912,-0.28852394,-0.08506418,-0.047026377,0.0944834,-0.2385302,0.07568767,-0.6098563,0.20431244,0.11823967,0.103924565,0.79167,-0.037276335,-1.5690452,-0.065280296,-0.034914535,1.4046493,0.12698022,-0.20386499,0.33905002,-0.097947,0.077804424,0.56910664,-0.10272338,0.16212992,0.18419878,0.07100562,-0.22927375,-0.06295361,-0.1445014,-0.050845683,-0.24818134,0.21460368,0.107225776,0.012362701,-0.019642763,-0.6436197,-0.044904128,0.45753124,-0.011669897,-0.28209415,0.089145,-1.0267682,-0.119209535,0.11187154,0.01220313,-0.24491434,-0.23568602,-0.09255943,0.118696064,-0.09346072,-0.072637945,-0.22136033,-0.011821002,0.08912536,-0.12387813,0.31057647,0.18759947
387,-0.016432667,0.06251553,0.1800118,-0.2037757,0.07729847,0.062270537,0.07710953,0.2922802,0.09740867,0.15336472,0.28078625,0.11216847,0.092006326,0.08648324,0.039517064,-0.25844,0.25941694,0.30823967,-0.25833467,0.25710398,0.0864166,-0.021426667,0.14267173,0.12170792,-0.10498994,-0.022855734,0.030544544,-0.2656247,-0.03711767,-0.25942752,0.24995464,0.45978466,-0.14035065,0.024508374,0.22220692,0.33817,-0.06773089,-0.00962207,-0.27951023,-0.119134866,-0.18254633,-0.19588457,0.13847369,-0.34640345,0.00859007,-0.07066973,0.010628077,-0.39372867,0.1631916,-0.62048715,0.29973444,-0.12948139,0.22406347,0.6778947,-0.06776611,-1.588852,-0.07772589,-0.2143145,1.64792,0.36489,-0.03236366,0.2979258,-0.26491934,0.14514208,0.60251933,-0.059014384,0.20145172,0.17677222,0.18423936,-0.15039247,-0.054577272,-0.07063753,-0.019635879,-0.24624115,0.15007424,0.27613458,-0.22828399,-0.06798313,-0.78069955,-0.0756104,0.60714334,-0.0894884,-0.41199467,0.059856806,-1.1923972,-0.2504032,0.23635076,-0.10864518,-0.27732155,-0.23992254,-0.074472,0.038038738,-0.055493534,-0.24275239,-0.15959892,-0.058763463,0.027167998,0.05515433,0.40384206,0.013385866
388,0.0936921,0.04474802,0.24629186,-0.16569188,-0.069182314,0.1554998,-0.10617919,0.01488903,0.05715171,0.012397936,0.12488676,0.043711223,0.20932826,-0.08098477,0.1029194,-0.09212424,0.2500692,0.24569008,-0.2776945,0.27143884,0.034065645,0.01056884,-0.073759355,0.0136257075,0.05343412,0.027098529,-0.06397248,-0.24508768,0.115891606,-0.19294359,0.06596249,0.49656636,-0.039181,-0.0005128241,0.15658455,0.19120924,-0.2005596,0.033005267,-0.14976914,-0.22237428,-0.10729565,0.07182955,0.25659266,-0.26554435,0.027381338,-0.18877989,-0.010343028,-0.19345589,-0.0037935432,-0.5322331,0.17990342,-0.06254533,0.06943019,0.5869523,-0.16338912,-1.6638541,0.10151675,-0.12657633,1.3206184,0.19613664,-0.096021675,0.33782914,-0.29574162,0.081059605,0.5628221,-0.039508823,0.32382473,0.14349186,0.12154113,-0.29798806,-0.027068127,-0.14202207,-0.09234213,-0.26492202,0.15485743,0.32037044,-0.14683288,-0.10409295,-0.5040322,-0.17648105,0.3809099,-0.0895568,-0.26547113,-0.02800243,-1.0536277,-0.1887424,0.18020435,-0.098986894,-0.19745389,-0.29335847,-0.12690884,-0.07799976,0.13194531,-0.05666427,-0.3016543,-0.09227454,-0.006929865,-0.15830044,0.297762,0.084748626
389,-0.024911175,0.0749725,-0.044118326,-0.13009349,0.07158667,0.27040783,-0.1029825,0.076236665,0.3860432,0.15450333,0.16234668,-0.23495783,0.23855817,-0.034602467,-0.012880842,0.13265584,0.37644836,0.46347103,-0.344515,0.43151,0.263681,0.15113083,-0.051129997,-0.39667836,-0.09555501,0.14933933,-0.10521167,-0.016751667,0.095057674,-0.0679095,-0.06774339,0.76708835,-0.056486648,-0.0731985,0.23248838,0.49346504,-0.30866167,0.1615645,0.18384834,-0.62636346,0.13053198,0.041578326,-0.2812737,-0.350754,-0.3339043,-0.115239,-0.24836399,-0.185565,0.15233,-0.51634836,-0.014393002,0.218225,0.06510901,0.53328496,-0.21811493,-1.6639132,-0.24703367,0.024434498,1.3919816,0.0041383305,-0.26942,0.29939833,-0.1742825,0.09439933,0.5271017,0.23925667,0.7058267,0.061331663,0.23672765,-0.15136932,-0.114995666,0.18045951,0.17057998,-0.3068388,0.05365018,0.085583664,0.16367784,0.07459167,-0.5435867,-0.07348549,0.47466,-0.44141886,-0.304781,0.09898283,-1.2502416,-0.024553329,0.23473,-0.40711164,-0.17071283,-0.09716504,-0.07731318,0.2808215,0.33183885,-0.17922999,-0.115065,-0.37516686,0.035198342,-0.26797816,0.46406817,0.18333216
390,-0.194,0.35414,0.28217,0.17241,0.27043,0.1396,0.15908,-0.77196,-0.37624,0.39747,-0.14162,0.44231,-0.35159,-0.55301,-0.47169,-0.67231,0.56791,-0.40816,0.59902,0.40921,0.21585,0.09711,0.24375,0.047282,0.30737,-0.37473,0.50117,-0.012487,0.51042,0.058791,-0.65191,-0.6154,0.8037,0.37659,0.43687,0.59477,-1.3332,0.30276,-0.45326,-0.47015,0.33754,0.41005,0.79566,-0.58913,0.87023,-0.55189,-0.61122,-0.39403,0.06556,-0.72396,-0.02084,-0.36774,0.67276,0.86267,0.40738,-1.7477,-0.44801,1.0907,-0.1935,-0.53893,0.13303,0.112,0.55519,0.88701,0.98258,-0.05507,-0.1993,0.07324,0.052135,-0.56217,-0.70972,0.070925,0.144,0.017017,-0.8081,0.39811,-0.087526,-0.25116,0.5771,-0.1972,0.15399,-0.15491,-0.0063466,-0.024571,-0.42987,-1.1216,-0.9036,0.58112,0.044728,0.091648,-0.81481,0.4499,0.58238,0.45119,-0.78701,-0.18356,-0.72152,-0.20089,0.20917,0.44836
391,-0.066955015,0.12287,0.478515,-0.414785,0.29417497,0.54302394,-0.24158001,-0.264108,0.7116,-0.24180001,0.453704,-0.456055,0.53346,-0.292845,0.29688,-0.506765,0.122324,0.59735,-0.970715,0.97059,-0.242205,-0.881915,-0.29047,0.49331498,0.25254902,1.1141,-0.069675,0.118185,-0.017780006,0.155625,0.45802003,0.872365,-0.137717,0.20752,0.398285,0.07498,-0.78873,0.237145,0.43673998,-0.747685,-0.35038948,0.84587497,0.14749499,-0.30196,-0.20921001,-0.402345,-0.107585,-0.077745005,-0.008864999,-0.16486,0.1918,0.6219,1.13808,0.48180002,-0.57699,-1.242515,-0.07025498,0.13925949,0.817195,0.03937,0.200185,0.2043235,-0.19995001,-0.10671499,0.253285,0.404915,0.0175245,-0.193235,0.44735202,-0.548825,0.76957,0.473005,0.60113,-0.621795,0.28336,0.35335502,-0.022561502,-0.282478,-0.69746995,-0.19926,-0.30354,-0.31827003,-0.531715,0.0916605,-0.60460854,0.32549,0.11774999,-0.50109,0.263205,0.08064,0.4146885,0.34599504,0.162755,0.09363499,-0.100705005,-0.51162,-0.11816999,-0.431155,0.77652895,0.14856
392,0.013315003,0.30455852,0.4176125,-0.049100503,-0.17055474,-0.28409553,-0.180465,-0.022018246,-0.01807475,0.15159674,0.14486575,-0.1810675,0.386465,-0.057095997,-0.11974826,-0.1968535,0.340188,0.1275375,-0.3305075,0.49550754,0.08213501,0.1383875,-0.007791003,-0.07756275,0.19499293,-0.36852252,-0.15946047,0.15493,0.18891649,-0.198641,0.24038252,0.58869255,0.2656775,-0.05996,0.13951251,0.09751824,-0.5332848,-0.11669426,0.099371016,-0.16537775,0.054844998,-0.07711751,0.12887248,-0.0027785003,0.39519498,0.45158798,0.46393502,-0.599495,0.2515775,-0.800035,0.358095,-0.075975254,-0.098791756,0.86513,0.09067375,-1.7649376,0.14035925,0.045164995,1.974175,0.4457025,-0.23388001,0.256725,-0.2950275,-0.2009925,0.47861576,-0.14723499,0.134345,-0.16282651,0.629439,0.11583001,0.02365999,-0.1675625,-0.3103425,-0.0073674917,0.366965,0.26589176,0.0065625086,-0.26942825,-0.80527997,-0.056487747,0.609065,0.18128851,-0.2147075,0.2800425,-1.4306101,-0.5200175,-0.19316326,-0.40548998,-0.186592,-0.19954525,0.167404,0.4032243,0.039877504,-0.20937349,-0.3117875,0.41093278,0.13431251,0.09938875,0.28757998,0.242154
393,0.0075883507,0.4226807,0.2627116,-0.3842762,-0.16287845,-0.037344612,-0.04465639,0.14683275,0.007129249,-0.124527976,0.30124652,0.10046075,0.37108514,0.06435503,0.032720424,-0.2669504,0.08542114,0.14974484,-0.27832597,0.3449387,0.31501925,0.18477783,0.095088914,-0.015611696,0.14075074,-0.02897355,-0.230768,-0.4722503,0.07639146,-0.24720356,-0.08732426,0.50506943,0.009744001,0.0474988,0.09369071,0.28501353,-0.16156301,0.21573468,0.07341145,-0.15867117,-0.3141493,-0.06899454,0.112064876,-0.34088093,-0.22739129,-0.17677645,0.1265288,-0.37956053,-0.0027028143,-0.7515918,0.005783814,-0.19753486,0.047767244,0.943714,-0.1471676,-2.2117982,0.053680867,0.035408147,1.385687,0.5413095,-0.18255486,0.7978371,-0.33427608,0.045702994,0.6036972,0.17263728,0.6472541,0.21824363,0.11809158,-0.29377624,0.14443049,-0.2611883,-0.07072283,-0.22693054,0.08935013,0.13405326,-0.02394915,-0.06703399,-0.6511782,-0.0822733,0.46812257,-0.059042353,-0.4258899,0.11339863,-1.4071835,-0.13746452,0.0209361,-0.1612845,-0.33687845,-0.35178673,0.04739129,-0.16336706,-0.015171741,0.13458087,-0.38755196,0.01798736,-0.15592036,-0.28412327,0.31752297,0.34469324
394,-0.05801,0.158867,0.23001301,-0.22979145,0.036352154,0.011366688,0.023860844,0.07092406,0.34338918,0.047180112,0.33957148,0.08760557,0.12359513,-0.077615045,0.102149785,-0.12816158,0.22888407,0.08580161,-0.12170825,0.08457452,0.11510238,0.07360678,0.057976883,-0.022942243,0.05689227,-0.026610557,-0.103671215,-0.09198069,-0.10193622,-0.057076108,0.102273524,0.41811147,-0.025112078,-0.0845284,0.20338017,0.1932169,-0.24371006,-0.054285735,0.049853493,-0.11749976,-0.0067305476,-0.19851647,0.07425064,-0.21754141,-0.050473172,0.026968174,-0.037051987,-0.3280899,0.08754002,-0.5386375,0.17063642,0.2921874,0.09939704,0.63556904,-0.17825612,-1.340266,-0.119138986,-0.051024873,1.3789942,0.19742915,-0.12338436,0.46726218,-0.12719154,0.050380148,0.44772252,0.025456449,0.3293634,-0.035735216,0.33042133,-0.29370737,-0.16354552,-0.21962951,0.14857557,-0.23084049,0.092725,0.16828673,0.14510015,-0.019237941,-0.60219294,-0.095889755,0.51344556,-0.0913355,-0.3337499,-0.03934402,-0.87621355,-0.055583883,0.06340465,-0.22617105,-0.23438622,-0.12883343,-0.121645324,0.22735508,0.17171176,-0.10078102,-0.18330905,0.023289818,0.042217936,-0.094133385,0.39465037,0.105289005
395,-0.0522668,0.15186486,0.0686111,-0.135138,-0.045907836,0.15645409,-0.15110901,0.1264776,0.06788029,-0.022830503,0.13967265,0.028425252,0.16155654,0.081024,-0.040417902,-0.3191318,0.16234827,0.34296817,-0.4037816,0.31336427,0.024389043,-0.14586422,0.05517929,-0.11878288,0.040391818,-0.095121846,-0.20040567,-0.24441361,0.15314406,-0.21654618,0.09234034,0.566645,0.0427558,0.042182904,0.02989614,0.30710334,-0.2047005,-0.10455914,-0.16464856,-0.18308596,-0.2320765,-0.012931253,0.037509006,-0.34875706,-0.11267555,-0.1385341,0.10086236,-0.385473,0.12004004,-0.6529606,0.04436334,-0.010255551,0.21410203,0.752458,-0.20810476,-1.7168581,-0.10221479,-0.054273594,1.3920527,0.2803068,-0.14937,0.52989596,-0.28829697,-0.097218946,0.6866865,-0.10703643,0.22399144,0.18913324,0.21467814,-0.23610036,0.0473773,-0.19292277,-0.09281545,-0.2894978,0.16712199,0.13652986,-0.1683028,-0.028644199,-0.69442046,0.043239504,0.5848319,-0.2813532,-0.37207878,-0.06547655,-1.2587509,-0.10823085,0.12426201,-0.17841186,-0.25344267,-0.14954339,-0.1120015,-0.08967038,0.055052448,-0.17448112,-0.3383925,-0.06179019,-0.062342744,-0.07840975,0.29177886,0.17170475
396,-0.18085651,0.23030841,0.33457258,-0.07686337,-0.054828104,0.042109326,-0.06837576,0.032310974,0.24714144,0.007573827,0.08552318,0.09353845,0.2350597,-0.120916285,0.07926557,-0.13117948,0.10530661,0.08436195,-0.23323582,0.33008537,0.08646866,-0.07945006,0.12704216,-0.06157676,0.065284744,0.066400856,-0.0690539,-0.34912366,-0.06886294,-0.23477517,0.063144214,0.36840874,-0.04737052,-0.07985073,0.20705655,0.28074068,-0.06519784,-0.061299138,0.11584641,-0.22468899,-0.23711847,-0.058349922,0.18850449,-0.341137,-0.13870242,-0.11478067,0.08718523,-0.23398603,-0.1265769,-0.68746114,0.27816465,0.010756785,0.12473789,0.79190665,-0.12122843,-1.6852983,0.024022836,-0.1902997,1.3450078,0.22471549,-0.163261,0.41271085,-0.17799528,0.026615962,0.71141165,-0.15764076,0.19227189,0.13088574,0.057758622,-0.32206148,-0.08311174,-0.14045268,-0.09340732,-0.2833004,0.16732295,0.1501364,-0.14485851,-0.09272209,-0.7517944,0.016730823,0.41547343,-0.070274346,-0.3894614,-0.09406788,-1.0718658,-0.11460951,0.12848724,-0.021034867,-0.18268918,-0.2376002,-0.041159704,0.06030834,-0.028008975,-0.14434959,-0.37838814,0.016303316,-0.1404162,-0.23153019,0.3777367,0.14261965
397,-0.030923361,0.054881018,0.13285391,-0.144116,-0.004041896,0.14294985,-0.11726459,0.25147766,0.0891662,0.0919771,0.037707526,0.11340739,0.31540677,-0.008595443,0.0015699317,-0.19630814,0.1896213,0.15956728,-0.35781908,0.13700473,0.11927767,-0.117734805,0.07739761,-0.046874996,0.05616263,0.054525334,-0.19087848,-0.29112297,0.080642864,-0.18267043,0.045261472,0.37762505,-0.047939006,0.0060894797,0.16697355,0.30791956,-0.09477736,0.14720015,-0.12739806,-0.1818598,-0.24321434,-0.12322614,0.27059475,-0.26711214,-0.11417179,-0.13820001,-0.09194836,-0.25831252,0.18701918,-0.6149754,0.25322348,0.029431207,0.20609786,0.6969072,-0.25140536,-1.7221758,-0.11757468,-0.044812065,1.3358305,0.4205152,-0.16398963,0.4720197,-0.26341328,-0.1237884,0.5336179,-0.10979908,0.36870453,0.3005455,-0.047926206,-0.13882105,-0.017188203,-0.1936826,0.014295261,-0.26536313,0.13961904,0.24146207,-0.121582575,-0.07436037,-0.61487687,-0.0033467128,0.44161963,-0.13037476,-0.15908226,-0.025715573,-1.0754305,-0.19598082,0.022868186,-0.07313369,-0.21985154,-0.25365674,0.0012771778,-0.10730297,0.080624014,-0.19798067,-0.32944638,-0.038636092,-0.027119784,-0.08177504,0.2655222,0.11363758
398,0.049949102,0.0012994319,0.46674496,-0.25921577,-0.23596609,0.08953695,-0.04501915,0.23688528,0.45432025,-0.17503265,0.17965856,0.380889,0.21207528,0.20729093,0.025064196,-0.1687125,0.077877,0.11889551,-0.3717727,0.2332857,0.23433027,0.29222518,-0.19561736,-0.020624064,-0.080722645,0.18312204,-0.07836209,-0.22435537,0.086605154,-0.2151858,-0.058191143,0.30890548,0.107109144,-0.123329505,0.178794,0.18481949,-0.009069696,0.08263769,0.27765986,-0.2620154,-0.33902058,0.009976314,-0.0336845,-0.29874295,-0.15436463,-0.12130065,-0.079296835,-0.27804083,0.11766454,-0.46619803,-0.20143151,0.0211008,0.14544691,0.44992137,-0.34535658,-1.057485,0.06515999,0.23818998,0.7912899,0.16983189,-0.16410989,0.36788958,-0.2792296,-0.16383392,0.3535293,0.10031034,0.34767702,0.1703535,-0.09188591,0.017285869,0.027216151,-0.23305866,-0.11032923,-0.2139028,0.12467786,-0.046093807,-0.0123449145,-0.10785802,-0.41133124,-0.14539018,0.44478697,-0.24793811,-0.32384604,-0.23159131,-0.9261387,-0.17018521,-0.20186134,-0.016712343,-0.09695131,-0.21804135,-0.002717191,-0.08413805,0.07911199,-0.020414108,-0.1434325,-0.26132113,-0.057845257,-0.2931406,0.11487577,0.05546071
399,-0.15091392,0.2847898,0.30787462,0.032066505,-0.13103409,-0.28912824,0.018659987,0.1873883,0.0795217,0.1493551,0.1019307,-0.13593051,0.16256031,-0.20731094,0.012796536,-0.2897245,0.09872187,0.12858155,-0.14162286,0.2703436,0.0652089,-0.055406213,-0.019022604,-0.064083144,0.039651945,-0.09874277,-0.17454617,-0.30288288,-0.082440995,-0.070924655,-0.24762562,0.447709,-0.14298055,-0.16797058,0.1491339,0.2088707,-0.1952015,0.12461585,-0.003892608,-0.16510437,0.015352538,-0.21794228,0.1749594,-0.27977508,-0.11290268,0.066115975,0.16751306,-0.2730799,0.061972715,-0.834043,0.204837,-0.017489852,0.098741755,0.75007737,-0.08434136,-1.8514404,0.082408205,-0.1800115,1.5047691,0.18012457,-0.21278873,0.54647297,-0.25923958,0.011571901,0.56756246,0.070437506,0.21965425,-0.020244574,0.199591,-0.25607115,-0.035347547,-0.15277258,0.0032563522,-0.11951965,0.31533736,0.1251274,-0.1377079,0.083141044,-0.5338353,-0.057189256,0.35939506,0.011690247,-0.351739,0.18023875,-1.2563639,0.09038875,0.108675875,-0.11029881,-0.4033378,-0.294062,-0.0034721405,0.007183752,0.09573895,-0.23963413,-0.32562327,0.0027826298,-0.048470907,-0.29636323,0.4341674,0.1602845
400,-0.056190994,0.36973286,0.41241544,-0.21973522,0.19176659,0.13567577,-0.14305508,0.09651593,0.39304823,-0.04653889,0.32518485,0.23558113,0.23770921,-0.17229751,-0.13219535,-0.28564858,0.16689412,0.27861002,-0.38882962,0.31055784,0.17056131,0.25170717,0.037153143,-0.22427273,-0.15266287,0.11586579,-0.14867356,-0.27432564,0.02894871,-0.25312755,0.058535654,0.4666293,0.16051985,-0.14617844,0.16500549,0.38445073,-0.2551484,-0.035230212,0.1895957,-0.31097656,0.00797342,-0.0062652924,-0.043126576,-0.3469008,-0.25039142,-0.1360495,-0.0057952055,-0.26430568,-0.1373585,-0.5415143,0.13458444,0.121033795,0.19851515,0.6686107,-0.21089806,-1.4110378,-0.19474049,-0.092174664,1.3626944,0.20190965,-0.11969735,0.49825522,-0.23078366,-0.07195486,0.6078299,0.26868957,0.44013745,0.18547602,0.19007237,-0.24426289,-0.016926289,-0.2272403,0.08896712,-0.19245064,0.14239909,0.1405117,-0.13059664,-0.13960765,-0.41695642,0.08801886,0.428935,0.09654007,-0.44449216,-0.053555287,-0.855176,-0.15174158,-0.09166086,-0.10704719,-0.26161137,-0.23987909,-0.016196143,0.14777362,0.3085217,-0.5279247,-0.3507764,-0.021359934,0.16045241,-0.033382744,0.4769642,0.09972586
