record_id,g0,g1,g2,g3,g4,g5,g6,g7,g8,g9,g10,g11,g12,g13,g14,g15,g16,g17,g18,g19,g20,g21,g22,g23,g24,g25,g26,g27,g28,g29,g30,g31,g32,g33,g34,g35,g36,g37,g38,g39,g40,g41,g42,g43,g44,g45,g46,g47,g48,g49,g50,g51,g52,g53,g54,g55,g56,g57,g58,g59,g60,g61,g62,g63,g64,g65,g66,g67,g68,g69,g70,g71,g72,g73,g74,g75,g76,g77,g78,g79,g80,g81,g82,g83,g84,g85,g86,g87,g88,g89,g90,g91,g92,g93,g94,g95,g96,g97,g98,g99
1,0.39122477,-0.49301222,-0.19221666,0.23296002,-0.22259556,0.18079588,0.5112225,0.35119557,0.30870688,0.24935645,0.5444489,-0.27903554,-0.14345199,0.11054489,-0.07407921,-0.57686853,-0.0017322203,-0.10818801,-0.04710688,0.631709,0.397028,0.37881106,-0.36372975,0.22341222,-0.335136,0.12160889,0.16119996,-0.34770402,0.30468056,-0.2427848,-0.18441002,0.20358458,0.30098763,0.43741447,0.21757777,0.11455234,0.36699235,0.34486422,0.13748133,-0.3291154,-0.0065417737,-0.15125066,0.14874846,-0.5499878,0.103637,-0.08493236,-0.5421078,-0.7079427,-0.041678663,0.0341471,-0.056970105,0.013838,-0.028811548,0.056520566,-0.7642143,-1.1356611,-0.22416666,0.5893667,0.4448467,0.07416023,-0.5030989,0.44973332,-0.58472484,-0.2240204,-0.05175389,-0.019236883,0.068765774,-0.10924111,0.19658755,0.05148222,0.44503444,0.6236234,-0.04822053,-0.28182223,0.063325986,-0.044123337,-0.20646729,0.14632067,0.13299567,0.003172232,0.43892115,-0.22592643,-0.6222202,-0.060363345,-0.6341806,0.0045943293,-0.5048287,-0.015126116,0.34113824,-0.4530679,-0.38171884,-0.0141400015,0.40628,0.19274534,0.403184,0.09270422,-0.443295,-0.46086147,0.03436533,-0.04212667
2,-0.05605619,0.14182404,0.24735346,-0.24466424,-0.06892014,0.17154403,-0.0727839,0.2721454,-0.0013710927,-0.02914533,0.3113124,0.107015826,0.25026882,-0.019865632,0.13542998,-0.3349888,0.14791702,0.17235889,-0.44573802,0.19470759,0.29135245,0.029627727,0.2078866,0.0065269065,0.16444665,-0.12748605,-0.14938512,-0.48065776,0.09210229,-0.15636516,-0.022452319,0.55037266,-0.12727039,0.024006488,0.019457793,0.3404431,-0.063130006,0.13464732,-0.01836874,-0.2052236,-0.38391778,-0.2584645,0.14275064,-0.39158154,-0.15362026,0.022607224,0.12345087,-0.34625056,0.06938798,-0.79477155,0.06334021,0.031401042,0.22708112,1.0340034,-0.22353333,-2.3722548,-0.1019594,-0.20828472,1.65578,0.48327982,-0.11964881,0.83236635,-0.3019573,0.17284553,0.69600976,-0.069193155,0.46370184,0.3849981,0.11400671,-0.17046362,-0.087819465,-0.29193276,-0.008881593,-0.43121818,0.16815731,0.1786567,-0.19143148,-0.030829376,-0.8799786,0.012642576,0.63665694,-0.01862437,-0.4682743,0.12486024,-1.3670278,-0.23859642,0.17434867,-0.18798524,-0.29785463,-0.32552764,-0.10555382,-0.17638905,-0.043215964,-0.03401884,-0.63383746,-0.069390014,-0.19258948,-0.16600364,0.44955194,0.16174409
3,-0.088073514,0.023327129,0.28398734,-0.16258927,-0.10521286,0.27119422,-0.09169264,0.14550975,0.17586342,0.021467933,0.26186153,0.08880164,0.19559897,-0.09553627,0.1042487,-0.21822011,0.1743451,0.26190475,-0.5172292,0.17767973,0.21389177,-0.06547316,0.1820453,-0.010760789,0.17500852,-0.00028819058,-0.2229474,-0.4777706,0.287826,-0.15272327,0.046974767,0.6100291,-0.084869996,0.11760056,0.05474227,0.30655295,-0.17850982,0.09175205,0.03347989,-0.29953387,-0.3624814,-0.15521418,0.20545997,-0.4728489,-0.21575694,0.025768828,0.14310826,-0.2562747,0.034106184,-0.7976555,0.041793976,0.13824451,0.23891912,1.0277461,-0.17725375,-2.1517766,-0.122764185,-0.06997932,1.5595777,0.43024725,-0.078767456,0.66202253,-0.29313868,0.15546504,0.6993763,-0.09928711,0.4389808,0.35210106,0.037918765,-0.20230654,-0.0264332,-0.28284785,0.115337536,-0.388527,0.13809131,0.1697385,-0.19388382,-0.021838892,-0.7275138,0.05990582,0.5190872,-0.12962069,-0.49338332,0.059757482,-1.3447578,-0.16285768,0.13622259,-0.11622466,-0.23160182,-0.23662677,-0.1115099,-0.08884693,0.01431842,-0.048997108,-0.44369993,-0.08194151,-0.11782659,-0.19080508,0.356162,0.124562226
4,-0.06958,0.14709999,0.21995875,-0.1040895,-0.118825994,-0.103227496,-0.089034,0.12009251,0.38152975,-0.07314805,0.19024998,-0.1233935,0.08680275,-0.40407753,-0.27928573,-0.32910275,-0.04319102,0.25065452,-0.10514,-0.120769,0.060369745,-0.28648752,0.029055253,0.1595005,-0.070045635,0.127255,-0.30259502,-0.16899401,0.1126255,-0.12019149,-0.0809455,1.0500475,-0.30356273,-0.050271,-0.059419993,0.25621277,-0.057042,-0.28141657,-0.011811249,-0.38087747,-0.20659,-0.037672505,-0.21136251,-0.18583375,-0.09195724,0.230416,0.09594091,-0.1304319,0.18928501,-0.8067175,0.21473251,-0.082292005,0.425595,1.0100551,-0.23029998,-2.0767477,-0.16846526,-0.20368625,1.2675875,0.38456273,0.19008,0.4543125,-0.038841173,0.127083,0.637115,-0.15449126,0.3599065,0.30560675,0.24160324,0.17993876,0.06437001,-0.2020925,-0.215065,-0.47675997,0.593095,-0.035162,-0.20265001,-0.258165,-0.83845747,0.162565,0.4738425,-0.13670574,-0.6448425,0.2965075,-1.0589426,-0.48076302,0.2119765,-0.43412247,-0.39649102,-0.27022877,0.093401246,-0.15041,-0.34636226,-0.055847496,-0.20001751,0.3111333,-0.02232175,-0.3189525,0.43619323,0.3381775
5,-0.10830972,0.31662738,0.36176002,-0.31274056,-0.16365777,0.23914264,-0.12053323,0.27508742,-0.03624091,-0.14243804,0.08989436,0.116289474,0.2218476,0.049879096,0.177918,-0.26459917,0.13625564,0.15517122,-0.38557383,0.27950874,0.305812,0.086191624,0.07814362,-0.022285806,0.29019323,0.06229391,-0.338636,-0.5681586,0.21910511,-0.17809802,-0.11509249,0.47423837,-0.046829414,-0.032968406,0.104884095,0.44072202,-0.1178302,0.107512504,0.093041606,-0.17470439,-0.37229297,-0.2705752,0.20135288,-0.5287166,-0.15777342,-0.015586054,0.13100137,-0.31141356,0.013311913,-0.8934038,0.07880966,-0.16855176,0.14767896,1.1388317,-0.24725562,-2.5450854,-0.025195502,-0.0835445,1.8251046,0.39085582,-0.16380268,0.8121954,-0.37035257,0.062298134,0.69939667,0.04167323,0.47783813,0.37071693,-0.007817671,-0.16438869,-0.10339713,-0.29835775,-0.10084729,-0.4136981,0.15053211,0.17820026,-0.23116428,-0.12116163,-0.7409343,-0.036893632,0.64371675,-0.05064305,-0.6287796,0.12880836,-1.4458245,-0.18599917,0.26558566,-0.092594676,-0.31304893,-0.40756625,-0.058899283,-0.10282653,-0.06381359,-0.11528595,-0.5368123,-0.10492896,-0.04321562,-0.13162416,0.383837,0.23348592
6,-0.15238436,0.069140166,0.33365604,-0.34371838,0.08535044,0.03956429,-0.16632482,0.092160605,0.1506641,-0.0038771967,0.20691533,0.018540382,0.25651452,-0.18088645,0.13631494,-0.04927026,0.1338583,-0.012980904,-0.2562309,0.19310261,0.24768892,-0.111349516,0.26980728,0.13732164,0.12845998,-0.20842108,-0.10567008,-0.271841,-0.11672672,-0.055697136,0.017250264,0.50097686,-0.12390701,0.12295512,0.041610353,0.2541177,-0.17627075,0.19202499,-0.06095394,-0.19314237,-0.27351022,-0.2316905,0.11163614,-0.26459447,-0.07667088,0.045925442,0.14764386,-0.18578324,0.09571943,-0.61500126,0.141081,0.029927904,0.24991566,0.8749785,-0.3883489,-2.0711777,-0.13824998,-0.16809739,1.4198776,0.35869783,-0.29055285,0.6900533,-0.22853594,0.18056278,0.708379,-0.029054534,0.26338208,0.18855609,0.23264755,-0.1891913,0.0063471314,-0.10977196,0.048529033,-0.29139754,0.14907727,0.062386863,-0.15452312,0.110286824,-0.737561,0.0037424732,0.44277975,-0.04098805,-0.3519755,0.03828804,-1.2510859,-0.18276651,0.1313813,-0.13484423,-0.2587013,-0.20037287,-0.034626864,0.058815174,-0.19452097,0.083050326,-0.4089469,-0.08798287,-0.18431818,-0.23268063,0.58747095,0.21342412
7,-0.21321557,0.25124976,0.31222522,-0.3163374,-0.04262496,-0.108786136,-0.015848912,0.19651218,-0.06233048,-0.052185204,0.15140383,-0.0705533,0.44587737,0.10283142,0.1722801,-0.26356894,0.22028087,0.033358816,-0.50555027,0.13332014,0.23941013,0.019291002,0.34048137,0.072793,0.087836534,-0.1202512,-0.005963473,-0.27028888,-0.25368068,-0.054981474,0.0042077485,0.44037426,-0.12592539,0.12784413,0.23035066,0.3251506,0.111791186,0.2956633,-0.12940657,-0.13091573,-0.33905104,-0.28178492,0.23065327,-0.30123204,-0.029038867,-0.116545096,0.19389942,-0.29215583,-0.0024803008,-0.7522108,0.15950559,-0.01932148,0.12800083,1.1879182,-0.3118353,-2.3415835,-0.042639438,-0.18842745,1.6122457,0.6150474,-0.22443597,0.7781531,-0.31632897,0.09896949,0.8216747,-0.12074534,0.55415297,0.30247754,0.30276325,-0.29589868,-0.09455091,-0.32855618,0.03583425,-0.37320855,0.2077456,0.16523227,-0.10315548,0.14457743,-1.0233713,-0.06277609,0.6083294,0.016452592,-0.4156274,0.15443772,-1.5777296,-0.27733445,0.1645572,-0.23736022,-0.34657788,-0.37967387,-0.12604347,-0.17698003,-0.22211336,0.056090523,-0.59369284,0.105012305,-0.37296394,-0.42338562,0.6716508,0.29165605
8,-0.07310398,0.26243094,0.31687403,-0.29787254,-0.0933158,0.230031,-0.16286191,0.19605064,-0.09340961,0.028096415,0.15637408,0.07120562,0.37799466,0.11990496,0.068024434,-0.31801394,0.109559074,0.21757308,-0.4464537,0.2924858,0.23120748,0.0571867,0.20976485,-0.036104128,0.18750963,-0.08130699,-0.12832911,-0.47512394,0.10230216,-0.22641891,0.04167588,0.43486106,0.0048192274,0.005377938,0.06159856,0.2782469,-0.10880853,0.19764894,0.020616595,-0.20595144,-0.3164878,-0.19039983,0.16775931,-0.4111051,-0.111346684,0.0056526046,0.16823575,-0.3457766,0.021359967,-0.82484597,0.08309646,-0.08080567,0.10187296,1.11525,-0.20144245,-2.2817693,-0.0098989075,-0.13458893,1.6679476,0.56746536,-0.1541906,0.8522824,-0.34665877,0.05846909,0.8182069,0.09473296,0.47412094,0.28382206,0.2158114,-0.23586708,0.00638696,-0.29391032,-0.088903256,-0.39868692,0.19787899,0.13710278,-0.15019782,-0.017545022,-0.89229333,-0.02174803,0.5955322,0.043699555,-0.4543359,0.101774186,-1.5144198,-0.2075165,0.09838803,-0.1872887,-0.2505592,-0.31244123,-0.108686365,-0.07652199,0.011089569,-0.07633918,-0.544947,-0.044745874,-0.19789675,-0.3051476,0.44014493,0.24674535
9,-0.073845014,-0.28677198,0.11701,-0.102495,0.16094998,-0.118611,0.113425,0.032681998,0.15219998,0.0891105,0.38622048,-0.46692,0.24164501,-0.740785,-0.02256,0.25156,-0.112431005,0.39463,-0.29124498,0.81654,-0.35843498,-0.482595,-0.027649984,0.655945,0.069109,0.45071504,0.33138,0.140138,-0.49719,-0.25002998,0.009770006,0.729585,-0.495902,0.07519,0.597645,0.04818,-0.69990003,0.34995,-0.037040003,-0.45213503,0.18836051,0.56022,0.21716501,0.014249999,0.12843,-0.01536499,0.26437,-0.372345,-0.01992999,-0.19348,0.280475,0.10069,0.683605,0.18446,-0.2915825,-0.800565,0.041035026,-0.16525051,1.099285,-0.265795,-0.103975005,0.1532185,-0.48864,0.401475,0.16634,-0.07720499,0.093807995,-0.3668,0.89643,-0.407165,0.57649,0.320135,0.314469,-0.15303,0.58804,0.549375,-0.21087,-0.0427125,-0.29153997,-0.25417998,0.025854997,-0.36781502,0.177605,-0.1545395,-0.4537385,-0.088149995,0.500695,-0.30262,-0.14629605,-0.23692499,0.226725,0.44087005,0.05799,-0.323815,-0.02741,0.209165,-0.0538,-0.64032996,0.81926,0.117355004
10,-0.03163966,0.25204822,0.44655222,-0.55449337,-0.19839111,0.27437365,0.115687,0.15482967,0.31537765,-0.036746554,0.5553278,0.28338635,0.2839247,-0.031657446,0.219388,-0.086562775,-0.084532894,0.36305523,-0.60223556,0.2233231,0.402636,0.22068334,0.23158677,0.14972666,0.34165204,0.23011859,-0.42796782,-0.2681333,0.2663761,-0.14843124,0.052060552,0.72861224,0.14887612,0.27562064,0.3007433,0.14960112,-0.39469433,0.16534978,0.24788867,-0.053687103,-0.22854222,-0.15283976,0.19178712,-0.502111,-0.34404033,-0.03542833,0.016897785,-0.22836621,0.22806352,-0.7514478,-0.0120600015,0.060618885,0.21379147,0.77145666,-0.37237668,-1.8988489,-0.17600432,0.288961,1.4113089,0.59515554,0.06313855,0.80567634,-0.6484944,0.13029283,0.49961984,-0.13354822,0.5073998,0.26147455,-0.07110778,0.029887,0.18163031,-0.116144456,0.35612923,-0.42140234,0.025415454,0.29180515,-0.22147645,-0.012320446,-0.5872921,-0.020855779,0.30707002,-0.08717366,-0.6797911,-0.02019111,-1.2073718,-0.2944369,0.15886445,-0.3927144,-0.59717375,-0.1830661,-0.06754589,-0.09046743,0.032677777,-0.002735999,-0.41143858,-0.144648,-0.087889336,-0.060834553,0.3258622,0.32683635
11,-0.015886283,0.17353816,0.2927833,-0.17526382,-0.04521726,0.13947432,-0.09028384,0.14146748,0.008134196,0.11518621,0.18801656,0.0021437458,0.21906783,0.024620796,0.10905914,-0.2321561,0.23368272,0.111055195,-0.27535892,0.1686142,0.17365393,-0.067318656,0.12504023,-0.04323724,0.2293904,-0.05168647,-0.2156809,-0.4681567,-0.024697293,-0.1447209,-0.06294559,0.49954775,-0.08460303,0.027459353,-0.052994948,0.25975388,0.03891381,0.14706954,0.005387912,-0.24073386,-0.26951304,-0.2523747,0.106367946,-0.32535714,-0.053700157,0.03580211,0.079506345,-0.30081367,-0.0012649432,-0.719029,-0.020857355,0.002548907,0.12194848,0.98590624,-0.17748031,-2.2128215,-0.07365528,-0.16055928,1.5806419,0.37949333,-0.019994164,0.68743193,-0.29315114,0.21585386,0.71115047,-0.0779687,0.3622656,0.32527173,0.12670137,-0.17177872,-0.03385219,-0.19582354,-0.09685821,-0.31832334,0.19803745,0.21774133,-0.20094807,-0.024683174,-0.7810747,-0.07042598,0.51253366,0.039342128,-0.39510688,0.10626946,-1.211024,-0.17823653,0.042777177,-0.17054957,-0.16824083,-0.28810218,-0.03121127,-0.11265101,-0.010645248,-0.0013414655,-0.5190476,-0.11370515,-0.16786598,-0.24230371,0.54148394,0.12710407
12,-0.22077219,0.0987198,0.35573998,-0.44322,0.13492098,0.28220958,-0.013246208,0.093082786,0.34313902,0.14076704,0.27883798,-0.22232759,0.075507596,-0.359546,0.015726,-0.0040334105,0.1429476,0.12596199,-0.19330402,0.535194,0.14592358,0.135098,0.022095,0.1950336,0.23248759,0.16856642,0.012885004,-0.433536,-0.1617778,0.0075895935,0.070728004,0.61134946,0.3767832,0.11183083,0.32525,0.50841796,-0.559158,0.2210832,0.0494806,-0.5260954,0.19883619,0.0922976,0.44021803,-0.36836797,-0.021828007,0.0134304045,-0.03489801,-0.211534,0.278107,-0.41606864,0.085076,-0.007851201,0.3358364,0.47179398,-0.284976,-1.978886,-0.099592,0.3030378,1.4143581,0.092878796,-0.197756,0.9184433,0.20553799,0.19946623,0.5508419,0.169736,0.4120512,-0.14740661,0.35959,-0.2562786,-0.15583,0.12717202,0.26246938,-0.313128,-0.11733,0.39026403,-0.12596199,-0.1242712,-0.47303995,-0.21535859,0.23358181,-0.031336,-0.28059202,0.0703182,-1.0994895,-0.24543019,-0.30244803,-0.17929801,-0.2702476,-0.1743912,0.193036,0.478898,0.459318,-0.059514187,-0.8258501,-0.12725079,-0.17486402,-0.243054,0.81022596,0.63058
13,-0.27081972,0.266574,0.31492183,-0.29398525,-0.11991052,0.14339261,-0.09196506,0.22213106,0.1482263,-0.0030161177,0.1882682,0.12262767,0.2905286,-0.10133337,0.14157125,-0.18269946,-0.0059212805,0.21303517,-0.44861683,0.2735204,0.26769435,-0.08040244,0.13088,0.11101332,0.108901,-0.101379596,0.030342124,-0.3309905,0.21778543,-0.101161435,-0.04181448,0.44612664,-0.10448391,0.13931586,0.1388354,0.36862677,-0.0815588,0.25754613,-0.0803846,-0.3411341,-0.33096316,-0.1744136,0.01580616,-0.39073205,-0.01568725,-0.13766812,0.14434728,-0.47551334,0.048844844,-0.7534864,0.27168524,0.016254317,0.15836914,0.7903345,-0.13135177,-2.2936344,-0.08765627,-0.23980597,1.6329097,0.46719852,-0.25580257,0.7979546,-0.44262424,0.10596245,0.7143087,-0.006758399,0.38233295,0.30684525,0.13683325,-0.32360774,0.088508956,-0.22289243,0.04465948,-0.44152084,0.2710836,0.24271813,-0.09196817,0.006700064,-0.8402547,-0.12856138,0.5300553,-0.15231003,-0.4379005,0.06653411,-1.2098479,-0.15477163,0.20143645,-0.13362594,-0.2714836,-0.27415353,-0.08661966,-0.02124919,0.008640758,-0.12297497,-0.5806068,-0.014906309,-0.044321463,-0.24653079,0.45595697,0.24131075
14,-0.16819267,0.31637228,0.42433956,-0.4046487,-0.20947088,0.15373556,-0.21162774,0.23440593,0.07900401,-0.03552808,0.1312928,0.23076473,0.33795273,0.09390694,-0.017058518,-0.4036448,0.17938478,0.40115678,-0.31122157,0.26023626,0.21622841,-0.008347804,0.073934354,-0.13434853,0.11346384,0.029569848,-0.2281805,-0.5863083,0.085064106,-0.29008666,-0.0012172556,0.5116183,-0.14227055,0.01069547,0.15347826,0.41404846,-0.005698875,0.23802462,-0.04581926,-0.34379944,-0.31529105,-0.26484942,0.11786775,-0.53746533,-0.23757102,-0.047836766,0.039115716,-0.32690609,0.006737119,-0.9325185,0.21456812,0.074790284,0.063565604,0.95976394,-0.07917298,-2.2780983,0.00096738205,-0.19163954,1.7573838,0.47337148,-0.08327757,0.8598105,-0.30047154,0.070877485,0.8318272,-0.030278163,0.47474644,0.38096905,-0.02785599,-0.44886056,-0.012980402,-0.46595123,-0.11262288,-0.40184692,0.10456408,0.080873564,-0.25559133,-0.000110840796,-0.80569726,0.06041576,0.70677304,-0.061717834,-0.537715,-0.07679127,-1.503132,-0.24347584,0.22036625,-0.038333677,-0.3205367,-0.42900103,-0.2531888,-0.14575565,0.09907803,-0.32193798,-0.641297,-0.09950494,-0.05301321,-0.2033192,0.49404943,0.29249182
15,-0.15178905,0.22825883,0.38950247,-0.35277095,-0.28823933,0.15362382,-0.15773213,0.18995082,0.10589124,-0.07245021,0.13752466,0.19144464,0.251829,0.11919658,0.11365601,-0.19647615,0.04005992,0.29016322,-0.38422805,0.3291655,0.15804474,0.09929535,0.06641611,-0.15729223,0.16677532,0.19658516,-0.23224813,-0.48243043,0.15008768,-0.3130183,0.009106319,0.5165557,0.08412998,0.087501265,-0.044090834,0.37266335,-0.0911403,0.20245017,0.11979059,-0.2641635,-0.28859472,-0.19313502,0.075931154,-0.5145876,-0.2732945,-0.034759264,-0.061286524,-0.35403034,-0.0341589,-0.8295683,-0.026667247,0.03438571,0.07193654,0.84086704,-0.21642657,-2.0750737,0.14243607,-0.03449634,1.4435802,0.29039356,0.037047196,0.81762713,-0.32947704,0.045384824,0.62767816,0.014902762,0.5287363,0.2995034,-0.023302581,-0.2753469,0.07371793,-0.21255444,-0.03784832,-0.4815086,0.18787864,0.1605578,-0.099584356,-0.08540052,-0.65478766,0.10548753,0.5756261,-0.08603115,-0.64024276,0.04218628,-1.2579277,-0.21351038,0.08488463,-0.13883175,-0.27940825,-0.3157542,-0.07293151,-0.0712591,0.0725205,-0.096017234,-0.39614636,-0.07489383,-0.030581852,-0.21639645,0.29578087,0.33648694
16,-0.028307796,0.04916852,0.31855175,-0.22465791,0.08407445,0.17468086,-0.17734076,0.15872812,0.009079091,-0.009027148,0.20139557,0.03819074,0.1488963,-0.05812885,0.17426513,-0.29917654,0.044044133,0.027715065,-0.2769085,0.21638349,0.24681035,-0.04829881,0.28160697,0.050145753,0.13796583,-0.16986202,-0.18479879,-0.4022133,-0.017146526,-0.05574218,0.05249748,0.40379408,-0.112039804,-0.004532478,0.053758785,0.2732761,-0.006008382,0.08801234,-0.09058118,-0.18778762,-0.32381538,-0.25349027,0.13796742,-0.23313954,-0.0059769815,-0.017689753,0.2423761,-0.25650448,-0.031107701,-0.72291285,0.1453427,-0.03858217,0.23125209,1.0122056,-0.34025553,-1.998069,-0.06518871,-0.17268226,1.5878218,0.4595564,-0.15170272,0.6111605,-0.23364268,0.18377969,0.57021815,-0.13708511,0.39624912,0.3149484,0.32099408,-0.13360062,-0.10337278,-0.28310445,0.044510715,-0.34566733,0.17181419,0.21670498,-0.18795782,0.027140789,-0.808855,-0.038033362,0.5874107,0.089121826,-0.51102614,0.14440848,-1.2972986,-0.24767828,0.10008936,-0.2116731,-0.15881704,-0.23217517,-0.08598363,-0.08753954,-0.14339891,0.02029444,-0.43269,-0.056782577,-0.19565855,-0.16540061,0.4944237,0.15167369
17,-0.07989161,0.2581358,0.3387519,-0.1478743,-0.07383501,0.14681567,-0.18608814,0.18132511,0.00036192493,0.054740507,0.124355085,-0.014748264,0.20330034,0.062176626,0.13068879,-0.28002706,0.18147603,0.15936475,-0.33933356,0.25025928,0.36298642,-0.016094482,0.12417907,-0.063439116,0.2151666,-0.10931869,-0.17401204,-0.41115823,0.037800968,-0.20418686,0.015894232,0.46909916,-0.018114045,-0.057813514,-0.005371239,0.3764598,-0.13364974,0.12749222,-0.06506014,-0.23398401,-0.21647954,-0.25655147,0.052970897,-0.40440217,-0.1220593,0.07363504,0.108839825,-0.28554457,-0.043069344,-0.7734556,0.16395536,-0.012948627,0.13800189,0.96489996,-0.29897726,-2.1188774,-0.08193038,-0.1963077,1.6379535,0.34535828,-0.1781235,0.72966164,-0.1996162,0.13433287,0.61035377,-0.07647554,0.43787822,0.26142478,0.2083528,-0.22284783,-0.12295529,-0.24016742,-0.038484316,-0.26975563,0.06483487,0.13659027,-0.08953404,-0.048902337,-0.80647737,0.01385408,0.6242142,-0.008030563,-0.36276978,-0.045395017,-1.3239597,-0.16725875,0.07946249,-0.16043702,-0.24081397,-0.36441112,-0.05245969,0.02298681,0.011311172,-0.12657711,-0.5952153,-0.12517095,-0.041736197,-0.18310177,0.56530493,0.17564115
18,-0.2816,0.18427,-0.06755,0.27694,-0.066775,-0.41389,0.30757,-0.11097,-0.84585,-0.17047,0.0062422,-0.65395,0.28771,-0.12409,-0.26717,0.026893,0.17115,-0.46256,0.19549,1.1399,-0.46206,0.39222,-0.18622,-0.53259,0.073297,0.0045262,-0.45476,0.16952,-0.41111,-0.31766,-0.73616,0.56228,-0.26528,-0.088054,0.93175,0.46633,-0.36245,0.46954,-0.18022,-0.07036,0.55793,0.13965,0.38983,-0.04636,0.55198,0.020288,0.34741,-0.61839,0.051404,-0.83699,0.05628,-0.24738,-0.19872,0.75093,0.068948,-1.7575,0.70621,0.079792,1.1462,-0.63423,-0.68378,0.51682,-0.68141,0.29451,0.25864,-0.25839,0.36467,0.026786,0.35151,-0.13273,0.18513,0.52367,1.0416,-0.12293,0.77957,0.41305,-0.28948,0.19722,0.41088,-0.35153,0.48837,0.58854,-0.37273,-0.45631,-0.98976,-0.070993,0.48845,-0.082542,-0.49009,-0.29484,0.031072,-0.38779,0.15321,-0.0078053,-0.43276,0.37334,-0.76888,-0.82518,0.28753,0.76069
19,-0.33638287,0.22445625,0.36483175,-0.32734424,0.04348075,0.08322551,-0.0038752514,0.18625125,0.065568745,0.057220127,0.041193746,-0.11203028,0.32504138,-0.28246388,0.06884988,-0.14291887,0.47131452,-0.0004291311,-0.23128349,0.3791315,0.160651,-0.0557545,0.12788637,0.03055837,0.40455374,-0.23996149,-0.25542867,-0.2294662,-0.099633634,-0.040249504,-0.27279124,0.59915906,0.036052495,0.283246,0.193935,0.315055,-0.12592246,-0.009355875,0.18237439,-0.33824125,-0.22670113,0.074638836,0.28512186,-0.32618123,0.09643314,0.040719524,0.31168875,-0.19223125,-0.12132125,-0.6407232,0.07167275,-0.2207245,0.36093873,1.0095712,-0.47138563,-2.6980548,-0.32897976,-0.292595,1.691925,0.35706127,-0.11966437,0.69750124,-0.048230376,0.076815665,0.8269926,0.033544846,0.43695992,0.3620775,0.27015626,-0.06939721,-0.07738124,-0.25590038,-0.0062588714,-0.19157487,0.3308149,-0.20956351,0.12378836,0.040915005,-0.9100075,0.035514247,0.4106884,-0.0707668,-0.53823876,0.18917665,-0.969885,-0.214764,0.127952,-0.41646922,0.06333849,-0.43031302,0.14900498,-0.17106512,-0.07363126,0.14233239,-0.21698703,-0.010201879,-0.076184504,-0.5480725,0.643135,0.2933225
20,-0.13293359,0.2625289,0.4247555,-0.29754332,-0.13881294,0.18138592,0.025746644,0.27056244,0.021034585,-0.04122289,0.21055733,-0.044269823,0.31051067,-0.10464152,0.21004124,-0.24204648,0.040861115,0.12666048,-0.2755566,0.4327139,0.32803008,0.15332453,0.15106288,0.034772694,0.16803327,-0.06334024,-0.21403572,-0.5270036,-0.04921947,-0.2539523,-0.03697659,0.62861586,0.07847066,0.048254643,0.23865315,0.37518108,-0.17719424,0.19433646,-0.005774086,-0.22320023,-0.43072727,-0.10741349,0.20741476,-0.2803718,-0.23005058,-0.07287345,0.36577797,-0.45710507,-0.006516055,-0.77301073,0.016791176,-0.18717062,0.20327903,1.112907,-0.3190677,-2.5206738,-0.112994246,-0.13348143,1.5580847,0.6242494,-0.105543174,0.85005563,-0.2394263,0.1388754,0.7576559,0.104132935,0.5257036,0.32611004,0.19829789,-0.089394696,0.027963258,-0.21433531,0.070912644,-0.24874252,0.19375305,0.118284225,-0.13657747,-0.11180637,-0.9272249,-0.024619708,0.53498876,-0.05201118,-0.54491884,0.20691049,-1.399244,-0.23480895,0.25737593,-0.2579159,-0.27327466,-0.36476958,0.08900232,-0.13961305,-0.12582459,0.0029310717,-0.55324566,0.050136592,-0.24292845,-0.28046998,0.44548666,0.29019296
21,0.521925,0.256535,-0.405775,-0.5116,0.35422,0.373265,-0.0950435,-0.037150003,0.70020497,-0.039275005,0.009777499,0.37863,0.41056,-0.38688752,-0.212595,0.26945332,0.29427,0.342048,-0.107018,0.1931295,-0.295239,-0.0734135,0.39009652,-0.500035,-0.075703,-0.077665,0.1487645,0.27398,-0.69746,-0.44515002,0.191327,0.33829498,0.1973525,-0.14865449,0.349225,0.172665,-0.45836502,-0.39519998,0.34313,-0.63148,0.58315,-0.062205,-0.32541502,-0.54126,-0.146359,-0.274434,-0.2679065,-0.118530005,0.14011,0.0573,-0.17145151,0.29450297,0.13648999,0.50113,-0.64998996,0.043485,-0.803615,0.007880002,1.114685,0.19681,-0.4558,0.136565,0.01557,0.41836998,0.042354986,-0.146575,0.41309002,-0.57085997,0.58054,-0.53420496,-0.669285,-0.124502495,-0.71814,-0.12305,-0.288755,-0.027127001,0.40443003,0.261925,-0.74720496,0.040545,1.28495,-0.06897001,-0.16038501,-0.39914,-1.10447,-0.271765,-0.51726,-0.03454,-0.50865996,-0.179756,0.178595,0.286745,-0.082582,-0.82922,0.270405,0.1173615,0.0283825,0.39850998,0.59629,0.17876
22,-0.14780694,0.27811307,0.4000708,-0.26418263,-0.021466695,0.16053617,-0.13179809,0.26429108,-0.03330837,-0.024240188,0.13959014,0.09063552,0.28257346,-0.0073038237,0.064121164,-0.23792136,0.102560654,0.17966956,-0.28153184,0.23743784,0.25735313,-0.056076303,0.14886294,-0.030413218,0.20733486,0.0076331263,-0.1576837,-0.37383106,0.087684385,-0.23099615,-0.09362878,0.44315183,-0.06296285,-0.0017390001,0.09727671,0.24473791,-0.04197842,0.23065813,-0.060270656,-0.20679976,-0.34896746,-0.20734844,0.21347556,-0.39867982,-0.050744012,0.08914864,0.17569403,-0.2988153,-0.093493156,-0.71075433,0.12358963,-0.03868458,0.121079475,0.99256337,-0.19835305,-2.294255,-0.042047795,-0.197196,1.6390483,0.44564503,-0.17083323,0.67096364,-0.27298588,0.09158648,0.77220976,0.09418007,0.41384113,0.37032706,0.04728587,-0.20114952,-0.022091575,-0.32087636,-0.0836133,-0.30719534,0.21318668,0.043452684,-0.1224927,-0.056285296,-0.789531,4.406087e-05,0.626669,-0.0030515702,-0.5668527,0.007932844,-1.300162,-0.16118585,0.13998133,-0.09008999,-0.18476222,-0.45533606,-0.086282656,-0.060763158,-0.04922392,-0.011031127,-0.47674283,-0.10805917,-0.04540509,-0.23249541,0.45629793,0.17403883
23,0.0474175,0.5175575,0.44691002,-0.46000075,-0.49831626,0.018639993,-0.23961376,0.50290424,-0.0013325028,-0.15260625,0.17274448,0.31420702,0.022120006,-0.03662425,0.033352505,-0.733285,0.0449325,0.4402,-0.62445754,0.591835,0.143523,0.23779498,-0.2883875,0.012004994,0.1269285,0.07747501,-0.2033025,-0.47789,0.47226,-0.594005,-0.028912485,0.7890425,0.214805,0.08354375,0.24270225,0.62738,0.05415,0.3263686,0.11183501,-0.40192002,-0.12003324,-0.19163425,0.03485751,-0.6852775,-0.505795,-0.23960474,-0.06214325,-0.47069252,-0.06310225,-1.16217,0.063293755,-0.18188275,0.050131753,0.90575504,-0.31024674,-2.0835,0.273505,0.079420745,1.5938425,0.501338,0.057524994,0.5650475,-0.718245,-0.3522619,0.75383246,0.09952425,0.46806002,0.73987496,-0.2672075,-0.4345535,0.363725,-0.39251998,-0.044882,-0.41363898,0.1982075,0.11564499,-0.10646575,0.10086775,-0.688605,-0.0750605,0.78322494,-0.4323775,-0.2607025,-0.2909115,-1.62455,-0.3939575,0.0416525,-0.292126,-0.23416549,-0.34116,-0.13475999,-0.28149152,0.10883025,-0.18579,-0.63026,0.04358176,0.250155,-0.2064925,0.467194,0.31418753
24,-0.048640218,0.09017953,0.35392317,-0.2822047,-0.13537093,0.19387046,-0.14700612,0.22837667,0.012641424,0.01622675,0.20884328,0.12646268,0.16301121,0.050913546,0.091316916,-0.2821722,0.13370147,0.19373026,-0.3581782,0.2633639,0.27789527,0.017918581,0.17347787,-0.012763063,0.18252848,-0.036996633,-0.25264025,-0.49482423,0.18998341,-0.22364746,-0.02532198,0.5759754,-0.04952865,0.095245816,-0.05088457,0.33654368,-0.06730722,0.13735045,-0.033639576,-0.25971064,-0.32632717,-0.18792753,0.13990091,-0.43149394,-0.2015161,-0.055820808,0.12432674,-0.33885992,-0.028409408,-0.8308436,0.0122211315,0.046099726,0.19437665,1.046451,-0.26533097,-2.2517617,-0.012373671,-0.10034739,1.5866714,0.46443835,-0.04810838,0.7349567,-0.30986395,0.11444595,0.62673193,-0.06721043,0.47519618,0.4010302,0.12448548,-0.16844805,-0.036500294,-0.30782968,0.019691898,-0.44393858,0.17454793,0.1914667,-0.13580672,0.0015602377,-0.8068267,0.03864636,0.5834025,-0.07668548,-0.45904467,0.07750389,-1.2736192,-0.24933992,0.09794287,-0.17943658,-0.204426,-0.26278985,-0.115483545,-0.1397778,-0.01471924,-0.053308427,-0.46498263,-0.082064524,-0.15319112,-0.23759967,0.41006273,0.22658785
25,-0.06925606,0.15101536,0.30524433,-0.1976544,0.12620838,0.1322522,-0.09451052,0.21000646,-0.14018448,0.10303312,0.18309766,-0.020184241,0.18850154,0.025718449,0.19018283,-0.25528663,0.1675859,0.050805915,-0.3339278,0.20221627,0.22298722,-0.046814177,0.20072277,-0.06501056,0.109065466,-0.08099982,-0.06556928,-0.25004378,-0.03129019,-0.17735337,0.07286265,0.4048966,-0.13004765,0.049652036,0.11888934,0.17439473,0.10777306,0.27081156,-0.101864696,-0.16077144,-0.23475884,-0.29369736,0.26536846,-0.34513956,0.0477811,0.02307623,0.13985449,-0.29586524,-0.032993145,-0.614736,0.04844903,0.042557128,0.20678289,1.0254599,-0.19641939,-2.1799045,-0.025825983,-0.20332845,1.5846795,0.43264782,-0.13300045,0.4940423,-0.20595527,0.07890384,0.61931413,-0.08391189,0.43765426,0.35126424,0.16356528,-0.18087888,-0.07512014,-0.22454649,-0.06994345,-0.25359035,0.12820497,0.25486156,-0.12114674,0.030280652,-0.95322996,0.0032477113,0.6457573,0.021473,-0.3955587,0.11091375,-1.2427902,-0.2482261,0.120854385,-0.18984643,-0.12522236,-0.28740174,-0.060904313,-0.079254456,-0.17394507,-0.049954526,-0.44937655,8.7421766e-05,-0.09951432,-0.1519768,0.5526204,0.08139503
26,-0.1815995,0.30195287,0.3996376,-0.33012906,-0.03635896,0.13893993,-0.34913892,0.34595466,0.0023434556,-0.04892616,0.0550646,0.012741029,0.15200663,0.079071864,-0.031318747,-0.3781641,0.2812969,0.25799203,-0.51877934,0.24934824,0.064631134,0.011309972,0.24782495,0.009822261,0.08640487,-0.03274767,-0.11127709,-0.43154126,0.14535971,-0.27507862,-0.009807957,0.59433484,-0.044476386,0.081349485,0.2138772,0.27495942,-0.05517631,0.22085075,-0.012616549,-0.35298005,-0.30124152,-0.2785568,-0.08826878,-0.5903165,-0.32012823,0.113795176,0.04050751,-0.35881832,-0.020084163,-0.9350428,-0.081796624,0.04835779,0.07919525,1.0039904,-0.07687549,-2.2339258,-0.049636863,-0.22662926,1.7157519,0.3553693,-0.17827035,0.64007753,-0.37218347,-0.021671642,0.75751626,0.15753525,0.30979177,0.48824733,0.1914276,-0.3906553,0.18546708,-0.48897225,-0.11206121,-0.5779207,0.31619555,0.055346813,-0.087508656,0.03550534,-0.6593005,-0.0036029082,0.70125777,-0.03823411,-0.5506659,0.011632104,-1.4444119,-0.108979754,0.13226968,-0.039298058,-0.30681014,-0.36573428,-0.12124064,-0.013163379,0.004147884,-0.16705647,-0.56167156,-0.03046603,0.058331262,-0.20440795,0.47299677,0.18694311
27,-0.067316204,0.19238907,0.29665017,-0.19110091,-0.018205522,0.1445791,-0.049374558,0.18199137,0.017392188,0.036020327,0.18170002,0.0178321,0.32304087,0.10421511,0.14095943,-0.2306821,0.083620705,0.026950514,-0.32590133,0.19743368,0.19984972,0.02608242,0.21918097,-0.018023126,0.17510879,-0.101640254,-0.053627484,-0.41014257,-0.03246509,-0.18081197,-0.002987769,0.38582325,-0.060701516,0.080923006,0.056923654,0.29377577,-0.013120505,0.271896,-0.06540084,-0.15851775,-0.3172149,-0.20207366,0.26750544,-0.35766715,-0.09845342,-0.12728366,0.20948134,-0.31234628,0.055495217,-0.68086606,0.055917006,-0.056301303,0.13834675,1.0603855,-0.17930351,-2.2073092,-0.052400954,-0.19267105,1.4213465,0.48630896,-0.08825392,0.6923326,-0.2810701,0.08571428,0.6685835,-0.021376051,0.5482027,0.3155967,0.1274265,-0.11134054,-0.060834832,-0.18405199,-0.033866867,-0.31574857,0.14492287,0.24046299,-0.123259015,-0.0872593,-0.9022724,0.007144778,0.674547,-0.03203649,-0.4049381,0.06966124,-1.3466455,-0.15661348,0.082720675,-0.15236539,-0.34740672,-0.39045447,-0.037516147,-0.17232518,-0.14184818,0.016747443,-0.4520891,0.022894505,-0.1747177,-0.21488607,0.48779282,0.19948962
28,-0.007880156,0.100819595,0.18609057,-0.26939166,0.054422777,0.058266304,-0.10387374,0.16767488,-0.080827236,0.017075079,0.19785751,-0.027207224,0.21692799,-0.060979128,0.12041191,-0.25491142,0.42847735,0.19444706,-0.38090593,0.18849069,0.23239137,-0.054871216,0.14715742,0.07960933,0.11567751,-0.08633841,-0.12535445,-0.429427,0.035951596,-0.10325736,-0.03608818,0.41413733,-0.062058378,0.12700744,0.11336079,0.4197166,-0.12602316,0.20138076,-0.046228223,-0.22063619,-0.21013397,-0.2192331,0.07501101,-0.31406444,-0.016734589,0.0045147296,0.10846766,-0.50271803,-0.0587952,-0.7640833,0.11233307,0.097580515,0.04262667,1.0543504,-0.23576845,-2.1987588,-0.09968665,-0.2199294,1.7921582,0.36718708,-0.1555708,0.58991104,-0.21370499,0.2268818,0.68122935,-0.015790423,0.45319858,0.28755644,0.18567827,-0.18506478,-0.11237238,-0.28181502,-0.12069245,-0.40017498,0.09772755,0.16208535,-0.1769161,0.11400718,-0.91688627,-0.08359874,0.71668893,-0.02430172,-0.4204373,0.21772358,-1.2969925,-0.17749472,0.14905964,-0.113441534,-0.30092847,-0.31023675,-0.058125667,-0.07269932,-0.006815228,-0.060816757,-0.48814866,-0.066523544,-0.107799225,-0.06544093,0.62516814,0.13722101
29,-0.13979942,0.1931233,0.0710815,-0.32098135,0.01670135,-0.009264752,-0.02205933,0.3644246,-0.16885483,-0.05068208,0.020480754,-0.002439484,0.38665333,0.17246668,0.14143033,-0.47133586,0.3446889,0.14836909,-0.5227714,0.10205543,0.3865383,-0.18320757,0.33793184,0.17041968,0.00662054,-0.030684665,-0.14971483,-0.31485176,0.067506984,-0.04632367,0.113883235,0.41384748,-0.1934666,0.09709867,0.22020264,0.5120225,0.080327354,0.22431906,-0.28074816,-0.07409208,-0.36481667,-0.29830205,0.08474133,-0.4415445,0.11797016,-0.033062916,0.206787,-0.31860718,0.060991917,-0.7253416,0.105730824,-0.16149075,0.2672492,1.1250185,-0.24084352,-2.1576524,-0.088045835,-0.21901895,1.7489834,0.46221063,-0.09316167,0.73904914,-0.2556925,0.14778785,0.7299492,-0.1943345,0.36442086,0.5227042,0.115648896,-0.3053398,-0.095487416,-0.42212582,-0.06285935,-0.34890783,0.058450956,0.1525601,-0.2916182,0.17188032,-0.94849586,-0.14288199,0.74934006,-0.19642706,-0.6310109,0.1051898,-1.6410433,-0.29037166,0.3681934,-0.063112006,-0.2529056,-0.44467583,-0.13834484,-0.24836032,-0.16631378,-0.13213934,-0.6054658,0.02120877,-0.21932721,-0.33922204,0.5064986,0.1517625
30,0.157812,0.3986105,0.57490826,-0.08498701,-0.07651467,0.1726592,-0.01901008,0.09691999,-0.27001143,-0.0498825,0.3439168,0.025064582,0.068348,-0.12654501,0.13259166,-0.40164915,0.14356633,0.03931399,-0.32210433,0.5206323,0.5015858,0.07452158,0.24161792,0.06715567,0.3479475,-0.2526109,0.044043664,-0.4342017,0.24789858,-0.30427358,0.011735581,0.3506875,0.053432867,0.044146333,-0.15827183,0.14472418,-0.15075983,0.30728933,-0.0020896643,-0.04883633,-0.40822724,-0.28858534,0.10385231,-0.10821435,0.1284154,0.078833334,0.16194066,-0.39172193,-0.04899342,-0.83750755,-0.07899844,-0.13910492,0.15924217,0.93768245,-0.36366382,-2.2228894,0.00775825,-0.14408025,1.6244141,0.7374864,-0.1618469,0.67476606,-0.46735764,0.09463336,0.4096425,-0.10626676,0.3640578,0.3188,0.32109272,-0.07669184,-0.10205767,-0.22412966,-0.15286207,0.03718926,0.081126094,0.23811632,-0.13325776,0.027411342,-1.0203767,0.012224247,0.7044967,0.07622308,-0.4385213,0.33190408,-1.2274318,-0.07485459,-0.036748324,-0.1533721,-0.057281744,-0.20376825,-0.13571332,0.11274392,0.0034426681,0.13013817,-0.78275913,-0.008833416,-0.15846033,-0.21127057,0.443054,0.13325916
31,-0.031143,0.44873333,0.71048,-0.33850336,-0.43325338,0.5172333,-0.13854367,0.125,0.20857032,-0.24206634,0.31467664,0.30445334,0.173712,0.25013533,0.16374,-0.28197667,0.14573665,0.50287,-0.58272,0.8342634,0.355324,0.346758,-0.04735,-0.195884,0.39941335,0.61227936,-0.17771834,-0.6799733,0.5593633,-0.46440664,-0.30376667,0.9899133,0.36506668,0.09912667,0.062127665,0.43399,-0.10910723,0.2869833,0.25776666,-0.49468002,-0.24662232,-0.044689763,0.17712258,-0.63992333,-0.45535335,-0.123411596,0.13271667,-0.37069264,0.18457,-1.08018,-0.10271034,0.066407666,0.39531335,1.0659833,-0.39038667,-2.946267,0.23181999,0.27034,1.35814,0.62190336,0.17509334,1.1172433,-0.6154633,-0.120463245,0.78130007,0.02912566,0.8830466,0.49902034,-0.072327666,-0.29241335,0.293074,-0.28649667,0.29809332,-0.239151,0.10675334,0.30322334,-0.0034090008,-0.171838,-0.8230767,-0.035460006,0.15852,-0.123913325,-0.53622,0.37427998,-1.5416001,-0.23448001,-0.25304666,-0.63185,-0.5765967,-0.34169134,-0.30539998,-0.30326065,0.034745652,0.24075067,-0.50144666,-0.028624004,-0.4014733,-0.53473,0.111698665,0.65788
32,0.012004,0.18541001,0.3093067,-0.50544995,-0.27270332,0.31703666,-0.15779032,-0.049460664,0.48011002,-0.204515,0.07492667,0.2380321,0.17006826,-0.246249,-0.004084503,-0.21100199,-0.35439333,0.20379667,-0.33818665,0.43427667,0.19775999,0.065313704,0.12927,-0.21790667,-0.03741433,0.156225,-0.316991,-0.47381,-0.24840634,-0.63819665,0.0069746994,0.282253,-0.15341832,-0.15998034,0.14578734,0.076170005,-0.20635597,-0.079554655,-0.027800003,-0.35454333,-0.19473433,0.14166667,-0.037779987,-0.22640365,-0.29629833,-0.34460333,0.49658334,-0.27509865,0.10618999,-0.5418634,0.19031334,0.033616662,0.16065839,0.70426005,-0.18157701,-1.4745365,-0.06450767,-0.071201004,0.86727667,0.43915665,-0.38979664,0.62723666,-0.23482133,-0.0018633306,0.6051067,-0.046054333,0.5163267,0.2574657,0.13386999,-0.3444067,-0.15735833,-0.45304665,0.054876667,-0.274635,0.06400001,0.111219674,0.063137926,-0.093506336,-0.6478433,0.18928069,0.6033667,-0.15718101,-0.4662533,-0.16185,-1.2225534,-0.35318664,0.052320335,0.17464334,-0.4297367,-0.277715,-0.126611,-0.18392669,0.16107367,-0.07641233,-0.15171333,-0.14636,-0.16601,-0.140201,-0.20322199,0.28662002
33,-0.034091666,0.38111126,0.3188174,-0.26868412,-0.23464626,0.17375952,-0.10281407,0.3518036,-0.14275739,-0.12037241,0.29023463,0.15604547,0.2990616,0.059555132,0.21188755,-0.45225933,0.13794467,0.22801504,-0.5791599,0.35304376,0.43131092,0.08489107,0.12474386,-0.021477066,0.1581783,-0.09763999,-0.21538033,-0.6005707,0.3808504,-0.1340518,-0.0761452,0.39932653,0.0048213284,0.071651936,0.07917413,0.5892593,-0.10477213,0.17315534,0.014467698,-0.18089668,-0.42018908,-0.36174196,0.01004801,-0.602648,-0.2565365,0.084934875,0.16363367,-0.5031802,0.03518693,-0.8660005,0.05535893,-0.18822911,0.095765814,1.1855102,-0.19507687,-2.375312,-0.0798654,-0.15827847,1.7053332,0.54027784,-0.1884702,0.9391253,-0.4334615,0.05722582,0.55410594,0.08661155,0.50709254,0.46938,-6.974042e-05,-0.23184721,-0.03609491,-0.35571417,-0.05319913,-0.43591633,0.0881705,0.18429722,-0.2045922,-0.08769207,-0.7375349,-0.02207201,0.6704266,-0.014446007,-0.6071134,0.18099907,-1.5184371,-0.053830262,0.3239441,-0.06543014,-0.36475965,-0.2979776,-0.12071368,-0.0049847346,-0.012502476,-0.24116102,-0.7144127,-0.0943918,-0.12023605,0.021761147,0.46985403,0.22320972
34,-0.14725386,0.2802727,0.12510647,-0.32414263,0.10509833,0.21144357,-0.22020493,0.21894,0.19792445,-0.08144426,0.17317103,0.014512392,0.35306513,0.04207393,0.09721107,-0.14663553,0.16105515,0.13788752,-0.525126,0.35391012,0.27559513,-0.068615265,0.29629165,-0.040463034,0.046945598,-0.12077324,0.06000127,-0.26156175,-0.14897384,-0.2118713,0.13779826,0.3291567,-0.18172689,0.11354133,0.086581446,0.25808004,-0.10482673,0.105801396,-0.06049173,-0.27031726,-0.2031433,-0.17878775,0.037678327,-0.3906854,-0.07645127,-0.11360521,0.108308464,-0.19072972,-0.018372837,-0.62820333,0.18016087,0.122944124,0.117837526,0.85820264,-0.329892,-1.85751,-0.13975306,-0.33979207,1.474976,0.45967647,-0.3375387,0.77236044,-0.12968792,0.21782528,0.6057594,-0.025625248,0.5083787,0.29151785,0.45090654,-0.36798504,-0.15237066,-0.20779946,-0.01046987,-0.40375742,0.07168533,0.28687906,0.006030799,0.1903126,-0.95375866,-0.034774866,0.6281509,-0.10578892,-0.29540455,0.010779963,-1.1958804,-0.15623546,0.009811868,-0.17509195,-0.26740894,-0.23185372,-0.025516542,-0.080607325,-0.0035192939,-0.26315296,-0.6411833,0.029868739,-0.26028582,-0.30722466,0.69626117,0.26434574
35,0.0,0.0,0.0,0.0,0.0,0.0,0.0,0.0,0.0,0.0,0.0,0.0,0.0,0.0,0.0,0.0,0.0,0.0,0.0,0.0,0.0,0.0,0.0,0.0,0.0,0.0,0.0,0.0,0.0,0.0,0.0,0.0,0.0,0.0,0.0,0.0,0.0,0.0,0.0,0.0,0.0,0.0,0.0,0.0,0.0,0.0,0.0,0.0,0.0,0.0,0.0,0.0,0.0,0.0,0.0,0.0,0.0,0.0,0.0,0.0,0.0,0.0,0.0,0.0,0.0,0.0,0.0,0.0,0.0,0.0,0.0,0.0,0.0,0.0,0.0,0.0,0.0,0.0,0.0,0.0,0.0,0.0,0.0,0.0,0.0,0.0,0.0,0.0,0.0,0.0,0.0,0.0,0.0,0.0,0.0,0.0,0.0,0.0,0.0,0.0
36,-0.13803609,0.20301455,0.40148264,-0.2916058,-0.16535129,0.14142375,-0.13993433,0.2151921,0.103443086,0.04218574,0.181892,0.0976244,0.16254507,0.013250119,0.0882932,-0.23270692,0.12543313,0.23879069,-0.38106632,0.33860916,0.18914145,0.05565048,0.09958625,-0.06323915,0.17869467,0.03442316,-0.16561739,-0.48526174,0.05891572,-0.25093308,-0.003263387,0.5617972,-0.074865006,0.042901702,0.07937998,0.3328588,-0.0755825,0.19014978,0.054627586,-0.24757516,-0.23193419,-0.21112321,0.13125578,-0.43960384,-0.26126894,-0.06040121,0.209878,-0.36963883,-0.0410571,-0.78696847,0.0755128,-0.039765183,0.15720993,0.9671709,-0.17148197,-2.1044621,0.028933903,-0.11297845,1.5031421,0.41199666,-0.097842075,0.6713745,-0.33960494,0.087800555,0.69163793,0.024485404,0.53138584,0.2894653,0.14360818,-0.26424414,0.016558656,-0.26776204,0.04273294,-0.326694,0.22332865,0.15192471,-0.1587868,-0.07314585,-0.76997447,0.033635374,0.605863,-0.024591748,-0.4642973,0.00912072,-1.2848706,-0.2265487,0.14334205,-0.15708075,-0.31802237,-0.34857363,-0.04967897,-0.06993536,0.014735082,-0.072756,-0.4645586,-0.086604476,-0.13042809,-0.29768345,0.43259534,0.25653496
37,-0.041147843,0.16590002,0.28593233,-0.18635632,-0.032235768,0.074532494,-0.1515319,0.14704078,0.009605742,0.014470583,0.11135677,0.112849765,0.2607128,0.09774284,0.21872762,-0.25089478,0.19846188,0.12136644,-0.34181207,0.22760382,0.16876404,-0.09675507,0.10420248,0.007070758,0.16970818,-0.07132323,-0.10631396,-0.34243768,0.029825775,-0.18764809,0.08583961,0.47457114,-0.089235544,0.0014687437,0.0771077,0.30674106,-0.020344473,0.06776376,-0.007561111,-0.20820583,-0.27954364,-0.23824479,0.16703822,-0.2958736,-0.09211361,-0.03125519,0.038759556,-0.3298628,0.031294815,-0.70617855,0.17187744,0.061562918,0.14027467,0.98563,-0.12535827,-1.9529325,0.03209234,-0.16807951,1.6748592,0.4261143,-0.122117914,0.6786126,-0.21200368,-0.0027472202,0.5791806,0.039128296,0.31691328,0.2921446,0.2521446,-0.1997973,-0.08893068,-0.26808462,-0.060796298,-0.4306433,0.109684534,0.25370052,-0.08278694,-0.034504257,-0.81694776,-0.00088043755,0.64365035,0.015363917,-0.43243238,0.07182016,-1.270776,-0.2609137,0.16396183,-0.07658559,-0.2650653,-0.2489686,-0.122194365,0.0030383505,-0.085836425,-0.12999646,-0.48682925,-0.057614688,-0.16128938,-0.15648109,0.4596092,0.15899806
38,-0.1449724,0.59761,0.457614,-0.3429,-0.39377004,-0.29694018,-0.362454,0.291368,0.10306144,-0.3347606,0.136012,0.039355595,0.2349998,-0.19945598,0.015941983,-0.085818,-0.32234484,0.5123624,-0.4261242,0.48994407,0.42731443,-0.018655997,0.077910006,-0.21184063,0.16962999,0.2670456,-0.1886736,-0.629566,0.09784999,-0.57499456,0.010615593,0.6152519,-0.104582,-0.0028066202,0.17124139,0.36178797,-0.049164724,0.20401399,0.36790776,-0.62442005,-0.10388221,-0.225386,-0.34469563,-0.53945696,-0.17479517,0.03029159,0.084497795,-0.428416,-0.030750394,-1.25984,0.1290935,-0.027099948,0.061746,1.010738,-0.057071995,-2.06796,0.012996405,0.186211,1.5096381,0.352496,-0.2391398,0.8700325,-0.5412488,-0.1998894,0.69190323,0.1630414,0.71833,0.15469903,0.19408001,-0.448774,0.124285996,-0.15737198,0.00028380303,-0.19649999,0.12676321,0.0034839988,0.094128,-0.120208,-0.5134048,0.020109002,0.677526,-0.115224004,-0.72498196,-0.3578436,-1.513412,-0.4489594,0.2278572,-0.1189128,-0.43354878,-0.25311202,-0.11625999,0.07145946,0.0062485994,-0.44474578,-0.708376,-0.20840278,0.023461998,-0.63086,0.43247002,0.43693542
39,0.0,0.0,0.0,0.0,0.0,0.0,0.0,0.0,0.0,0.0,0.0,0.0,0.0,0.0,0.0,0.0,0.0,0.0,0.0,0.0,0.0,0.0,0.0,0.0,0.0,0.0,0.0,0.0,0.0,0.0,0.0,0.0,0.0,0.0,0.0,0.0,0.0,0.0,0.0,0.0,0.0,0.0,0.0,0.0,0.0,0.0,0.0,0.0,0.0,0.0,0.0,0.0,0.0,0.0,0.0,0.0,0.0,0.0,0.0,0.0,0.0,0.0,0.0,0.0,0.0,0.0,0.0,0.0,0.0,0.0,0.0,0.0,0.0,0.0,0.0,0.0,0.0,0.0,0.0,0.0,0.0,0.0,0.0,0.0,0.0,0.0,0.0,0.0,0.0,0.0,0.0,0.0,0.0,0.0,0.0,0.0,0.0,0.0,0.0,0.0
40,0.0,0.0,0.0,0.0,0.0,0.0,0.0,0.0,0.0,0.0,0.0,0.0,0.0,0.0,0.0,0.0,0.0,0.0,0.0,0.0,0.0,0.0,0.0,0.0,0.0,0.0,0.0,0.0,0.0,0.0,0.0,0.0,0.0,0.0,0.0,0.0,0.0,0.0,0.0,0.0,0.0,0.0,0.0,0.0,0.0,0.0,0.0,0.0,0.0,0.0,0.0,0.0,0.0,0.0,0.0,0.0,0.0,0.0,0.0,0.0,0.0,0.0,0.0,0.0,0.0,0.0,0.0,0.0,0.0,0.0,0.0,0.0,0.0,0.0,0.0,0.0,0.0,0.0,0.0,0.0,0.0,0.0,0.0,0.0,0.0,0.0,0.0,0.0,0.0,0.0,0.0,0.0,0.0,0.0,0.0,0.0,0.0,0.0,0.0,0.0
41,-0.08382651,0.1703285,0.110597506,-0.097506,0.029888254,0.23715249,-0.26980752,0.108571745,-0.22822,-0.034745,-0.095705,-0.2174725,0.33916,-0.017772496,0.047725007,-0.125045,0.46564502,-0.0035924911,-0.8237125,0.30293557,0.21848625,0.044924997,0.13806501,-0.35397503,0.44105613,-0.141328,-0.24122675,-0.45483577,0.229,-0.23113701,-0.34879002,0.48754328,0.03470525,0.0451695,-0.14999945,0.5270369,0.075247504,0.08017501,0.09510551,-0.37846303,0.0420425,-0.3524735,0.0513345,-0.7205925,0.051935747,0.17168626,0.0904025,-0.20277001,0.18630749,-0.58596253,-0.314435,0.13152975,0.119870506,1.14427,-0.111104,-2.70285,-0.4013825,-0.212708,1.49605,0.374975,-0.085363,0.6803225,-0.23976324,0.3722075,0.38278627,-0.075422,0.71569,0.363535,0.22758976,-0.26787502,-0.175655,-0.18310124,-0.08417,-0.6299625,0.21392925,0.15873224,-0.04985775,-0.1485225,-0.668365,0.038579006,0.66616,0.13613252,-0.2034775,0.24843949,-1.1395,-0.133456,0.073012486,-0.24696751,-0.28501773,-0.31354153,0.05974999,-0.053215757,-0.023221746,-0.11955125,-0.72943246,-0.3472675,-0.33402622,-0.41359752,0.75577,0.16677399
42,-0.060568772,0.09729663,0.2729143,-0.13052449,-0.03885838,0.293185,-0.23038182,0.1912412,-0.20629622,-0.014572997,0.09043853,0.099020034,0.25943157,0.09689836,0.115242705,-0.40473098,0.24951331,0.26918867,-0.51674217,0.2800217,0.23892997,-0.032839306,0.27281073,-0.13982245,0.060565826,-0.12718566,-0.13936889,-0.4734709,0.15084222,-0.22757985,0.013031111,0.24117883,-0.1530769,-0.09115111,0.009777803,0.3008644,0.012039845,0.18864925,-0.1599772,-0.21970032,-0.47362012,-0.24821189,0.053329818,-0.47409087,0.0063079526,-0.010108651,0.11053553,-0.2477004,-0.029860117,-0.7317988,0.19653699,-0.002083847,0.11047904,1.0727339,-0.20908496,-2.1679306,-0.15097111,-0.32931292,1.6999664,0.4635046,-0.2091701,0.7657646,-0.27746728,0.17057858,0.7062152,0.05268053,0.367655,0.3086576,0.12347515,-0.21999513,-0.04128581,-0.3145366,-0.12025928,-0.36052066,0.14193968,0.16994499,-0.19039488,0.008955263,-0.78173625,0.046361532,0.5575768,-0.057847876,-0.5944246,0.1020981,-1.3401103,-0.15380736,0.081223726,-0.070411846,-0.22700405,-0.34611785,-0.1422149,-0.20399578,-0.010792667,-0.075672716,-0.6164948,-0.18957907,-0.17866918,-0.21060687,0.47845978,0.06936124
43,-0.17397566,0.09439999,0.45982,-0.69375664,-0.25401,0.20544033,-0.20456,0.33617,0.7004833,0.15767832,0.147231,0.33370066,0.09538666,0.12828399,0.29824066,-0.12614334,0.257484,0.014830013,-0.24966998,0.21112667,0.19061899,0.28141665,-0.33203998,-0.10904666,-0.20594399,-0.048792034,-0.10100334,-0.11109334,0.0577386,0.04483666,-0.019956997,-0.14003034,-0.07766667,0.34035668,-0.22833999,0.45405665,0.14203334,-0.109621346,0.042459294,-0.202353,-0.24284999,-0.10153434,0.12458786,-0.416105,-0.06867466,0.1078959,-0.32313666,-0.30539668,-0.24975665,-0.7568807,0.87697667,-0.157436,0.16227499,0.6818066,-0.214137,-1.4831266,-0.13085333,0.034236997,1.5479666,0.60666996,-0.27720433,0.25854,-0.49991667,0.10709,1.0424567,-0.44068232,0.52914,-0.042108994,-0.13200666,-0.20628335,-0.48857665,-0.21886867,0.23245765,-0.61563,0.30422667,0.37688002,0.14166202,-0.13106667,-1.0509467,0.15946534,0.71950334,-0.14413334,-0.012176673,-0.109056674,-1.09204,-0.41295996,0.08668787,-0.111927666,-0.20101702,-0.11886,0.33165333,-0.27816936,-0.14560734,0.006151999,-0.24304666,0.056937993,-0.2741597,-0.0066399924,0.350348,0.40756336
44,0.027090566,0.034862746,0.2639971,-0.34828186,-0.091942005,0.3058657,0.017988576,-0.07128743,0.29564142,0.08172344,0.4745586,0.26507857,0.22029543,0.20101285,0.173896,0.11900859,0.13583627,0.094475724,0.047923706,0.2028577,0.32906055,0.32844773,-0.03051043,-0.17633285,-0.019116858,0.173411,0.06096143,-0.47092146,-0.1862847,-0.36002713,0.000922284,0.54554,0.03892257,-0.036419146,0.049948573,0.14569156,-0.32000756,-0.29238582,0.093868,-0.2914157,0.11423756,-0.15301113,-0.0831566,-0.38524145,-0.35744715,-0.48110002,-0.21852998,-0.13096972,-0.019657565,-0.7786414,0.06729657,0.365853,0.22017714,0.5705315,-0.23879315,-1.7196913,0.07354001,0.4333717,0.9115043,-0.029905558,-0.053305995,0.8902017,-0.39733002,0.12704112,0.44970945,0.10440515,0.52821654,-0.16275184,0.013904573,-0.26270515,0.21034844,-0.10637814,0.11436628,-0.06457712,0.19396886,0.38534856,-0.05544686,0.13438371,-0.42369285,0.024301434,0.86420286,-0.29009622,-0.45315713,-0.027205717,-1.0777757,-0.14421317,-0.07159785,-0.13409498,-0.22678229,-0.23442431,0.24110857,0.10273658,0.27533585,-0.28324416,-0.18534431,-0.304061,-0.5282034,-0.15198855,0.22324014,0.059335757
45,-0.084808454,0.36823133,0.3652067,-0.35255134,-0.060378976,0.21093561,-0.10405247,0.21507059,0.046439625,0.0092313,0.13941997,0.062493,0.33674455,0.12688136,0.15800136,-0.28826645,0.10929716,0.20853819,-0.3075347,0.27660614,0.30418956,-0.05601289,0.22124265,-0.06517081,0.1950346,-0.070549026,-0.10481855,-0.45598876,-0.06457425,-0.28512987,0.11849034,0.4698563,-0.10940376,-0.018310934,0.15448788,0.33508435,0.07460463,0.2248251,-0.024078803,-0.231375,-0.27719247,-0.28083217,0.048091553,-0.3898217,-0.16962045,-0.017748546,0.184905,-0.3205634,-0.07368366,-0.78216034,0.042836376,-0.026876355,0.19099988,1.0290402,-0.27084324,-2.1970236,-0.009659019,-0.19467564,1.6392493,0.50861174,-0.113230094,0.8236036,-0.24475719,0.1411907,0.7372691,0.021136532,0.5555022,0.2944357,0.16423541,-0.28545484,-0.030238828,-0.3414696,-0.096120805,-0.30960637,0.14481379,0.13566317,-0.08123986,-0.031975504,-0.83226556,0.05159972,0.604744,-0.037528902,-0.5312953,0.11692133,-1.3780361,-0.24864873,0.12632346,-0.16601267,-0.21586533,-0.33237582,-0.091780916,-0.13012235,-0.09024575,-0.13631237,-0.55894333,-0.09245996,-0.28147793,-0.36120304,0.51283556,0.21333256
46,-0.055915676,0.1066793,0.26910573,-0.16499291,0.03281822,0.13901874,-0.19027424,0.1536335,-0.09915652,0.06262549,0.06941835,0.029097144,0.29490048,0.028250575,0.058794994,-0.3290924,0.34541366,0.10631078,-0.3904924,0.21546833,0.10044597,-0.17653969,0.24873362,0.056489438,0.2508873,-0.118694946,-0.15771127,-0.44493175,0.015092884,-0.21203072,-0.04028305,0.4859775,-0.116613865,0.058512926,0.05259941,0.3666485,0.070082,0.12526514,-0.018407417,-0.2257297,-0.32603535,-0.22817183,0.19518562,-0.3973343,-0.048839677,0.014020001,0.18758036,-0.36248925,0.041607063,-0.71104825,0.095168695,-0.060309924,0.21204972,1.1713272,-0.20979074,-2.3559763,-0.049862597,-0.413479,1.7993644,0.5603747,-0.14754367,0.47893673,-0.15280165,0.13620125,0.8095519,-0.15463284,0.20975277,0.34707373,0.21262838,-0.30972537,-0.022773862,-0.40769964,-0.091393046,-0.45352855,0.34864983,0.16573761,-0.18291047,0.037165962,-0.92282814,-0.066602,0.6641939,0.070360824,-0.48346624,0.07976455,-1.4652607,-0.27945966,0.18020232,-0.15800683,-0.15193094,-0.37263107,-0.10535961,-0.18760322,-0.121252194,-0.049963377,-0.432996,-0.07359421,-0.021246893,-0.35120192,0.47508302,0.17962575
47,-0.056454334,0.35668844,0.28356287,-0.35212293,-0.25434664,0.3564379,-0.162232,0.22114223,0.16295521,-0.21429788,0.03947775,0.25933132,0.3298689,0.031810444,0.028549321,-0.31596777,0.02120779,0.35933667,-0.50880855,0.348345,0.28260076,0.31543535,0.11844293,-0.340905,0.158335,0.11985477,-0.32379413,-0.5268156,0.18868987,-0.38078445,-0.069594555,0.6640589,0.0903369,0.16614555,0.4023839,0.23270747,-0.33977556,0.213163,0.32087624,-0.19923666,-0.3124522,-0.13619295,0.16097969,-0.5967753,-0.37438443,0.019464348,0.15631667,-0.08060755,0.1619314,-0.8617922,-0.102458335,-0.17627065,0.06301936,0.983419,-0.1333589,-2.225508,0.12450545,0.106022224,1.3166927,0.3738022,-0.06262611,0.86257553,-0.58896995,-0.0016051555,0.8366234,-0.057391386,0.5900267,0.42244563,-0.14062412,-0.28458288,0.030889945,-0.41324446,0.11410456,-0.3734423,0.011648993,0.07973777,-0.163714,-0.22137223,-0.61195445,-0.01850467,0.44724602,0.08366634,-0.7189678,-0.110204324,-1.5955789,-0.28391778,0.12048188,-0.21618424,-0.6334726,-0.46500003,-0.19702587,-0.19683164,0.102098055,-0.26060998,-0.41637945,-0.06291,-0.22132123,-0.19338222,0.19497624,0.57577497
48,0.0,0.0,0.0,0.0,0.0,0.0,0.0,0.0,0.0,0.0,0.0,0.0,0.0,0.0,0.0,0.0,0.0,0.0,0.0,0.0,0.0,0.0,0.0,0.0,0.0,0.0,0.0,0.0,0.0,0.0,0.0,0.0,0.0,0.0,0.0,0.0,0.0,0.0,0.0,0.0,0.0,0.0,0.0,0.0,0.0,0.0,0.0,0.0,0.0,0.0,0.0,0.0,0.0,0.0,0.0,0.0,0.0,0.0,0.0,0.0,0.0,0.0,0.0,0.0,0.0,0.0,0.0,0.0,0.0,0.0,0.0,0.0,0.0,0.0,0.0,0.0,0.0,0.0,0.0,0.0,0.0,0.0,0.0,0.0,0.0,0.0,0.0,0.0,0.0,0.0,0.0,0.0,0.0,0.0,0.0,0.0,0.0,0.0,0.0,0.0
49,-0.12866828,0.13811807,0.36220524,-0.19207507,-0.16829272,0.110787086,-0.10802388,0.24074994,0.0049412046,0.011897875,0.17528729,0.035267938,0.36856544,-0.0044426466,0.12933175,-0.3038193,0.13024354,0.16384135,-0.50428957,0.14306988,0.14643309,-0.034161918,0.16099663,-0.02841748,0.13245843,-0.110658936,-0.06129715,-0.37176505,0.15707636,-0.08761134,0.012234225,0.55864984,0.031862725,0.12111838,0.16371518,0.31761548,-0.10340496,0.25845712,0.04432814,-0.16859914,-0.42169684,-0.16821215,0.15405014,-0.36307284,-0.1432743,0.02042501,0.19985706,-0.3748167,-0.03851861,-0.83107185,0.11180185,0.027790759,0.21389036,0.98917043,-0.23383975,-2.2324452,-0.054175645,-0.14965084,1.6278511,0.5531947,-0.13267194,0.7403377,-0.29890126,0.08718502,0.76395917,0.0057475306,0.41026154,0.3686086,0.12945743,-0.19733077,-0.05051513,-0.27638817,0.028969953,-0.44430512,0.27062201,0.08475565,-0.051346436,-0.046196,-0.8908566,-0.047797624,0.5036088,-0.09384371,-0.51569563,0.077898614,-1.4805398,-0.24249412,0.17859003,-0.12387443,-0.27742055,-0.34513903,-0.16586605,-0.0474119,-0.0313013,-0.00019778332,-0.46306157,0.011671694,-0.13590847,-0.2726471,0.47149593,0.22645223
50,-0.102276,0.3958775,0.597192,-0.3299335,0.16433251,-0.10342249,-0.1730885,0.25131252,0.259724,-0.19571725,0.2759675,-0.14936525,0.40629,0.31347498,0.085612744,-0.31251535,0.155371,0.5782452,-0.251715,0.2703025,0.3245235,0.07946099,0.34632248,-0.35401496,0.13434249,-0.062375005,-0.059012998,-0.6531875,-0.30854174,-0.33004647,-0.1255475,0.3837925,-0.115082495,-0.11235,0.1609595,0.35521,0.26035526,0.12010075,-0.37225002,-0.40256727,-0.24226825,-0.32949,0.294885,-0.28428,-0.1409665,0.044575,0.0575205,-0.2059785,-0.0491385,-0.79691,0.34152198,0.1583825,0.18375751,0.9240025,-0.40575498,-1.9713949,-0.24647,0.11711478,1.794425,0.32308498,0.041467,0.5781325,-0.37755024,-0.052540004,0.6320825,0.18789375,0.73786503,0.04610175,0.35104,-0.3077125,-0.035637245,-0.51012754,0.06705675,0.0788025,0.68299496,0.2982675,-0.160027,0.2193815,-0.8202825,0.032618508,0.70526505,0.18286484,-0.63867253,0.43523574,-1.3118374,-0.14521125,-0.11302175,-0.42038,-0.17363751,-0.49718252,-0.2501525,-0.10081799,-0.0712575,-0.20728052,-0.6835053,-0.22641,-0.18223076,-0.40560475,0.8719175,0.50077903
51,-0.11715012,0.19123203,0.47778443,-0.34116304,-0.19875772,0.28927082,-0.2006004,0.19457777,0.21884398,-0.13025753,0.24947575,0.12453637,0.27148396,-0.08059601,0.0803958,-0.23150386,0.06449209,0.13668217,-0.36888868,0.277805,0.2921708,0.0837706,0.17131567,-0.0062617282,0.15433234,0.08839687,-0.08074794,-0.46624452,0.08946909,-0.23748183,0.10691147,0.64688575,0.04247417,0.0269486,0.0674299,0.25563788,-0.1068453,0.1517906,0.007280809,-0.16768423,-0.27366468,-0.21186775,0.036737017,-0.41107193,-0.2165041,-0.06795459,0.16020331,-0.32899666,-0.043954253,-0.8188657,0.06070358,0.044579998,0.1362557,0.920044,-0.23894893,-2.1830924,0.07829814,-0.059751105,1.6004812,0.40557078,-0.024991758,0.7391888,-0.20258075,0.11414464,0.7596127,0.13112883,0.5513119,0.29752976,0.10188766,-0.28280538,0.00077523786,-0.33584145,-0.022334652,-0.39760366,0.14090441,0.1499706,-0.043885697,-0.014279129,-0.8333859,-0.11950186,0.5212766,-0.19074874,-0.53818613,0.20804878,-1.4526588,-0.21032427,-0.00079766114,-0.097665116,-0.25430802,-0.25073215,-0.085683055,-0.014571655,0.11189433,0.08633356,-0.47597829,-0.007299601,-0.144601,-0.20701724,0.5260141,0.25506485
52,0.0191435,0.19747625,0.14376275,-0.22007924,0.5616925,-0.15897252,0.13932024,-0.32175502,-0.1696,-0.012984002,0.047085747,-0.7009425,0.006465748,-0.261387,-0.017378747,-0.0037687458,0.75801,0.17136025,-0.1800045,0.5346225,0.012122502,-0.103599995,0.3831725,0.25670302,0.068995014,0.054615006,0.24135725,-0.276545,-0.446325,0.041389752,-0.14127581,0.7285675,-0.2521575,-0.1251275,0.57264745,0.46981,-0.28798702,0.3430725,-0.55015254,-0.4881525,0.08790251,0.0017749965,-0.331647,-0.28886124,-0.15942428,0.135575,-0.325425,-0.65155977,0.054994978,-0.81524,0.18146926,0.0755925,-0.16342275,0.826465,-0.25236923,-2.0804975,-0.104021005,-0.09838589,1.908025,0.11775226,-0.278315,0.47185248,-0.13434875,0.17037252,0.65599006,-0.018585816,0.67532504,0.14810249,0.636165,-0.3482975,-0.123830006,0.13736,-0.036837995,0.012852497,-0.06415501,0.22727752,-0.24939775,0.0763275,-0.8531282,-0.26645,0.71894747,-0.026242247,-0.340854,0.28342226,-1.497475,-0.2504125,0.1208325,-0.1709775,-0.24956498,-0.33887926,-0.080329746,0.387357,0.28897625,-0.3330285,-0.46922,0.05235125,-0.14385092,-0.19236475,1.2365351,0.43780398
53,-0.2994095,-0.234205,0.45136,-0.495385,-0.11241001,-0.117601,0.206138,-0.234073,0.31411502,-0.12703499,0.346695,-0.47077,0.38164502,-0.5127905,0.24766499,0.158044,0.039993003,0.133813,-0.249055,0.87899005,-0.136622,-0.10547,0.111795,0.3888,0.026889,0.74493,0.009450018,-0.093964994,-0.417185,-0.025584996,-0.051369995,1.23938,0.034208,0.045434996,0.683965,0.275675,-0.84156,0.342915,0.1199751,-0.54969,0.057253,0.21222499,0.063264996,-0.329355,-0.255835,-0.34859002,-0.082642,-0.3987,0.1584645,-0.48291498,0.070845,0.021495,0.31208,0.4953,-0.215413,-1.709815,-0.17958999,0.21070951,1.242835,-0.16703999,-0.32022,0.3127085,-0.588615,0.249538,0.42558002,0.1497405,0.369468,0.10952,0.57473505,-0.548835,0.58201003,0.35964102,0.568245,-0.56939,0.437235,0.52229,-0.12757,-0.116438,-0.54758,-0.38858,0.17973,-0.23212,-0.357745,0.028545499,-0.8090085,0.14717,0.2647715,-0.1612605,-0.43826997,-0.17229001,0.4190255,0.42398503,0.027246,-0.08843999,-0.28149,0.13292,0.012779996,-0.40337,0.82197,0.55018
54,-0.061790466,0.11219593,0.31121984,-0.21070904,-0.13968651,0.08327904,-0.22505595,0.23761569,-0.033598024,0.07196794,0.13960978,0.12859179,0.30422562,0.13500969,0.11241344,-0.22588098,0.18433245,0.10182595,-0.46882942,0.1478265,0.2911001,-0.06345811,0.20851743,0.0031108211,0.18016495,-0.091311686,-0.18303521,-0.46115437,0.07601035,-0.18671972,-0.029947102,0.37889722,0.002378666,0.12787612,-0.08185117,0.33542445,0.06338983,0.16425447,-0.073261015,-0.16439605,-0.33995864,-0.3180071,0.16682303,-0.42063996,-0.09977007,0.036492247,0.08198248,-0.2847825,0.0017057149,-0.80208683,0.12029839,0.037869383,0.1296432,1.0192047,-0.17563166,-2.1919992,-0.12273347,-0.23349456,1.5889244,0.40667677,-0.16398533,0.7815141,-0.23757224,0.04497567,0.6679742,0.0058922055,0.3920327,0.28201786,0.05453007,-0.27031296,-0.06001536,-0.2616991,-0.05466309,-0.385461,0.15621504,0.1477015,-0.19184794,0.026177863,-0.84726,0.047935933,0.505674,0.110399626,-0.34052423,0.0049769455,-1.2948585,-0.22174318,0.13267829,-0.073038004,-0.16925149,-0.25770393,-0.16706462,-0.08159944,-0.06252432,0.0133395875,-0.5934053,-0.020884415,-0.13620643,-0.20939018,0.51690704,0.18496853
55,-0.18624,-0.01015085,0.49474669,-0.33488667,0.08241332,0.28536466,-0.039399665,0.100224674,0.5057704,-0.18915667,0.38310996,0.016646663,0.115854,-0.14060335,-0.03814,-0.083293326,-0.058553997,0.58654666,-0.50553334,0.99888664,0.16446333,0.050438344,0.12616567,-0.036659997,0.19051935,0.8620033,0.26488832,-0.11296934,0.037766654,-0.17060335,-0.037463326,1.0445466,0.14662267,0.08989,0.46552435,0.20639999,-0.3606937,0.15813667,0.22765334,-0.58416337,0.09644467,0.5278547,0.076482564,-0.28901002,-0.12714334,-0.34330332,-0.15571332,0.135774,0.02684333,-0.5486766,0.26544002,0.17838998,0.54881334,0.3752233,-0.24799334,-1.6676766,0.13654333,0.26881632,0.7538967,0.038389,-0.078316666,0.3733357,-0.57338,-0.24332334,0.43059668,0.22527365,0.58497196,0.11515034,0.15470903,-0.37147,0.44018066,0.20180334,0.34088668,-0.152591,0.31130335,0.5553067,0.04887667,-0.07797533,-0.79372,-0.32020998,-0.12382,-0.10392334,-0.119683325,0.17420483,-0.8610723,-0.14005333,0.04381,-0.22990668,-0.53868,-0.13658668,0.10633067,0.28687268,0.0070333346,0.007294824,-0.030450001,-0.15780334,-0.29823,-0.65581673,0.3502393,0.54063666
56,-0.06552828,0.20244719,0.3445485,-0.19462301,0.1963258,0.08430735,-0.14980872,0.1549078,-0.13969772,-0.010698804,0.10127448,-0.048287854,0.1254335,0.07683386,0.024363652,-0.066169955,0.14480679,0.09156807,-0.19658577,0.27077663,0.19417423,-0.03002904,0.21755776,0.13086683,0.31133133,-0.13390051,-0.19197422,-0.28267762,0.06677789,-0.33009505,-0.04344784,0.30936703,-0.19643673,0.09158274,0.031213725,0.12125921,-0.015073288,0.1997963,-0.23709983,-0.07364196,-0.3080408,-0.26755795,0.040504836,-0.25653404,0.039423607,0.010359968,0.17783442,-0.2520296,-0.026638107,-0.59024537,0.064309224,-0.11225819,0.061187536,1.0080446,-0.1382727,-2.107762,-0.057163805,-0.06894087,1.2585388,0.41241115,-0.20117839,0.6681966,-0.21961008,0.18840632,0.5835809,-0.005543102,0.29281685,0.25009063,0.24174534,-0.18988149,-0.0035964472,-0.2094015,-0.07592649,-0.15985908,0.1247885,0.13842732,-0.14863357,-0.08887998,-0.71013385,0.018199101,0.6111538,0.08214024,-0.40360925,0.071302526,-1.1622442,-0.2167544,-0.04899526,-0.0649156,-0.15202206,-0.3011882,-0.13277273,-0.023859685,-0.12026084,0.13092348,-0.43717438,0.07160991,-0.17314947,-0.17579669,0.4776736,0.13619107
57,0.0,0.0,0.0,0.0,0.0,0.0,0.0,0.0,0.0,0.0,0.0,0.0,0.0,0.0,0.0,0.0,0.0,0.0,0.0,0.0,0.0,0.0,0.0,0.0,0.0,0.0,0.0,0.0,0.0,0.0,0.0,0.0,0.0,0.0,0.0,0.0,0.0,0.0,0.0,0.0,0.0,0.0,0.0,0.0,0.0,0.0,0.0,0.0,0.0,0.0,0.0,0.0,0.0,0.0,0.0,0.0,0.0,0.0,0.0,0.0,0.0,0.0,0.0,0.0,0.0,0.0,0.0,0.0,0.0,0.0,0.0,0.0,0.0,0.0,0.0,0.0,0.0,0.0,0.0,0.0,0.0,0.0,0.0,0.0,0.0,0.0,0.0,0.0,0.0,0.0,0.0,0.0,0.0,0.0,0.0,0.0,0.0,0.0,0.0,0.0
58,-0.3443347,0.055409726,0.43643886,-0.28696075,-0.021389289,0.19863673,-0.02247322,0.18825614,0.35751876,0.1820223,0.43636543,-0.13486615,0.3198414,-0.22831295,0.290498,-0.2750123,0.15427992,0.29702213,-0.45321074,0.12915458,0.010830283,-0.13796659,0.24501078,0.09714043,0.36791793,-0.03089743,-0.112264276,-0.276265,0.09771725,-0.13021559,0.04620586,0.81300354,0.019220296,0.21099138,0.21728714,0.33110234,-0.25956327,0.056979276,0.0803258,-0.41372842,-0.22300065,0.029136674,0.2196436,-0.48347574,-0.0995916,-0.06529439,0.21373299,-0.41070113,0.09369715,-0.63753855,-0.087663,-0.061667357,0.33167595,0.86073714,-0.37132105,-2.2253044,-0.10882079,-0.019211778,1.5836672,0.3824513,0.053267147,0.601286,-0.13177614,0.43395805,0.6840064,-0.0039129322,0.4325761,0.23100393,0.16137765,-0.20438872,0.33388215,-0.14797434,0.15922342,-0.395318,0.15066515,0.042146426,0.01248079,0.06551199,-0.8304768,-0.13914636,0.550155,-0.3646464,-0.61185277,0.2627478,-1.0867982,0.13981351,0.39267564,-0.14826284,-0.30093604,-0.33786026,0.15066957,-0.024548156,-0.066687934,0.04612901,-0.3541593,-0.09572376,-0.15957943,-0.40460283,0.5578769,0.12516215
59,-0.09052512,0.09904547,0.2719415,-0.18115266,-0.023921464,0.2019363,-0.13037215,0.2833043,-0.04848728,0.045108043,0.17741634,0.08967959,0.21789086,0.026412895,0.09652784,-0.30223164,0.20783815,0.1323417,-0.44808075,0.16364124,0.22937544,-0.08012357,0.20064059,0.06485405,0.23888783,-0.12088249,-0.20025069,-0.46451503,0.19210865,-0.1900864,0.017702911,0.54912454,-0.055456724,0.101981446,-0.024636269,0.40638041,-0.097242765,0.16039364,-0.043122645,-0.15537465,-0.3736586,-0.2252912,0.1260023,-0.3627535,-0.098695226,0.02559431,0.13218535,-0.42715788,0.07557704,-0.8072921,0.069775686,0.021223787,0.18898371,1.1155174,-0.2381952,-2.4481258,-0.085283875,-0.18788032,1.8010324,0.54265034,-0.14815606,0.74381554,-0.2818122,0.098301746,0.75620705,-0.013766359,0.31020978,0.38633034,0.118283644,-0.24538901,-0.017692769,-0.279998,-0.032580584,-0.48105702,0.19054645,0.18491118,-0.21196555,-0.007723888,-0.84317803,0.008320378,0.60793656,-0.03731383,-0.4960319,0.07656254,-1.419868,-0.261937,0.20869876,-0.12086512,-0.22835468,-0.2648131,-0.06646401,-0.06537583,-0.075224295,0.0044751274,-0.6068582,-0.039280698,-0.082967564,-0.15731448,0.49089512,0.1572369
60,-0.045580532,0.09406962,0.388467,-0.2590861,0.00071967044,0.10546759,-0.18254907,0.16951272,-0.15105581,0.036141396,0.046931736,0.13496348,0.16848186,-0.04005354,0.17121632,-0.19367667,0.33998707,0.07489147,-0.22648242,0.20306665,0.26428738,-0.18876126,0.049315136,0.12585154,0.22336958,-0.19399635,0.10601766,-0.3253663,-0.14938922,-0.14182581,0.1024422,0.43277135,0.01929663,0.009848603,-0.001486675,0.29855686,-0.07743813,0.22585201,-0.11580299,-0.13956073,-0.337408,-0.11555446,0.110910274,-0.25503108,-0.00028160613,-0.0669626,0.17503487,-0.41198733,-0.11301684,-0.5963207,0.14657608,0.095667,0.1250802,0.9891646,-0.15700181,-2.2667024,-0.03544181,-0.22341827,1.529858,0.41094562,-0.25764832,0.57215065,-0.23276255,0.19487207,0.75636303,-0.06694015,0.3535946,0.26413375,0.007981265,-0.29217586,-0.08535986,-0.33839688,0.0032289326,-0.28204107,0.15042713,0.14777566,-0.02593192,-0.08490586,-0.971938,-0.07091513,0.5442813,-0.021941608,-0.40406528,0.04529685,-1.21669,-0.37601689,0.067011,-0.02795687,0.005952998,-0.35540393,-0.17563353,-0.05691801,-0.16529967,-0.055896416,-0.292546,-0.138356,-0.2829219,-0.27645323,0.47249252,0.20447229
61,-0.15914863,0.12302072,0.21364819,-0.280241,-0.26069692,0.38573906,-0.5136261,0.32550308,0.23708925,-0.07348027,0.13032144,0.17008874,0.28892636,0.06763064,0.100055456,-0.205757,0.32596305,0.32647374,-0.43981388,0.37256882,0.10614311,-0.048480913,-0.09428454,-0.20572092,0.13722219,0.11391136,-0.36757565,-0.62444335,0.6643627,-0.32163355,-0.123187825,0.4692501,0.024591642,0.08934798,-0.075597584,0.464262,0.06530755,-0.19494872,0.14262855,-0.38716495,-0.2592491,-0.27317092,-0.18874592,-0.6137321,-0.30624855,0.10968545,-0.14286163,-0.21414109,0.018462736,-0.95859,0.16651164,0.03619742,0.055793468,0.91856366,-0.03608446,-1.9160253,-0.05146019,-0.16007751,1.6498538,0.23274454,-0.14224735,0.5297364,-0.377209,0.033778176,0.73745817,0.059806727,0.48079863,0.35562503,-0.058224265,-0.62127185,-0.3015088,-0.34328437,-0.08303228,-0.51911587,0.052559003,0.2540089,-0.12509328,0.0139883645,-0.4939598,-0.032561723,0.61715275,-0.12610613,-0.45593178,0.026681008,-1.3359237,-0.17638981,0.15047936,0.0841211,-0.31556106,-0.08887666,-0.19843628,0.08046769,0.16171001,-0.2887791,-0.4804551,-0.117513634,0.1387989,0.04073709,0.33855638,0.06982727
62,-0.2081409,0.20514128,0.2537956,-0.04606158,0.042659905,0.127697,-0.18266883,0.23927002,0.1769977,0.04318459,0.020572437,-0.056164216,0.1441953,-0.035026222,0.22792082,-0.39035183,0.20153126,0.21420966,-0.42278573,0.12209095,0.13725904,-0.11690688,0.16216813,-0.056688458,0.108595036,-0.0072089965,-0.20751706,-0.31438565,0.180441,-0.17611475,-0.15823622,0.6235701,-0.15934126,-0.059004255,0.07316838,0.32319188,-0.02501825,0.04174069,-0.033258162,-0.111355685,-0.23668478,-0.26722136,0.074673526,-0.42538074,-0.13668253,0.13653146,0.22165854,-0.3671608,-0.060445715,-0.69082123,0.10019695,0.09103804,0.14544056,0.96740496,-0.06631378,-2.004275,0.033114392,-0.15330052,1.6877034,0.16506438,-0.26644534,0.4395966,-0.21326712,0.06085006,0.74570143,-0.09523967,0.31715465,0.30187437,0.091315515,-0.49517062,-0.21441996,-0.4078026,0.024479695,-0.474065,0.30528226,0.13717979,-0.100308605,0.028185872,-0.6171991,-0.020744791,0.49146262,-0.15969144,-0.46389562,0.085714005,-1.3261542,-0.023896173,0.34490567,0.07164649,-0.2169907,-0.16880357,-0.1358579,0.0697434,-0.034572702,-0.29952782,-0.38578734,-0.08911281,0.12326431,-0.18788914,0.38814735,0.19193889
63,-0.059378583,0.4034879,0.29550508,-0.26021075,-0.1277681,-0.12933393,-0.35432836,0.2194999,-0.08849198,-0.20620115,0.13380457,0.03880958,0.41025499,0.109520175,0.17081165,-0.4405842,-0.03410867,0.1212126,-0.36364332,0.17167306,0.33269417,0.05384742,0.55782413,0.074196406,0.16430688,-0.12590174,0.07428033,-0.57490253,-0.13681518,-0.21416073,-0.08638975,0.22398482,-0.08675567,0.115597166,0.20226349,0.35989785,0.19820468,0.17516823,0.10065075,-0.20148183,-0.35566333,-0.29922333,-0.21517384,-0.44167086,0.102517664,-0.07737258,0.36993417,-0.33182865,0.027677113,-0.79595083,0.109066494,-0.31372067,0.005730916,1.0905617,-0.10090532,-2.1925166,0.05821875,-0.31191918,1.5763298,0.49677548,-0.293209,0.6746232,-0.33249506,0.10999325,0.6171438,-0.06653474,0.5694025,0.26636714,0.17909616,-0.33352518,-0.017345257,-0.44049332,-0.16672708,-0.36754343,0.100178786,-0.069243416,-0.025549004,0.1490133,-0.89473504,-0.11260041,0.64384246,-0.016448664,-0.5369658,0.054191995,-1.2937242,-0.23009165,0.1486714,-0.08116424,-0.2906934,-0.34608516,-0.32368973,-0.08878674,-0.3400701,-0.089005165,-0.758225,0.033077918,-0.22776842,-0.5392525,0.6603358,0.2926009
64,-0.09798107,0.266944,0.24872123,-0.16667153,0.07787172,0.2102062,-0.053134408,0.09744567,0.069366455,0.005056056,0.08360242,0.075224526,0.21190003,-0.1423087,0.10394159,-0.23511855,0.14256322,0.039964464,-0.24450243,0.18563366,0.18183184,0.0050697755,0.11176387,-0.015392979,0.24869177,-0.084652506,-0.21006167,-0.4288695,-0.0094392765,-0.08701283,-0.056631226,0.546888,-0.034464635,-0.04637165,0.1950257,0.2791596,-0.14600432,0.17617476,0.073551856,-0.09518381,-0.29952052,-0.16730163,0.23150308,-0.29454324,-0.07621684,-0.009876664,0.28666416,-0.3294997,-0.017944872,-0.6855374,0.07298121,-0.12607619,0.17539853,1.0111859,-0.18972388,-2.1490176,-0.056623336,-0.2558129,1.5595977,0.44450542,-0.15732992,0.6382931,-0.33423313,0.12027165,0.7198886,0.0055413987,0.45159498,0.24340123,0.15033178,-0.14493154,-0.10484103,-0.2175312,-0.10791915,-0.21483119,0.11799287,0.019115744,-0.14030056,-0.13757285,-0.8378705,-0.019573433,0.61704373,0.021712145,-0.47636417,0.08150447,-1.3009233,-0.18923864,0.13546078,-0.08987888,-0.2604218,-0.41615644,-0.049773265,0.03839529,-0.06737598,-0.09931029,-0.34380296,0.0055389833,-0.1566609,-0.23847163,0.41213557,0.14674647
65,0.018942203,0.09575284,0.24986544,-0.22908665,-0.109230995,0.091829866,-0.0667533,0.24677294,-0.027183142,0.0068643657,0.21353257,0.047370497,0.31750295,0.10663769,0.18754648,-0.34363818,0.15695815,0.17525046,-0.55880815,0.17948014,0.25340423,-0.042890467,0.26727325,0.07553968,0.19728811,-0.0812498,-0.1469712,-0.44009224,0.16787973,-0.16770068,-0.006318691,0.46506697,-0.0337678,0.051458407,-0.029461164,0.36923784,-0.016598905,0.2215185,0.0046199835,-0.19687526,-0.37275863,-0.2980559,0.19124794,-0.4026768,-0.097190864,-0.016625673,0.1504318,-0.45949528,0.14819059,-0.8741336,0.078930356,-0.027780535,0.15760477,1.1080377,-0.22504699,-2.2910721,-0.12198461,-0.21277697,1.603773,0.61978936,-0.1195181,0.6955766,-0.33854398,0.09446015,0.65054494,-0.0894052,0.47658536,0.32695448,0.17584425,-0.13144267,0.015144125,-0.33611402,-0.076981306,-0.43344927,0.11559167,0.19354978,-0.114075564,0.081946164,-0.8977182,-0.015794352,0.6124473,-0.025631854,-0.42414463,0.1747844,-1.4176155,-0.32434627,0.06672795,-0.21336447,-0.27197808,-0.2996665,-0.058461927,-0.15261124,-0.0095350025,0.07336353,-0.6063715,0.036744457,-0.14876002,-0.17994866,0.448162,0.19408989
66,-0.035935696,0.137201,0.38748792,-0.27764654,-0.0745611,0.03237601,-0.08597902,0.23651879,0.0093992585,-0.011042605,0.20568946,0.10396638,0.29282194,-0.005115843,0.1308187,-0.2556778,0.2621288,0.15190227,-0.5494891,0.22760953,0.21718192,-0.117729254,0.18871658,-0.05011884,0.10383256,-0.118191026,-0.050134387,-0.4820538,-0.0076060197,-0.22739498,0.05868787,0.5154371,-0.091812074,0.18881157,0.011408827,0.33886382,0.015811795,0.32838932,-0.04820459,-0.21547821,-0.48386768,-0.17534493,0.17067602,-0.39892584,-0.10559011,-0.043168318,0.27840272,-0.47650236,0.019946337,-0.84561694,0.13205741,0.046793308,0.22112143,1.0165441,-0.31474158,-2.2566895,-0.048357606,-0.25475848,1.6659658,0.6327209,-0.15530387,0.68482524,-0.27104697,0.23283426,0.9008132,-0.16838667,0.41916806,0.39717588,0.021376666,-0.24749003,0.020891886,-0.36489293,0.013403469,-0.39198473,0.18411751,0.15701027,-0.16827165,-0.010715054,-1.0469128,-0.0050977133,0.64314187,-0.05102869,-0.49433097,0.007912672,-1.4785403,-0.33916232,0.15290014,-0.12119756,-0.30618173,-0.3835337,-0.11681635,-0.2462245,-0.123894945,0.035310447,-0.49493816,-0.058308847,-0.21486697,-0.2646706,0.45445943,0.23410997
67,-0.18554,0.047152,0.34867,-0.23114,-0.26083,0.63108,0.55687,0.61622,-0.15437,-0.38381,0.12445,-0.26999,-0.29196,0.1125,0.36035,0.70689,-0.33891,-0.2695,0.17481,0.97048,0.23014,0.63168,-0.24543,-0.7289,0.32517,-0.21118,-0.80354,-0.59863,-0.10182,-0.87826,-0.80162,0.20999,0.64598,-0.38239,0.64512,0.73046,-0.19881,0.35717,0.19135,-0.43686,0.75956,-0.66431,0.34509,-1.0383,-0.50491,0.19976,-0.041208,0.16952,0.17821,-0.84249,0.21992,-0.16474,-0.24669,0.34117,-0.59713,-2.3434,0.31484,0.69668,0.53368,-0.62857,-0.197,0.52241,-1.5903,-0.16475,0.62553,-0.094116,0.0070705,0.22617,-0.45698,-0.53268,0.11573,-0.19052,0.28086,-0.5591,0.35291,0.42552,0.47334,-0.41046,0.47275,0.22753,-0.097073,-0.11809,-0.25613,-0.10689,-1.2788,-0.085504,0.20205,0.23338,-0.52939,-0.49492,0.15289,-0.31324,0.41248,-0.10425,-0.65246,0.48348,-0.54844,0.095473,-0.1142,0.32743
68,-0.16299778,0.1571136,0.45723858,-0.28157985,-0.013480163,0.29392415,-0.17242368,0.19162351,0.11122432,0.005261864,0.17851561,0.07027704,0.22590093,-0.0964358,0.09397121,-0.23917691,0.18287219,0.19737653,-0.34811434,0.29277745,0.1634056,-0.04267801,0.18979722,-0.083571084,0.31963503,0.051650543,-0.17000504,-0.41933104,0.012368835,-0.15757419,0.025106195,0.58388865,-0.07996385,-0.03649916,0.03467406,0.288929,-0.051792506,0.16262074,0.022902904,-0.2683107,-0.28518504,-0.109673485,0.14284678,-0.46394327,-0.14276777,0.10838329,0.17141859,-0.23686539,-0.14754875,-0.6836242,0.037774723,0.09625219,0.16227548,0.8888639,-0.2778492,-2.1612673,0.06705071,-0.077308714,1.4714975,0.36569542,-0.09404461,0.7016936,-0.1832997,0.13098907,0.7692345,-0.01099784,0.4390439,0.2952255,0.0022071907,-0.3571311,0.091770135,-0.24752024,-0.04847069,-0.27169138,0.13266571,0.185934,-0.16255039,0.0062160003,-0.7878767,-0.01599418,0.45166895,0.017935779,-0.50060827,0.18542565,-1.2264007,-0.07608638,0.0628412,-0.11905186,-0.08199395,-0.31258538,-0.08316197,-0.04849645,-0.034478903,0.038268667,-0.5071634,-0.20666379,-0.1508271,-0.2063713,0.47118276,0.29324555
69,-0.15950501,-0.177055,0.299195,-0.388485,0.14147499,-0.026421502,0.299615,0.261057,0.396865,-0.15153,0.701765,-0.45387,0.06789,-0.95859003,0.14407244,0.47629,-0.147636,0.617415,-0.1883505,0.83694005,0.080585,-0.213425,0.050070003,0.17706001,0.362454,0.78830004,0.34803,0.31413,-0.17065501,-0.29428,-0.22101499,0.88528895,-0.0043564998,0.016124994,0.4305135,-0.100625,-0.86318505,0.279665,0.21473,-0.625845,0.2314555,0.64751995,-0.11020651,-0.017952498,-0.153128,-0.010704994,0.12533501,-0.18946001,0.21927601,-0.114015,0.069019996,0.1489625,0.6994,0.276145,-0.10354501,-1.1993151,-0.25336498,0.27441952,0.59488,-0.06876,-0.36412,0.4225735,-0.38082,0.14910501,0.30401498,0.163237,0.227663,-0.1020725,0.692195,-0.18059301,0.78014,0.576985,0.275898,-0.267955,0.43134,0.64567006,-0.140705,-0.165723,-0.311975,-0.17288499,-0.040820003,-0.30602002,0.068500005,0.008146498,-0.5337885,-0.001334995,0.49739498,-0.34389502,-0.520865,0.1425855,0.57107997,0.73587,0.14934999,-0.17761949,-0.20923,-0.28897,-0.258165,-0.73263,0.65554,0.49232998
70,-0.13841331,0.16041793,0.29977894,-0.34780967,-0.14537196,0.26063326,-0.220699,0.23666082,-0.008114679,0.016696913,0.0932671,0.04717745,0.17373265,0.0059331427,0.062429246,-0.29051003,0.2564952,0.21350497,-0.48283058,0.18261012,0.17048796,-0.100432076,0.15336993,-0.06192805,0.10054965,-0.08728619,-0.19987166,-0.46424612,0.28120992,-0.21259758,-0.06412756,0.54574144,-0.08291027,0.06714746,0.08204871,0.3629325,-0.117048055,0.15319553,0.06480498,-0.24146393,-0.3170934,-0.21638621,-0.034881003,-0.5251114,-0.1766209,0.094369225,0.060733806,-0.3424713,-0.01818107,-0.76599616,0.10053005,0.05723319,0.12409639,0.92093754,-0.1262071,-2.1150758,0.007338528,-0.22475448,1.6134216,0.39881578,-0.16723455,0.66988295,-0.2844445,0.0647988,0.66341704,0.039786093,0.42512682,0.40201342,0.018743647,-0.30552956,-0.09064854,-0.31500337,-0.07024132,-0.5178947,0.112120144,0.10597206,-0.15784013,-0.0543233,-0.67875963,-0.028296113,0.55229264,0.06065381,-0.5209052,0.023339942,-1.4100357,-0.25229657,0.2928568,0.04629471,-0.23739555,-0.2796009,-0.09565833,0.032808647,0.048828498,-0.17788321,-0.46722504,-0.107974775,0.008741343,-0.15384328,0.44828787,0.1958982
71,-0.11286489,0.06269691,0.35905078,-0.2963782,0.046974294,0.13632858,-0.06958026,0.22078407,0.0134901395,0.055053238,0.14747244,0.060736533,0.2618595,-0.040455922,0.06325475,-0.24003562,0.164938,0.1001551,-0.25195587,0.23240481,0.22452551,-0.027260233,0.17797492,0.012438028,0.26829138,-0.07731374,-0.14060348,-0.33675522,0.086746454,-0.20092346,-0.038990054,0.51028603,-0.018128987,0.090644464,0.037708458,0.32414088,-0.02840809,0.21193796,-0.056158528,-0.17569369,-0.30918136,-0.21099426,0.1907467,-0.3506657,-0.0023635516,0.031891707,0.13818775,-0.33697966,0.007169721,-0.65888244,0.06933037,0.009631232,0.17950167,0.91930413,-0.27476686,-2.1688092,-0.10912753,-0.11221875,1.5665774,0.4861736,-0.10961984,0.65125746,-0.24087465,0.12593769,0.6697066,-0.0908001,0.34220108,0.37024096,0.09841923,-0.23087418,-0.012218691,-0.20186225,-0.046275664,-0.2966797,0.20414314,0.20910154,-0.13682877,0.026933555,-0.80775285,0.02381614,0.49567455,-0.042624544,-0.40379927,0.056887593,-1.2606053,-0.23346512,0.15261409,-0.12341825,-0.16600278,-0.2765327,-0.036281466,-0.0739237,-0.037970915,0.016856126,-0.4897152,-0.018910708,-0.0406044,-0.16384904,0.44415787,0.21566688
72,-0.23604813,0.01956325,0.41415998,-0.23676501,0.014802501,0.21788499,0.0017050058,0.020658746,0.26674324,-0.11662163,0.17128225,0.0830826,0.091813885,-0.020497862,0.21837813,0.056856245,0.36695737,-0.035419874,-0.20483224,0.35196075,0.22018287,0.05733125,0.11896914,0.23893042,0.32138026,-0.139944,-0.094087735,-0.31807712,-0.004745759,-0.26441824,-0.22591673,0.55249,-0.08604486,0.08146401,0.03741956,0.21648063,-0.19833146,0.08112899,0.019460384,-0.15166876,-0.25465372,-0.16965279,0.25427002,-0.37125325,-0.2091175,0.06557352,0.17419575,-0.25147176,0.10674375,-0.63021874,0.11897512,-0.13859999,0.27861625,0.9477038,-0.3282075,-2.274748,-0.0039546248,-0.031604003,1.5619411,0.35033235,0.035011884,0.5397251,-0.30936962,-0.021510955,0.6522509,0.022448849,0.41854247,0.20403823,0.20134476,0.025931247,-0.19428612,-0.1720066,-0.040426247,-0.3499036,0.089259505,0.016601998,0.07121825,-0.10384349,-0.81134874,0.047296003,0.43992,-0.054101877,-0.33336747,0.02743838,-1.1660175,-0.13072538,0.19329202,-0.121197134,-0.109374374,-0.37409452,0.08096424,0.13520312,0.009873752,0.14152499,-0.25532576,-0.17904775,0.121126994,-0.5150675,0.36131877,0.15174001
73,-0.09535081,0.13286233,0.41462335,-0.33020487,-0.27437755,0.3263493,-0.15500566,0.17199333,0.14562276,-0.076601714,0.2925452,0.05675046,0.22004908,0.035773497,0.0051323334,-0.26395708,-0.116497435,0.10491005,-0.30233645,0.46762767,0.16525605,0.17981784,0.105380856,-0.13583891,0.10979466,0.022479324,-0.08694786,-0.4978819,0.1947207,-0.16646312,-0.18870236,0.52832353,0.010574374,-0.051067863,0.1265066,0.2737481,-0.15416916,0.14774634,0.048852857,-0.2866609,-0.40367457,-0.089588195,0.09644426,-0.35766912,-0.29207915,-0.07964569,0.32550046,-0.36887947,-0.113846816,-0.86496747,0.12858412,-0.042173788,0.18970886,0.89201576,-0.37530753,-2.235526,-0.051354654,-0.014364476,1.3747523,0.5536504,-0.10644005,0.87633324,-0.33728728,-0.22848229,0.77079153,0.008346907,0.4689748,0.254967,0.13205935,-0.17007008,0.0942369,-0.3385343,0.089394756,-0.48844475,0.33950272,0.18615887,-0.06552967,-0.005794234,-0.8583176,0.0024833332,0.5447447,-0.26364142,-0.5453543,0.21234074,-1.357541,-0.24265167,-0.06654829,-0.1693964,-0.26019955,-0.5326963,-0.08365451,-0.15060751,-0.038385432,0.1437447,-0.4652125,0.084425285,-0.35976028,-0.30563733,0.26770702,0.32413292
74,0.090323724,-0.03862558,0.11871,-0.108788006,0.03030875,-0.20721428,-0.2972577,0.24279,0.25253388,0.12476085,0.1881373,0.15702415,0.238592,-0.16435201,0.43165,-0.07397671,-0.031540122,0.19481656,-0.18215813,-0.1460659,0.4283456,-0.06983798,0.12950715,0.051414557,0.101751864,-0.007085142,0.08687029,-0.28392586,-0.2889443,-0.31616968,0.18590002,0.33438447,-0.1482214,-0.107622854,-0.060315426,0.37437996,-0.18818913,-0.16111569,0.032067854,-0.55826855,0.059167583,-0.24217013,-0.37213388,-0.13441858,0.032783616,-0.09495499,0.16385,-0.33148044,-0.16029571,-0.7956786,0.30414972,0.09912603,0.08503143,0.8801895,-0.119611435,-1.63974,-0.16754958,0.02034757,1.2864057,0.129247,-0.22019143,0.46397886,-0.050258312,0.09109729,0.14218199,-0.104065284,0.44015,-0.035192575,0.29435402,-0.44985285,-0.1801577,-0.2075743,0.051397,-0.28653142,-0.011700914,0.25965133,0.1225731,-0.03806771,-0.8540114,-0.18094043,0.53348047,0.06203286,-0.24401085,-0.084370956,-1.0481828,-0.5292434,0.07115586,-0.06829214,-0.086800575,-0.122625284,-0.14235714,0.29829285,0.0087901475,-0.13605894,-0.31326002,-0.21680214,0.108941436,0.0073707188,0.38822475,0.23102672
75,-0.040208776,0.24221146,0.28292084,-0.30634052,-0.19651797,0.06500288,-0.09202292,0.17952976,0.041618604,0.007685304,0.13254197,-0.0073726317,0.2120168,0.016163632,0.15663397,-0.29776758,0.045872714,0.19800538,-0.33097875,0.27703798,0.15927537,-0.0071970713,0.10639948,-0.05033413,0.19495933,0.10841035,-0.2655167,-0.5011344,0.044182245,-0.1384416,-0.013702085,0.6638953,-0.09536737,0.0006706822,0.2309753,0.37396312,-0.1402802,0.2021412,0.08631807,-0.33502322,-0.17917533,-0.27075297,0.2889441,-0.48559684,-0.1834355,-0.078640215,0.16128305,-0.3632415,0.07885726,-0.8581023,0.0962222,0.047339205,0.14211525,1.0457952,-0.18841836,-2.2025492,-0.04491944,-0.020627175,1.6460683,0.45902497,-0.053439666,0.63051045,-0.36346602,0.024859728,0.733182,-0.093518175,0.5462403,0.34716144,0.06421258,-0.26248494,-0.09515202,-0.25798008,0.059062693,-0.3361581,0.19188502,0.22152697,-0.12708557,-0.020724954,-0.80971473,-0.030372744,0.6543688,-0.14566128,-0.46395928,-0.091049224,-1.5109228,-0.24215372,0.10984656,-0.17724557,-0.2984599,-0.35019043,-0.10812053,-0.047811408,-0.0025261748,-0.07971479,-0.521782,0.025276734,-0.0211682,-0.20955642,0.39038047,0.2484974
76,-0.20592114,0.255002,0.37054354,-0.27969283,-0.29189247,0.15127215,-0.23390658,0.23613243,-0.059345715,0.007824426,0.041165713,0.07027229,0.44779077,-0.022782568,0.05351501,-0.30839857,0.048924275,0.21398571,-0.55453146,0.25060746,0.34537342,-0.063938715,0.24525559,-0.092166,0.18746567,-0.051252287,-0.218811,-0.5615501,0.0030648496,-0.34603715,-0.09728142,0.6067986,-0.202334,0.003700284,0.077684574,0.45181146,0.10735847,0.15298972,-0.2218103,-0.21392402,-0.35084286,-0.2387619,0.018028859,-0.5642872,-0.32062298,0.004710174,0.26457286,-0.35728714,-0.013835435,-0.9218814,0.06856514,-0.027595712,0.090755716,1.2576087,-0.08819228,-2.617243,0.119709566,-0.20034215,1.6816714,0.5932952,-0.19055787,0.9160843,-0.192179,0.04997271,0.695916,0.13414729,0.5488557,0.3657557,0.19150813,-0.2723029,0.030928569,-0.53461784,0.0011321434,-0.32178283,0.03398529,0.124092795,-0.32378188,-0.020192858,-0.8332822,0.157462,0.61812717,-0.032611016,-0.5753457,0.24819984,-1.6155142,-0.11036444,0.3684838,0.01551643,-0.36399728,-0.3980163,-0.19592428,-0.27789614,-0.23455088,-0.12688044,-0.52413857,-0.10693742,-0.3795607,-0.42848387,0.5056257,0.38927087
77,-0.24812184,0.05070242,0.2455643,-0.2854977,0.11111044,0.027036855,-0.22086899,0.25586444,0.20008543,-0.07406571,0.2550157,-0.14558128,0.46178573,-0.27558273,0.21244028,0.013546436,0.372701,0.18599014,-0.28292042,0.17892456,0.105428375,-0.22348514,0.09403859,0.39713404,-0.083770216,-0.08180143,-0.045778666,-0.33219147,0.037485685,-0.16445029,-0.043615554,0.6194071,-0.228038,0.22487643,0.34651858,0.4597264,-0.36102816,0.07325657,-0.19003116,-0.2812946,-0.17740986,-0.09200572,-0.16885856,-0.35618144,-0.036960002,0.011487459,-0.035279255,-0.43077612,0.3097077,-0.6449828,0.15347429,-0.045685433,0.12040917,0.89670575,-0.023552706,-1.8004415,-0.11993855,-0.08576286,1.2545029,0.2903957,-0.24603857,0.51149386,-0.20950587,0.09973229,0.49692145,0.023694575,0.030324291,0.2698443,0.18802772,-0.11577257,0.17630999,-0.17105855,-0.004221,-0.53779185,0.08410914,0.1583957,-0.07480632,-0.020310998,-0.68733996,-0.30421415,0.36748976,-0.3829871,-0.26486716,-0.006645856,-0.9860982,-0.18549713,0.17213069,-0.22854714,-0.31018355,-0.17642286,0.17277285,0.22705987,-0.14029571,-0.2869394,-0.28116485,-0.109991424,0.023550427,-0.0030128616,0.68520564,0.20243715
78,-0.10904338,0.31446654,0.14469579,-0.18725662,0.07005304,-0.12100155,-0.1407295,0.08427903,-0.2458046,-0.09910009,0.06796954,-0.27578792,0.2459953,0.03383177,0.14595987,-0.3502779,0.19600977,0.15020546,-0.2644324,0.30150262,0.1959569,0.04462041,0.2633401,-0.042777043,-0.004871094,-0.08478999,-0.13159208,-0.32030863,-0.15792334,-0.11518255,-0.027788788,0.46592852,-0.27165374,-0.12371763,0.211232,0.43069637,0.12224293,0.18900006,-0.26224434,-0.21440177,-0.22416079,-0.37401548,0.008607288,-0.380487,0.065455444,-0.0071284138,0.20445435,-0.277427,0.085967995,-0.7579429,0.020148544,0.0754445,0.067749076,0.8981068,-0.13254814,-2.0579324,-0.13398077,-0.18241222,1.6925124,0.24564952,-0.048930287,0.7833418,-0.16447,0.22364509,0.6162098,-0.119030304,0.42451704,0.17483668,0.39689693,-0.37128878,-0.122047506,-0.1711481,-0.022522435,-0.27222434,0.20950873,0.12653679,-0.19853844,0.11293583,-0.7537277,-0.054567546,0.7832685,0.08642226,-0.41766095,0.24448438,-1.4799079,-0.13836867,0.095580034,-0.23257194,-0.25180435,-0.28924945,-0.03919873,-0.13355525,-0.12739645,-0.18806027,-0.78683615,-0.057751093,-0.39888242,-0.37279835,0.63265234,0.26629186
79,0.0,0.0,0.0,0.0,0.0,0.0,0.0,0.0,0.0,0.0,0.0,0.0,0.0,0.0,0.0,0.0,0.0,0.0,0.0,0.0,0.0,0.0,0.0,0.0,0.0,0.0,0.0,0.0,0.0,0.0,0.0,0.0,0.0,0.0,0.0,0.0,0.0,0.0,0.0,0.0,0.0,0.0,0.0,0.0,0.0,0.0,0.0,0.0,0.0,0.0,0.0,0.0,0.0,0.0,0.0,0.0,0.0,0.0,0.0,0.0,0.0,0.0,0.0,0.0,0.0,0.0,0.0,0.0,0.0,0.0,0.0,0.0,0.0,0.0,0.0,0.0,0.0,0.0,0.0,0.0,0.0,0.0,0.0,0.0,0.0,0.0,0.0,0.0,0.0,0.0,0.0,0.0,0.0,0.0,0.0,0.0,0.0,0.0,0.0,0.0
80,-0.079632,0.16585752,0.3100431,-0.2207525,-0.2272096,0.18386933,-0.09609461,0.14484832,0.121434696,0.024051948,0.13834116,0.122586675,0.19981492,-0.017135968,0.08568753,-0.15766001,0.12075896,0.15214097,-0.39268097,0.2397104,0.15395202,0.11053532,0.0642915,-0.10047708,0.13728268,0.011645184,-0.22278237,-0.38483924,0.13487038,-0.14170279,-0.049749278,0.593526,0.01730175,0.056711327,0.01457447,0.24556132,-0.12129222,0.014434325,0.19172442,-0.26742974,-0.31969935,-0.19344558,0.1600698,-0.39575836,-0.30268925,-0.06269071,0.08774489,-0.29999477,0.048949994,-0.87062365,-0.06589626,-0.045191538,0.11521921,0.90979606,-0.11582736,-1.9899728,0.03395279,-0.04247678,1.2185205,0.37645748,0.045754068,0.67889166,-0.32178885,0.010175577,0.72636575,0.031626668,0.39244297,0.3182614,0.096950896,-0.18939856,0.02890639,-0.2118632,0.004548473,-0.4066275,0.10732035,0.11570392,0.019405754,-0.09141358,-0.6299566,-0.06279187,0.46286508,-0.17000961,-0.4662271,0.040448215,-1.1654085,-0.10897888,0.15689072,-0.17110503,-0.32978168,-0.32433423,-0.05180126,0.045879927,0.17482804,-0.14951217,-0.28623945,-0.15370102,-0.10219499,-0.33069128,0.27624038,0.28954217
81,-0.14644669,0.20005126,0.42081094,-0.09911611,-0.02857379,0.114064336,-0.065944456,0.17404795,0.10607547,0.015619728,0.1717173,0.13545553,0.2099569,0.104085386,0.106548615,-0.17685477,0.11973478,0.17604221,-0.37451813,0.2972811,0.28108856,-0.038854644,0.077980876,0.013102228,0.11395664,0.061116334,-0.009770539,-0.3472309,0.069547206,-0.25214094,0.04055495,0.46574688,-0.07556645,0.12508333,-0.010790877,0.40513945,-0.01879691,0.112328544,-0.077947944,-0.33494455,-0.2788729,-0.18493748,0.073967546,-0.3850191,-0.15149593,0.08579624,0.044346247,-0.14718074,-0.101700716,-0.63634175,0.09080477,0.019779915,0.14542294,0.8754812,-0.22496837,-1.90166,0.00025626746,-0.07190415,1.4812589,0.35063574,-0.344607,0.61583424,-0.29856005,0.037544873,0.6770296,0.12901571,0.44545725,0.3613706,0.08579275,-0.16462758,-0.0017580286,-0.21348995,-0.045538023,-0.4805671,0.1733543,0.05436856,-0.13563731,0.0026746062,-0.6544386,-0.07161778,0.40110883,-0.25257918,-0.38763902,0.113987155,-1.2049593,-0.104066744,0.16621993,-0.26718256,-0.10779226,-0.29014927,-0.18985794,0.060591567,-0.07743246,0.084168464,-0.3366981,-0.10026835,-0.12859842,-0.21582471,0.4813606,0.10984743
82,-0.039528843,0.15700468,0.27761942,-0.19502212,0.10725916,-0.002273851,-0.2781337,0.20781876,0.008218862,0.052287895,0.1161387,0.042514212,0.088337734,0.048397675,0.16697228,-0.45355105,0.23009762,0.19988638,-0.36740988,0.2844678,0.2222826,-0.06340446,0.12864812,0.08474497,0.08921981,-0.1621297,-0.1392898,-0.41562983,-0.05991472,-0.20259692,-0.03409111,0.44558525,-0.10209384,-0.04871591,0.027835371,0.34136695,0.0018572949,0.09855018,-0.03643913,-0.24330336,-0.23997383,-0.3622868,0.018029457,-0.33889735,-0.14168093,-0.051809456,0.119734146,-0.4583178,-0.019148258,-0.79812133,0.13628717,-0.084122255,0.07677357,1.0128429,-0.25064975,-1.9537596,0.03034671,-0.3004105,1.7104896,0.44800493,-0.123248816,0.3088818,-0.24527359,0.08663132,0.65280515,-0.109388955,0.27571517,0.1733592,0.41774315,-0.33432764,-0.00010237227,-0.36898488,-0.07951886,-0.2169579,0.13114949,0.12890624,-0.07710905,0.048134126,-0.8571487,-0.02447623,0.6210989,0.08338186,-0.40434167,-0.03604097,-1.3337387,-0.24776076,0.014878654,-0.2587254,-0.13155751,-0.31798083,-0.17893654,-0.11322705,-0.15804735,-0.13151,-0.56352144,-0.07925356,0.052913476,-0.16758396,0.5951987,0.10110389
83,0.017895145,0.24120657,0.59190285,-0.37790543,-0.0052834298,0.2914657,-0.15704107,0.13149858,-0.22981958,0.013233998,0.08494585,0.16685326,0.09348142,0.18443571,0.3360769,-0.23514856,-0.040583424,0.054815274,-0.21394543,0.351018,0.31143528,0.5065534,0.06849271,-0.27837786,0.07643429,-0.12791143,-0.082392864,-0.36951143,0.09617857,-0.19678286,-0.136637,0.30457616,0.187004,-0.106645405,-0.02327271,0.24917743,-0.25081056,0.34174427,0.05720771,-0.061616275,-0.35741585,-0.30910414,0.14215997,-0.5634214,-0.21889412,-0.1291957,0.10395085,-0.098788574,0.023080284,-0.81980574,0.17840998,-0.17089714,0.06475609,0.82774717,-0.18810856,-2.3823717,-0.15393129,-0.049030278,1.6258887,0.30198985,-0.056716423,1.1323857,-0.46648145,0.13309248,0.50667,0.05518084,0.71428436,0.11641272,0.1327407,-0.06055,0.08423157,-0.16744158,-0.16340144,-0.1701883,0.15926428,0.3181643,-0.086332284,-0.10044442,-0.93706757,0.23720685,0.47509903,0.08840486,-0.53993285,0.024440745,-1.2433958,-0.022191858,-0.09730842,-0.278284,-0.42091057,-0.5251757,0.1171027,-0.06855685,-0.13582113,0.03971529,-0.38157716,-0.13565956,-0.20268415,-0.15015057,0.58348286,0.40004572
84,-0.11989106,0.13032033,0.3796546,-0.2593334,0.25195,0.2729554,-0.19383027,0.1842,-0.014111741,-0.033018585,-0.07445495,-0.010770941,0.16251248,-0.072867796,0.28873786,-0.06599212,0.23138301,0.093702875,-0.10464785,0.055900134,0.37161282,-0.094030194,0.18646601,0.073986396,0.37282786,0.044087406,-0.041126136,-0.18520533,-0.083944336,-0.11296692,-0.16088347,0.44684353,0.022859802,0.12432026,0.06233813,0.38040242,-0.12035701,0.14307848,0.14789326,-0.20626965,-0.27444413,-0.2721758,0.066948764,-0.21604133,-0.15204214,0.042716756,0.09343279,-0.18120494,-0.020296387,-0.607524,-0.045872398,-0.046939373,0.23142675,1.101502,-0.2997596,-2.5231614,-0.0601264,-0.10360207,1.581902,0.32500798,-0.1358497,0.7837,-0.29576677,0.12310836,0.69574934,0.080760464,0.29107237,0.13960364,0.067344666,-0.19939846,0.02176106,-0.25368202,-0.08130535,-0.44387102,0.13980159,0.075973794,-0.19900732,-0.020323675,-0.5968347,-0.14273767,0.37498853,-0.0037091335,-0.4757046,0.16734262,-1.0682491,-0.055589125,0.13177077,-0.12980674,-0.09154406,-0.2127988,-0.03581593,0.110980004,-0.16484204,0.18572947,-0.28332046,-0.056098465,-0.28564936,-0.3461715,0.60492,0.24763131
85,-0.019119836,0.23715182,0.3297565,-0.34669286,0.14650917,0.14327206,0.0021132147,0.22932413,0.008263374,-0.053188175,0.1211049,0.07566481,0.17882274,0.018330116,0.14458035,-0.14786837,0.23532614,0.12334562,-0.42836097,0.16672069,0.20642404,0.03461983,0.07248492,-0.0697021,0.2018519,-0.0011956585,-0.23453768,-0.45926312,0.033513743,-0.28953245,-0.08311687,0.634775,0.034948867,0.10396815,0.14693002,0.33285892,-0.10850178,0.32473937,-0.09359652,-0.2614879,-0.2102799,-0.20919298,0.321661,-0.4936625,-0.09247052,-0.10195023,0.060552858,-0.3305671,0.11039058,-0.73456556,0.13627794,0.07115619,0.19778004,0.8045051,-0.30424157,-2.2236404,-0.058268286,-0.12990843,1.6431185,0.35169375,-0.15392135,0.64375633,-0.37707096,0.07808761,0.6809297,-0.094543464,0.48591372,0.25142062,0.12574491,-0.33411098,-0.0814204,-0.34125003,0.03322211,-0.24945365,0.10441403,0.26176152,-0.20876709,-0.013108034,-0.83771724,-0.038201373,0.5478683,-0.0005084686,-0.35031095,-0.0554509,-1.2516701,-0.2386076,0.1501017,-0.15880719,-0.18247135,-0.43430188,-0.15090263,-0.15026018,0.03219875,-0.15271941,-0.60292846,-0.08223902,-0.08743605,-0.25069833,0.5119478,0.23304263
86,-0.081656605,0.16715786,0.36678627,-0.3267209,-0.20789583,0.2726795,-0.05914395,0.24541856,0.030568065,0.012430145,0.21375054,0.16082437,0.26465285,0.050142895,0.10380399,-0.26786694,0.1478643,0.18725727,-0.5305938,0.24984662,0.17542021,0.015870156,0.14699185,-0.026063059,0.21439621,0.059220407,-0.20464416,-0.5386979,0.25632137,-0.22963873,0.02513669,0.59961313,0.055073287,0.13903044,0.064725876,0.36999094,-0.16473836,0.20776962,0.08766461,-0.20115896,-0.34782937,-0.17200954,0.15570413,-0.5540601,-0.15673108,0.01956823,0.11574467,-0.3057745,0.024037888,-0.8536229,0.06352321,0.032657165,0.1710302,0.99419224,-0.3025038,-2.20343,-0.015440211,-0.07048238,1.5187669,0.48987672,-0.05409253,0.81115896,-0.4283362,0.121900216,0.7626894,-0.025334744,0.4853893,0.4222365,0.028589081,-0.1483173,-0.02156343,-0.28963175,0.043406077,-0.37035865,0.18166777,0.19663094,-0.21510725,-0.061586183,-0.7591762,-0.079329334,0.54743797,-0.099363334,-0.48238486,0.054837327,-1.3581188,-0.22417353,0.1379804,-0.19325061,-0.31578556,-0.39471614,-0.13442773,-0.20189409,0.048863903,-0.034767933,-0.47524127,-0.05474705,-0.045438178,-0.20773804,0.38557425,0.19746523
87,0.0,0.0,0.0,0.0,0.0,0.0,0.0,0.0,0.0,0.0,0.0,0.0,0.0,0.0,0.0,0.0,0.0,0.0,0.0,0.0,0.0,0.0,0.0,0.0,0.0,0.0,0.0,0.0,0.0,0.0,0.0,0.0,0.0,0.0,0.0,0.0,0.0,0.0,0.0,0.0,0.0,0.0,0.0,0.0,0.0,0.0,0.0,0.0,0.0,0.0,0.0,0.0,0.0,0.0,0.0,0.0,0.0,0.0,0.0,0.0,0.0,0.0,0.0,0.0,0.0,0.0,0.0,0.0,0.0,0.0,0.0,0.0,0.0,0.0,0.0,0.0,0.0,0.0,0.0,0.0,0.0,0.0,0.0,0.0,0.0,0.0,0.0,0.0,0.0,0.0,0.0,0.0,0.0,0.0,0.0,0.0,0.0,0.0,0.0,0.0
88,0.0006964922,0.1557706,0.2090588,-0.17558268,-0.0837716,0.104049504,-0.16792941,-0.06022061,-0.2407445,-0.09069191,0.09093629,-0.122329116,0.1526323,0.113085195,0.08576869,-0.28853822,0.091796204,0.32699904,-0.3381755,0.41266125,0.024345998,0.08732819,-0.17372361,-0.051110793,0.15333167,0.148783,-0.31320885,-0.3140734,0.0962667,-0.1023706,-0.10682299,0.48186475,-0.0357605,-0.122456595,0.035721004,0.3823132,-0.059575003,0.277381,-0.080099,-0.27436098,-0.25614098,-0.1932135,0.27684122,-0.30122602,-0.23619401,-0.05444339,0.21075568,-0.3916057,0.07338479,-0.73865896,-0.19199291,0.0632655,0.057202704,0.9366301,-0.17655511,-2.0321739,0.11176171,-0.0577252,1.4250456,0.24364069,0.053061813,0.9032507,-0.35396206,0.3967598,0.55486405,-0.08094852,0.70483303,0.3405349,0.18787502,-0.26872298,0.0226646,-0.113941595,0.1330027,-0.3816407,0.2307448,0.2920919,-0.09811179,0.07202451,-0.69365597,0.011971398,0.68956,0.2343539,-0.21962747,0.275947,-1.2892921,-0.11909491,-0.1355274,-0.2419068,-0.36832398,-0.3840816,-0.1682366,-0.16453099,0.16722551,0.0317768,-0.7104681,-0.16367769,-0.34161073,-0.3160064,0.471251,0.3609642
89,0.18143581,0.1960458,0.46488,-0.434338,-0.058495194,0.373862,-0.30585,0.214643,0.069959,-0.14088199,0.24080479,0.345918,0.15030761,0.15937015,-0.0494462,-0.39440802,-0.069172,0.24682398,-0.2860546,0.33639604,0.1485536,0.2827918,-0.09510781,-0.055618,0.037890196,0.2363008,-0.46239004,-0.871916,0.236004,-0.2358958,0.19437401,0.578524,-0.012703997,0.048609998,-0.148255,0.345502,-0.320872,0.29439202,-0.21115604,-0.099738,-0.27325898,-0.282938,0.410182,-0.42536402,-0.35268003,-0.20067199,-0.035404794,-0.41416565,0.0333382,-1.05795,-0.045426775,0.17619002,0.15294757,1.063916,-0.126744,-2.5499399,0.11937908,-0.218396,1.8468599,0.3955148,0.1875314,0.81972396,-0.37223202,0.23896742,0.758314,0.0877032,0.599288,0.397838,0.0268054,-0.20623179,-0.0471014,-0.2258708,-0.019252997,-0.628252,0.1317482,0.262748,-0.316714,-0.0945196,-0.78633004,0.032478202,0.656672,0.2143372,-0.488624,-0.1710722,-1.499794,-0.15420601,-0.043284,0.0055103614,-0.4444942,-0.3244952,-0.37656322,-0.1852068,0.25286,-0.16568801,-0.48853403,-0.37359437,0.0063114064,0.0049699903,0.40193862,0.3305758
90,-0.055638365,0.18075559,0.19863114,-0.2718372,-0.040522788,0.34876415,-0.1684978,0.3567228,0.07199924,-0.038779862,0.19079638,0.3381075,0.32728314,0.085765235,0.065039925,-0.15330778,0.10485636,0.2767137,-0.4409694,0.33992285,0.30517957,0.099614225,0.21969192,-0.14809866,0.07639982,-0.07516267,-0.16707328,-0.3018482,0.13838415,-0.29450235,-0.00043392714,0.2737435,-0.0008462199,0.023133585,0.060958523,0.21854071,-0.04461651,0.021779865,-0.035468213,-0.12134644,-0.10582609,-0.19382091,-0.11474063,-0.35364002,-0.18042958,-0.1316075,0.03632571,-0.15769167,-0.12707856,-0.5154881,0.0034736544,-0.029662346,0.022859288,0.97631073,-0.14619863,-1.9182942,-0.15317746,-0.055802293,1.194965,0.4024529,-0.27553004,0.46835074,-0.16959806,0.10409064,0.4041521,0.13565914,0.60358804,0.18869378,-0.018316017,-0.022378359,-0.20127286,-0.14504042,-0.068119444,-0.43529144,0.10815614,0.053115994,-0.12500393,-0.17185913,-0.59852934,-0.007279507,0.7436003,0.13406344,-0.4858242,-0.08358502,-0.9466771,-0.24247085,0.11584115,-0.027976504,-0.16638479,-0.14539716,-0.035914503,-0.13655612,0.091478765,-0.06901918,-0.38441926,-0.019550925,-0.07318121,-0.031359065,0.4372022,0.11130764
91,-0.14240532,0.27518252,0.44039366,-0.33259755,-0.24066086,0.20124453,-0.10834485,0.2036065,0.29277715,-0.057327904,0.3411599,0.1415702,0.12315847,-0.20831232,-0.019812474,-0.12612768,0.12670991,0.3660316,-0.50773543,0.3250134,0.038297586,0.04175842,0.028767312,-0.021414371,0.08917823,0.13439783,-0.17668284,-0.51831365,0.1344873,-0.23725753,-0.10522059,0.7859506,0.09539515,0.046236373,0.1838911,0.44761497,-0.18210748,0.1528611,0.22629195,-0.2896975,-0.15238519,-0.049414862,0.07709783,-0.43588322,-0.45959735,-0.021475727,0.14573924,-0.40747634,-0.05092398,-0.87663853,0.11168495,0.14425085,0.12790875,0.82339054,-0.22016034,-2.386717,0.064474,-0.010596161,1.6861299,0.43138605,-0.12102646,0.85058033,-0.39615798,-0.07644751,0.8398344,0.19839647,0.4318568,0.36625317,0.05820994,-0.25995186,0.13621671,-0.14320368,0.14864531,-0.462767,0.11616775,0.17604901,-0.11796069,-0.07727569,-0.65521467,-0.13207911,0.41627982,-0.23099262,-0.56428194,0.015469216,-1.3931471,-0.1407743,0.14425007,-0.187581,-0.43143046,-0.29628882,-0.037049323,0.16261722,-0.0071478398,-0.1591459,-0.30488187,-0.11785843,-0.1187092,-0.3134121,0.55601245,0.40531158
92,-0.030769,0.11993,0.53909,-0.43696,-0.73937,-0.15345,0.081126,-0.38559,-0.68797,-0.41632,-0.13183,-0.24922,0.441,0.085919,0.20871,-0.063582,0.062228,-0.051234,-0.13398,1.1418,0.036526,0.49029,-0.24567,-0.412,0.12349,0.41336,-0.48397,-0.54243,-0.27787,-0.26015,-0.38485,0.78656,0.1023,-0.20712,0.40751,0.32026,-0.51052,0.48362,-0.0099498,-0.38685,0.034975,-0.167,0.4237,-0.54164,-0.30323,-0.36983,0.082836,-0.52538,-0.064531,-1.398,-0.14873,-0.35327,-0.1118,1.0912,0.095864,-2.8129,0.45238,0.46213,1.6012,-0.20837,-0.27377,0.71197,-1.0754,-0.046974,0.67479,-0.065839,0.75824,0.39405,0.15507,-0.64719,0.32796,-0.031748,0.52899,-0.43886,0.67405,0.42136,-0.11981,-0.21777,-0.29756,-0.1351,0.59898,0.46529,-0.58258,-0.02323,-1.5442,0.01901,-0.015877,0.024499,-0.58017,-0.67659,-0.040379,-0.44043,0.083292,0.20035,-0.75499,0.16918,-0.26573,-0.52878,0.17584,1.065
93,-0.007093978,0.057765327,0.31284517,-0.2877854,-0.048916604,0.2601786,-0.06115035,0.3294229,0.052630387,-0.03331264,0.23030993,0.07381859,0.18979326,0.024724502,0.120611325,-0.28643864,0.1913465,0.09829857,-0.35680264,0.20073111,0.20666356,0.10918448,0.13698354,0.037998058,0.14062364,-0.035370924,-0.20113711,-0.34170872,0.13265327,-0.17752348,-0.05382635,0.54821897,-0.09751365,-0.019434135,0.067189835,0.24634972,-0.1453302,0.11224856,0.009679461,-0.17975725,-0.2960557,-0.19677776,0.14277227,-0.34943384,-0.17732528,0.019243859,0.083128855,-0.33518076,0.1346257,-0.7628335,0.08967714,-0.04307083,0.1711916,0.95490533,-0.1877671,-2.0215447,-0.12518601,-0.10508142,1.4253637,0.37496445,-0.04808456,0.6069411,-0.32636303,0.072475836,0.60937595,-0.044935025,0.49715596,0.28645924,0.14117584,-0.18218456,-0.09126614,-0.21812506,0.010547077,-0.35811606,0.1315303,0.13690317,-0.18412416,-0.16672653,-0.69577646,-0.059514105,0.57656705,0.017647732,-0.3925508,0.057007335,-1.2350507,-0.2340728,0.13693863,0.025599033,-0.2780359,-0.39979726,-0.0469812,-0.0348477,0.030894026,-0.074989215,-0.48886603,-0.022482727,-0.03581848,-0.11125467,0.35550398,0.18889812
94,-0.5891333,0.49563798,0.29616368,-0.102178,-0.13936266,0.106823005,-0.33692232,0.045785666,0.08858866,0.21367265,-0.013758992,0.15842833,-0.23914666,-0.29689667,0.07754667,-0.51189,0.15854666,0.14585,-0.39483902,0.45389664,0.22729333,-0.12192333,0.13327016,0.053910997,-0.023720501,-0.088325344,-0.05864534,-0.57853,0.26880732,-0.37362,-0.21591167,0.62547,-0.45826998,-0.11775433,-0.50139666,0.542594,0.127812,0.182317,-0.16291933,0.06752733,-0.21566999,-0.9592333,-0.34224,-0.82921004,-0.15596335,0.230249,0.25734332,-0.5098067,0.14928333,-1.238,0.076186664,0.04396357,0.06417666,1.1762899,-0.22744034,-2.6330998,-0.11912,-0.5106533,1.6470333,0.2508267,-0.061716657,0.8847933,-0.37368634,0.16607334,0.82551336,-0.14718701,0.43415332,0.39831066,0.16798766,-0.4155543,0.010439664,-0.42858732,-0.17511666,-0.30487466,0.23892899,0.08865634,-0.46786332,-0.124390006,-0.39455,0.20551533,0.54229665,-0.279223,-0.47432366,0.18703,-1.2521266,-0.016794333,0.39648965,0.26734003,-0.058830332,-0.0042566657,-0.03624,0.11587567,-0.3653667,-0.6743233,-0.57690334,-0.61984664,-0.023724994,-0.41830334,0.54787,0.29922333
95,-0.15985002,0.026521131,0.13738884,-0.16492128,0.08251085,0.024661144,-0.116359435,0.13320686,0.13448171,0.28929856,0.079860285,-0.069039986,0.16104615,-0.24135713,0.17438857,-0.254093,0.6093583,0.2532043,-0.55195147,0.24217473,0.26708844,-0.3386314,0.37500003,0.3540986,0.094610915,-0.12121586,0.031907286,-0.39339286,0.03738784,-0.07398315,-0.09028215,0.91671425,-0.34442773,0.152876,0.15294144,0.5038827,0.08250571,0.26143372,0.03643914,-0.15385444,-0.2747541,-0.08488001,-0.2309127,-0.5703786,-0.09268143,0.13569915,0.10988086,-0.47727284,0.06248429,-0.7698986,0.023004571,0.2747457,0.46517274,0.97395146,-0.20655711,-2.261604,-0.14394,-0.6274115,1.8412955,0.23785429,-0.15596,0.47880098,-0.07858657,0.314788,0.72739285,-0.146638,0.32798654,0.3322743,0.17520902,-0.5221029,-0.08298,-0.44450858,-0.045303572,-0.6232012,-0.0042172847,0.0015757169,-0.3120967,0.18585885,-1.1617471,-0.11854541,0.7039943,-0.17856713,-0.42765573,0.06408672,-1.2203938,-0.08626427,0.658,0.08462072,-0.12070414,-0.20182326,-0.004899996,0.12368559,-0.1521957,-0.47013298,-0.47955284,-0.25875428,-0.16588429,-0.42628232,0.80797285,-0.056753863
96,-0.09563013,0.14120428,0.38204575,-0.34409893,-0.1599151,0.26520458,-0.28659788,0.09882379,-0.08809527,0.023687266,0.15172134,-0.049487397,0.45936188,0.12109377,0.011311994,-0.29335865,0.18782434,0.19173358,-0.4411427,0.5178774,0.13712007,0.019849071,0.25091422,0.011670737,0.14326419,0.008015715,-0.13112767,-0.55082333,0.11901387,-0.2045238,-0.011373997,0.55858845,-0.06020159,0.0174236,0.073584124,0.34981254,-0.085670024,0.22422881,-0.09469768,-0.25344118,-0.23893616,-0.10960892,0.08317782,-0.48742488,-0.2188692,-0.0041279993,0.12378,-0.3350992,0.034646597,-0.87962365,0.029831996,-0.051012803,0.08856694,1.1948073,-0.10453059,-2.4175005,0.1619406,0.01198543,1.5631598,0.47677714,-0.21576534,0.9150947,-0.34090227,0.04744675,0.8312804,0.05628314,0.60583866,0.2726193,0.24250503,-0.35393932,-0.016644476,-0.221265,0.0803232,-0.45933622,0.113599874,0.23862265,-0.231531,0.006742402,-0.6773232,-0.0208744,0.49527758,0.114145674,-0.5132911,0.120572805,-1.6294466,-0.20213674,0.009536932,-0.15384802,-0.32683605,-0.33931336,-0.30991858,-0.10619212,0.05280785,-0.044182938,-0.49822077,-0.01035667,-0.36286294,-0.5029366,0.5324218,0.41205338
97,-0.027102329,0.18011348,0.43793264,-0.29121366,-0.06610713,0.26747653,-0.13252418,0.113865316,0.06814921,-0.023398006,0.116054155,0.075002454,0.1918679,-0.06817225,0.26013863,-0.26099953,0.13133498,0.035359953,-0.30795458,0.27502567,0.1491568,0.021975627,0.1895497,-0.06525989,0.09033694,-0.030099459,-0.13843317,-0.289003,0.120137304,-0.20669343,0.030647421,0.5954054,0.10678629,0.13373801,-0.049307395,0.37810862,-0.0337221,0.16446298,-0.025452806,-0.1388389,-0.45113984,-0.18788083,0.22480644,-0.4141481,-0.16271459,-0.05340919,0.2303332,-0.20075108,0.009647909,-0.7512059,0.27633175,-0.023512667,0.24922319,0.987856,-0.27566013,-2.4391873,0.09210121,-0.16408466,1.7257341,0.38660082,-0.025880208,0.84081006,-0.2718254,0.052402485,0.60840803,-0.14655359,0.37986803,0.34830657,0.1054673,-0.17068464,-0.013218013,-0.30565003,0.049452197,-0.43728733,0.33968422,0.18451166,-0.07089588,-0.0010558,-0.94016004,0.0045015025,0.50360733,-0.054519787,-0.5953666,0.100980856,-1.4658021,-0.23614775,0.22897375,-0.23847324,-0.2266038,-0.379076,-0.057706635,-0.04244745,-0.093421675,0.06387614,-0.42014655,-0.020760374,-0.2119957,-0.31366327,0.37288168,0.35136536
98,-0.11691666,0.20776023,0.35419714,-0.27707154,-0.22898585,0.05154649,-0.123076245,0.22325549,-0.014497658,-0.09555615,0.2767413,0.0038210403,0.25940496,-0.07490565,0.098491184,-0.24779305,-0.039501138,0.1635515,-0.4362685,0.21976225,0.23176886,0.072296,0.1360208,-0.0042355,0.24191861,0.074222006,-0.1916831,-0.49541044,0.0744818,-0.21398687,-0.074081086,0.47667545,-0.01843919,0.013715884,0.09508344,0.34812838,-0.0870348,0.20046309,-0.016768081,-0.26125628,-0.20581971,-0.27960536,0.21827361,-0.4473165,-0.20606934,0.048581645,0.17547138,-0.37286824,0.093787454,-0.8740467,0.13098048,-0.03262027,0.16102603,0.98218447,-0.18916701,-2.1091108,-0.018873166,0.029142004,1.4971062,0.4107371,-0.14417799,0.85638434,-0.41439888,0.104984716,0.65277857,-0.04686944,0.5154784,0.23699252,0.17365076,-0.26558295,0.04279174,-0.2802928,0.16420723,-0.28399703,0.21899138,0.23101072,-0.23275048,-0.05694733,-0.6209854,-0.053514432,0.51879466,0.003927288,-0.50325555,0.0722068,-1.3397338,-0.24185944,0.09047225,-0.24188408,-0.37072363,-0.39613682,-0.049782198,-0.0842618,0.04679473,-0.11558547,-0.629537,-0.03774532,-0.1035447,-0.24952403,0.39167944,0.30487156
99,-0.035199117,0.22969073,0.3094152,-0.35856035,-0.082771465,0.14878418,-0.18233424,0.21267709,0.023375796,-0.03581918,0.24031028,0.054207984,0.24800381,0.013306657,0.10045247,-0.3283776,0.07026608,0.17661835,-0.3594541,0.18890925,0.21022421,0.047925863,0.16173883,-0.15079242,0.15307738,-0.02897637,-0.16688135,-0.5730589,0.00745865,-0.22469908,0.08477276,0.49827707,-0.065381646,-0.008997318,0.015865885,0.33486614,-0.04752674,0.16043016,0.08565741,-0.21222435,-0.31474364,-0.32035312,0.12910178,-0.43282387,-0.21939512,-0.0036998885,0.11071786,-0.34751132,-0.03771554,-0.87607044,0.072498746,-0.032192107,0.1320214,1.1002522,-0.24348296,-2.3195353,0.014741331,-0.14080563,1.6452446,0.5022284,-0.14548677,0.76079977,-0.29597294,0.13689512,0.7671423,-0.013033474,0.45604068,0.32397577,0.071669444,-0.32013625,0.057310402,-0.35751775,-0.078778684,-0.37579554,0.12873,0.20205873,-0.1608044,-0.0009936296,-0.7458487,0.018757721,0.57235724,0.010752411,-0.522479,0.0364681,-1.4153217,-0.27736348,0.08660057,-0.07671408,-0.24410091,-0.29779232,-0.11142621,-0.12834167,0.015588797,-0.11781948,-0.598341,-0.10309828,-0.16819243,-0.17061962,0.46689746,0.2678163
100,-0.12448875,0.15899403,0.35408816,-0.31789336,-0.0435179,0.10465435,-0.15840723,0.11692993,-0.06420296,0.053764034,0.19827531,-0.08750959,0.30224147,-0.0059875324,0.11967612,-0.2939845,0.21637994,0.077832095,-0.38606408,0.2623955,0.22354843,-0.03586619,0.2430325,0.088762335,0.2057958,-0.11276853,-0.038918395,-0.38712952,0.0035868497,-0.17027785,0.0712029,0.49189478,-0.039157245,0.055449236,0.09159594,0.25852525,0.04313835,0.20224479,-0.056449234,-0.21532896,-0.350661,-0.16396236,0.09099551,-0.35014838,0.011779773,0.106830366,0.17736606,-0.31043535,0.0023960343,-0.7238768,0.05438982,0.014944295,0.11985054,0.9632737,-0.3050836,-2.1553588,-0.042318944,-0.124726936,1.5833402,0.46983194,-0.13198648,0.79741305,-0.18295434,0.20268698,0.70050377,-0.011817845,0.4926697,0.3048369,0.2690846,-0.22395177,-0.05474978,-0.2551445,-0.06992029,-0.2802207,0.08575654,0.06871048,-0.1617535,4.999141e-05,-0.8765965,-0.03919603,0.5989262,0.036814027,-0.54243606,0.2136971,-1.3783951,-0.1716931,0.081709914,-0.17323036,-0.12771025,-0.33885193,-0.07870793,-0.065070696,-0.11360391,0.05038158,-0.523424,-0.00058519986,-0.30058807,-0.3511947,0.54246897,0.16835469
101,-0.077262886,0.3377637,0.40494728,-0.22377674,0.048445582,-0.030794516,-0.19833474,0.12778342,0.06613155,-0.1304429,0.2215139,-0.11775231,0.27531,-0.0041995235,-0.018267687,-0.160588,0.26006395,0.2691932,-0.22836411,0.27042285,0.14449653,-0.05890837,0.24007052,-0.03098564,0.110989355,-0.030340947,-0.060387895,-0.49204275,-0.2318315,-0.17501135,0.02508469,0.72562534,-0.19329526,-0.050677482,0.15796727,0.33089718,0.1516046,0.21722479,-0.031125953,-0.3123504,-0.25672573,-0.3380319,-0.031313468,-0.42536294,-0.16448799,-0.0023598291,0.15499757,-0.33922556,-0.22302775,-0.859212,0.10039803,0.014079131,0.15033358,0.9897065,-0.33961397,-2.2809153,-0.05703931,-0.19040525,1.851191,0.5525527,0.015788633,0.66605794,-0.1402631,0.21271941,0.8321748,-0.008718177,0.5600911,0.32679287,0.24015169,-0.3476673,-0.0016570507,-0.26049414,-0.11005479,-0.1560249,0.25261688,0.09815542,-0.09935403,-0.006437922,-0.9063802,-0.002521631,0.6415021,-0.029920423,-0.63128513,0.15827362,-1.48308,-0.33228508,0.07618525,-0.20300746,0.04318568,-0.3416748,-0.13111025,-0.13923743,-0.06322156,-0.13035765,-0.55012697,0.03355636,-0.16956063,-0.4772195,0.7260159,0.2679336
102,-0.15443473,0.20456493,0.39210588,-0.16835682,-0.021770554,-0.0088563785,-0.19324164,0.1662473,-0.006528722,0.026509771,0.089109,-0.010953696,0.2461228,0.0177266,0.11524195,-0.33691528,0.15878788,0.0728034,-0.35748684,0.1999167,0.19503419,0.02314998,0.1629641,-0.07736641,0.18574192,0.02458163,-0.15499672,-0.3783373,0.05448119,-0.18591139,-0.08383153,0.49716535,0.010738223,-0.0686899,-0.020738123,0.34106427,-0.024916522,0.22106794,0.030511029,-0.2370198,-0.25353792,-0.2784336,0.08890559,-0.44611216,-0.052577596,0.10307029,0.2017323,-0.35295653,-0.058889817,-0.7010635,0.11532475,0.03964251,0.19787148,0.9257741,-0.34210655,-2.048303,-0.05693007,-0.16999187,1.5515634,0.4013905,-0.15014066,0.64212275,-0.3510774,0.0016587293,0.65374005,-0.046969414,0.46877146,0.28480336,0.114729375,-0.32500756,-0.047366314,-0.31287307,0.0009467453,-0.27123836,0.23940884,0.10277912,-0.16754232,0.052512314,-0.6875126,-0.051012028,0.48581266,0.00312333,-0.46128273,0.15545923,-1.2494367,-0.13123325,0.0019986844,-0.25424,-0.079827935,-0.3162793,-0.1474053,0.019799555,-0.02040084,-0.09427051,-0.5205267,-0.031895902,-0.0852483,-0.26440868,0.47985324,0.17424548
103,-0.01163271,0.21015537,0.35647786,-0.23807694,0.031728942,0.1383337,-0.17708586,0.24849315,-0.061220247,-0.06124002,0.2001534,0.00805784,0.09309736,0.13458751,0.12190058,-0.35755816,0.22928613,0.22226639,-0.27355364,0.16562161,0.25301027,-0.10155594,0.19004428,-0.06857479,0.09194056,-0.0659594,-0.110050775,-0.3034997,0.026400313,-0.24450584,0.11543441,0.45248935,-0.122717805,-0.10019512,0.043824643,0.28067735,-0.08201187,0.15276162,-0.099513434,-0.14087678,-0.27147064,-0.29326954,0.067309,-0.36999622,-0.16930561,0.07748422,0.061142754,-0.32038543,-0.07590173,-0.66518587,0.16254456,0.10725418,0.17806245,0.8984707,-0.28472912,-1.9103199,-0.073763035,-0.21816713,1.6274055,0.352641,-0.10970822,0.6374262,-0.20546257,0.108476005,0.5511887,-0.06296573,0.40335009,0.23295362,0.28825384,-0.2661231,-0.21254276,-0.3381391,-0.07866097,-0.3762518,0.17656505,0.24818492,-0.16063413,-0.08525118,-0.76145595,-0.005018207,0.60999966,0.095522724,-0.55532557,0.091519944,-1.3304003,-0.15990086,0.17205334,-0.07414787,-0.14475559,-0.30531397,-0.20801727,-0.011282613,0.16759884,-0.15401743,-0.61146754,-0.17527425,-0.060843647,-0.17541714,0.60434467,0.20028573
104,-0.09688942,0.1560527,0.358797,-0.30396327,-0.079231694,0.27563414,-0.253322,0.1245849,-0.13081834,-0.028810037,0.1906204,0.055953827,0.24851902,0.027562752,0.14874168,-0.22126557,0.08262125,0.13297679,-0.36156622,0.15030849,0.27871126,0.033079375,0.23190552,-0.091995835,0.18486635,-0.025288412,-0.12965798,-0.39078772,0.038498804,-0.24227078,0.06205024,0.3497222,0.016012317,-0.021347666,-0.0035940825,0.23318554,-0.1244177,0.19685808,0.0860691,-0.106502704,-0.38262445,-0.16175117,0.063165605,-0.32872805,-0.22250403,0.025055692,0.114717945,-0.20373495,-0.035978053,-0.67737633,0.08979939,0.07556577,0.11851125,1.0259281,-0.21359359,-2.1477227,-0.00033665163,-0.15554015,1.5035343,0.40711936,-0.104099296,0.76159316,-0.21712987,0.122344054,0.71010256,0.043725546,0.44450477,0.2976827,0.100556456,-0.21487468,0.008131449,-0.23817909,-0.07073379,-0.40892294,0.028174223,0.150269,-0.18019083,-0.036994718,-0.7775111,0.006216321,0.5066513,0.064785905,-0.44313464,0.04137252,-1.3680488,-0.15579629,0.014721349,-0.04387178,-0.25610748,-0.33320308,-0.14559616,0.024321504,-0.003221389,-0.055145618,-0.48823816,-0.19265267,-0.20849262,-0.20861591,0.49594328,0.23101807
105,-0.058793336,0.05090184,0.23083003,0.077911675,-0.11742649,-0.35493168,-0.22299834,0.2078135,0.24293454,0.20146501,0.317215,-0.18360515,0.25126484,-0.61276317,0.32798332,-0.13986385,-0.32816285,0.22667034,-0.40908,-0.32534194,0.16136219,-0.14178266,0.221345,0.21239667,0.23093133,0.18209918,0.08926875,-0.18270452,-0.19456334,-0.07580845,0.12581967,0.6499852,0.0071593258,-0.020760497,0.13992834,0.33594736,-0.34894502,-0.113521665,0.043596495,-0.70334667,0.08428234,-0.2659317,-0.29515335,-0.1902362,-0.12195999,0.15854867,-0.07818117,-0.2091135,-0.057469983,-0.5987517,0.37795636,-0.031132167,0.09639334,0.6252483,-0.31052282,-1.1940616,-0.37155333,0.07729321,1.1404717,-0.03369,-0.10748666,0.1476565,-0.18787037,0.23644601,-0.014080669,0.07850718,0.14637268,-0.15459849,0.4838082,-0.26,-0.03966384,0.13770834,0.22596717,-0.3355707,-0.010869406,-0.042261988,-0.0018456666,0.037758168,-0.480365,-0.37021086,0.28968784,-0.311415,-0.30035833,-0.07241333,-0.65716285,-0.14039533,0.28906167,-0.15834232,-0.242559,-0.21273333,0.08941001,0.5774162,-0.059162498,0.013956661,-0.4469777,-0.11270084,0.43352,0.07476917,0.66812587,0.16425283
106,-0.054080367,0.176491,0.43689802,-0.29088163,-0.12840848,0.14116232,-0.13685694,0.14375018,0.025081603,-0.0053506116,0.22503269,0.09021501,0.15440561,0.038027965,0.17801972,-0.22504129,0.08449228,0.15716507,-0.35390174,0.268573,0.24961224,0.0005666171,0.08706107,-0.001774537,0.22065675,0.032322027,-0.15592672,-0.4942411,0.0748437,-0.3049558,-0.04276913,0.61807394,0.0011500483,0.02318245,-0.074152835,0.34217775,-0.033120263,0.16095157,-0.025799943,-0.26845652,-0.2649881,-0.23681074,0.06349344,-0.4254182,-0.2962447,-0.00079863437,0.061033078,-0.38444963,-0.058893763,-0.85996294,0.037782338,0.0711445,0.14322366,1.0189818,-0.3059814,-2.375534,-0.097472005,-0.12918952,1.6417,0.48416835,-0.053115584,0.7419135,-0.36886796,0.07037508,0.71760285,-0.007156563,0.54515135,0.29701236,0.04403133,-0.27363056,-0.002549222,-0.3433607,-0.07093083,-0.36389884,0.16460523,0.1551233,-0.19769436,-0.04505926,-0.75490004,0.05119295,0.54973936,-0.052794125,-0.48646352,0.07808957,-1.3051354,-0.24823481,0.05143881,-0.1601952,-0.14762321,-0.35960773,-0.12049967,-0.09014235,-0.14725973,-0.021905415,-0.46363553,-0.062357966,-0.14397533,-0.21820164,0.5195932,0.23153645
107,-0.17248923,0.080954805,0.37237942,-0.23287152,0.0067889635,0.26664564,-0.18861526,0.15419523,0.120507814,-0.0011600921,0.24731326,-0.009401459,0.16235147,-0.02428986,0.1360315,-0.14075242,0.008455471,0.12671068,-0.16649409,0.1877969,0.19270228,0.12651716,0.12835972,-0.079668485,0.23854017,-0.0050156065,-0.13892344,-0.27297303,-0.06905085,-0.14662588,0.012810685,0.3932363,0.009653017,0.0069230036,0.051537633,0.11011639,-0.07499263,0.09157149,0.024435112,-0.121951185,-0.23968472,-0.18582606,0.041366283,-0.267549,-0.14514548,0.04009624,-0.025236025,-0.0798933,-0.023505168,-0.6395957,0.1438089,0.05706795,0.086583294,0.8519838,-0.24440728,-1.8016752,0.01433277,-0.054884434,1.4248948,0.33858883,-0.087274104,0.77607733,-0.22694112,0.06003703,0.6114362,-0.021230066,0.4637009,0.17879474,0.17254966,-0.1408932,0.0620881,-0.14294629,0.07758662,-0.3951544,0.17823298,0.08973866,-0.13250527,-0.02267868,-0.58174354,-0.04101096,0.3988327,0.032633323,-0.4659597,0.041293602,-1.1835352,-0.10931423,0.14955045,-0.03796347,-0.19638641,-0.15234716,-0.05104652,0.14825964,0.027376017,-0.03235283,-0.37753543,-0.12746368,-0.20995621,-0.22574776,0.38026747,0.26421165
108,-0.021512296,0.42224297,0.2494858,-0.30660373,-0.0647737,0.0465843,-0.15554467,0.4068598,0.0889569,-0.13623819,0.38143483,0.31964523,0.42141685,-0.018498901,0.064308,-0.543448,0.3198975,0.0972078,-0.380999,0.1516415,0.33436593,0.095721304,0.1309325,0.06947249,0.0655223,-0.10750409,-0.1137347,-0.3556489,0.13243899,-0.0627061,-0.13374689,0.37669128,-0.1490877,0.07452709,0.45578012,0.239495,0.006186351,0.12755421,-0.027253002,-0.135076,-0.40328407,-0.2371737,0.17453678,-0.37492198,0.085335486,-0.1470654,0.10329139,-0.29428798,-0.0841646,-0.76361406,-0.035162807,-0.21623799,0.1497764,1.152155,-0.3620428,-2.029262,-0.014186999,-0.3013589,1.588982,0.42869616,0.008564499,0.63615,-0.386445,0.18977389,0.758314,-0.0771725,0.59875345,0.3189759,0.13211611,-0.31083304,-0.101550005,-0.512481,-0.0408737,-0.23646519,0.2059876,0.038330596,0.030531174,0.05941384,-0.8814651,-0.1993635,0.6710203,-0.051327102,-0.530145,0.09424929,-1.415662,-0.07425329,0.267306,-0.15316111,-0.15624487,-0.2810388,-0.012728596,-0.0712226,0.074139915,0.20188327,-0.36510497,0.18938172,-0.014031559,-0.2930771,0.47517547,0.079515606
109,-0.25807318,0.3045392,0.3808926,-0.29595742,-0.18970664,0.099810116,-0.16866298,0.17103718,0.011781614,-0.056322712,0.11399809,-0.07709747,0.15103197,-0.072539315,0.23836547,-0.25988403,0.15859385,0.16639559,-0.36849257,0.35113478,0.2288816,0.040586848,0.22666757,0.014361513,0.14033884,-0.01513476,-0.045762885,-0.54658484,0.10350649,-0.096325465,-0.055925317,0.53510123,-0.12059417,0.029439347,0.24019043,0.5018227,-0.047087193,0.18904392,0.01514287,-0.3206756,-0.24323155,-0.1583472,-0.08491349,-0.48350313,-0.08218083,0.013657943,0.17970257,-0.3478443,0.037324462,-0.74105585,-0.0010145738,-0.00047736042,0.10723849,0.8989031,-0.20449443,-2.0568142,0.010258964,-0.09635563,1.5110043,0.29614183,-0.24878758,0.8225594,-0.27921194,0.18673357,0.6875699,-0.0017277973,0.54157203,0.27995205,0.16480856,-0.31711927,-0.04099573,-0.30462223,0.016389228,-0.3218838,0.11070433,0.09151591,-0.14998229,-0.01414571,-0.67765087,-0.14810722,0.57236403,-0.101392284,-0.5773993,0.049685404,-1.3267363,-0.18674105,0.08017432,-0.17408812,-0.29860172,-0.27246895,-0.18534175,-0.06631797,-0.20544277,-0.09840835,-0.636511,-0.08826354,-0.29877234,-0.3675256,0.5230151,0.19248378
110,-0.13909306,0.11610981,0.31429374,-0.1324144,0.067195706,0.18821995,-0.07615713,0.10448807,-0.003233447,0.0749529,0.18402669,-0.05352474,0.20316298,0.03014707,0.15730983,-0.123416476,0.24135347,0.05828948,-0.27250794,0.079378575,0.15201908,-0.06044664,0.175006,0.008659153,0.21705407,-0.12811477,-0.1056271,-0.28700498,-0.0061529526,-0.105548345,-0.0070417305,0.35599554,-0.08938887,-0.03578473,0.0115856575,0.23374753,-0.05178566,0.065317266,-0.012015193,-0.17546457,-0.23382561,-0.18522012,0.14639266,-0.29443005,-0.10806896,-0.009289583,0.044726416,-0.20080262,-0.061862405,-0.6344813,0.18025073,0.108008385,0.06982721,0.9177489,-0.19007908,-1.9841142,-0.065000646,-0.12276894,1.5252748,0.3529789,-0.1504958,0.55722773,-0.17703532,0.1382194,0.5583486,-0.088132285,0.37729174,0.2586327,0.15211013,-0.16471349,-0.103529155,-0.14306806,-0.0018708857,-0.33959833,0.23898168,0.28391373,-0.15871575,-0.065326184,-0.7625332,-0.060300462,0.5278861,-0.0035493986,-0.32611713,0.058121737,-1.1682148,-0.21224147,0.1599676,-0.053483956,-0.22449662,-0.2818482,-0.056447405,-0.051346336,-0.05351692,-0.08460515,-0.3995612,-0.061997842,-0.11649233,-0.22005284,0.49010506,0.19387718
111,-0.16994266,0.3018424,0.48560125,-0.51913035,-0.24001053,0.25052845,-0.11109428,0.24585146,0.23159638,0.0023187613,0.14229217,0.16720513,0.19312164,-0.06326378,0.042947,-0.23549658,0.19226906,0.29109925,-0.35797745,0.5059011,0.23557419,0.06712428,0.018579392,-0.10507384,0.27366507,0.105499715,-0.13737123,-0.44018555,0.12756316,-0.2756036,-0.062351897,0.5866255,0.0031326008,0.05674481,0.19597474,0.30521315,-0.15439507,0.16405724,0.016063876,-0.26604164,-0.2493688,-0.013993975,0.08458727,-0.5504787,-0.14608194,-0.0627671,0.16177738,-0.22046076,-0.08212352,-0.738708,0.0345647,-0.1407066,0.20004576,0.9816197,-0.20068024,-2.2563288,-0.11363621,0.05302804,1.478412,0.3949942,-0.12558188,0.78516966,-0.45657018,0.12638724,0.8338092,0.008503832,0.5623123,0.3896413,-0.06672183,-0.34374654,0.044329625,-0.3958055,0.01933676,-0.3633936,0.17519325,0.017587591,-0.071346596,-0.047407713,-0.75051934,-0.0284416,0.5017501,-0.13524449,-0.5132947,-0.028069086,-1.3111707,-0.28493807,0.1347969,-0.11213866,-0.21926115,-0.33769816,-0.057012748,-0.07195879,-0.1286817,-0.16897942,-0.3864531,-0.08277092,-0.16841356,-0.3238531,0.31191006,0.31062654
112,-0.13250643,0.1820439,0.3615497,-0.3153867,-0.10035112,0.17880566,-0.11536721,0.29936567,-0.011544235,-0.06076467,0.25650597,0.10725012,0.23680086,-0.02462527,0.14570339,-0.2886473,0.13486093,0.106399424,-0.41312185,0.26315725,0.2602712,0.035429124,0.15016939,0.110793754,0.17875646,-0.04043304,-0.07392625,-0.4155567,0.114573635,-0.22968706,0.0059716026,0.52695173,-0.06268618,0.08497886,0.019637788,0.338903,-0.082270846,0.19790801,0.023649016,-0.21727644,-0.3731642,-0.25278482,0.080965996,-0.36007357,-0.15757076,-0.0736266,0.16305554,-0.43104813,0.07949516,-0.8400977,0.092986226,-0.050896093,0.17718677,0.9984581,-0.31018034,-2.3433094,-0.053857043,-0.18237534,1.6865234,0.5102184,-0.14923298,0.7987828,-0.3677932,0.108455166,0.6928958,0.021382434,0.43741593,0.38316217,0.15809463,-0.2561729,-0.040180724,-0.21528006,-0.06287347,-0.3975944,0.08690431,0.1854859,-0.15228786,0.001814519,-0.8906566,-0.031423,0.57210344,-0.050885808,-0.4928741,0.09427816,-1.3481349,-0.2240944,0.120959885,-0.17427178,-0.22839424,-0.32294765,-0.08775363,0.0008885911,-0.11237668,-0.020637585,-0.5793179,-0.025006995,-0.096078925,-0.26906905,0.5348563,0.26538807
113,-0.2660703,0.0280252,0.504506,-0.279972,0.0859492,0.08785808,0.018082192,0.27034938,0.0542847,-0.0024964989,0.082626104,-0.17532212,0.2967531,-0.1050873,0.1107599,-0.1380182,0.2816108,-0.022688199,-0.0871338,0.4648816,0.0088676065,0.009490597,0.100063026,0.040941697,0.30922198,0.059940804,-0.16712658,-0.29290697,-0.24081142,-0.18341859,-0.23655817,0.937483,0.13809839,-0.038023997,0.36526704,0.3644173,-0.25426906,0.1978753,0.19804902,-0.3182949,0.015417606,-0.14991525,0.291925,-0.3722815,0.032524996,0.041200716,0.29937878,-0.28944898,-0.019064099,-0.56159604,0.16151181,-0.1835521,0.17892429,0.87875,-0.44553614,-2.5034382,-0.027377004,-0.12995009,1.775305,0.23160501,-0.032381505,0.37789768,-0.33150584,0.06150683,0.7169723,-0.078389496,0.33727315,0.18988842,0.39671084,-0.15347698,0.085405394,-0.1673058,0.077871,-0.3563169,0.534227,0.1394036,0.038208704,-0.1504856,-0.85914195,-0.0939293,0.3707857,-0.0244995,-0.460745,0.11267509,-1.2358317,-0.19126041,0.2013969,-0.2776391,-0.0617826,-0.35875818,0.1091737,0.08105461,-0.0834478,0.062085897,-0.29118672,0.1302709,-0.060091794,-0.44543925,0.552831,0.467671
114,-0.07127458,0.31883872,0.27134952,-0.34610412,-0.14819276,0.17248915,-0.1658759,0.26053223,-0.102407716,-0.013968422,0.18313289,0.07873326,0.3708069,0.07508458,-0.0052153217,-0.4210945,0.06445931,0.26471648,-0.56411004,0.32391146,0.3169976,0.061382897,0.24744448,-0.12399278,0.17851458,-0.05751921,-0.17966278,-0.5836089,0.039049525,-0.2458912,0.012075318,0.4708235,-0.13630109,0.10314216,0.14225805,0.39496675,-0.0071908175,0.21043581,-0.15182441,-0.1809642,-0.4673715,-0.29305094,0.17317404,-0.54389364,-0.15089798,-0.012735105,0.25688136,-0.32819515,0.14442359,-0.873931,0.13320641,-0.18033783,0.09448415,1.1823536,-0.32019642,-2.3325758,0.07370358,-0.032913,1.6446999,0.6413466,-0.080586575,0.9619578,-0.41689277,0.12682393,0.87477994,-0.040457428,0.51460123,0.4669672,0.17375335,-0.2406519,0.18689246,-0.41246313,-0.0028816815,-0.34691945,0.30288708,0.062544316,-0.23963085,0.11733506,-0.8190187,0.06722358,0.7614494,-0.11861394,-0.5794342,0.13463211,-1.6064105,-0.20485467,0.16233873,-0.20658214,-0.40159604,-0.46709213,-0.10350959,-0.2782611,-0.15320499,-0.08316053,-0.62157625,-0.03771078,-0.268646,-0.35410252,0.43226376,0.35463598
115,-0.18881077,0.2770745,0.29129457,-0.14411816,-0.025754493,-0.045298517,-0.12349826,0.20357351,-0.12776096,-0.033003036,0.026054941,-0.064501986,0.12645793,0.014614109,0.14286073,-0.29119864,0.15991677,0.07106451,-0.20358403,0.20620185,0.3127209,-0.07265405,0.1827812,-0.052465495,0.17698593,0.014780772,-0.17994149,-0.44818205,-0.11420154,-0.12198836,-0.05852617,0.5004237,-0.14976665,-0.02151514,0.17863546,0.39681697,-7.6532575e-05,0.17559399,-0.012637549,-0.25781476,-0.15950973,-0.34301773,0.15083764,-0.38383567,0.010325204,0.10834723,0.020694733,-0.15368588,-0.038383257,-0.7153268,0.15287924,-0.10138469,0.11293601,0.9342476,-0.19881126,-2.2784677,-0.14550535,-0.10991587,1.6617724,0.29725718,-0.18279661,0.6645067,-0.2484712,0.007083112,0.6336162,-0.022262322,0.47957236,0.2048992,0.24698968,-0.2422605,-0.10061544,-0.26994392,-0.11190101,-0.24753067,0.21823138,0.054870088,-0.13257286,-0.07292656,-0.7276163,-0.021731373,0.69532454,-0.026872002,-0.5007012,-0.015719926,-1.2373068,-0.21214208,0.15026487,-0.14965609,-0.18094915,-0.35459462,-0.043762043,-0.020375382,0.007747461,-0.13274059,-0.5487078,0.02182735,-0.13957326,-0.306433,0.56293225,0.2111299
116,-0.07785283,0.13753083,0.2814662,-0.3086466,-0.061088324,0.0055280826,-0.24637651,0.17122833,0.13556683,0.123850845,0.22190975,0.10326335,0.12004826,0.3397024,0.30318424,-0.20031333,0.13824399,0.12566026,-0.1696855,0.29745707,0.048866466,0.04198258,-0.095440246,-0.004321069,-0.029383337,-0.12866284,-0.06941533,-0.41844022,-0.11748249,-0.382046,0.15570702,0.3573581,-0.050032776,-0.013331081,0.052881747,0.25880817,-0.09521726,-0.08018475,0.014465083,0.04130883,-0.096888505,-0.13934599,0.29976618,-0.1667329,-0.039692428,-0.34309018,0.16227917,-0.57363224,-0.24955767,-0.8359721,0.22885166,0.007806664,0.040350255,0.7916891,-0.015968328,-1.8912826,0.4144702,-0.25378725,1.7428502,0.49764583,-0.13836558,0.08535075,-0.41792443,0.15995125,0.6289428,-0.24881293,0.36161134,0.10701425,0.23999493,-0.29915345,-0.23759669,-0.16840442,0.05483982,-0.31814057,0.4309617,0.46016335,-0.0863655,-0.08297969,-0.8976491,-0.082859665,0.6285859,-0.014812197,-0.14330907,0.024590336,-1.3668126,-0.23998226,0.18079834,-0.1943055,-0.298503,-0.31226632,-0.16054524,-0.3000193,-0.17948274,0.001258002,-0.2845033,-0.051197097,-0.020715,-0.33097407,0.45272824,0.113392174
117,-0.049199726,0.17818107,0.3651041,-0.284899,-0.08595171,0.09605603,-0.29284713,0.18795216,0.07974121,-0.01977602,0.13632186,0.15952112,0.27603632,0.00851053,-0.017339563,-0.3249917,0.17865047,0.21741787,-0.4379884,0.2759569,0.17593654,-0.018273015,0.13353224,-0.045219623,0.096931234,-0.0074261753,-0.13030022,-0.47458294,0.023357471,-0.29949498,0.14129306,0.4059541,-0.13502738,0.06939635,0.06364781,0.250057,-0.052075732,0.20898467,-0.09388154,-0.1902303,-0.26097888,-0.17592254,0.07501447,-0.37521943,-0.14861213,-0.11607246,0.117644615,-0.3389945,-0.040481932,-0.8152777,0.121291414,0.02395297,-0.009074605,1.0304539,-0.10111027,-1.9641267,0.018624222,-0.30873922,1.5871431,0.36761284,-0.12643781,0.6266798,-0.21004125,0.09977386,0.8128495,-0.0023275304,0.44402692,0.263736,0.15626971,-0.28516045,-0.050846197,-0.30680558,-0.029608257,-0.41702694,0.17206608,0.0340531,-0.14987852,-0.07291834,-0.89361554,0.06120189,0.76966554,0.041746944,-0.43576196,0.011406224,-1.3756068,-0.25148162,0.03599582,0.038438834,-0.25057027,-0.33181685,-0.18874668,-0.11522035,-0.030416938,-0.12156796,-0.43880218,0.011836288,-0.1001301,-0.26003575,0.5579079,0.19361173
118,-0.26079533,0.21691369,0.8984266,-0.44123998,-0.24518669,0.18200667,-0.088463336,0.4993933,0.28577867,-0.22639632,0.3425933,0.2537333,0.44870338,0.061844002,-0.14555633,-0.40102002,-0.08511666,0.20517033,0.107706666,0.48581335,0.18081999,0.22597633,0.14142668,-0.041280665,0.18232334,0.31579265,-0.134309,-0.46417332,-0.21246634,-0.279062,-0.5375367,0.80224997,0.17168666,0.07556001,0.24224,0.55598664,0.0737411,0.17745666,-0.030163338,-0.5896367,-0.22099666,0.3256389,0.17418666,-0.46683,-0.34338665,-0.049653932,0.60174,-0.23555166,-0.20238334,-0.67021996,-0.14802267,-0.25877002,0.41742668,0.96158004,-0.8024067,-2.3305366,0.08401667,-0.06270667,1.2472234,0.35404468,0.03727333,0.51308995,-0.35096702,0.036751937,0.7625,0.01146999,0.53671664,0.43583333,-0.026973328,-0.18251334,0.182917,-0.62843996,0.16973335,-0.17290334,0.71107334,-0.16843666,-0.0054326677,0.09186,-0.7995317,-0.056255996,0.06804666,-0.234865,-0.7666333,0.27735433,-1.0783033,-0.20632334,0.28496566,-0.29499,-0.15135667,-0.27080533,-0.10777667,-0.19036333,-0.277408,0.019310663,-0.09700706,0.16340934,0.09891366,-0.5780824,0.27659667,0.40782332
119,-0.11596162,0.2465023,0.36209965,-0.082203075,0.05797819,0.29954678,-0.028735062,0.18857737,-0.058412425,0.09229921,-0.04863051,0.040213186,0.24718241,-0.052772857,0.12624271,-0.025058653,0.26361772,0.22910134,-0.30100587,0.24673642,0.29952905,-0.15783708,0.10061085,-0.08544256,0.2706279,-0.19435464,-0.14292546,-0.41151285,-0.02307029,-0.2181234,-0.17289163,0.46096689,-0.11159798,-0.1445396,0.11906362,0.3834162,-0.060647003,0.13136849,-0.025399506,-0.14249058,-0.2847236,-0.07181615,0.30363125,-0.37768486,-0.058155984,-0.030347997,0.23547398,-0.25644013,-0.27614126,-0.75861007,0.18866348,-0.103322074,0.24710342,0.9744492,-0.22985986,-2.5626392,0.010026074,-0.23145068,1.7758492,0.34560648,-0.233525,0.5794186,-0.24256422,0.08986262,0.9774936,-0.02190807,0.38888213,0.27366766,0.061347146,-0.28746682,-0.16584851,-0.20372571,0.03282721,-0.2731368,0.31180406,0.16555414,-0.19448356,-0.09750444,-0.8456893,-0.0185875,0.4714524,0.013900148,-0.33762637,0.029720953,-1.3278221,-0.08972501,0.27676776,-0.19777627,0.041502573,-0.34908032,-0.04765892,-0.11931764,-0.07356221,-0.11805914,-0.3666858,-0.16376328,-0.13644995,-0.5289825,0.5116417,0.26516268
120,-0.121733055,0.13343588,0.3001334,-0.20310634,0.111061245,0.17383051,-0.1823885,0.18984267,-0.028131688,-0.03502424,0.12532339,-0.018671783,0.19673902,-0.09482069,0.16719843,-0.31654534,0.2795258,0.16434024,-0.27654082,0.18218586,0.17691961,-0.09750518,0.21487264,0.02522442,0.16707315,-0.20954,-0.05487083,-0.3185538,-0.042699683,-0.05820441,-0.03959155,0.4238722,-0.14737786,-0.047781557,0.18097936,0.23084131,-0.07156462,0.18394595,-0.06953161,-0.20346521,-0.23752522,-0.1906617,-0.005457655,-0.27168542,-0.050605882,0.04953662,0.25846818,-0.20527603,-0.102161594,-0.58018154,-0.016411912,-0.029540636,0.16571212,0.9330461,-0.22062686,-2.098411,-0.03461646,-0.26091102,1.4800926,0.44119203,-0.2232629,0.6595122,-0.15656151,0.16872251,0.6087732,0.00013739044,0.32140887,0.112393655,0.24628039,-0.26314744,-0.13240309,-0.2628032,-0.08554864,-0.21475933,0.07083706,0.06048703,-0.104186736,-0.009740004,-0.7635081,-0.036966376,0.5715335,0.03412456,-0.5237412,0.07235885,-1.3000425,-0.07945421,0.111737676,-0.10524647,-0.16184646,-0.26030895,-0.109207325,0.021866819,-0.06563408,0.031599887,-0.36571917,-0.1345638,-0.2096076,-0.18880655,0.5411372,0.12617518
121,-0.09739333,0.190767,0.4987743,-0.3526914,0.057978332,0.2822493,-0.05244967,0.21475585,0.28175873,-0.2302171,0.29660732,0.12077149,0.20217599,0.07105725,0.046130925,-0.42022076,0.012672566,0.3748146,-0.2695515,0.5264216,0.018017346,0.21882583,0.04713759,-0.19959049,0.18097335,0.25038335,-0.25773183,-0.47995165,0.042798128,-0.23463976,-0.14994583,0.4567591,-0.16165099,0.03436749,0.1182453,0.25404584,-0.07120033,0.04680716,0.08614913,-0.40685666,-0.15977032,-0.03800999,0.078301914,-0.301438,-0.16318832,0.07599742,0.09983942,0.009204254,0.20786309,-0.82317495,0.1753804,-0.11626122,0.13600318,0.95731,-0.09032243,-1.8836881,0.030838916,0.12398583,1.2154392,0.39411414,-0.1267875,0.81993985,-0.20708765,-0.054954085,0.64491755,0.035994414,0.53222674,0.006113162,-0.01105583,-0.13004182,-0.04902059,-0.30315533,-0.06498683,-0.19593066,0.34136763,0.020394916,-0.07660609,0.05043667,-0.65141386,-0.08720567,0.3727057,0.004043035,-0.53711206,0.02985167,-1.1952482,-0.25975314,0.13936841,-0.114954285,-0.4308144,-0.2287225,0.048923086,0.01574402,0.07616349,0.11040466,-0.3497673,-0.050229996,-0.024394302,-0.10231849,0.26143017,0.34118924
122,0.20266001,0.16011333,0.27656665,-0.3346993,0.088888995,-0.067980014,-0.013953328,-0.056191336,0.26911667,0.29977334,0.05699633,-0.123029985,0.03130733,0.38307762,0.12326,0.3966,0.5023733,0.32283732,0.10126666,0.022113001,0.093797326,-0.24518101,-0.029067,0.031105002,-0.20380966,0.046911,0.20772667,-0.15584667,-0.074820004,-0.37683332,0.16579,0.50927335,-0.10516933,-0.13788667,0.36415634,0.11796,-0.16790666,-0.30906835,-0.26806065,-0.070553,0.07092666,-0.21366699,-0.030088998,-0.48940933,-0.10045334,-0.04503767,-0.42471334,-0.212254,-0.351401,-0.6847933,0.41818333,0.501605,0.09021133,0.41534337,-0.036569,-1.4835666,-0.279703,0.04779899,1.6536533,-0.17969434,0.13279334,0.58429664,-0.16088666,-0.083632,0.38874102,-0.130274,0.27476,0.13303335,0.36742464,-0.38709334,0.0862,0.022041658,-0.070327334,-0.33922157,0.28477898,0.69380164,-0.07129666,0.20584667,-0.67540663,-0.023466667,0.95061994,0.005601667,-0.62467337,-0.18772334,-1.0516534,-0.36321664,0.5484767,-0.04507333,-0.10516566,-0.35208333,0.11446333,0.3506303,0.08093002,-0.80292004,-0.04481933,-0.37750998,-0.24742001,0.011140008,0.48865998,-0.12726067
123,-0.25849625,0.19098644,0.38487762,-0.35702962,-0.15551798,0.21550557,-0.260298,0.23319605,0.0043275044,0.045575947,0.1153427,-0.099603906,0.21614793,-0.04758609,0.18206199,-0.25220722,0.19102183,0.17476766,-0.41154212,0.3047097,0.2686615,0.028027305,0.19966087,0.011524045,0.23891239,-0.037306897,-0.16733989,-0.6240735,0.21137318,-0.12979636,-0.12546416,0.57022804,-0.11559842,-0.0046562674,-0.047817808,0.41214338,-0.043857396,0.14623164,0.12785134,-0.18472095,-0.26349908,-0.37659222,-0.010732402,-0.6067321,-0.27627996,0.17770098,0.139458,-0.32089293,0.026021395,-0.86757344,-0.008022699,-0.020730669,0.08725921,1.0385135,-0.12812433,-2.3347578,0.071889296,-0.02542055,1.5958793,0.3568557,-0.16733952,0.846821,-0.2761107,0.17075048,0.829316,-0.03824415,0.4764545,0.31062412,0.1193274,-0.399453,-0.066071555,-0.31898513,-0.032383747,-0.44210404,0.15803353,0.14967151,-0.1450839,0.04682556,-0.50908864,-0.06952393,0.4949255,-0.06290694,-0.48392805,0.14604326,-1.4370378,-0.048624754,0.15137888,-0.021711601,-0.23374951,-0.26357767,-0.1502178,0.036602642,-0.06820625,-0.11867859,-0.5881351,-0.2722492,-0.3011823,-0.36110482,0.6103295,0.34405562
124,-0.10076632,-0.159647,0.19349998,-0.2790619,-0.005773008,-0.24383666,-0.09970134,-0.17175667,0.07613001,-0.32146034,0.19829671,-0.7026866,-0.18191667,0.21005966,-0.14659666,-0.25791734,0.32053933,-0.07038467,-0.28015,0.40116334,0.24367534,0.18279,0.053663332,-0.017310014,-0.3121133,0.14431667,-0.004353327,-0.17678332,-0.19182001,-0.36571002,-0.04381333,0.64604336,0.18602999,-0.19466333,0.15437333,0.029523328,-0.07281966,0.17501666,0.052223403,0.20038001,-0.134524,-0.5365933,-0.18170667,-0.28797,-0.11583,-0.16216335,-0.460418,-0.37281668,0.27997634,-0.8168734,0.41163,0.11068401,0.118669994,0.023529997,-0.30974868,-1.8818666,0.01335,0.38430667,1.7817334,0.14495967,-0.63862664,0.12250332,-0.51550967,-0.5478413,0.17801334,0.053481,0.7753,0.43002,0.9007667,-0.07664666,0.23777501,0.25432333,0.30228332,-0.86263996,0.2711067,0.17678666,-0.052019995,-0.167695,-0.79367,-0.33776334,0.50688,-0.14418167,-0.51869994,-0.27025867,-1.23934,-0.039203335,0.074053325,-0.44367698,-0.14055334,-0.7510667,0.0067970157,0.281946,0.28798732,0.3071,-0.13731234,0.24463333,-0.08713346,-0.60404664,0.37354365,0.27246267
125,-0.2197916,0.00457986,0.10479957,0.11073543,-0.13603386,-0.19235002,-0.13528144,0.20393059,0.07151216,0.15945792,0.0051785707,-0.13406284,0.008513416,0.2703188,0.14080514,-0.3200586,-0.05601928,-0.22384699,-0.17035,0.091665454,0.27777442,0.054327,0.3457816,-0.037959993,0.18763356,-0.13327815,-0.34709287,-0.27384716,-0.29809144,0.043231424,0.061505284,-0.06565564,-0.10192486,-0.013318555,0.01842023,0.26793385,0.013480425,0.039598566,-0.051694274,-0.48537287,-0.20386258,-0.06074,-0.11536457,-0.394097,0.3105615,-0.06611015,0.34399,-0.21720715,-0.05639986,-0.6149314,0.13694414,0.055721164,0.06675189,0.7613257,-0.44494858,-1.589013,-0.04160285,-0.32318562,1.3603872,0.22888085,-0.111618,0.29542026,0.047109995,-0.30857727,0.095214285,0.078541435,0.20373341,-0.07429472,0.31739828,-0.2959817,0.08345856,-0.43456432,0.19186684,-0.14084658,0.06389628,0.13124315,-0.07770671,0.10267568,-0.5460623,-0.06420001,0.64182854,0.28055757,-0.3230583,0.11605855,-0.64776427,-0.203236,0.026108852,-0.11493715,-0.070070006,-0.30245426,-0.32448572,0.18911429,-0.015531853,0.19631283,-0.6727228,0.07417436,0.09630928,-0.17094041,0.6142007,-0.051608283
126,-0.22387885,0.41841018,0.36886278,-0.31208545,-0.021989772,0.07485843,-0.048540227,0.25003025,0.16295426,-0.059992854,0.286461,0.054265387,0.32415614,-0.025365386,0.009148767,-0.3322023,0.22851023,0.4578377,-0.33977336,0.24717022,0.22357577,-0.05487861,0.18201819,0.017684577,0.104480825,-0.20511808,-0.13012812,-0.5828054,-0.124294564,-0.28501475,0.21289669,0.5864707,-0.3675101,-0.10734916,0.10779151,0.54110485,0.021122307,0.121739835,-0.14552623,-0.30742377,-0.043789223,-0.4740343,0.17628554,-0.7177293,-0.22388938,0.17273416,-0.09068215,-0.3459063,-0.10761377,-0.93188083,0.22884032,0.16646482,-0.00037823504,0.8743538,-0.0154563105,-1.8852831,-0.14173506,-0.14259838,1.7188925,0.33284304,-0.07723052,0.68735325,-0.15649153,0.15123746,0.76257455,0.008836462,0.41012847,0.26533937,0.059087727,-0.40693012,-0.0988917,-0.3046309,-0.025165072,-0.22925177,0.14782438,0.3163677,-0.24399392,0.034728386,-0.6720539,0.019544743,0.59530663,-0.13900807,-0.39974007,0.0047468496,-1.228552,-0.13399023,0.17414199,-0.07956828,-0.07554223,-0.17261516,-0.3170521,0.058710158,0.1712098,-0.49863523,-0.7857245,-0.20091838,0.0056606876,-0.23837996,0.7279854,0.2680174
127,-0.20218104,0.21713433,0.349306,-0.377992,-0.093163,0.27577275,-0.1909237,0.21966346,0.14463842,-0.039506074,0.1554093,0.05355368,0.22885558,0.081658095,0.134052,-0.30324924,0.12327952,0.17486614,-0.46473658,0.18876445,0.23917219,-0.120350204,0.17849132,0.061197385,0.14118776,-0.0149068935,-0.25572646,-0.35317588,0.21382006,-0.30466002,0.0119243115,0.51524186,-0.2064242,0.08413539,0.019640021,0.33200967,-0.0064453315,0.0073326584,-0.15352857,-0.28990856,-0.39329198,-0.2451698,-0.04234086,-0.43126166,-0.21544796,-0.01825163,0.048261,-0.39135933,0.070381396,-0.79794323,0.14657277,0.11593648,0.1642565,1.0152882,-0.14124672,-1.9994882,-0.0009837388,-0.17492935,1.5243727,0.40033633,-0.14777297,0.69264805,-0.28740686,-0.014447548,0.6422354,-0.0734169,0.4868297,0.438259,0.102285236,-0.28284505,-0.025879549,-0.39705172,-0.028823022,-0.48349825,0.13483801,0.21416739,-0.13544391,0.10063798,-0.7072211,-0.09251943,0.5865655,-0.061014194,-0.64662147,-0.00029659137,-1.2973707,-0.33502394,0.28689748,-0.01455009,-0.24402311,-0.34284458,-0.14649414,-0.14655584,0.011278364,-0.2083077,-0.5805978,-0.08580458,-0.07163206,-0.18504693,0.39018923,0.19036752
128,-0.101985164,0.12886485,0.3339802,-0.2876798,-0.18500905,0.17023487,-0.14812155,0.24488766,0.014805035,0.04811586,0.15672281,0.07461879,0.16695422,0.1068964,0.10227911,-0.29558375,0.27909,0.14368954,-0.49345797,0.1418202,0.26365912,0.07522102,0.025579002,-0.016379803,0.14772855,-0.10735843,-0.09921424,-0.54870635,0.20811489,-0.26984754,-0.023959037,0.5463396,0.042390976,0.11231481,-0.045782436,0.3932933,-0.16369286,0.27714422,0.015765168,-0.19606288,-0.324753,-0.24825746,0.16061406,-0.4458303,-0.17002025,0.030918833,0.09181959,-0.46352616,0.02493614,-0.8518086,0.020248452,-0.0018726962,0.18717317,1.0014194,-0.23026036,-2.3698478,-0.060832903,-0.14882198,1.6980271,0.44164753,-0.098317266,0.801809,-0.3593536,0.11306936,0.6117962,-0.056139145,0.34890184,0.37621814,0.10330801,-0.30800697,-0.005033217,-0.3195985,-0.024193497,-0.4994308,0.24517041,0.26560453,-0.22048849,0.009644596,-0.9257596,-0.022750864,0.63667136,-0.016573835,-0.34408918,-0.015306635,-1.4002289,-0.18569152,0.14157446,-0.09878531,-0.31067306,-0.3988099,-0.09981353,-0.08598867,-0.0352173,-0.0863544,-0.6086571,-0.106487624,-0.0743867,-0.16080429,0.4518771,0.15677997
129,0.15720825,0.101795,0.449742,-0.3799525,-0.19624498,-0.13602749,-0.2039325,0.1911295,0.38730875,-0.0933425,0.21107098,-0.00040873885,0.45463002,0.27015418,0.11887725,-0.36408284,0.00041998923,0.37312526,-0.35884976,0.22798252,0.2766575,0.2976765,0.19225448,-0.178155,0.04707095,0.240179,-0.3232363,-0.851805,0.1911375,-0.16772225,0.19244224,0.47008252,0.06496,-0.080424756,0.17074001,0.345155,-0.12031251,0.19893874,-0.2188175,-0.16583501,-0.1525175,-0.3052875,0.4169425,-0.4660475,-0.18408999,-0.0739047,-0.026077494,-0.28635126,0.114912495,-1.1611525,0.25323623,0.18688,0.011260502,0.90040004,-0.232345,-1.99127,-0.016602427,0.12770003,1.8643,0.19731349,0.1305545,0.72662747,-0.602775,0.10650178,0.61107755,0.14709425,0.6567975,0.15153751,0.093529746,-0.3966875,-0.18940249,-0.2884775,0.22204876,-0.354575,0.2781276,0.5061125,-0.291605,0.09058075,-0.67803,0.0147855,0.5461525,0.26323,-0.62440246,0.09726,-1.6472875,-0.368035,0.07211901,-0.32182363,-0.5970025,-0.4854115,-0.2348915,-0.108094744,0.29504076,-0.350605,-0.6304325,-0.249758,-0.049194995,-0.07677226,0.6707858,0.465844
130,-0.29123,-0.11534,-0.83432,-0.91208,1.0717,0.49295,0.36478,0.028173,0.18521,-0.27649,0.063066,-0.57358,-0.46828,-0.45564,0.46361,0.19678,0.35078,0.053299,0.3297,0.22329,0.60674,0.38377,-0.12194,0.3145,-0.72942,-0.016104,0.17091,0.38763,-0.86203,-0.57652,1.3098,0.83055,0.42138,-0.052231,0.26878,0.6072,-0.70298,-0.61741,-0.55055,0.66131,0.25594,-0.24699,-0.95088,0.20893,-0.96862,-0.35696,0.011043,-0.57781,-0.3245,-0.95367,0.57902,0.67,0.10321,0.64514,0.22175,-1.447,-0.14852,0.21518,1.3093,-0.37754,-0.23299,0.47722,0.5102,-0.058594,0.87515,0.51528,0.79659,0.023915,-0.31141,-0.24167,0.37142,-0.33113,0.07351,-0.063344,-0.37873,0.46965,0.33765,0.36655,-0.90912,-0.34044,0.019099,-1.1016,-0.2209,0.13313,-1.2662,-0.98182,-0.49258,0.06205,-0.21732,-0.51924,-0.046099,0.62193,0.60864,-0.5692,-0.17818,-0.25416,-0.64505,0.60643,1.1896,0.76943
131,-0.17116334,0.30691668,0.47981,-0.23499799,-0.24526666,0.36150333,-0.24501467,0.284534,-0.20123,-0.23037969,0.25740567,0.053506657,0.49894,0.044196665,0.05315667,-0.28572667,-0.09114134,0.13144003,-0.249,0.44811407,0.172036,0.12677667,0.08996666,-0.38641334,0.29123166,0.14660001,-0.266297,-0.47243667,0.03583334,-0.23262835,-0.31256998,0.70654327,0.11098367,-0.09468467,0.27275732,0.17503633,0.15062702,0.18077433,-0.090396665,-0.45179334,0.11311033,-0.34424332,0.24700665,-0.35643998,-0.36685035,-0.024761667,-0.14771433,-0.14434867,-0.0030609984,-0.9699567,0.100317664,-0.12523335,0.17201734,0.9866533,-0.18057,-2.4759,0.15098,0.40424037,1.15138,0.3676777,-0.054131,0.9097867,-0.507361,-0.25063,0.4652883,0.081229,0.89184666,0.425429,-0.002759998,-0.19305335,0.07877001,-0.19756168,0.025376668,-0.43323997,0.41875997,0.5713467,-0.13354833,-0.23762132,-0.5146343,-0.008203338,0.701274,0.016604133,-0.31952998,0.44473997,-1.2432,-0.12830733,-0.15309668,-0.06190333,-0.7506933,-0.40398332,-0.07886001,-0.22023767,-0.062096674,-0.04660517,-0.69273335,-0.36135665,-0.39566135,-0.043610007,0.33451998,0.364392
132,-0.15207934,0.14568006,0.23683637,-0.22516464,0.09174219,0.25758582,-0.15614212,0.19429064,0.013278091,-0.0058756783,-0.013325461,-0.19963633,0.18738183,0.11670275,0.13851422,-0.22460537,0.22502643,-0.005164589,-0.3779231,0.20326343,0.13717382,-0.010736548,0.32169744,0.13356659,0.054682434,0.12568995,-0.1169121,-0.28246176,0.048364174,-0.08386791,0.032355092,0.6110353,-0.116961114,-0.002348735,0.14562662,0.28295884,-0.15610118,0.19321118,-0.065300174,-0.06573309,-0.3950862,-0.12380569,0.024653679,-0.37348506,-0.12015087,0.083316214,0.09411024,-0.3687217,-0.079756774,-0.8293432,0.062176343,0.20256448,0.05959432,0.9311318,-0.2097508,-2.1137676,-0.10026491,-0.24291772,1.7186333,0.2548944,-0.2352249,0.44912624,-0.19812092,-0.022414662,0.7048032,0.1661538,0.3466996,0.32827953,0.3175211,-0.26361808,-0.0105171865,-0.2825261,-0.038526036,-0.56578696,0.19932407,0.16274768,-0.03168285,0.15520324,-0.81282103,-0.09541027,0.6164836,-0.12675895,-0.50502807,0.08352272,-1.3544993,-0.09455908,0.1829628,-0.05409257,-0.25477555,-0.2926822,-0.05470327,0.03885007,0.06964136,-0.12727648,-0.3852084,-0.05465941,-0.1733273,-0.2353618,0.5427746,0.24953026
133,-0.076147914,0.19591367,0.49765357,-0.40514782,-0.3331685,0.10454291,-0.25538582,0.3566937,-0.13036908,-0.027925625,0.23754467,0.18818915,0.11492333,0.010723249,0.08813467,-0.24191199,0.14070791,0.24999325,-0.2965425,0.38679084,0.1662444,0.1552267,-0.15168199,-0.017609911,0.34020784,0.054887813,-0.18562625,-0.5456882,0.37975928,-0.40444586,0.077246495,0.47510195,0.17496753,0.18142895,-0.053941995,0.2660605,-0.17585619,0.18648417,-0.03416583,-0.21823959,-0.31568584,-0.23885141,-0.0070701092,-0.48949388,-0.24497825,0.07352876,-0.08704141,-0.45518497,0.11178335,-0.9093592,0.09165108,-0.04105458,0.14384858,0.9271142,-0.19284733,-2.1885557,0.096496664,0.026566586,1.6937466,0.43717954,-0.03170917,0.8358591,-0.4757147,0.16125454,0.78986925,0.029546589,0.33319542,0.45713696,-0.04582575,-0.18744417,0.121928126,-0.22831674,-0.04470329,-0.3544934,0.0047645774,0.13148224,-0.25998202,-0.229236,-0.56032413,-0.12580384,0.437641,0.02043133,-0.40513718,-0.073003165,-1.3355241,-0.27200916,0.1878949,-0.19937734,-0.30773035,-0.37334654,-0.30369374,-0.005354582,-0.1561455,-0.17544234,-0.32799366,-0.115272336,0.0020549793,0.0441355,0.3641201,0.29894385
134,-0.05288867,0.20106266,0.32317352,-0.18131247,-0.08246234,0.29540327,0.002319033,0.25934327,0.046539403,-0.04284017,0.28145853,0.04386064,0.30277377,0.06386309,0.11743935,-0.33645523,0.14396401,0.15478571,-0.5030492,0.12488128,0.28538567,0.04705584,0.2572277,0.019493861,0.24085309,-0.12333014,-0.132822,-0.478605,0.1962257,-0.17368838,-0.029925296,0.6647221,0.020545496,0.08128228,0.07017203,0.3108195,-0.11939912,0.20928033,-0.011936371,-0.24546602,-0.48323444,-0.26660934,0.23847133,-0.28908333,-0.12817645,0.07634865,0.23511514,-0.45717803,0.052255806,-0.7424815,0.003318727,-0.041911766,0.20714502,1.1645913,-0.32563564,-2.514236,-0.09893341,-0.1056304,1.5761164,0.75295734,-0.110487394,0.78401935,-0.28037068,0.21950872,0.78136677,-0.13547707,0.44097728,0.4312576,0.06297714,-0.010431848,0.011930962,-0.28164706,0.04970697,-0.39007112,0.18036124,0.19756292,-0.14976314,-0.17206772,-0.8631829,-0.057832118,0.5558984,-0.09486072,-0.5419945,0.16235632,-1.4171774,-0.22184464,0.0575216,-0.29894418,-0.27070004,-0.28994215,-0.12276246,-0.19906804,-0.12508896,0.16721755,-0.6006733,0.033112496,-0.30453974,-0.12625012,0.34751734,0.24516186
135,-0.15140624,0.26727825,0.38220304,-0.31488952,-0.24383394,0.27998248,-0.24034375,0.17746463,0.06728014,-0.07690897,0.13448775,0.053324543,0.30610457,0.08673961,0.08631,-0.24890962,0.11037161,0.2623967,-0.4616397,0.3049712,0.21482353,0.033388447,0.123164415,-0.24698444,0.14874384,0.08985837,-0.20455842,-0.51292735,0.19553335,-0.20927271,0.0048720366,0.59520733,0.008893842,0.04027681,0.15085904,0.3275674,-0.062268924,0.12713291,0.27206334,-0.29554152,-0.37911588,-0.16953711,0.07409191,-0.5682283,-0.34804362,0.0070569688,0.069120616,-0.2574795,-0.039119933,-0.8265213,0.11757951,0.017826362,0.106333196,1.0132568,-0.17029847,-2.2072408,0.10276288,-0.095720746,1.5989716,0.42413345,-0.11800373,0.8155465,-0.33760437,0.016163483,0.8256472,0.02622387,0.50965333,0.39671564,-0.040805675,-0.24411039,-0.006026371,-0.31484184,-0.048690002,-0.46734133,0.13433771,0.19513124,-0.09513687,-0.009947752,-0.6830198,0.0011921031,0.5325196,-0.001240479,-0.5802172,0.015724057,-1.499145,-0.21464376,0.16469462,-0.008288015,-0.30624333,-0.42877895,-0.124444775,-0.084131375,0.00853377,-0.13123398,-0.41100582,-0.12690979,-0.17961168,-0.33201137,0.41613278,0.29216358
136,0.018925335,0.19488168,0.520336,-0.5102273,-0.46807912,0.39072433,-0.033528168,0.16833884,0.100799166,-0.14971381,0.36516166,0.18703717,0.21891482,0.115497,0.07208551,-0.250615,-0.14155382,0.43236664,-0.396675,0.4832298,0.26201668,0.15619333,-0.12022551,-0.28447297,0.18056034,0.21399051,-0.35552585,-0.5656383,0.32075417,-0.31938997,0.14949216,0.49279165,0.26282167,0.14826533,-0.04914316,0.38105,-0.33638433,0.25950333,0.08946166,-0.35637832,-0.26874998,-0.18355982,0.23863965,-0.577632,-0.40636477,-0.18038867,0.092578165,-0.271665,0.11570499,-0.9724784,0.1346045,0.12996684,0.104722,1.0053667,-0.10507667,-2.3751333,0.07407918,0.2819405,1.442925,0.44927868,0.14900167,1.1490916,-0.62581503,-0.04448865,0.7167017,-0.101399995,0.70095897,0.41983834,-0.19513302,-0.16235334,0.13384116,0.039650008,0.19206865,-0.5357366,0.09889499,0.535333,-0.25873134,-0.25917584,-0.6024688,-0.024537498,0.42339715,0.017119326,-0.48173666,-0.18180619,-1.5596833,-0.30592483,0.028898323,-0.056384336,-0.58950466,-0.17575599,-0.080650024,-0.31746766,0.23544294,-0.04094667,-0.52663165,-0.17565334,-0.36197832,-0.156456,0.17438366,0.5874134
137,-0.023980368,0.1584591,0.29260182,-0.29102233,0.05483836,-0.18309928,-0.096957356,0.13217635,0.08715737,0.19639987,0.27586576,0.0064897295,0.119815916,-0.17260113,0.18175015,-0.38831046,0.37574482,0.078853816,-0.0983709,0.42570516,0.107747726,0.09193437,0.14082381,0.06687537,0.26125118,0.011261002,-0.2638331,-0.54429543,-0.41528493,-0.038779095,-0.019934725,0.8241955,-0.07417,-0.06986635,0.16199446,0.35794437,-0.066363335,0.16570999,0.039341804,-0.45402232,-0.018925358,-0.21368675,0.032623447,-0.5822009,0.010585719,0.0961812,0.0038954562,-0.45510262,0.13451,-0.46438253,0.15891272,-0.08364181,0.18124892,0.7611363,-0.28963456,-2.0943773,-0.18444343,-0.16157967,1.7851337,0.22059236,0.101505466,0.3081152,-0.14819881,0.042479467,0.33230665,-0.035530638,0.49863407,0.38395452,0.2549199,-0.30145678,0.05292909,-0.23712458,0.026741,-0.23411474,0.09302127,0.10633464,-0.044216044,-0.041841015,-0.9189358,-0.04981028,0.81567293,-0.21585874,-0.27756545,0.04497772,-1.004546,-0.17457935,0.12365272,-0.26555818,-0.049905434,-0.15795635,-0.19851771,0.03206664,-0.028252093,-0.43427122,-0.5709609,0.017028166,0.022363482,-0.21096088,0.65556073,0.15929419
138,-0.242935,0.22773512,0.33899537,-0.10267088,0.09852874,-0.18014726,-0.19274387,0.19498125,-0.042681877,0.11042251,-0.036154322,-0.18302052,0.09857452,0.001997497,0.17165725,-0.18469313,-0.042979248,0.11908275,-0.023610126,0.231445,0.21129751,-0.016693756,0.4534064,0.18040375,0.2626956,-0.0015276282,0.049265366,-0.61328006,-0.38153037,-0.036117002,-0.24533501,0.6683751,-0.13482624,-0.039097995,0.31351,0.45179874,0.14075962,0.21775436,-0.035371438,-0.52187,-0.173515,-0.19000074,0.08531612,-0.37121373,-0.027265996,-0.121606246,0.35603598,-0.3812725,0.053183123,-0.76656246,0.17375973,-0.06740625,0.24749652,1.0163387,-0.31711864,-2.413045,-0.044896126,-0.27109388,1.7339625,0.06275912,-0.17055675,0.49553624,-0.37771398,0.14977288,0.8586025,-0.21159813,0.6264975,0.018507868,0.43491077,-0.33515775,-0.0781735,-0.33858088,-0.049387753,-0.13054127,0.31161487,0.072755754,-0.1552985,-0.008950999,-0.87427133,0.035342745,0.6647038,0.100219876,-0.5623925,0.03093762,-1.2376437,-0.12832801,-0.005272031,-0.36909464,-0.17238139,-0.42495885,-0.016976375,-0.07307888,-0.16381526,0.14006248,-0.32495642,0.19067624,-0.21984115,-0.46755287,0.5503713,0.17689452
139,-0.29231998,0.14336,0.15875001,-0.089921,-0.32564667,-0.18611932,-0.3318633,0.34762666,-0.39613333,0.04623668,-0.05449934,0.22196901,0.41706,-0.10399333,-0.14032,-0.38433668,0.034763325,-0.3448533,0.17919482,0.051,0.4251933,0.17489667,0.16016443,0.13417666,0.40526167,0.15285,-0.44047666,-0.49107334,-0.123794995,0.08888801,-0.10413999,0.5289767,-0.03115665,-0.16557,0.19598334,0.36694667,0.31789732,0.11165333,-0.22341001,-0.016533336,-0.014443333,-0.29670966,0.43593,-0.068689995,0.15601732,-0.15067333,0.78982997,-0.06868333,0.015559003,-0.5475033,0.20362099,-0.29693332,0.25592065,1.2199565,-0.18643336,-2.9760666,0.35118333,-0.26897532,2.047,0.05492999,-0.027420664,0.9591933,-0.13327332,0.047706667,0.7497933,-0.17840666,0.52636003,0.38722333,0.34093332,-0.22805667,0.21500666,-0.120513,0.024036666,-0.5192,0.42094198,-0.36205664,-0.5553667,-0.144209,-1.0085467,-0.007956669,0.5377833,0.06985033,-0.42952335,0.44800666,-1.4962333,-0.11252334,0.06357061,-0.113100655,-0.24079032,-0.21542333,-0.047575336,0.36057636,-0.31820667,0.086666666,-0.54831,-0.13759066,-0.76719666,-0.591,0.46839,0.5127167
140,-0.57069,0.11777499,0.50558996,-0.46385503,-0.365275,0.33764,0.031355,0.16822301,-0.09183499,-0.041660003,0.206325,-0.19145499,0.17894399,-0.24281001,-0.013735004,-0.286515,-0.357495,-0.010505006,-0.14929101,0.1475135,0.268325,0.38571,0.19114,-0.45679998,0.111765,0.44917348,-0.48552498,-0.685035,-0.2274765,-0.27107,-0.045842003,0.582355,-0.171576,0.011095498,0.0062200055,0.686195,0.194683,-0.3664574,0.08569499,-0.579075,-0.1614245,-0.64234,-0.16306311,-0.396,-0.10203,-0.23735,0.124035,0.1005255,0.540125,-1.062075,-0.055587,-0.363985,0.26635998,0.983675,-0.251585,-2.5175,0.387915,0.183856,1.174695,0.1647505,0.035595004,1.22105,-0.66522,0.24057499,0.79375,0.08558,0.838745,0.06689501,0.310545,-0.53751004,0.2850345,-0.3604135,0.14096999,-0.1272,0.3199285,0.14324999,-0.020595,-0.250695,0.16786003,-0.14118999,0.61141,-0.057621498,-0.888235,0.249495,-1.095535,-0.0975685,0.1391975,0.13975,-0.37537798,-0.327865,-0.074085,0.400692,-0.1193645,-0.2069045,-0.46077502,-0.061368503,-0.432085,-0.191645,-0.1347595,0.28108
141,-0.10772882,0.1511234,0.4421394,-0.24025454,-0.0389426,0.1094163,-0.12229425,0.3120903,0.10857718,0.039307177,0.27357602,0.18958771,0.1566218,0.024959944,0.013838412,-0.22658935,0.29542798,0.21214472,-0.39265323,0.0070076436,0.22014956,0.080394536,0.07133771,-0.13354407,0.06229934,-0.0011618803,-0.13581347,-0.33553457,0.13962524,-0.19551957,0.014061069,0.38940707,-0.0025615816,0.14271413,-0.046816874,0.29842576,-0.08506233,0.17729795,0.060018707,-0.1819825,-0.3696809,-0.28027532,0.3053361,-0.35607332,-0.1155717,-0.04876141,0.03078959,-0.3111024,0.07468565,-0.74647886,0.26614615,-0.008887065,0.17905842,0.8317693,-0.3606711,-1.87424,-0.077578865,-0.18084845,1.3374095,0.54477865,-0.073461875,0.6535941,-0.26123744,0.113635145,0.7101453,-0.050209116,0.2881858,0.23959951,0.025080936,-0.22546747,0.14780983,-0.34590134,-0.012524123,-0.11899672,0.12052871,0.2025543,-0.15996559,0.035839763,-0.8276942,0.104004174,0.5165877,-0.016190244,-0.484507,0.070351176,-1.1999023,-0.27398953,-0.047878634,-0.2888638,-0.24977261,-0.3660374,-0.17206553,-0.21021098,0.029820459,0.06114518,-0.4564529,-0.07373423,-0.13485444,-0.22769623,0.376713,0.2863567
142,-0.05020243,0.07575671,0.24086387,0.023030002,0.08098143,0.40296286,0.17051658,0.49098712,-0.071807854,-0.014894717,0.33663028,0.12549612,0.27836683,0.072348714,0.3000243,-0.2938757,0.11832142,0.22379842,-0.24180685,0.13004556,0.24976571,0.10206242,0.18787657,0.097249284,0.11900956,-0.27275,-0.15990858,-0.41161412,-0.06843656,0.18123743,0.16309042,0.4574657,-0.046811707,-0.1449543,0.06378,0.320285,-0.06975315,0.067724854,0.2362057,-0.29116744,-0.112031415,-0.3886642,0.22804856,-0.16149129,-0.10426398,-0.08688571,0.1160457,-0.24052572,0.12835614,-0.70539856,0.20487973,-0.19472429,0.16736744,0.8973101,-0.04899647,-2.3453715,-0.2515463,-0.18360622,1.8817856,0.42523098,0.14334957,0.9538928,-0.26233572,-0.025473658,0.54176605,0.184567,0.277857,0.16476543,0.34936255,0.012730428,-0.18707715,0.2808043,0.20876114,-0.25415128,0.184978,0.31068042,-0.09532915,-0.42024428,-0.8123585,0.037649717,0.57263285,0.18475641,-0.2776443,0.18431728,-1.1859114,-0.17935269,0.36661932,-0.17531872,-0.16537629,-0.06808814,-0.00606301,0.09488499,0.078608,-0.042097848,-0.5128107,-0.064194284,-0.07598758,-0.094211444,0.48267648,0.15870035
143,-0.023878798,0.259271,0.60039604,-0.22681649,-0.83970594,0.2511372,-0.019756038,0.46560797,0.289808,-0.233306,0.761366,0.36382937,0.409972,-0.1553792,-0.1672788,-0.641362,-0.27543396,0.23436001,-0.422676,0.37144598,0.11499641,0.82541,-0.26750603,-0.3515225,-0.09276339,0.3125454,0.15485208,-0.40942064,0.42589155,-0.0008719891,-0.26634863,0.83373594,0.3408224,-0.018477384,0.2843684,0.259484,-0.18083958,0.1899748,0.29622403,-0.561908,-0.266022,-0.21730399,0.255866,-0.528508,-0.47950858,-0.4191652,0.38034457,-0.3355178,-0.111868,-1.2474941,-0.10386281,-0.3025434,0.30745903,0.67404956,-0.56962,-1.8675461,0.18625203,0.27198023,1.111,0.25079018,0.12670639,0.63336,-0.8693412,-0.28141853,0.599376,0.047629405,0.490808,0.651612,-0.5032666,-0.024555404,0.347578,-0.30807,0.14336002,-0.40976,0.327198,0.24423802,0.10858701,0.0319092,-0.54226196,-0.49057603,0.2817554,-0.45370564,-0.45923463,0.0872162,-1.266208,-0.089095615,-0.1667811,-0.22421399,-0.62955004,-0.2707128,-0.028312001,-0.1484586,0.22511618,0.23941723,-0.48171383,0.21327241,-0.127681,-0.355578,0.1874862,0.35857877
144,-0.36606002,0.16403666,0.4128867,-0.353786,-0.73188,-0.21986668,0.112337,-0.12999067,-1.35544,-0.10950467,0.6567467,-0.34889665,-0.56033665,0.061093315,-0.14413667,0.25769335,-0.3921833,0.48868003,-0.23408,0.45129335,0.6730433,0.4069933,0.052914664,0.82187,0.082838334,0.7374334,0.34684002,-0.08317001,0.43363,0.06677667,0.52115,0.45063338,-0.36001337,0.09349933,0.19891,-0.02437667,0.35851666,1.1118667,-0.19724333,0.28614,1.06027,-0.56777936,0.41399336,-0.43759862,-0.072299995,0.111026675,-0.8753333,-0.084446006,0.45064998,-0.03406666,-0.62023336,0.055143338,0.095706664,0.48525396,-0.76906663,-1.8277001,-0.045763314,0.19067001,1.0865533,0.286376,-0.4599533,-0.063876666,-0.30884334,-0.18189,1.0525032,0.44038,0.39353332,0.5853133,0.07504668,0.09730333,-0.7583793,-0.21144001,-0.51922,0.033140022,0.6741267,-0.16232933,0.25670934,-0.39603963,-0.356288,-0.49803331,-0.015873352,-0.71348333,-0.50843,-0.21883266,-1.0478333,0.14066,-0.20395,-0.95556664,0.048502665,0.4829867,-0.68432,0.14460434,0.08123066,0.36640668,0.034233,-0.08001334,-0.23414665,-1.0234667,0.38000062,-0.27750468
145,0.041975,0.56665,0.55495,-0.79539,0.011599,0.042316,-0.47193,0.16728,-1.03,-0.42708,-0.042261,-0.93797,0.01764,0.24681,0.24844,-0.74971,0.75269,0.24294,0.4173,1.089,-0.10551,0.29419,-0.84321,0.25104,1.2688,0.26621,0.4935,-0.12787,0.41448,-0.37376,0.36673,0.05751,-0.34514,-0.0082621,0.74975,-0.53979,0.42224,0.74624,-0.64641,0.046788,0.23655,0.26706,-0.63018,0.39395,0.65331,-0.29825,-0.84473,0.10571,0.31079,-0.049061,0.09755,-0.41271,-0.15946,0.91942,0.80997,-2.2296,-0.76507,0.86158,0.55543,0.75676,-0.83314,1.7212,-0.1477,0.34273,0.50468,0.025164,0.46121,0.89271,-0.38666,0.43921,0.18902,-0.25856,-0.23932,0.21862,-0.098173,-0.64256,0.28659,-0.39449,-0.048029,-0.41707,0.023152,-0.090341,0.011254,-0.34894,-0.91081,-0.36158,-0.33487,0.13672,0.026403,-0.36497,-0.66273,0.18363,-0.49008,-0.24731,-0.55261,-0.29198,-1.0498,0.048084,-0.038734,0.20852
146,-0.25215966,0.28032002,0.32293665,-0.17241101,-0.49020335,-0.13905932,0.019082,-0.12200666,-0.110920005,-0.40575334,-0.09511604,-0.09452667,0.3432033,-0.12814766,-0.04385333,-0.24799733,-0.22305067,0.01421534,-0.145692,0.69202,0.176772,0.14846332,-0.07980333,-0.40101334,-0.014208336,0.221022,-0.27474666,-0.45429334,-0.17552866,-0.042029988,-0.16795665,0.60162663,0.018553339,-0.25005665,0.50590664,0.30856666,-0.15134266,0.22130264,-0.014764935,-0.37703666,-0.15242167,-0.075876005,0.28261468,-0.33056268,-0.22037001,-0.41885003,0.6912453,-0.025365934,-0.130227,-1.07,0.24598335,-0.2681474,0.19524665,0.9218567,-0.067464,-2.4598668,0.2810473,0.160206,1.2846466,0.024829999,-0.24770068,0.9548133,-0.7022133,-0.124201335,0.85268,-0.11573199,0.6292433,0.33326334,0.19922733,-0.4197,0.23163335,-0.18700266,0.3113993,-0.23883599,0.6367533,0.065696664,-0.18164967,-0.22309333,-0.42376336,-0.06504333,0.4715233,0.22032833,-0.5234633,-0.018376663,-1.5135001,-0.21394001,-0.022737065,-0.20481034,-0.53477997,-0.5859167,-0.009553533,-0.28959033,-0.007401665,0.184175,-0.46459332,0.12694533,-0.5021966,-0.59528,-0.0075106644,0.63805
147,-0.13399391,0.22769971,0.33051765,-0.22286503,-0.008203962,0.021113668,-0.22140953,0.28267306,-0.008184164,0.06947787,0.17590736,-0.026041703,0.121961616,-0.0004035616,0.10054838,-0.29582995,0.24374914,0.16460773,-0.3875267,0.27216616,0.19356805,-0.1751832,0.20267117,0.1142711,0.11785414,-0.08687624,-0.09968582,-0.40303177,-0.027635287,-0.26874503,-0.008844893,0.5659957,-0.15936643,-0.028571064,0.091770925,0.3953274,-0.020545006,0.26802745,-0.06069187,-0.255589,-0.25528696,-0.28298646,0.04042092,-0.33830395,-0.10583175,0.032128815,0.071703345,-0.471779,-0.087555066,-0.71490663,0.0957834,0.052550286,0.121998504,1.0742472,-0.32191172,-2.1917286,-0.043891665,-0.37041557,1.848791,0.3972124,-0.16705464,0.54014134,-0.25829864,0.13089266,0.7234101,-0.032487907,0.33485493,0.35273305,0.17986031,-0.35704622,-0.021088658,-0.3979502,-0.07827072,-0.3469574,0.26994422,0.1689819,-0.18363932,-0.051819414,-0.8780087,0.051325478,0.6799675,-0.06831483,-0.50814146,0.062289525,-1.3425419,-0.12843406,0.20246615,-0.041030742,-0.14493063,-0.28485304,-0.14037515,-0.013668866,-0.12857728,-0.20887838,-0.49291363,-0.11969266,-0.03780286,-0.09609505,0.6852072,0.12996066
148,-0.004835026,0.15232484,0.28192344,-0.2729159,-0.1289546,0.23440035,-0.059750967,0.19293027,0.0057225158,0.0746603,0.24137682,0.10155027,0.22393195,0.053061485,0.1804094,-0.29231992,0.12597166,0.16589671,-0.42158157,0.22250713,0.22852331,0.1735501,0.19139512,-0.07223754,0.19152915,-0.084719755,-0.20740323,-0.41113713,0.1060018,-0.13382426,0.04997738,0.49083143,0.028713899,0.10608189,0.050391134,0.36413088,-0.0842735,0.17669313,0.05821392,-0.20504905,-0.36696914,-0.23572882,0.22048178,-0.44007224,-0.12945637,-0.0041451138,0.14748366,-0.26571384,0.116729565,-0.804944,0.12433402,0.016435768,0.16462688,0.9621712,-0.29759708,-2.2551036,-0.10427266,-0.07303991,1.5950792,0.53752196,-0.07325919,0.764719,-0.32836244,0.1710058,0.64561003,-0.1266364,0.5193685,0.31960365,0.097225055,-0.08597875,0.00641537,-0.29157063,0.049124423,-0.31267345,0.14398625,0.29454827,-0.0806612,0.027493328,-0.88963085,0.05587798,0.6069138,-0.05133598,-0.4574247,0.13214463,-1.355812,-0.30171174,0.04714523,-0.28352147,-0.35757634,-0.3787659,-0.04958126,-0.25426763,0.0005011277,0.036126997,-0.5261507,0.0057751485,-0.20527391,-0.1371217,0.39172614,0.22476175
149,0.098766,0.38397,0.26227,-0.058741,-0.20597,0.19129,0.031302,0.4311,-0.14923,0.26468,-0.063913,-0.094587,0.19793,-0.096618,0.24348,-0.31467,0.097675,0.24724,-0.32368,0.047118,0.45458,-0.38223,0.1306,0.080704,0.13255,-0.44639,0.26547,-0.61557,0.063596,-0.08303,0.41454,0.68674,0.020873,-0.27769,0.1425,0.33237,-0.022684,0.32512,-0.0078992,-0.15809,0.11388,-0.20844,0.3988,0.12267,0.017449,-0.040645,0.30873,-0.44941,-0.35171,-0.8214,0.24074,-0.015392,0.39307,1.0094,-0.27229,-2.8493,-0.092518,-0.19689,1.7606,0.46902,0.1608,0.9059,-0.37837,0.11984,0.79972,0.10071,0.13774,0.044494,0.15176,0.22861,-0.64129,-0.13822,0.11375,-0.29933,0.28768,0.19966,-0.21373,-0.53014,-0.73647,-0.13001,0.14474,-0.1926,-0.46546,0.18238,-1.3896,0.032834,0.04814,-0.47467,-0.025645,-0.40943,-0.25694,-0.027033,-0.17771,0.26613,-0.2861,-0.20019,-0.80291,-0.40619,0.61264,-0.1077
150,0.075235,0.1481655,0.64966,-0.6385975,-0.3624075,0.436652,0.051356755,0.19634797,0.1592585,0.0725385,-0.31944752,0.16360995,0.08250475,-0.034271,0.27453,0.26657975,0.15652099,-0.011931251,-0.111195505,0.47151148,0.45944852,0.22505425,-0.213815,-0.5609703,0.30523747,0.16046825,-0.48649,-0.21270251,-0.08216251,-0.15772249,-0.20704125,0.6041825,0.43075225,-0.1630293,-0.016834997,0.3622275,-0.46447927,-0.051612496,0.49238998,-0.2995725,-0.10728,0.34448776,0.23044248,-0.20437975,-0.40456247,-0.00456075,0.19255224,-0.16608499,-0.2040125,-0.666595,-0.12674248,-0.06188849,0.1433425,0.71664995,-0.5388125,-1.995465,0.014761994,0.146115,0.98193586,0.32851,0.02925625,0.7442225,-0.28321773,-0.09962593,0.890615,0.024534002,0.7841825,0.09725502,-0.047097497,0.07917042,-0.047735002,0.059877504,-0.056016,-0.18825975,0.04976217,0.19428399,0.284765,-0.21703449,-0.6016275,0.129745,0.39095202,-0.15802775,-0.2172775,-0.1829538,-1.09511,-0.0965985,-0.026942503,-0.18405,-0.3083185,-0.5136375,0.21667498,0.03216675,-0.18136725,-0.13281173,-0.19412625,-0.220521,-0.10607725,-0.26401126,0.11940501,0.41161
151,0.078602165,0.056553468,0.3366217,-0.23609695,0.06758376,0.24073991,-0.109554134,0.254528,0.009567001,-0.1381739,0.16606799,0.027663345,0.2576145,0.076756,0.12283585,-0.11409661,0.049065415,0.028794004,-0.254822,0.18343425,0.13444385,-0.017279567,0.041083537,0.011390478,0.24105366,0.017581077,-0.24506362,-0.26023513,-0.0019715186,-0.14369434,0.15587054,0.29318172,-0.22655085,-0.066201136,0.018446874,0.054355215,-0.14282475,0.08475906,-0.18525313,-0.23798269,-0.15843605,-0.22188479,0.21795219,-0.17469542,-0.04150018,0.01404259,0.17701061,-0.2115387,0.08120218,-0.6300037,0.10363309,-0.022497907,0.12323221,0.897591,-0.16441347,-1.9211023,0.046014592,-0.13606934,1.351935,0.39286295,-0.12503585,0.57506806,-0.3884387,0.10587448,0.50424534,-0.057224248,0.32274187,0.2012797,0.22422495,-0.14040662,-0.18884909,-0.14663494,-0.00470044,-0.32967964,0.13995972,0.2985801,-0.16265629,-0.057672933,-0.6614199,0.03787659,0.5587606,0.03056791,-0.41105497,0.08458112,-1.1379312,-0.1777873,0.13604572,-0.062176965,-0.16981259,-0.26569676,-0.07927521,-0.068590716,-0.02663524,0.06892294,-0.4122083,-0.13018848,-0.10454501,-0.11338454,0.45743686,0.08906991
152,0.054593425,0.20497592,0.23318945,-0.06216581,-0.15040994,-0.09768157,-0.2094281,0.02640728,-0.1372355,-0.09466521,0.18688689,0.048183255,0.26641688,-0.13125218,-0.046841525,-0.39564833,0.26987925,0.18121135,-0.35825613,0.28463188,0.06609476,0.110827945,-0.0061161774,-0.15753871,0.12778346,-0.06136478,-0.11319648,-0.26061755,0.053269666,-0.24753849,-0.028703712,0.57280153,-0.011209136,-0.18403432,0.124577135,0.30470604,-0.06337224,0.18318266,0.0068790964,-0.22309217,-0.1908376,-0.22240613,0.15853615,-0.2959246,-0.20501773,0.050946996,0.23097524,-0.33232626,0.12733886,-0.67731714,-0.02036576,-0.052490324,0.10239719,0.9093044,-0.037161093,-1.8518646,0.016720576,-0.09770099,1.4948467,0.39152995,-0.033705574,0.6158918,-0.14797032,0.090938605,0.53358936,-0.0037598638,0.42596558,0.23946315,0.24524294,-0.1292201,0.052993707,-0.13582927,-0.10380863,-0.30371958,0.105692476,0.1370568,-0.087311625,-0.16879623,-0.8077167,0.0352951,0.5766309,-0.08866152,-0.3745678,0.1487847,-1.3619672,-0.15954337,-0.12212743,-0.26049867,-0.19428575,-0.4178109,-0.076725855,-0.055630326,0.022706954,-0.059424087,-0.53735,0.05519339,-0.26764548,-0.29404777,0.37786475,0.37729415
153,-0.0081705395,0.09096228,0.2732085,-0.21497375,-0.15032063,0.16567373,-0.31667808,0.13885479,0.24681245,-0.13526502,0.32654545,0.08752773,0.07587817,-0.07949454,0.10670482,-0.2333527,-0.0069493623,0.28148887,-0.033873852,0.2278588,-0.022144556,-0.15927681,-0.10902819,-0.25785273,0.2275518,0.029253645,-0.38214108,-0.43898496,0.17047383,-0.1517693,0.11024382,0.47950095,0.03865337,-0.05901418,0.12208963,0.13585208,0.021260638,-0.006377089,0.14999281,-0.38351583,-0.109175466,-0.16159536,0.0076773614,-0.27130386,-0.25154227,0.12304681,-0.05708547,-0.4473336,-0.160982,-0.6766612,0.21949881,0.31544954,0.07349255,0.8366732,-0.16608037,-1.7281073,-0.028512543,-0.11809618,1.6259212,0.07013019,-0.013569111,0.5540106,-0.22815046,0.05852225,0.57562846,0.066333085,0.5587023,0.2865311,-0.16324215,-0.24066137,-0.21692891,-0.20749973,0.08031246,-0.32998502,0.27218354,0.28453964,-0.114719085,-0.048365176,-0.52484757,-0.011295454,0.62022626,-0.16558,-0.4494367,0.12019591,-1.1652937,-0.11214709,0.1369659,-0.06046246,-0.16579945,-0.22948818,-0.16142544,0.018177357,0.057291724,-0.3261182,-0.23856272,-0.28471258,0.086716905,0.123918824,0.4010581,0.15526925
154,-0.19246429,0.1429832,0.24704887,-0.25779268,0.018567996,0.18042691,-0.19565965,0.15758234,0.08301668,0.012391364,0.16826858,-0.01784624,0.05352442,-0.16860129,0.20095383,-0.19144021,0.28871953,0.14037524,-0.4648427,0.3945504,0.3857701,-0.10069471,0.30980206,0.056368448,0.118322484,-0.08052428,-0.14484158,-0.51656336,0.18748468,-0.1464944,-0.10549658,0.5899991,-0.113777615,0.040432543,0.10354832,0.5192732,-0.08089668,0.10159009,0.03356946,-0.20841192,-0.33799794,-0.17422481,-0.21952057,-0.53925693,-0.26546007,0.111058004,0.16312526,-0.28293768,-0.07682018,-0.84249896,0.10141273,-0.030769128,0.22004361,1.0357337,-0.27082846,-2.4817374,-0.12222404,-0.32822433,1.7826304,0.33187854,-0.22993654,0.72100616,-0.2799405,0.18781018,0.69462544,-0.026929678,0.47229564,0.335577,0.08296873,-0.35417545,-0.115038544,-0.39695027,-0.11846492,-0.49179685,0.030836679,0.029296959,-0.20524979,0.0026912228,-0.7508591,-0.098647326,0.58100724,-0.012231645,-0.45455772,0.030831981,-1.387743,-0.22919975,0.26098326,0.12014275,-0.18637663,-0.2574215,-0.09067863,0.11444575,-0.079135366,-0.29003662,-0.55434066,-0.2034287,-0.16639437,-0.27272633,0.6349193,0.16832612
155,-0.21047632,0.14636381,0.52566016,-0.09636302,0.1074569,0.2073107,-0.2651217,0.082973376,0.19328143,0.0967869,0.111814,-0.0790229,0.4739325,-0.0808988,-0.007980203,-0.24602513,0.2981354,0.06578718,-0.45794803,0.142171,-0.037785996,-0.1495471,0.3093641,0.13388781,0.1948638,0.0094238045,0.0747583,-0.25789198,-0.056524,-0.1599302,-0.09650399,0.734424,0.028029496,0.0680243,0.306376,0.2952508,-0.010525461,0.031134997,-0.0649115,-0.259851,-0.3623943,-0.005695832,0.25304267,-0.27835006,-0.15870783,-0.073553585,0.13270298,-0.22806239,-0.012362791,-0.450325,0.11520821,-0.025469199,0.13259201,0.91701615,-0.3300756,-1.7658312,-0.05500049,-0.1925961,1.478627,0.2860672,-0.2222636,0.39357692,-0.1863451,0.13439998,0.5720464,0.13621849,0.3163297,0.267426,0.373478,-0.37681082,0.0551456,-0.16074216,0.23341683,-0.29486,0.24807699,0.1459206,-0.0689795,0.1821094,-0.70533955,-0.033941,0.587606,-0.094171874,-0.4697307,0.31036538,-1.0496157,0.2679598,0.1599432,-0.070752315,-0.0726504,-0.1679276,0.09212719,-0.023002693,-0.23782948,0.0247592,-0.10360613,0.054553807,-0.3112979,-0.602428,0.519322,0.251666
156,-0.017136673,0.4081189,0.29351398,-0.19781424,-0.092754446,-0.27993923,-0.292067,0.31641445,-0.10710831,-0.16119455,0.056488447,-0.10477424,0.42440778,0.11392023,0.09802234,-0.3373189,0.0070920917,0.20142667,-0.019613989,0.16407067,0.4351981,-0.017062217,0.3900069,0.123328224,0.15272501,0.106786445,-0.04477445,-0.65578115,-0.27330267,0.03758193,0.1542111,0.22771573,-0.28017956,-0.084031664,0.37941444,0.2871541,0.14085178,0.1706789,-0.05084011,-0.39650285,-0.14811441,-0.27210134,-0.09061689,-0.4739,0.14303532,-0.06599436,0.28847823,-0.20754522,0.018308116,-0.9717944,0.019655338,-0.08243435,0.07894745,1.09136,-0.32210442,-2.1634934,-0.09561155,-0.087651215,1.6188613,0.31010544,-0.24116023,0.72434795,-0.49449533,0.117652126,0.5907959,-0.1263308,0.84421664,0.23640023,0.49950796,-0.40228865,-0.05432456,-0.4296789,-0.031008217,-0.079054326,0.13029389,-0.00065222546,-0.113071665,0.1365739,-0.87906003,-0.11513278,0.90659004,0.094188556,-0.7065342,-0.15371667,-1.1881136,-0.45369953,0.08317598,-0.16804488,-0.27934822,-0.44522178,-0.44600758,-0.10962444,-0.24347407,-0.16088833,-0.82459664,-0.06962311,-0.35623345,-0.28295,0.58087337,0.24090746
157,-0.0057114116,0.1926574,0.22082447,-0.34860787,-0.11087201,0.15813792,-0.040204767,0.30295724,0.037511867,-0.0005125263,0.23638602,0.10505808,0.30557153,0.12563431,0.16745968,-0.3827284,0.14908443,0.24845612,-0.4308313,0.18964861,0.32142782,0.111509755,0.13051295,-0.0490942,0.099844374,-0.071439974,-0.15513383,-0.44608024,0.09324459,-0.3095609,0.112732254,0.43696386,-0.093917176,0.10174697,0.13773204,0.32484618,-0.011496352,0.24774048,-0.015651878,-0.2529086,-0.27938896,-0.22454432,0.15883851,-0.41630462,-0.07510285,-0.05527216,0.13004844,-0.3361408,0.04898899,-0.87909997,0.1101375,0.02926967,0.124559484,0.92633283,-0.22623809,-1.9559649,-0.042327262,-0.11225238,1.4807078,0.5041397,-0.06902156,0.65894365,-0.44493428,0.21418099,0.6623185,-0.17761119,0.5515045,0.35730916,0.098354526,-0.2981003,-0.055714373,-0.26503378,0.026808333,-0.19008608,0.11877292,0.28829503,-0.13627361,0.08755849,-0.82945454,-0.014951404,0.62562686,-0.040252022,-0.36603674,0.08099714,-1.3952074,-0.31876397,0.10781863,-0.2011662,-0.34953526,-0.3331506,-0.10009604,-0.2904627,0.01014433,-0.10907767,-0.574814,-0.03507688,-0.15159804,-0.14345063,0.41116685,0.12063799
158,-0.053014938,0.09947739,0.37060863,-0.24649207,-0.040310852,0.12422604,-0.17437509,0.26622254,-0.07321455,-0.017847378,0.15669163,0.022872094,0.26093218,0.09619979,0.06065496,-0.40381083,0.28722972,0.112464786,-0.27516,0.06783148,0.20205012,0.04582813,0.24081615,0.05320785,0.19889444,-0.11741493,-0.120809816,-0.42991552,0.13985066,-0.11205661,-0.0284359,0.39316475,-0.061918814,0.004105037,0.0097269155,0.29127723,-0.08314571,0.121949956,-0.011714116,-0.17265633,-0.2715084,-0.27202994,0.18876208,-0.31929702,0.06329015,0.06857808,0.18642825,-0.28213212,0.06477693,-0.6566364,0.056476407,0.056122985,0.061584305,1.0158206,-0.24782075,-2.0961633,-0.025235543,-0.14765692,1.6110934,0.418946,-0.15005358,0.65263945,-0.23540956,0.19341378,0.6084422,-0.036764823,0.2658247,0.24103938,0.15446192,-0.12696372,-0.06442923,-0.30517912,-0.109880924,-0.46698168,0.1491984,0.096774675,-0.09948206,0.005159051,-0.788659,-0.057116825,0.5248125,0.040892944,-0.45031613,0.16973913,-1.2036266,-0.2618494,0.10539936,-0.13580714,-0.20621902,-0.18936786,-0.13229127,-0.05057567,-0.026057832,0.1322961,-0.6070084,-0.030083401,-0.033180516,-0.11860664,0.5252159,0.21681082
159,0.19334875,0.055897504,0.10912,-0.0678225,-0.07765249,-0.115644425,-0.085766,-0.1820075,-0.09102249,-0.1706225,-0.053597752,-0.21099,0.18492499,-0.09340826,0.05162999,0.03337023,0.128512,0.20001376,-0.40114,0.38967553,0.058511753,0.24782749,-0.20279,-0.332555,0.076479994,0.086975,-0.4029375,-0.18059075,-0.10055001,-0.10654451,-0.0663175,0.39672825,0.02291175,-0.10004251,0.163095,0.2097852,-0.22502825,0.028869994,0.112669796,-0.61653996,0.47706878,-0.0767985,0.215998,-0.4063638,-0.003597498,0.06690501,0.14013901,-0.204584,0.33968475,-0.41521496,-0.044226997,-0.0794075,0.0361375,0.45140278,0.13449974,-1.77906,-0.09531751,-0.083102494,1.1065149,-0.088085756,-0.0194405,0.39559495,-0.28428,0.14989649,0.44096252,-0.1120905,0.4528475,0.047945503,0.29291922,-0.24538448,0.061520003,0.042885255,0.27474624,-0.1352,0.34551698,0.20150724,0.16155726,-0.2508675,-0.182735,0.13898425,0.35150552,0.10931374,-0.16446999,0.1591975,-0.7841125,-0.10564925,-0.12025775,-0.29959527,-0.27970502,-0.13450001,0.23765276,0.044520006,0.26846373,0.022826005,-0.5035625,-0.2522925,-0.0654475,-0.250255,0.42128477,0.56464255
160,-0.036946602,0.09914221,0.22868018,-0.2168849,0.26633188,0.20109801,-0.10048579,0.10536399,-0.174512,0.3093686,-0.25130248,0.06811115,0.27029318,0.095973,0.0486662,-0.083263695,0.26773697,-0.18711339,-0.06438411,0.22335243,0.15639338,-0.11833588,0.13828221,0.09677951,0.2869466,-0.16395201,-0.08524911,-0.30591998,-0.20222521,-0.0761388,0.03381241,0.55923903,-0.16684799,-0.123370185,0.06054319,0.19499901,0.012846994,0.0019880056,-0.0963185,-0.19420597,0.13239948,-0.09385979,0.30435237,-0.19947758,0.111466885,0.18513279,0.15823379,-0.079437114,-0.1967696,-0.438147,-0.1063235,0.12722921,0.2390544,0.935159,-0.38962132,-2.356561,-0.05878091,-0.0609229,1.4896109,0.22317699,-0.111751996,0.791627,-0.0636528,0.15151298,0.6452745,-0.052937996,0.4300397,0.2980508,0.236461,-0.08471194,-0.23557869,-0.039589,-0.199819,-0.37540382,0.1548279,0.023554295,-0.17385349,-0.21641651,-0.962319,0.033679,0.6061264,-0.12593058,-0.2371039,0.12029503,-1.00622,-0.1309211,0.14607862,-0.2559971,-0.108715795,-0.2818416,0.0610694,0.11939581,-0.24742858,-0.00017755032,-0.185774,-0.240502,-0.518952,-0.3830195,0.6112949,0.24139643
161,-0.13201177,0.28969926,0.37730005,-0.3653389,-0.36215255,0.14866734,-0.20747489,0.001479778,-0.085324444,-0.34072948,0.124411,-0.16566698,0.38599288,-0.11117212,0.1826689,-0.1827671,-0.03559312,0.11010511,-0.19757111,0.45471245,0.23226124,0.03367044,0.045664445,-0.025783747,0.1972167,-0.064906664,-0.071680225,-0.41135892,0.16160244,-0.25197467,0.03729656,0.50610894,-0.025707437,0.014780913,0.22456326,0.33119118,-0.06584575,0.30934998,-0.07270331,-0.359493,-0.19253145,-0.19296722,0.15063335,-0.38957444,-0.2385801,-0.1682321,0.06703433,-0.42219022,0.16308887,-0.85200775,-0.04684056,-0.008129557,-0.026545333,0.9969116,-0.07348755,-2.2511547,0.19753557,-0.09721012,1.5074711,0.2693011,-0.19781446,0.9069444,-0.385079,0.25225848,0.7332051,-0.10053244,0.66965777,0.35138634,0.22196998,-0.2637081,-0.04170944,-0.14431745,0.17767102,-0.59670556,0.12180478,0.13531621,-0.1705338,-0.21638767,-0.6815508,-0.28407356,0.7145023,0.079722226,-0.5395289,0.0875511,-1.5229678,-0.17126642,-0.04273557,-0.24949476,-0.5690601,-0.44962776,-0.17571689,-0.10434779,-0.08729422,-0.023908447,-0.5878411,-0.00080665946,-0.34054607,-0.30705664,0.4490447,0.48804176
162,0.34387,0.4,0.53077,0.14903,-0.16918,0.46398,0.64121,0.083478,-0.87273,0.13816,0.063238,-0.18772,0.21109,0.052083,0.37241,0.36676,0.31645,0.2737,0.0019642,0.63023,0.074313,0.11802,0.18097,-0.31217,0.59224,0.20421,-0.59093,-0.072567,-0.21964,-0.63466,-0.47913,0.39836,0.32182,-0.32726,0.80218,-0.057734,-0.4329,0.15283,0.16311,-0.33627,0.47031,-0.020949,0.15135,-0.05581,-0.1065,-0.13374,0.18218,-0.19652,-0.10542,-0.75879,-0.077691,-0.36668,0.13958,0.79238,-0.08903,-2.5757,0.54487,0.94479,0.92003,0.327,-0.57815,0.39241,-0.97087,-0.41719,0.64458,-0.38418,0.26705,-0.12659,-0.46835,-0.64215,-0.35124,0.52667,0.26696,-0.31706,0.89674,0.38551,-0.36199,-0.76544,0.35917,-0.022716,-0.013267,0.4515,-0.78154,-0.11746,-0.82477,0.055252,0.80472,0.17552,-0.15795,-0.29723,0.22361,0.34893,0.37673,0.0099208,-0.1905,-0.46051,-0.4978,-0.41526,-0.087968,0.30271
163,-0.1373593,0.11794875,0.2982164,-0.12655638,0.051778663,-0.037814908,-0.2098315,0.1346279,-0.079466924,-0.016515,0.071573175,-0.088224635,0.22440967,-0.12063362,0.12412131,-0.17599079,0.10716198,0.1020224,-0.2721341,0.24445876,0.18651779,-0.13082519,0.15989853,0.028146427,0.06489,-0.015361747,-0.08068427,-0.37486058,-0.0819645,-0.1599894,0.0035618288,0.46401072,-0.19504999,-0.014399149,0.17528258,0.32665893,0.04093081,0.123243235,-0.15400879,-0.23484896,-0.20504056,-0.29930133,0.06952133,-0.31487244,-0.039080586,-0.024785949,0.14309129,-0.3457865,-0.039024655,-0.76988494,0.16040812,-0.027810615,-0.0015842941,0.9342128,-0.10166474,-2.0722604,0.06551846,-0.29988703,1.7209003,0.23318498,-0.14645734,0.46152252,-0.23742189,0.20935594,0.69303995,-0.0759508,0.37969065,0.2412423,0.18268025,-0.36145598,-0.05333246,-0.15384318,-0.091734156,-0.301557,0.12104588,0.15764925,-0.22909851,-0.016314706,-0.78450716,-0.14393075,0.6019376,0.08245675,-0.4815337,0.13548031,-1.309904,-0.19497187,0.10836797,-0.064409755,-0.2563249,-0.2994884,-0.09176169,-0.05174264,-0.11229907,-0.108195014,-0.41389894,0.07786506,-0.113860235,-0.19694039,0.528017,0.23468009
164,-0.1262198,0.43515596,0.20892401,-0.2841684,-0.116627015,0.12162562,0.007231402,0.34456843,-0.045467805,-0.09605667,0.10517659,-0.056862004,0.325525,0.010643199,0.020561004,-0.202504,0.112729,0.33093622,-0.54096204,0.2201192,0.018654,0.25370714,0.17336002,0.12511781,0.216766,0.043420605,-0.3218396,-0.491194,0.28028038,-0.3690042,-0.03186079,0.52510995,-0.16972402,0.21224383,0.11717598,0.3654782,-0.072656795,0.44282597,0.018716013,-0.13831799,-0.35599,-0.2908403,0.04376801,-0.508924,-0.31275138,0.061293595,0.1367716,-0.6431562,0.13863918,-0.818278,-0.042363603,-0.1568174,0.044855602,1.20222,-0.2298918,-1.910292,0.006465328,0.071485,1.3958155,0.500898,-0.20510599,0.8332259,-0.41309857,0.29979149,0.727414,0.1341546,0.4238494,0.27061638,0.105094194,-0.31529596,0.007113996,-0.488386,-0.05610601,-0.221578,0.228164,-0.098994,0.041189,0.031559672,-0.753008,0.026972601,0.63519,-0.15848939,-0.666668,0.1721144,-1.173906,0.07094459,0.19999601,-0.28260398,-0.48498878,-0.42102677,-0.2239054,0.0350556,-0.036829807,0.1831872,-0.55404395,-0.07554459,-0.018843533,-0.016110009,0.3747076,0.2352932
165,0.40837556,-0.21235585,0.153401,-0.29045144,0.21249814,0.27838144,-0.1734643,0.163299,0.30007887,0.057554863,0.01566843,0.4097557,0.01758727,0.16321571,0.23093142,-0.09903184,0.21170042,0.08366586,0.09992286,0.09684571,-0.20919429,0.30997714,-0.08774429,0.08505543,0.055672854,0.04607556,-0.39041,-0.50523853,0.17079143,-0.25232843,0.38193855,0.8676743,-0.10286857,0.15191658,0.1249413,-0.09442144,-0.18386757,0.08520589,-0.14493443,-0.5002093,0.20016001,-0.4794757,0.47469416,-0.068074286,-0.16192587,-0.18692473,0.11950286,-0.3688987,0.06086713,-0.7701043,0.13720687,0.10120001,-0.068723574,0.7317315,-0.08007785,-1.6520157,0.2113,-0.15001485,1.3723186,0.47976774,0.26572284,0.16614302,-0.09253071,0.036499016,0.23907766,-0.12744,0.35875183,0.43503144,0.41491655,-0.17062199,-0.46328,-0.023196572,-0.030504284,-0.39738458,0.031063857,0.59525573,-0.20656715,0.021751005,-0.89663136,0.01697385,0.8739458,-0.18058358,-0.4526957,-0.28572798,-1.3050401,-0.23252654,-0.13531114,-0.40614858,-0.19173913,-0.29802305,-0.42634174,0.47501913,0.18847224,-0.32395616,-0.15287343,0.046964288,0.115020014,0.115776286,0.47803,0.20527501
166,-0.16816364,0.17864534,0.27782384,-0.21519071,-0.048232883,0.2203151,-0.21666144,0.22650553,-0.0155077195,-0.04423518,0.12121531,-0.0057179085,0.15704174,0.04587979,0.051988468,-0.2176801,0.18480594,0.09408031,-0.37706903,0.096218325,0.1534971,-0.016801974,0.074219316,-0.084261134,0.12989445,-0.10556373,-0.15212314,-0.32546604,0.093741395,-0.14987724,0.0033208942,0.4287208,-0.030784022,-0.017435294,0.06710159,0.2973622,-0.08673512,0.11797291,0.029531507,-0.10325583,-0.29794034,-0.23424682,0.09644413,-0.41120404,-0.080408424,0.016638102,0.12839608,-0.29902893,-0.051129,-0.67177844,0.19744591,0.03696142,0.17400642,0.9432706,-0.17358437,-2.162327,0.0551337,-0.19750191,1.6981014,0.35022363,-0.1689774,0.6307014,-0.28903502,0.053319387,0.6576832,-0.11183815,0.34037313,0.2960873,0.10074559,-0.19736159,-0.13730697,-0.27582908,0.011624647,-0.45373076,0.26239043,0.22345285,-0.20639527,-0.03049557,-0.7301298,-0.034642674,0.6196002,0.0023353249,-0.4761334,0.016009191,-1.3865085,-0.1677645,0.21544038,-0.08203153,-0.28754202,-0.31471997,-0.08122986,-0.010579787,-0.025566665,-0.07980915,-0.4807232,-0.14708579,-0.1019565,-0.20614769,0.4135919,0.20531476
167,-0.11765261,0.094271116,0.3023013,-0.30408964,-0.17301162,0.22275524,-0.29347706,0.26309067,0.15151432,-0.03849973,0.412772,0.18905562,0.2500786,-0.07949753,0.12788965,-0.14631453,0.13448106,0.27097237,-0.45683193,0.29961094,0.06784537,0.009690654,0.2691908,-0.061683703,0.12741096,-0.11031205,-0.10986142,-0.39684862,0.362909,-0.29768667,0.09613113,0.43854278,-0.099298365,0.12993824,0.19590567,0.21674536,-0.109962426,0.057013728,0.05540262,-0.26195318,-0.34220377,-0.11556784,0.007611365,-0.45981768,-0.29482183,-0.05906936,0.20074841,-0.35546458,0.052652005,-0.7962144,0.3153171,0.025077188,0.14898477,0.9345653,-0.06156153,-1.811029,0.013456206,-0.10109307,1.4324313,0.23867923,-0.17940453,0.7445548,-0.4264303,0.0042158873,0.74412906,0.00043219727,0.5252836,0.2988605,-0.068377845,-0.3642628,0.023705713,-0.23033497,0.17593218,-0.45904037,0.12320525,0.1876966,-0.23567243,-0.17618011,-0.6134146,-0.0026925306,0.41643533,-0.05825614,-0.357492,0.01261707,-1.370894,-0.10624635,0.26280087,-0.105510384,-0.2123511,-0.2558021,-0.33281457,-0.07201422,0.03093847,-0.20174678,-0.36120096,-0.09246001,-0.14309932,-0.2373058,0.42868158,0.17756484
168,-0.12059846,0.031486087,0.37852362,-0.3218109,0.09703881,0.3012016,-0.33048928,0.10628664,0.15051326,-0.038247727,0.2081379,-0.086890176,0.28970182,0.005295087,-0.040833,-0.22085829,0.17825072,0.13361609,0.09490392,0.013107484,-0.1457202,0.0039967257,-0.03350381,-0.029073821,0.26305437,0.19384108,-0.43500364,-0.4000871,0.13470836,-0.21721654,0.08771474,0.5062909,0.07691073,0.051869906,0.1758312,0.09421211,-0.27531794,0.011044625,-0.007086912,-0.2535361,-0.078339,-0.07362272,0.29663774,-0.2508991,-0.0019557313,-0.09657074,0.04193518,-0.048297275,-0.015350726,-0.60847545,0.22029547,0.07752563,0.069242,0.9022001,-0.26044637,-2.0217125,-0.07213637,0.07060382,1.5604892,0.17734882,-0.032676365,0.6029984,-0.14196363,0.24708901,0.5921326,0.109765284,0.2996771,0.1717365,0.0749701,-0.10836191,0.032651722,-0.082632,0.0027533688,-0.43475914,0.3119038,0.3861169,-0.0067264545,-0.00016145543,-0.6162136,0.11478581,0.34641275,-0.39111593,-0.40080345,0.1778441,-0.8004398,-0.017944634,0.15140408,-0.12621628,-0.00563537,0.029701639,0.013409541,-0.10211036,0.02289279,-0.14736529,-0.29167974,-0.23821053,-0.17604637,-0.14818181,0.54965,0.21526991
169,-0.22761123,0.20875332,0.4696804,-0.39817998,-0.027482238,0.18955033,-0.22578213,0.23086876,-0.058234375,-0.0391083,0.1792955,-0.033702433,0.30607998,0.018729744,0.19511871,-0.23591511,-0.0077090617,0.090140976,-0.2869357,0.14210184,0.16769464,-0.092027225,0.34218827,0.11679221,0.2906872,-0.01347088,-0.093941644,-0.3014003,-0.15312563,-0.31289622,-0.06652809,0.39550278,-0.10915158,0.1509081,0.040300395,0.22373226,0.04568811,0.035597,-0.1323732,-0.107795745,-0.44302174,-0.25428677,0.12698932,-0.30015096,-0.10668199,0.012900277,0.31214353,-0.334482,0.07027314,-0.6663084,0.093313724,-0.05461983,0.07516139,1.0110377,-0.26339135,-2.2131476,0.085135505,-0.23361681,1.4918581,0.5849389,-0.123375915,0.6631366,-0.14541624,0.22350468,0.69399095,-0.040915243,0.45990068,0.21597494,0.3018589,-0.28355083,-0.0004323413,-0.43258196,0.012083662,-0.36130866,0.34880972,0.18502179,-0.15226863,0.040329203,-0.7882693,-0.16032802,0.5289962,-0.07897499,-0.5476791,0.2690913,-1.4100147,-0.11106991,0.11409075,-0.16467573,-0.15253662,-0.3550045,-0.15776022,-0.0937653,-0.3200458,0.14226344,-0.4278345,0.003978906,-0.20675784,-0.3671722,0.44466045,0.28510448
170,-0.2723404,0.291328,0.23537919,-0.649528,-0.14799201,0.33525282,-0.323488,-0.2931524,0.13919862,-0.0393204,0.14195399,-0.060486,-0.0649506,-0.145524,0.124269985,-0.3172228,-0.12643321,0.0772086,-0.152548,0.27214,0.083488,0.13606283,0.40995485,0.19918999,0.070428,0.28357205,-0.210012,-0.12671801,-0.20183042,-0.498298,0.1957444,0.40281802,0.04404999,0.114573404,0.10876999,0.2865128,-0.0956604,-0.116976,-0.24451602,-0.008775199,-0.19300199,-0.24856918,-0.2617682,-0.46261802,-0.23405202,-0.12232341,0.18832423,-0.30980402,0.414858,-0.5991,0.288802,0.21883503,-0.107411005,0.657552,-0.47444582,-1.3970972,0.2658406,-0.2930734,1.169156,0.2250422,-0.0741238,0.74121654,-0.25409022,0.127716,0.439408,0.013446057,0.516852,0.153996,0.701754,-0.2727006,-0.10491822,-0.61290205,0.2642328,-0.16450961,0.16005197,0.2154326,-0.27869,-0.087516,-0.589472,-0.056695797,0.6220994,-0.2818058,-0.505828,0.156102,-1.4264361,-0.0055271983,0.2088288,-0.2803194,-0.44510403,-0.40587202,-0.050688405,0.08923401,-0.24421401,0.037510797,-0.14852801,-0.1995956,-0.213811,-0.28259403,0.24401398,0.28081042
171,-0.003430241,0.14001815,0.17518573,-0.42104492,-0.08202112,0.3721505,-0.15573469,0.24210817,-0.030146241,-0.04973179,0.2599456,0.096060604,0.20917475,0.10783821,0.11672249,-0.29938188,0.05222086,0.17375924,-0.44878495,0.2343717,0.27974296,0.14378056,0.06406379,-0.0050943024,0.23831579,0.008788551,-0.30228046,-0.52391607,0.29461232,-0.25938076,0.08246701,0.52604824,0.0056743696,0.21568507,-0.038249128,0.42778096,-0.13533339,0.25158757,-0.100805454,-0.14818963,-0.3616571,-0.22062458,0.21157458,-0.44236714,-0.26509488,-0.057205692,0.108213894,-0.33491093,0.14585924,-0.86236876,-0.020920483,0.0313716,0.1502344,1.0961831,-0.17169207,-2.3012235,-0.012870572,-0.027621694,1.4996307,0.49993896,0.0020395473,0.9395945,-0.46920067,0.13409756,0.66592973,-0.09883587,0.5491099,0.43269575,0.116301835,-0.14314228,-0.002896095,-0.19115299,0.05388584,-0.51911414,0.12249325,0.32583797,-0.16803488,0.0027106043,-0.7443809,-0.004530879,0.58481544,-0.04203706,-0.43341023,0.015768958,-1.4073876,-0.24168018,0.03709465,-0.17649752,-0.407772,-0.27181226,-0.15517725,-0.2719827,0.07053527,-0.02976843,-0.6338329,-0.12682779,-0.24650177,-0.041538876,0.35164982,0.33598906
172,-0.06595393,0.19760448,0.36295438,-0.31859556,-0.11201872,0.27857974,-0.1040825,0.31435862,-0.04496691,-0.004904021,0.1739554,0.09489979,0.2355313,0.053149052,0.11981502,-0.3239611,0.02574264,0.13907543,-0.47999486,0.23133214,0.28422722,0.024822358,0.15509535,0.059909776,0.16349174,-0.050908525,-0.15728006,-0.39655176,0.1555908,-0.21905917,0.053028207,0.46789628,-0.018345851,0.0974764,-0.00070298073,0.38998064,-0.06894263,0.13933372,-0.0019179274,-0.17507178,-0.3780664,-0.1677175,0.18571915,-0.36636844,-0.08346237,-0.019350443,0.13226384,-0.38640377,0.0049032234,-0.84424657,0.13486536,-0.038122237,0.20058697,1.0719593,-0.22100532,-2.2943523,-0.017884504,-0.20404923,1.6993328,0.4541971,-0.057015665,0.77465594,-0.35758474,0.06318249,0.6261365,0.07768238,0.42773315,0.3564073,0.1140513,-0.17942442,-0.020371873,-0.25387493,-0.030772295,-0.48985237,0.18856616,0.26692253,-0.21725863,-0.07699736,-0.8737912,-0.035641287,0.6394221,-0.102027565,-0.51615167,0.109786786,-1.3726475,-0.2394742,0.16501157,-0.114455245,-0.22970784,-0.3310004,-0.04096584,-0.057495736,-0.08442384,-0.037498742,-0.5500454,-0.0033173817,-0.155868,-0.16805497,0.4562605,0.20867187
173,-0.05362252,0.24291678,0.31388962,-0.35858595,-0.14689136,0.1780215,-0.19801666,0.450116,-0.10632417,-0.04911404,0.25109375,0.083676554,0.27568418,0.07635088,0.10932323,-0.37608537,0.20418523,0.11664606,-0.37089002,0.22760451,0.28743735,0.10960481,0.13468066,-0.14401732,0.2371325,-0.022046322,-0.22130334,-0.3941902,0.13471837,-0.24917357,-0.071201235,0.549392,-0.026611436,0.07177571,0.071587,0.2949884,-0.12519638,0.15698233,-0.034844726,-0.17302607,-0.26957113,-0.2916935,-0.04819241,-0.25263456,0.008412117,0.05889061,0.012424801,-0.29836634,0.014679803,-0.5897516,-0.08262154,0.033901226,0.10528572,0.95861006,-0.29106602,-2.1454527,-0.08668177,-0.23768255,1.6903751,0.42821035,-0.116088025,0.7280872,-0.27556008,0.14287981,0.4931085,0.046045355,0.4094575,0.24546237,0.22273505,-0.12048211,0.0024588,-0.30892903,-0.09656699,-0.3128631,0.1185669,0.21607302,-0.2093207,0.005983759,-0.66912603,0.02848112,0.59349245,0.051690362,-0.4036001,0.08939641,-1.2602009,-0.067477964,0.16908583,-0.18595654,-0.2214034,-0.21447533,-0.14107862,0.07612099,0.01188523,-0.13369793,-0.6002668,-0.15918997,-0.15542153,-0.18590203,0.62070477,0.23583004
174,0.65419,0.27746,-0.10547,-0.91779,0.41839,0.41272,-0.015927,-0.20756,0.51649,0.32003,0.060362,1.2766,-0.39098,0.093695,-0.18712,0.54698,-0.1702,-0.031614,0.019324,0.43524,-0.50269,0.053173,0.032153,-0.55947,0.011944,-0.26976,0.33463,0.36227,-0.80659,-0.6987,0.010814,0.42031,0.49334,-0.22102,-0.12886,-0.51986,-1.0425,-0.54203,0.27784,-0.48354,0.59781,0.17374,-0.33161,-0.80505,-0.31165,0.020492,0.031517,-0.12905,0.09742,-0.17376,-0.4088,0.51236,0.75736,0.63394,-0.99226,-0.02157,-1.0345,0.26853,0.93837,0.2285,-0.45301,0.10052,0.16203,-0.12295,0.3645,-0.15087,0.15521,-0.45257,0.54531,-0.30648,-0.58681,-0.16892,-0.89386,0.2354,-0.35604,-0.14752,0.52714,0.33882,-1.101,0.37775,1.1269,0.36949,0.49661,-0.60963,-0.98564,-0.32771,-0.48614,-0.080631,-0.61911,-0.40472,-0.2963,0.26597,0.023906,-0.80799,1.1643,0.32044,-0.02485,0.21798,-0.23912,-0.33895
175,0.32757,0.098489,-0.38282,0.1308,0.30208,0.46264,-0.13238,-0.57959,0.74412,-0.037371,-0.46107,0.83021,-0.25515,-0.37936,0.25909,-0.070827,-0.37833,-0.17626,-0.26578,-0.40935,0.37753,0.11043,-0.47461,0.34588,0.26918,-0.33795,0.23793,-1.1022,-0.69611,-1.0447,0.15334,-0.16601,0.39407,0.17936,0.3216,0.53282,0.49177,-0.4322,0.034779,-0.70078,0.81694,0.22931,0.1802,-0.87987,0.8736,0.10485,-0.38402,-1.6401,-0.16726,-0.22341,0.50902,-0.065332,-0.16188,0.42868,-0.15075,0.38466,0.11605,0.035314,0.1484,0.063306,-0.19137,0.066366,-0.93663,-0.92783,-0.44878,0.038539,0.075391,0.79115,-0.067508,1.9253,0.88653,-0.49316,-0.029179,-0.81005,-0.32568,-0.39318,-0.57203,0.15395,0.44768,-0.080149,0.27617,-0.28994,-0.57308,0.076768,-0.10478,0.13592,-0.46514,0.50242,-0.027358,-0.51477,-1.0412,0.79424,0.17989,0.63,0.07016,-0.67528,0.60467,-0.36823,0.16692,-0.17899
176,-0.030769,0.11993,0.53909,-0.43696,-0.73937,-0.15345,0.081126,-0.38559,-0.68797,-0.41632,-0.13183,-0.24922,0.441,0.085919,0.20871,-0.063582,0.062228,-0.051234,-0.13398,1.1418,0.036526,0.49029,-0.24567,-0.412,0.12349,0.41336,-0.48397,-0.54243,-0.27787,-0.26015,-0.38485,0.78656,0.1023,-0.20712,0.40751,0.32026,-0.51052,0.48362,-0.0099498,-0.38685,0.034975,-0.167,0.4237,-0.54164,-0.30323,-0.36983,0.082836,-0.52538,-0.064531,-1.398,-0.14873,-0.35327,-0.1118,1.0912,0.095864,-2.8129,0.45238,0.46213,1.6012,-0.20837,-0.27377,0.71197,-1.0754,-0.046974,0.67479,-0.065839,0.75824,0.39405,0.15507,-0.64719,0.32796,-0.031748,0.52899,-0.43886,0.67405,0.42136,-0.11981,-0.21777,-0.29756,-0.1351,0.59898,0.46529,-0.58258,-0.02323,-1.5442,0.01901,-0.015877,0.024499,-0.58017,-0.67659,-0.040379,-0.44043,0.083292,0.20035,-0.75499,0.16918,-0.26573,-0.52878,0.17584,1.065
177,-0.265316,0.18593001,0.82511497,-0.34449,0.17015499,-0.042332202,0.270385,-0.17587301,0.6446685,-0.23705,0.453307,-0.25906,0.06347,-0.716175,0.260865,0.06956,0.01057405,0.229785,0.434735,0.644755,-0.073695,-0.143885,0.08821501,1.008925,0.50349396,0.60431504,0.46778,0.238045,-0.18420002,-0.15469499,-0.05218999,0.93839496,0.421898,0.078245,0.64945,0.12891899,-0.94462,0.037609994,0.01348,-0.573375,0.1532355,0.393425,0.009374991,-0.306505,-0.123401,-0.339245,-0.22751999,0.0042349994,-0.24494499,0.019484997,-0.217805,0.168239,0.584315,0.24581501,-0.235832,-0.66488,-0.39449048,0.2592395,0.78626,0.24169499,-0.3424,-0.3991865,-0.601515,0.343405,0.40061998,0.019535005,0.208268,0.13784501,0.35203,-0.300785,0.024104983,0.26107502,-0.065505,-0.15609,0.0737415,0.46928,-0.23059002,-0.274353,-0.21849999,-0.19848499,0.030944996,-0.514835,-0.34602502,-0.022589497,-0.3318935,-0.336465,-0.204195,-0.057729997,-0.0641,-0.030955002,0.16234499,0.72015,0.19103499,0.14005,-0.266875,0.310755,0.589605,0.047244996,0.7138735,0.0036210008
178,-0.00076185644,0.13699,0.33623973,-0.20162311,-0.16702317,0.12951477,-0.12562752,0.18972549,-0.0024899794,-0.026014397,0.14905739,0.060374096,0.14043178,-0.069156475,0.14267984,-0.26940712,0.12308625,0.18257397,-0.43212384,0.18770865,0.23633285,0.040516634,0.18442844,-0.0741053,0.24770008,-0.016568912,-0.17964818,-0.46519417,0.09398126,-0.16832669,-0.044571105,0.54498756,0.03654553,0.08115442,0.08302615,0.27835906,-0.06996715,0.22652856,0.040806644,-0.22362614,-0.3624675,-0.25344706,0.12901896,-0.41305527,-0.13496146,-0.0060798074,0.2308514,-0.2529266,0.011330618,-0.9009574,0.11538303,-0.07095898,0.09171996,1.0529125,-0.3160254,-2.363539,-0.043311544,-0.1869953,1.6471678,0.4637395,-0.16124082,0.6460301,-0.31118283,0.18399704,0.6946563,-0.037524085,0.42296162,0.30580166,0.08179232,-0.25818357,0.035472326,-0.36757916,-0.052603796,-0.40626785,0.091843665,0.13197373,-0.12874828,-0.08831997,-0.8660077,-0.03366383,0.53496206,-0.060013097,-0.50259227,0.16439171,-1.4434297,-0.19234715,0.16962937,-0.11794296,-0.22788092,-0.36936268,-0.14719728,-0.11095534,-0.038974088,-0.0039154673,-0.43916178,-0.061527453,-0.06985975,-0.15514743,0.45942792,0.30212146
179,-0.029951066,0.2994554,0.42884853,-0.43992695,-0.24964835,0.2093712,-0.06763454,0.186296,0.00910346,-0.09470077,0.21161145,0.11598615,0.21723069,0.09287676,-0.05728685,-0.36386153,-0.025289616,0.27754867,-0.30054814,0.3674566,0.13803491,0.19086038,-0.03171254,-0.18283607,0.13434847,0.31211954,-0.26178706,-0.5805408,0.204148,-0.21464899,-0.045183077,0.4743151,0.11645161,0.0041546132,0.019512234,0.383826,-0.19201753,0.021953996,0.15785393,-0.3551722,-0.15450186,-0.13670331,0.17286769,-0.58632237,-0.26934853,-0.08567115,0.0993393,-0.11987361,0.10406499,-0.8386861,-0.013960998,0.07860778,0.16977261,0.8587586,-0.21327376,-2.072397,0.10078247,0.17866376,1.5123378,0.33188313,-0.005402473,0.8436743,-0.4880504,0.10899334,0.65313923,-0.008879233,0.48788765,0.34283307,0.1232407,-0.2075831,0.087487385,-0.2682125,0.03843777,-0.38979572,0.28283176,0.26115307,-0.14676839,0.07252523,-0.6227138,0.022156693,0.52647406,0.0013713802,-0.46290925,-0.05755792,-1.3708978,-0.1967187,-0.008653169,-0.25095648,-0.33636218,-0.36705953,-0.27500716,-0.062531486,0.270968,-0.18295768,-0.36750937,-0.14011267,-0.21675983,-0.2763807,0.30717933,0.2961952
180,-0.13222201,0.3107675,0.26886842,-0.23782125,-0.0054714778,-0.003374209,-0.20936124,0.11243696,0.033436228,0.0040197438,0.1172971,-0.037403177,0.3453422,0.08968272,0.2568759,-0.14814477,0.16146035,0.19762337,-0.13620812,0.15162256,0.25996318,-0.09092876,0.34315106,-0.01562178,-0.009371127,-0.15264647,-0.115780726,-0.40560043,-0.2204266,-0.22572692,0.20455489,0.31457353,-0.26338437,-0.07804626,0.27327782,0.3514984,0.060357653,0.08008361,-0.043619383,-0.23038732,-0.15733212,-0.19455506,-0.07353319,-0.25688258,-0.091532335,-0.046499345,0.27090615,-0.309951,-0.17369579,-0.72963417,0.13231745,0.054387186,0.2073483,0.9849409,-0.13481571,-1.9695779,-0.011757119,-0.10975118,1.5253729,0.29727054,-0.28498155,0.7132755,-0.2330156,0.18317439,0.8237904,-0.082498685,0.55015373,0.12074906,0.2315153,-0.34342816,-0.22919953,-0.2955111,0.013925268,-0.2776921,0.16871835,0.05276854,-0.012729347,0.064624645,-0.82714444,-0.03930141,0.6170516,-0.07718526,-0.5397871,-0.036296826,-1.5460722,-0.25733966,0.0080359215,-0.15969734,-0.19062531,-0.2553973,-0.15476356,-0.0936487,-0.018894017,-0.20719078,-0.45028874,-0.17102693,-0.37452245,-0.3565392,0.53827375,0.21740828
181,0.060480338,0.23884332,0.62806505,-0.19003384,-0.30558333,0.17138499,0.0056866705,0.10515266,-0.20372331,-0.046479166,0.119739,0.029927218,0.28818747,-0.1613267,0.083149835,-0.25368333,0.15951167,0.20827667,-0.36510766,0.43025002,0.32892066,0.16413967,0.14979999,-0.14965333,0.36244,0.085366,-0.37791333,-0.41250834,0.017439999,-0.41021666,-0.117298335,0.46176717,-0.025226668,-0.0810735,0.056555334,0.28215557,-0.073504806,0.227345,-0.23009501,-0.22846198,-0.16806833,-0.11817884,0.332845,-0.301995,0.04628831,-0.046079,0.63553166,-0.38529834,0.033898998,-0.81479335,-0.008791499,-0.15127666,0.12216034,1.189625,-0.24814934,-2.8213835,0.03988338,-0.048024833,1.6579384,0.42344666,-0.18209334,0.7603617,-0.47981668,0.12829173,0.835275,-0.13083968,0.52023166,0.35249165,0.016911676,-0.33491147,-0.01709751,-0.2758515,0.09316051,-0.53349334,0.33467832,-0.022424156,-0.25853848,-0.21418361,-0.7084384,0.12413717,0.4410905,0.015053664,-0.48392665,0.24145417,-1.3887283,-0.21137583,0.23169701,-0.14160825,-0.19940251,-0.35186002,-0.0034810032,-0.006068498,-0.12831117,0.14558347,-0.68834996,-0.16007666,-0.41223,-0.5191617,0.33251315,0.4974284
182,0.0,0.0,0.0,0.0,0.0,0.0,0.0,0.0,0.0,0.0,0.0,0.0,0.0,0.0,0.0,0.0,0.0,0.0,0.0,0.0,0.0,0.0,0.0,0.0,0.0,0.0,0.0,0.0,0.0,0.0,0.0,0.0,0.0,0.0,0.0,0.0,0.0,0.0,0.0,0.0,0.0,0.0,0.0,0.0,0.0,0.0,0.0,0.0,0.0,0.0,0.0,0.0,0.0,0.0,0.0,0.0,0.0,0.0,0.0,0.0,0.0,0.0,0.0,0.0,0.0,0.0,0.0,0.0,0.0,0.0,0.0,0.0,0.0,0.0,0.0,0.0,0.0,0.0,0.0,0.0,0.0,0.0,0.0,0.0,0.0,0.0,0.0,0.0,0.0,0.0,0.0,0.0,0.0,0.0,0.0,0.0,0.0,0.0,0.0,0.0
183,-0.13801566,0.15689334,0.36305484,-0.2745065,-0.001165534,0.18157217,-0.27105862,0.106343955,0.058678284,0.082313575,-0.014429288,0.036011856,0.18038048,0.06586645,0.22158931,-0.27756408,0.21939765,0.23636694,-0.4826135,0.1407261,0.24264117,-0.18792932,0.2482895,0.058885742,0.10886879,-0.077423416,-0.06497714,-0.5082793,-0.08367461,-0.14104778,0.10820946,0.532403,-0.050359044,0.08592157,0.15313908,0.2531738,-0.026243009,0.012284859,-0.09538016,-0.13634461,-0.3832094,-0.17890607,0.10663728,-0.3962067,-0.19964723,-0.1308922,0.22456391,-0.27397868,-0.18603426,-0.7806404,0.071238145,0.07224483,0.054382708,1.1274855,-0.18502925,-2.2724824,0.07686101,-0.2449232,1.7082368,0.3996015,-0.19297852,0.58500934,-0.23193754,0.12100707,0.81177473,0.08956532,0.42815787,0.2598284,0.04670611,-0.19476411,0.0304366,-0.39532974,-0.037664413,-0.40022236,0.12957971,0.06786143,-0.10105041,-0.016052894,-0.850578,-0.0053084083,0.7038036,-0.16992933,-0.4179637,0.15618029,-1.4377666,-0.1766907,0.14655663,-0.012260217,-0.15058243,-0.3700919,-0.07861047,-0.12038504,-0.15750249,-0.024434147,-0.37655893,-0.18388109,-0.27992883,-0.30663362,0.6266455,0.2173608
184,-0.025166372,-0.045168296,0.22055303,-0.11069756,0.116916925,-0.0013629114,0.09073479,0.1747878,-0.16316108,-0.025820248,0.3329412,-0.06027007,0.24006744,-0.034580205,0.25720373,-0.4044205,0.28439942,0.13026087,-0.43697253,-0.06013487,0.20585656,-0.17151667,0.36918414,0.09623303,0.21700668,-0.13823956,-0.18913396,-0.22630621,0.24370055,-0.0032576649,-0.038812343,0.36841163,0.05470183,-0.00979741,-0.066026665,0.3304215,-0.059722796,0.14112367,-0.12587254,-0.18298024,-0.38649058,-0.2332347,0.3197225,-0.28835842,0.043944,-0.051612645,0.18229501,-0.46650156,0.15548575,-0.63835555,0.017004406,-0.06187929,0.2856041,0.98369503,-0.3879917,-2.3552587,-0.26908442,-0.30056837,1.765108,0.50978714,-0.22866039,0.58109665,-0.31945947,0.068572484,0.6420062,-0.03705934,0.10325098,0.2047115,0.1581879,-0.128526,0.061576094,-0.22726364,-0.08403834,-0.18687539,0.1349703,0.14965905,-0.138872,0.06399516,-0.8973162,-0.14527667,0.4242287,-0.016388705,-0.4227964,0.23552032,-1.1482315,-0.2798703,0.16053054,-0.20566952,-0.07127347,-0.15590562,-0.076708406,-0.029440725,-0.02915288,0.25974458,-0.52613944,-0.007937167,-0.12362043,-0.115631856,0.40507126,0.09149114
185,-0.15530825,0.18772708,0.3143566,-0.16225159,-0.052802075,0.21009418,-0.19435708,0.12448298,0.023553694,-0.05333675,0.048149977,-0.03404032,0.28222805,0.041762494,0.12722807,-0.2822676,0.12734742,0.13019167,-0.26015407,0.19601855,0.14831863,-0.0042506047,0.1909923,-0.048784357,0.15656123,0.026572732,-0.119151324,-0.4156768,0.0021987278,-0.16160503,0.013447562,0.48651385,-0.050176833,-0.0326853,0.059797306,0.24447738,0.016504465,0.12412937,0.012877787,-0.19459558,-0.32436594,-0.12467599,0.097652905,-0.36117873,-0.067679904,-0.077106796,0.23676932,-0.3140172,-0.07618062,-0.7106066,0.14985774,-0.08744158,0.13996032,1.0354722,-0.09795992,-2.1310344,0.04483692,-0.29045236,1.5154012,0.36181706,-0.10251386,0.5324277,-0.1604355,0.06787302,0.76953816,-0.013339185,0.49618188,0.15884313,0.25126314,-0.2436198,-0.08505511,-0.27518734,-0.041998688,-0.29124564,0.2379621,0.03237077,-0.13095683,-0.04047074,-0.8547709,-0.026216408,0.5726563,0.03248321,-0.51256096,0.10389133,-1.4044232,-0.18293025,0.07623519,-0.09758407,-0.25791156,-0.4022334,-0.1791989,-0.06911393,-0.15049265,0.025985302,-0.28024122,0.007543666,-0.14169188,-0.27631977,0.43867978,0.20473996
186,0.1511017,0.108886,0.1864861,-0.3765778,0.038222697,0.1878756,-0.0379946,0.29930893,-0.0790455,0.1053886,0.40058598,0.13034329,0.1722904,0.2804962,-0.005134601,-0.2666,0.2063261,0.21733038,-0.38357502,0.192555,0.24990377,-0.015606997,0.1522449,-0.08806391,0.0370406,0.012383801,-0.21514802,-0.5173627,0.10367949,-0.27248797,0.22368982,0.46400404,-0.059695918,0.159604,-0.16749503,0.2784263,-0.123502016,0.21922228,-0.16819498,-0.081802204,-0.2901865,-0.36133084,0.29574472,-0.47883406,-0.1008294,-0.0060717105,-0.082713686,-0.37055498,0.28582007,-0.796943,0.1583368,0.1616358,0.2092222,0.86355495,-0.2415339,-2.044999,-0.087935895,-0.0363431,1.600374,0.5005784,0.09577381,0.877614,-0.2755302,0.21330813,0.733773,-0.24323499,0.3860788,0.254612,0.1978188,0.0020502866,0.015369195,-0.20172298,0.020345977,-0.12680869,0.07737305,0.49701,-0.3023912,0.0894035,-0.8118183,0.1685187,0.66705227,0.093984,-0.305751,-0.097339794,-1.3890821,-0.27780133,-0.037862286,-0.23606214,-0.24921659,-0.3669126,-0.13746132,-0.29998097,0.201839,0.010695601,-0.604739,-0.08431101,-0.16470501,-0.1013054,0.441585,0.27497333
187,-0.26973718,0.07886501,0.43893066,-0.2771294,-0.06413837,0.2793979,-0.17305589,0.16039923,-0.1282363,-0.110979,0.17077348,-0.017032105,0.25519848,0.023282075,0.13961281,-0.17898878,-0.1350121,0.2076801,-0.183073,0.4296275,0.2358706,0.02309671,0.0993634,-0.214185,0.2255675,0.273733,-0.245525,-0.35950738,-0.1373932,-0.21180367,-0.07140219,0.57925904,0.0673687,-0.11285241,0.252563,0.1992672,-0.1861418,0.07416861,0.03941487,-0.33189607,-0.10865082,-0.022740394,0.2372292,-0.39842,-0.23311952,-0.19188562,0.1852372,-0.14121869,0.045358397,-0.750343,0.2195046,-0.147583,0.11424899,0.87251794,-0.2598376,-2.1547627,-0.0674652,0.04964661,1.4456991,0.3577872,-0.14557078,0.7876287,-0.283921,0.0669964,0.65095276,0.04156006,0.5234784,0.057926845,0.15120411,-0.2352012,0.014534992,-0.16436371,0.043940797,-0.1926795,0.29729018,0.2497479,-0.17073019,-0.049220197,-0.6671186,0.007945699,0.38238773,-0.0452996,-0.70535195,0.03827431,-1.3223069,-0.21840021,0.11515379,-0.24238566,-0.1895904,-0.38170403,0.017697096,0.041679908,-0.1145198,-0.0646389,-0.2798309,-0.07759211,-0.27388394,-0.32126412,0.434873,0.41337729
188,0.0,0.0,0.0,0.0,0.0,0.0,0.0,0.0,0.0,0.0,0.0,0.0,0.0,0.0,0.0,0.0,0.0,0.0,0.0,0.0,0.0,0.0,0.0,0.0,0.0,0.0,0.0,0.0,0.0,0.0,0.0,0.0,0.0,0.0,0.0,0.0,0.0,0.0,0.0,0.0,0.0,0.0,0.0,0.0,0.0,0.0,0.0,0.0,0.0,0.0,0.0,0.0,0.0,0.0,0.0,0.0,0.0,0.0,0.0,0.0,0.0,0.0,0.0,0.0,0.0,0.0,0.0,0.0,0.0,0.0,0.0,0.0,0.0,0.0,0.0,0.0,0.0,0.0,0.0,0.0,0.0,0.0,0.0,0.0,0.0,0.0,0.0,0.0,0.0,0.0,0.0,0.0,0.0,0.0,0.0,0.0,0.0,0.0,0.0,0.0
189,-0.14194784,0.07022923,0.31511387,-0.08448123,-0.21451744,-0.19090356,-0.16270031,0.24614567,0.04972048,-0.059961632,0.09842609,-0.005496612,0.12130169,-0.064185075,0.16543993,-0.15271118,-0.3586001,0.23435466,-0.044444755,0.1510477,0.22344533,-0.17136383,0.012863845,-0.14796993,0.25942564,0.30493405,-0.17699446,-0.3320915,-0.1961101,-0.034414306,-0.039878234,0.29452103,0.03050624,0.023779007,0.3982734,0.42042923,0.019867655,-0.14440314,0.08973946,-0.24240777,-0.12124068,-0.1838813,0.18746755,-0.38417435,-0.07638146,-0.024745308,0.03540768,-0.11090999,0.0030645377,-0.6581122,0.11302062,0.090021916,0.01497354,0.7171231,-0.2678667,-1.7686481,0.09507339,-0.20960999,1.347393,-0.033504847,-0.09855562,0.2448062,-0.30672395,0.114315316,0.5910493,-0.13700545,0.23352553,0.18517691,0.00087353814,-0.19722416,0.0931497,-0.2212248,0.11197607,-0.35011926,0.42047283,-0.0105099995,-0.06878678,-0.16866884,-0.4419862,-0.36022523,0.44525295,0.13445547,-0.28310892,-0.154469,-1.0769944,-0.1736723,0.2095085,-0.10868076,-0.14591162,-0.3498035,0.060789447,0.16153122,0.017118532,-0.043291613,-0.06713174,0.028276157,-0.027587537,-0.3602641,0.30382177,0.24823937
190,-0.09703211,-0.176452,0.24200702,-0.2906374,0.0977055,0.3604361,-0.19989578,0.2833053,0.1938006,0.15000388,0.4434103,0.055271994,0.05752451,-0.3154121,0.29550272,-0.09744199,0.2390397,0.09328869,-0.34012285,0.2571402,0.021888103,-0.1006403,0.15354002,0.21642299,0.07465054,-0.009050493,0.0349765,-0.17122999,0.27107313,-0.22132292,0.078846596,0.736162,-0.13335958,0.25598565,0.1352853,0.2491627,-0.13167161,0.063166,0.09161329,-0.4036952,-0.1964029,0.044927098,0.030758083,-0.33851212,-0.18190822,0.017786002,-0.022779008,-0.491234,0.18036501,-0.5623075,0.2238253,0.10216808,0.30566362,0.61464673,-0.3037127,-1.7180763,-0.046263795,-0.24305359,1.4942349,0.25466198,-0.136885,0.6521127,-0.20378461,0.17636526,0.62446904,0.016835898,0.31138808,0.2938153,0.15111719,-0.26665846,0.0596842,-0.070397094,0.15284422,-0.4470122,0.0633467,0.4900406,-0.2076712,-0.1828068,-0.67450464,-0.22714159,0.42304987,-0.1627125,-0.22276202,-0.1073812,-1.0573027,-0.1689032,0.38605642,-0.19556932,-0.21389751,-0.21091059,-0.047476303,0.14761642,-0.0141645055,-0.29065728,-0.20400488,-0.29986268,0.027784396,-0.08113202,0.5020305,0.059075404
191,-0.100874126,0.18407731,0.30248252,-0.26339087,-0.018394878,0.27737394,-0.061336562,0.27668747,-0.029403936,0.107765496,0.2862978,0.08629455,0.14185984,-0.071667776,0.21756454,-0.14536789,0.07883769,0.08183686,-0.3020701,0.23465607,0.23965172,-0.08730316,0.16986997,-0.05409557,0.23748124,0.012932739,-0.102445774,-0.37816274,0.13601656,-0.29065078,-0.02964048,0.4650042,-0.11808183,0.06540783,0.041198645,0.29748046,-0.025520472,0.15961298,-0.027685046,-0.08713529,-0.22481532,-0.20077741,0.062146436,-0.32837495,-0.20898181,-0.0878835,0.18609379,-0.358828,0.023120059,-0.7355921,0.013037538,-0.029509714,0.13515966,1.0153791,-0.18830736,-2.1913092,-0.04665172,-0.16740738,1.5740415,0.3705796,-0.07839719,0.67200184,-0.23915309,0.13557425,0.6778922,0.020623066,0.41761643,0.31529135,0.120594725,-0.15464543,0.05599157,-0.22486539,0.0028005939,-0.15795368,0.16304871,0.26399723,-0.12933314,-0.012195126,-0.67361814,0.03777029,0.5767043,-0.062134698,-0.4254538,0.037280858,-1.3180628,-0.13918833,0.20206837,-0.10201003,-0.18001917,-0.2353646,0.002465329,-0.03469496,-0.060740393,-0.17298359,-0.38029915,-0.1535801,-0.1727862,-0.23385385,0.42166704,0.08264343
192,0.31733614,0.043992143,0.56344426,-0.42203757,-0.062382665,0.276124,-0.29995742,0.1063503,0.069273554,-0.071053855,0.29577747,0.47787857,0.15976027,0.06598287,-0.02290715,-0.29833317,-0.052037142,0.24876843,-0.22402859,0.35505575,0.188765,0.24555059,-0.09650714,-0.2595386,0.09910427,0.107637726,-0.23075287,-0.48130396,0.060798563,-0.38609573,0.2717943,0.41500854,0.007022866,0.015495713,0.10850001,0.08571284,-0.14049569,0.28671288,0.11598886,-0.1480573,-0.07285658,-0.33498856,0.21358286,-0.3889771,-0.14516099,-0.122196995,-0.13238314,-0.16588485,0.18154399,-0.64626783,-0.16220573,0.16570656,-0.16375686,0.61226857,-0.19599573,-1.5646979,-0.009209122,-0.12123648,1.2791516,0.15445629,0.077375054,0.7686586,-0.40466475,0.337125,0.53208435,-0.007600003,0.5309271,0.16366999,0.25357097,-0.22028716,-0.113283,-0.11112571,-0.16288073,-0.28968224,0.000748149,0.4352443,-0.024404274,-0.08031314,-0.89433855,-0.14652117,0.72261,0.29935,-0.61427003,-0.20405214,-1.0559161,-0.39655998,-0.3521857,-0.12754916,-0.4530924,-0.5162637,-0.16897415,-0.03769257,0.52467287,-0.28987715,-0.54768574,-0.20429601,0.03894272,0.138996,0.40742916,0.23731698
193,-0.030769,0.11993,0.53909,-0.43696,-0.73937,-0.15345,0.081126,-0.38559,-0.68797,-0.41632,-0.13183,-0.24922,0.441,0.085919,0.20871,-0.063582,0.062228,-0.051234,-0.13398,1.1418,0.036526,0.49029,-0.24567,-0.412,0.12349,0.41336,-0.48397,-0.54243,-0.27787,-0.26015,-0.38485,0.78656,0.1023,-0.20712,0.40751,0.32026,-0.51052,0.48362,-0.0099498,-0.38685,0.034975,-0.167,0.4237,-0.54164,-0.30323,-0.36983,0.082836,-0.52538,-0.064531,-1.398,-0.14873,-0.35327,-0.1118,1.0912,0.095864,-2.8129,0.45238,0.46213,1.6012,-0.20837,-0.27377,0.71197,-1.0754,-0.046974,0.67479,-0.065839,0.75824,0.39405,0.15507,-0.64719,0.32796,-0.031748,0.52899,-0.43886,0.67405,0.42136,-0.11981,-0.21777,-0.29756,-0.1351,0.59898,0.46529,-0.58258,-0.02323,-1.5442,0.01901,-0.015877,0.024499,-0.58017,-0.67659,-0.040379,-0.44043,0.083292,0.20035,-0.75499,0.16918,-0.26573,-0.52878,0.17584,1.065
194,-0.16134915,0.079850435,0.35810858,-0.33713803,-0.0042311293,-0.107350305,-0.4437817,0.32372898,0.05128499,-0.03787479,0.19704084,0.12169214,0.13270228,-0.111373775,0.020807859,-0.5280357,-0.015278297,0.12386286,-0.21713756,0.2579657,0.3523657,0.30601,0.27313,-0.26259986,0.11036743,-0.070125714,-0.2993187,-0.4557633,-0.24440143,-0.256767,0.09118314,0.3408117,-0.086182855,-0.3752653,0.07196685,0.25005284,-0.112686574,0.19864814,-0.06949486,-0.35300454,-0.09894143,-0.21716145,-0.18694615,-0.29058,0.020148559,-0.07977857,0.22668143,-0.108691014,-0.021988187,-0.48996428,0.41179112,0.0019907106,0.15317215,0.9100014,-0.40526286,-1.7253686,0.24350715,-0.0835103,1.6887585,0.3158954,-0.30857843,0.5065296,-0.110582285,0.034233283,0.55694497,-0.19083442,0.38296705,0.29344273,0.22275972,-0.37933287,-0.20840187,-0.47938856,0.10847785,-0.24714872,0.122401424,-0.058436997,-0.08835757,0.051149823,-0.6844243,0.11418057,0.7409476,0.042033035,-0.35291144,0.04023984,-1.5719827,-0.29696712,-0.057135854,-0.20296371,-0.25912645,-0.34037143,-0.3644514,0.021495713,-0.2389647,-0.2634073,-0.37088317,-0.122509,-0.34075943,-0.23104286,0.60844713,0.21289286
195,-0.09315593,0.29104355,0.29182222,-0.19337948,-0.01079633,-0.099210925,-0.21132906,0.07769906,-0.18702266,-0.03567197,0.18708143,-0.097512156,0.26926246,0.059232194,0.09400884,-0.3886576,0.2606038,0.018234883,-0.2662856,0.2600152,0.30140984,0.07277019,0.25615665,0.0056325155,0.16906726,0.0091668125,-0.075531,-0.46062592,-0.08617285,-0.16630623,-0.09246789,0.40640733,-0.14447355,-0.0430832,0.005970361,0.32182616,0.14314282,0.2831794,-0.07299544,-0.26427326,-0.3361015,-0.45495987,0.09583031,-0.31236663,0.026649304,0.043169264,0.13934098,-0.42949617,0.099149175,-0.7551046,0.14269824,-0.00701708,0.10736233,1.1309812,-0.20284933,-2.2456377,-0.071017995,-0.20295352,1.7131081,0.44041497,-0.094824046,0.73929405,-0.19672638,0.12131809,0.542036,-0.035949383,0.5262484,0.25502384,0.41740856,-0.35881048,-0.07507896,-0.24641685,0.024635544,-0.23784943,0.1999755,0.19761029,-0.114958994,0.09855882,-0.86667186,-0.016579185,0.6588742,0.11456787,-0.43513703,0.250149,-1.4063252,-0.20305334,-0.0051318905,-0.19683732,-0.20488931,-0.34507045,-0.13327064,-0.035088997,-0.14787973,-0.03875041,-0.6883327,0.070441216,-0.24673341,-0.47580162,0.673553,0.26519045
196,-0.091665916,0.22950728,0.3791955,-0.25881526,-0.084508166,0.11259156,-0.2224482,0.22718811,0.014440152,-0.028540283,0.18091503,0.0041321698,0.17721093,-0.021612087,0.027267866,-0.31313714,0.17884381,0.1255146,-0.3624842,0.29602435,0.14739358,-0.008465882,0.20591211,0.028686767,0.13061456,-0.006897073,0.0025541577,-0.37566933,0.08438565,-0.23604882,-0.03862047,0.5089186,-0.14475374,-0.03780087,0.15308712,0.29781875,-0.023934547,0.29556227,-0.036533635,-0.27466318,-0.272572,-0.22201212,0.031909358,-0.4082889,-0.16611612,0.009379364,0.11461121,-0.29706502,-0.06113979,-0.76274073,-0.034223646,0.08660843,0.14621428,0.9538942,-0.21840912,-2.113805,-0.08492239,-0.2161252,1.5418576,0.33586222,-0.13299467,0.5719862,-0.25677782,0.08359898,0.65024984,0.017038208,0.34185624,0.40023425,0.21416113,-0.295497,0.022725351,-0.3516777,-0.07820788,-0.417391,0.20204411,0.077887006,-0.096208975,0.028432697,-0.81815773,-0.028389908,0.67200875,-0.13453689,-0.45189756,0.07534532,-1.2962058,-0.11204181,0.07811769,-0.08447282,-0.15351354,-0.30544153,-0.07652035,0.041299105,-0.017998211,-0.10684563,-0.5505175,-0.08440282,-0.09216161,-0.20047635,0.53956085,0.19767168
197,0.1452636,0.121832505,0.3327391,-0.046645045,0.010520199,-0.067387804,-0.1821535,-0.024074297,-0.2864467,0.138599,0.1657853,0.1088234,0.2199888,-0.124152504,-0.016313512,-0.20131901,0.33254802,0.018204996,-0.3448993,0.10290208,0.42589298,-0.1888178,0.23548761,0.06105379,0.19013746,-0.18661153,0.001883002,-0.40021402,-0.056575708,-0.20364752,-0.3284972,0.44220477,-0.029951701,-0.012623292,0.099080905,0.40533328,0.0444364,0.2657295,-0.19808377,-0.413308,-0.1497812,-0.38998958,-0.15928349,-0.40813795,0.09677919,0.17721549,-0.0669394,-0.3909678,-0.14980859,-0.846334,0.035081606,-0.046238996,0.043588795,0.876846,-0.30425256,-2.2498343,-0.18007661,-0.13929349,1.6836609,0.08491791,-0.21955499,0.56358,-0.3186918,0.27398652,0.40176836,-0.13531959,0.2813258,0.29527998,0.15652463,-0.35403118,-0.072023295,-0.1874507,-0.14257026,-0.14924599,0.0666766,0.21485052,-0.32269803,-0.0517235,-0.8249693,-0.083097704,0.748348,0.077998385,-0.34653908,0.0477209,-1.0541251,-0.2031065,0.0936773,-0.100341104,0.120624304,-0.24649131,-0.082272194,0.0583188,0.0570742,-0.139698,-0.720185,-0.11985302,-0.19998102,-0.22783189,0.5539672,0.23506209
198,-0.16111225,0.3210625,0.1089675,-0.09538751,-0.30517504,-0.0404545,0.088264,0.091004506,-0.4673225,-0.077555,-0.022785505,-0.25452,0.3704475,-0.0922935,-0.03284,-0.1015105,0.1319295,0.079689,-0.08363044,0.6441675,0.12158984,0.2246905,0.0931775,-0.3683075,0.26879376,0.055459995,-0.40728498,-0.47013676,-0.135505,-0.1737275,-0.57082,0.56667745,0.048297502,-0.21079275,0.33125752,0.3137815,-0.26405227,0.20429425,0.008848473,-0.342215,-0.04434625,-0.025987001,0.212415,-0.21859749,-0.2637675,-0.289745,0.2339865,-0.24268499,-0.02807275,-0.883885,0.06764224,-0.2991805,0.05791,1.0731125,-0.1616115,-2.6527002,0.31279248,0.22556975,1.3827575,0.167505,-0.19944474,0.92712,-0.77963996,-0.153703,0.8492675,-0.19662401,0.5678675,0.25946748,0.1449375,-0.49101,0.09607751,0.028114498,0.29089475,-0.3768675,0.7981475,0.146205,-0.284955,-0.27629,-0.2606675,-0.125739,0.38233823,0.4062975,-0.5797375,0.049312506,-1.5799174,0.06312549,0.2686712,-0.10680275,-0.562085,-0.6226775,0.07119925,-0.18306774,0.136158,0.13981019,-0.354895,-0.04061044,-0.5179925,-0.5592675,0.116363004,0.5378775
199,-0.17513429,0.11428385,0.09001022,-0.25963616,0.12606208,0.14561485,-0.15270372,0.14199264,0.17061056,0.13517779,0.28029722,0.05297035,0.12757273,-0.019833919,0.13827457,-0.012621822,0.18277848,0.28570414,-0.10071993,0.23871878,0.028430466,-0.01809135,0.011103213,-0.18997626,-0.008788719,-0.027947707,-0.09024049,-0.32820067,-0.29576135,-0.18207455,0.015209928,0.3803775,-0.24381006,-0.14360562,0.3177593,0.37465325,-0.17675565,-0.07018222,-0.15015924,-0.20315906,0.067211494,-0.0067993575,-0.04602364,-0.20410717,-0.16474287,-0.27467498,-0.09372593,-0.30744115,-0.19486986,-0.7311018,0.19259742,0.09731742,0.14793643,0.69439805,-0.16538657,-1.5426792,0.07960488,-0.13366207,1.3310785,0.14348528,-0.118313946,0.56018025,-0.10435556,0.2112058,0.57837313,-0.15542765,0.48048314,0.055621214,0.27582145,-0.23470594,-0.04504951,-0.15789042,0.14820392,-0.084110506,0.13197786,0.18172733,-0.14592586,-0.0119494265,-0.61645603,-0.110463865,0.47828844,-0.17389321,-0.29748827,-0.06159493,-1.3672583,-0.17834087,0.13298379,-0.014318657,-0.20660137,-0.28289142,-0.2118592,0.11451321,0.13361143,-0.25587642,-0.2701346,-0.0014891252,-0.3111179,-0.3468771,0.59058696,0.08059335
200,-0.030769,0.11993,0.53909,-0.43696,-0.73937,-0.15345,0.081126,-0.38559,-0.68797,-0.41632,-0.13183,-0.24922,0.441,0.085919,0.20871,-0.063582,0.062228,-0.051234,-0.13398,1.1418,0.036526,0.49029,-0.24567,-0.412,0.12349,0.41336,-0.48397,-0.54243,-0.27787,-0.26015,-0.38485,0.78656,0.1023,-0.20712,0.40751,0.32026,-0.51052,0.48362,-0.0099498,-0.38685,0.034975,-0.167,0.4237,-0.54164,-0.30323,-0.36983,0.082836,-0.52538,-0.064531,-1.398,-0.14873,-0.35327,-0.1118,1.0912,0.095864,-2.8129,0.45238,0.46213,1.6012,-0.20837,-0.27377,0.71197,-1.0754,-0.046974,0.67479,-0.065839,0.75824,0.39405,0.15507,-0.64719,0.32796,-0.031748,0.52899,-0.43886,0.67405,0.42136,-0.11981,-0.21777,-0.29756,-0.1351,0.59898,0.46529,-0.58258,-0.02323,-1.5442,0.01901,-0.015877,0.024499,-0.58017,-0.67659,-0.040379,-0.44043,0.083292,0.20035,-0.75499,0.16918,-0.26573,-0.52878,0.17584,1.065
201,-0.1764625,-0.155575,-0.0316675,-0.025842495,0.18486202,0.16592503,-0.4851325,0.139624,-0.313816,0.0033000112,0.10945547,0.20597276,0.4441975,0.06986976,0.00044225715,-0.38508248,0.13230601,0.286095,-0.09343801,-0.11500201,-0.12229225,-0.20955999,0.052010257,-0.18816501,0.36023295,0.36100018,-0.38411698,-0.11530003,0.1618775,0.16101825,-0.07413525,0.1603425,0.035568494,0.04888425,0.029232755,0.0010195011,0.1131705,-0.367355,-0.039139986,-0.3407875,-0.4612375,-0.21451601,0.27678725,-0.051652506,0.0043074973,-0.04541725,-0.023583999,0.051376503,-0.09850384,-0.6980325,0.093241006,-0.026415005,0.104474746,1.3064724,-0.15826476,-1.9423499,0.1289935,-0.14732,1.6575,0.030307503,-0.17276847,0.847475,-0.1397875,0.096625,0.4475875,0.30768824,0.07160498,0.22254801,-0.24109225,-0.25570774,0.080869995,-0.127554,-0.018377513,-0.434726,-0.094523,0.15652499,0.11492249,0.07449,-0.39093,0.21735597,0.47018498,-0.037207253,-0.43249926,0.099262506,-0.78349245,-0.33410326,0.2339655,0.040785,-0.03594,-0.17403124,-0.17315249,0.067073494,0.23212752,-0.06453776,-0.18999425,-0.32743677,-0.0039385,0.1146395,0.5911275,-0.02452175
202,-0.060537707,0.06221707,0.38928658,-0.23777933,0.0059442706,0.17712475,-0.14867641,0.21390818,-0.03336816,-0.0006860395,0.15714613,0.051481303,0.32602334,0.05752144,0.16668367,-0.30776343,0.15695968,0.029394573,-0.43788347,0.16261141,0.3048378,0.0023605542,0.22138375,0.037291907,0.14519034,-0.08229649,-0.12241934,-0.50563985,0.04548891,-0.17738484,0.055053316,0.4789153,-0.015282933,0.12988372,-0.056682065,0.34153724,-0.08975639,0.18140906,-0.104560055,-0.19483551,-0.4160665,-0.22583997,0.24002454,-0.31046095,-0.043315116,-0.057716046,0.19880024,-0.36524746,0.054320265,-0.7982079,0.10189552,-0.016819257,0.2215317,1.1484448,-0.26635012,-2.5020566,-0.099495344,-0.21248047,1.779848,0.47695348,-0.13237868,0.7085941,-0.21339373,0.18056738,0.6890802,-0.14009072,0.44517013,0.3685266,0.09747501,-0.12149695,-0.022145696,-0.19231944,-0.020356664,-0.52649313,0.17115438,0.08804956,-0.14988868,-0.0031061105,-1.034676,-0.022355128,0.57481545,0.060414467,-0.39543942,0.05806825,-1.3684231,-0.33715114,0.10334517,-0.08019076,-0.28474158,-0.33107382,-0.06820285,-0.15461744,-0.08246477,0.16389476,-0.4918397,-0.05504432,-0.17458662,-0.22996244,0.52030605,0.25619897
203,-0.15548639,0.26160347,0.3914491,-0.38601884,-0.1443542,0.22620194,-0.018779272,0.3199382,0.008688729,-0.03660924,0.22050622,0.04621883,0.25498664,0.007829804,0.1076709,-0.28230268,0.19163229,0.24038334,-0.46447852,0.28297648,0.22281425,0.07614218,0.08674684,-0.06322131,0.19591369,-0.008264191,-0.11385445,-0.4617467,0.08846756,-0.2481804,-0.047925707,0.5389408,0.010113179,0.06772293,0.15036598,0.34889197,-0.13441207,0.26972228,0.09243121,-0.23920777,-0.32612982,-0.20477451,0.14018497,-0.4654677,-0.15654442,0.01917111,0.24678119,-0.35805142,-0.025942896,-0.78758353,0.09195137,-0.077122934,0.1619891,1.0577122,-0.26940754,-2.3325825,-0.02247758,-0.073425904,1.6661825,0.53438216,-0.08449414,0.74244314,-0.37504914,0.15378504,0.8051458,-0.027563037,0.5138293,0.39903396,0.0758394,-0.2508067,-0.008780586,-0.29633525,0.02384972,-0.37946236,0.22239773,0.13650924,-0.11175672,-0.027669745,-0.88244414,-0.026021514,0.58366376,-0.07186298,-0.61383,0.06797889,-1.4117057,-0.250807,0.18614887,-0.1862931,-0.33516562,-0.35621956,-0.14504167,-0.07493698,-0.037472144,-0.008792486,-0.4979867,-0.06720712,-0.10462376,-0.2738235,0.3965389,0.3142911
204,0.05641025,-0.1825733,0.01869229,0.010844111,-0.1528986,0.05013375,0.505709,0.32698044,0.63078606,0.07667785,0.13980234,0.095637165,-0.28927156,0.32795778,0.1280729,-0.22783251,0.16088912,0.048859496,0.00391837,0.3035421,0.43259957,0.045481227,-0.291704,0.13697012,0.25914863,0.18748094,-0.15101852,-0.30054367,0.20471132,-0.2403897,-0.21275224,-0.35122865,0.05983874,0.23591445,0.301811,0.2026646,0.42290676,-0.16725178,0.18701147,0.24460258,0.25728497,0.07441351,-0.27762777,-0.36847615,0.2407915,-0.11967056,-0.52960575,-0.15361236,-0.6304055,-0.15049025,-0.4365656,0.5513573,-0.23304927,-0.2589463,-0.340131,-0.8511272,0.20428914,0.2409415,0.10619193,0.15090764,-0.347104,-0.3027611,-0.48084944,-0.5729012,0.04087451,0.012655469,0.10740865,-0.16691998,0.06737596,0.47075674,0.24745019,0.53558296,-0.10825821,-0.27585137,0.10559538,-0.27592108,0.1151211,-0.21139525,-0.3917178,-0.044088807,0.17749472,-0.46860483,0.049674444,-0.3958039,-0.12633976,0.13231547,-0.24505901,-0.28360248,0.30292627,-0.2616349,0.119274326,0.02980733,0.27985922,0.45034733,0.06765292,0.13096677,-0.26435924,-0.54710245,-0.038565256,0.030666068
205,-0.090436,0.19636,0.29474,-0.47706,-0.80436,0.3078,-0.55205,0.58453,-0.17056,-0.84846,0.19528,0.23671,0.46827,-0.58977,-0.12163,-0.24697,-0.072944,0.17259,-0.0485,0.9527,0.50629,0.58497,-0.19367,-0.45459,-0.031095,0.51633,-0.24052,-0.1007,0.53627,0.024225,-0.50162,0.73692,0.49468,-0.34744,0.89337,0.057439,-0.19127,0.39333,0.21182,-0.89837,0.078704,-0.16344,0.45261,-0.41096,-0.19499,-0.13489,-0.016313,-0.021849,0.17136,-1.2413,0.079503,-0.91144,0.35699,0.36289,-0.24934,-2.1196,0.14534,0.52964,0.90134,0.033603,0.022809,0.70625,-1.0362,-0.59809,0.70592,-0.072793,0.67033,0.52763,-0.47807,-0.67374,0.36632,-0.38284,-0.10349,-0.6402,0.18104,0.82568,0.066403,-0.40791,-0.083813,-0.36487,0.045362,-0.073527,-0.20117,0.37441,-1.4024,-0.25605,-0.4708,-0.16145,-0.87921,-0.36325,-0.17357,-0.077983,0.43273,0.0089295,-1.0316,-0.11589,-0.34524,0.11514,-0.40812,0.20203
206,-0.10546353,0.18052465,0.4380564,-0.31684414,0.0069802725,0.24145463,-0.18132581,0.18592477,-0.060387027,-0.026513638,0.24083652,0.07074462,0.24257788,0.039960235,0.14279918,-0.23622498,0.1463196,0.20555778,-0.38304904,0.20746106,0.31459296,0.04855399,0.20227246,-0.014868777,0.23473915,-0.06910783,-0.08045155,-0.45805433,0.07486487,-0.2672103,0.015799178,0.4636542,0.0014126803,0.055624727,-0.031113885,0.32718948,-0.05417566,0.19179817,-0.034613416,-0.24801885,-0.3306735,-0.2365171,0.08019166,-0.40445065,-0.27421817,0.043373443,0.11385934,-0.27618614,-0.04889579,-0.7536069,0.06769216,0.05749375,0.102780566,1.0249249,-0.28171754,-2.3466747,-0.05689214,-0.18358359,1.6704388,0.4673553,-0.1034779,0.85019714,-0.23625094,0.17441896,0.7344717,0.041980587,0.5014553,0.30568472,0.1306836,-0.23725249,0.06067328,-0.27451766,-0.09309868,-0.39668223,0.12848185,0.13587438,-0.18968531,-0.025505949,-0.8092107,0.019208416,0.53256047,0.022094361,-0.53484505,0.16133325,-1.3476899,-0.20256734,0.054637287,-0.1837632,-0.23262487,-0.3180099,-0.14571638,-0.027972229,-0.038068578,0.007371589,-0.5573521,-0.15222362,-0.20813064,-0.23971789,0.581966,0.24882177
207,-0.16149524,0.07735717,0.3381925,-0.27186307,-0.027654776,0.25891024,-0.13011935,0.2614285,-0.05347336,-0.009738291,0.16655387,0.045685187,0.2550355,0.07136583,0.09643148,-0.2737783,0.15133077,0.06047018,-0.34538835,0.06516402,0.23628804,-0.0034103687,0.2160741,0.06128523,0.20359604,-0.08602739,-0.120550685,-0.3371365,0.02206726,-0.05332358,0.046210483,0.36170632,-0.08877726,0.045895346,0.029509416,0.21704806,-0.0694023,0.16149879,-0.039653532,-0.1778979,-0.32181582,-0.2690038,0.12381647,-0.26110253,-0.004895922,0.025836634,0.13351981,-0.2668865,-0.058676157,-0.6973979,0.15881808,0.027826034,0.1548111,0.98450243,-0.29186964,-2.1351151,-0.08010976,-0.18854447,1.4899707,0.49785185,-0.13659187,0.6586864,-0.2113208,0.15429303,0.6151394,-0.0055832393,0.38062677,0.23587956,0.21467094,-0.13842689,-0.039250385,-0.1838288,0.01402114,-0.38268417,0.12693165,0.20396374,-0.13184306,-0.013678944,-0.83974624,0.03952806,0.6499834,0.0058358405,-0.43726096,0.08727031,-1.225764,-0.14653473,0.19117399,-0.053946894,-0.15224394,-0.24921231,-0.093831405,-0.055584405,-0.046609633,0.116614476,-0.45606074,-0.086981654,-0.19886132,-0.19517905,0.51699764,0.14577289
208,-0.12769243,0.21546927,0.34933788,-0.1651121,-0.09970676,0.22558099,-0.07703592,0.25912446,0.052832805,-0.0044288984,0.1018485,0.062050786,0.22282217,0.039529026,0.12102509,-0.2709692,0.18709938,0.20076765,-0.28790212,0.16223207,0.18072136,0.06312386,0.05718344,-0.0795943,0.19313344,-0.041997675,-0.22973701,-0.43713635,0.06565462,-0.15380199,-0.07800954,0.6427339,-0.09692935,0.011873316,0.09609962,0.27190346,-0.13383296,0.19016743,0.027984314,-0.21309198,-0.33449778,-0.18915008,0.20563267,-0.3186008,-0.11803193,-0.022877757,0.28183538,-0.35793573,-0.03916741,-0.8436109,0.12036181,-0.018459367,0.17290823,1.0338743,-0.2730786,-2.3183305,0.085649334,-0.13361521,1.5653666,0.5011636,-0.10674323,0.66383684,-0.3391852,0.0967315,0.8280995,-0.080642335,0.46074244,0.26544878,0.02882926,-0.16876483,-0.08435039,-0.2132807,0.011011465,-0.23701392,0.1493203,0.11839784,-0.16175655,-0.0124424435,-0.8316758,0.014654357,0.5458498,-0.11057504,-0.5105487,0.10785175,-1.4058933,-0.12977017,0.12615703,-0.20192263,-0.30954692,-0.3595075,-0.1213382,-0.07946086,-0.1313517,0.0032811197,-0.42121333,-0.075465694,-0.11191482,-0.21984394,0.42349046,0.23218206
209,-0.3333115,0.056092996,0.4938983,-0.14212786,0.2141995,-0.020509833,-0.05782399,0.13597451,0.08110934,-0.060945336,0.16329204,-0.41552997,0.279295,-0.491735,0.0745535,0.016098827,0.23401152,0.048170164,-0.14993165,0.49186662,-0.3106517,-0.20937717,0.05539633,0.07083017,0.0693885,0.018444387,0.061805677,-0.10678333,-0.25731835,-0.19774099,-0.24891366,0.97762007,-0.16699566,0.028992666,0.5978067,0.18365884,-0.34590998,0.27740833,0.12514667,-0.306943,-0.13523982,0.036255993,0.23115332,-0.18304498,0.053680003,0.14582467,0.24666,-0.40452835,0.111664,-0.38836718,0.17097734,-0.08416834,0.221054,0.7457183,-0.125542,-1.9599584,0.013550003,-0.2678348,1.5056449,0.14917916,-0.16271852,0.5080195,-0.16522749,0.12107333,0.639355,-0.016006667,0.35985017,-0.23586066,0.46060133,-0.12299917,0.17408049,0.14929669,0.32639334,-0.28314215,0.39242682,0.21275002,-0.19055568,-0.16854768,-0.5366247,-0.23714735,0.23161067,0.0596375,-0.48389784,0.019997329,-1.1953795,0.039534498,0.21129984,-0.31020865,-0.07371744,-0.29343835,0.0782435,0.35642517,0.047863334,0.04982928,0.01943146,0.0947305,-0.2591565,-0.66771,0.7021666,0.31249166
210,-0.39389998,0.06791,0.114731,-0.188349,0.14475,-0.5153325,-0.19623724,0.37699753,0.280064,0.17221686,0.32963002,-0.11409249,-0.027107753,-0.2502166,0.057147745,-0.6982575,0.447645,0.011525251,0.36748502,0.2830925,0.072809994,0.2230325,-0.036495,-0.16562726,0.30323124,0.019012496,-0.39298525,-0.57947755,-0.54495,-0.19863924,-0.19567148,0.6135375,-0.0067225024,-0.495635,0.4569645,0.47620496,-0.053199995,0.07242,-0.07630925,-0.5283625,0.3276475,-0.22505274,0.233102,-0.4578925,0.35204527,-0.06955901,0.04576999,-0.337175,0.19976002,-0.176735,0.5787895,-0.16487376,0.18240726,0.67905474,-0.5318423,-1.5220051,-0.13457,-0.2430138,1.826625,0.021582484,0.0038149953,0.035075,0.07910225,-0.14162499,0.20818827,-0.23058501,0.14884722,0.129845,0.4788425,-0.52043754,-0.25725502,-0.39463502,0.21983749,0.14960499,0.19275,-0.210095,0.050528996,0.0027047023,-0.70015,0.14881524,0.9450475,-0.076002,-0.120041594,-0.06929852,-1.293895,-0.09180726,0.00957175,-0.36956343,0.046227485,-0.3262375,-0.45850453,0.053743254,-0.001048252,-0.62969005,-0.2180578,0.098709956,0.11893899,-0.26471502,0.88907504,-0.23706998
211,0.0093523795,0.17512304,0.315313,-0.21559897,-0.022922903,0.1158239,-0.026434978,0.20177957,-0.12966713,-0.03194784,0.25098592,-0.00079753454,0.12428416,0.0014480915,0.25801706,-0.29987824,0.15289402,0.106100224,-0.38873088,0.11948,0.19790642,-0.075388506,0.13654543,0.07793383,0.2794408,-0.17029022,-0.052538686,-0.3757987,0.031942204,-0.13607539,-0.18801308,0.50215954,-0.1099061,0.03455485,0.06695568,0.26919338,-0.029123953,0.16058916,-0.13068913,-0.25224894,-0.21666418,-0.26740637,0.11406278,-0.3074985,-0.12997502,0.010600881,0.17703402,-0.4557068,-0.066796675,-0.7884257,0.03276546,-0.11141095,0.18554197,1.0364223,-0.2887678,-2.2158175,-0.101695,-0.27660474,1.606809,0.49180517,-0.22199623,0.6073679,-0.36034822,0.17436232,0.6589386,0.023015622,0.37304276,0.27290606,0.22699705,-0.14460965,-0.1880962,-0.272073,0.0059050275,-0.21925233,0.16453932,0.1602805,-0.21425273,-0.0547618,-0.80879,-0.05430434,0.48852232,0.014243894,-0.61343354,0.08849859,-1.2304907,-0.084396966,0.18737043,-0.07352439,-0.10746611,-0.2804771,-0.19042814,0.020147283,-0.11314555,0.086669415,-0.5908721,-0.016379584,-0.09859961,-0.20298362,0.4645127,0.12647837
212,-0.15443332,-0.071849994,0.42531002,-0.37038335,0.062437158,0.2956055,-0.18587835,0.04057293,0.05123332,0.012176499,0.20471716,-0.015263329,0.127295,-0.2946833,0.34844497,-0.15433998,-0.025981655,0.10814101,0.09623293,0.034111653,-0.008665502,0.036422838,0.205625,0.04962516,0.23086667,-0.06889667,0.082495,-0.107428335,-0.1678825,-0.24663551,0.3821865,0.3179817,0.18579634,-0.12776734,-0.117266,0.1898005,-0.17702834,0.035334993,-0.086741,-0.042211503,-0.3045785,-0.040495005,0.020123312,-0.15333116,-0.24624984,0.140666,0.29694113,-0.19803667,-0.21409051,-0.609195,0.30681634,0.049050167,0.047730494,0.49156332,-0.20855786,-1.5859051,-0.0148645,-0.08861499,1.2696726,0.15258501,-0.017926669,0.57545835,0.11009417,0.242126,0.56619835,-0.029426664,0.5268591,-0.054979667,0.1503195,-0.185135,0.13789016,-0.24838834,0.08544167,-0.104275346,0.04991166,0.20969151,-0.05470066,0.08419732,-0.65158117,0.02977617,0.40898502,-0.23359334,-0.47468165,0.24800499,-1.24666,-0.132945,-0.1525255,-0.021003334,-0.13124667,-0.50469995,-0.13012233,0.09749216,0.015651336,0.13529335,-0.348653,-0.22482033,-0.42102668,0.03620516,0.5377237,0.196959
213,-0.13308859,0.050909996,0.46893978,-0.08909601,-0.0891456,0.2174072,-0.2517528,0.273952,-0.05726559,-0.1015622,0.163688,-0.09271167,0.12752321,-0.07810421,-0.0993962,-0.0975118,-0.09444579,0.04589921,-0.007113993,0.289678,0.1417346,0.01767399,0.1862268,-0.1854358,0.2024314,0.322682,-0.28497142,-0.41064182,-0.0763406,0.024038797,-0.2303344,0.44102797,0.09096,-0.06955536,0.072037995,0.1170686,0.18659201,-0.031078005,0.18346801,-0.24466722,-0.3685748,0.044344,0.29697797,-0.34857002,-0.105302,-0.04783799,0.45230198,-0.3139686,0.024992216,-0.84885806,0.19709781,-0.232462,0.09443161,1.027578,-0.40844125,-2.19062,0.0014960051,0.051772006,1.58736,0.45714003,-0.1114374,0.515686,-0.1024494,0.015292796,0.868278,0.13927099,0.32105058,0.188076,0.063339606,-0.268454,0.0023878007,-0.355346,-0.2410182,-0.122240804,0.3384,0.100098014,-0.16408941,0.2210702,-0.53743,0.0121032,0.5333234,0.0657718,-0.81803405,0.09834699,-1.4396499,-0.31260198,0.18228379,-0.33144403,-0.163792,-0.426548,-0.008616402,0.006460196,-0.390261,0.07961999,-0.16041276,-0.28437,-0.0985048,-0.46366817,0.424186,0.3031506
214,-0.187692,0.3365456,0.3851354,-0.3413296,-0.13004342,0.3131251,-0.06350351,0.19066006,0.14902781,-0.065296546,0.17415513,0.05836506,0.26326373,0.01610441,0.20501712,-0.2133522,0.0891989,0.25439572,-0.34029663,0.20982063,0.18567331,0.027321858,0.11438904,-0.08966165,0.2868408,0.12115881,-0.18006043,-0.49439025,0.099462315,-0.21530952,-0.057283264,0.59043664,-0.045628212,-0.013367274,0.19884118,0.36617556,-0.14127435,0.19178368,0.17804147,-0.2439689,-0.27686644,-0.30265698,0.0720369,-0.3607849,-0.23481143,-0.038249683,0.18790321,-0.2565955,0.060601722,-0.92048866,0.10112743,-0.04655645,0.10342298,1.0376496,-0.2165238,-2.4497795,0.009083904,0.07393482,1.508933,0.52844083,-0.11473647,0.97741777,-0.46982726,0.035383075,0.84975964,0.016732687,0.56945825,0.29451728,0.0036372726,-0.15604825,0.066335924,-0.24535564,0.047029115,-0.36397997,0.14354023,0.096135475,-0.12558864,-0.05913023,-0.5743945,-0.06983027,0.5008179,-0.19599311,-0.5132948,0.11101686,-1.3688581,-0.15020318,0.11109294,-0.18554868,-0.20056432,-0.33983436,-0.087975636,-0.093677096,-0.08342343,0.02146566,-0.42207882,-0.0973041,-0.26401207,-0.28490564,0.36339837,0.21309952
215,0.059738,0.211415,0.59747,0.08989,0.6624,-0.21478,0.38918,-0.751315,-0.07844499,-0.0404455,0.27938002,-0.32524347,0.133609,-0.363965,-0.34597498,0.36512002,0.80878,0.09165501,0.16409001,0.83123,0.28138,0.189135,0.09420501,0.055035,0.66946,0.19754499,0.1466995,-0.5702,-0.111075,-0.1993985,-0.015760005,0.416995,0.304015,0.03942,0.256744,0.8106,-0.39207903,0.15498,-0.13244501,-0.54122996,0.428375,0.519475,-0.102083996,-0.375075,0.14374,-0.10753499,-0.36535,-0.767785,0.07626,-0.5911,0.0047149956,0.10446499,0.136078,0.755795,-0.071361,-1.663895,-0.185147,0.37932003,1.1884999,-0.031165501,-0.0023749918,0.42117998,-0.37766,0.32874,0.85613,-0.489065,0.55910003,0.557485,0.154425,-0.30954498,0.08009501,0.2315245,-0.045712,0.360915,-0.05138001,0.15472001,-0.3034625,-0.61274505,-0.34280652,-0.492275,0.38947,0.36486,-0.538995,-0.15195,-0.917615,-0.6014,-0.502605,-0.42767498,-0.279265,-0.30524498,-0.139792,0.51145,0.3937,-0.37242,-0.60867,0.471515,0.12705502,-0.20955251,0.60712,0.51987
216,-0.16745801,0.2514847,0.2920057,-0.20797056,-0.024096204,0.038975026,-0.15146391,0.1844225,0.08487745,-0.013161929,0.15010792,-0.054036755,0.25993037,0.057928637,0.10089896,-0.3176366,0.21772927,0.12506926,-0.3516878,0.22419207,0.16894549,0.06552193,0.18119057,-0.058621928,0.06522521,-0.048032768,-0.03815107,-0.40010267,-0.008292747,-0.15309983,-0.058225136,0.5834334,-0.06849681,-0.0337876,0.17873709,0.27515435,-0.112277016,0.10512199,0.0063299104,-0.25508007,-0.2578622,-0.23153338,0.13040721,-0.36035684,-0.08846197,-0.09287342,0.16244428,-0.34115925,-0.0033620938,-0.7567539,0.09984221,-0.008114735,0.13969861,0.9964554,-0.1621509,-2.102575,-0.01682269,-0.1429583,1.6126953,0.3810645,-0.18564205,0.47186324,-0.28018633,0.042402733,0.7009473,-0.009633605,0.41123733,0.22727416,0.29723653,-0.18662909,-0.13815862,-0.30029243,-0.009865418,-0.31694546,0.22664613,0.090531886,-0.025431586,-0.045006257,-0.7924767,-0.068554506,0.6484339,-0.04759583,-0.45801565,0.081002645,-1.3234696,-0.20081007,0.13526867,-0.12754531,-0.28283226,-0.29763582,-0.12646846,-0.02341117,0.008231825,-0.01983427,-0.44415438,0.04944679,-0.07898469,-0.33196807,0.53867567,0.23526202
217,-0.100512,0.20288737,0.31798843,-0.28395277,-0.14706531,0.058774527,-0.27249733,0.18735477,0.081642695,-0.11947708,0.091527306,0.07627823,0.20137462,-0.014237306,0.222231,-0.36397368,0.3005284,0.1637221,-0.3062231,0.23194514,0.26313135,-0.087889075,0.009321541,-0.118285075,0.21543485,-0.05599054,-0.2505642,-0.5791931,0.07376644,-0.11263899,-0.050547,0.6197434,-0.11674477,-0.024563419,0.045750685,0.43716738,-0.057446845,0.10193609,0.00852785,-0.26269463,-0.18122084,-0.12565085,0.046885923,-0.4580654,-0.14671613,0.14330617,0.12628898,-0.21332715,-0.042609848,-0.8531016,0.07949077,-0.06952491,0.2145912,1.0407516,-0.31753471,-2.2949076,-0.06221386,-0.23544891,1.6007645,0.39956325,-0.04128077,0.7269315,-0.23461263,0.08597679,0.85588,-0.09300485,0.50487626,0.43855923,0.22244011,-0.2810509,0.049700305,-0.38613448,-0.09289385,-0.26547047,0.23803714,0.026759226,-0.11416046,0.015389223,-0.6983603,-0.11959592,0.46221587,-0.12263346,-0.47288308,-0.09162462,-1.4677587,-0.29222378,0.09553668,-0.04750261,-0.21234624,-0.35324383,-0.09194855,-0.022834592,-0.097028464,-0.1429426,-0.59754777,-0.14002539,-0.021399545,-0.33832347,0.44162986,0.21187623
218,-0.2225665,0.19558787,0.49295112,-0.30973068,-0.1397614,0.16360664,-0.1334061,0.21416911,0.18809046,-0.018897591,0.26097357,0.011833985,0.29220507,-0.094568074,0.06190592,-0.15243371,0.051011346,0.17614111,-0.44555956,0.30519128,0.16025819,-0.02982754,0.1726428,0.035698913,0.20563552,0.036876112,-0.08937832,-0.44790676,0.07479458,-0.18815152,0.021443924,0.7096756,-0.06726143,0.19148889,0.07489951,0.32910746,-0.10582976,0.1358912,-0.07376383,-0.31430274,-0.27220222,-0.14821087,0.07996279,-0.40363234,-0.16514096,-0.041773207,0.12938711,-0.39201325,0.03785901,-0.7880568,0.041736536,0.079127856,0.12948424,0.89772284,-0.30283162,-2.240822,0.01431307,0.030207992,1.4609898,0.44603512,-0.059024762,0.70937294,-0.3159953,0.10374578,0.75542986,-0.0007464251,0.41730946,0.36463794,0.18095982,-0.18888736,0.11990117,-0.19224915,0.044740405,-0.4381096,0.23933958,0.16866723,-0.09774133,0.056174833,-0.8224944,-0.07680631,0.48022485,-0.20772578,-0.44482216,0.13803683,-1.280955,-0.163217,0.092958905,-0.124691255,-0.31052476,-0.22284257,-0.035317767,-0.08448913,-0.018815663,-0.014100944,-0.44896102,-0.060332485,-0.14875449,-0.3032911,0.4612911,0.37655634
219,-0.05126948,0.24774474,0.34414884,-0.30872867,0.011553596,0.22459534,-0.233786,0.3478287,-0.08455781,-0.059053704,0.19844958,0.06609351,0.14768365,0.0015738265,0.13867968,-0.28768116,0.17819397,0.19684489,-0.39026207,0.3061214,0.27904657,-0.050405912,0.10163343,-0.059541468,0.2145231,-0.06811449,-0.17396744,-0.5199571,0.112866886,-0.23144677,-0.09282258,0.48968738,0.011686018,0.07158277,0.011167834,0.44048995,-0.11668119,0.26395205,0.041889027,-0.3401668,-0.19797795,-0.26118788,0.077184685,-0.39474702,-0.20333168,0.025987549,-0.015847104,-0.40269893,-0.09877028,-0.8398003,0.0046496186,-0.011568153,0.07816636,1.0923121,-0.38484022,-2.3164177,-0.044397652,-0.2317705,1.6764288,0.4091594,-0.12311088,0.71665573,-0.3913731,0.10009878,0.63299066,-0.008659302,0.51632047,0.38271052,0.11148177,-0.28939798,-0.14310825,-0.22615933,-0.07592863,-0.34887546,0.099408634,0.19945812,-0.14251192,-0.033938657,-0.79818887,-0.029678296,0.59854907,0.012639259,-0.46160877,0.022230148,-1.3243142,-0.18088864,0.042684346,-0.13215157,-0.1730896,-0.2481567,-0.1546519,-0.107453234,0.047484767,-0.14917934,-0.6190279,-0.19557695,-0.08109386,-0.15949535,0.61795485,0.20963003
220,-0.16439046,0.14178708,0.35486048,-0.20875187,-0.12730989,-0.076223925,-0.17855766,0.1917509,0.107571475,0.0395003,0.23862818,0.015378082,0.14440317,-0.11092563,0.16581981,-0.41590545,0.15587918,0.11790764,-0.2815582,0.29710558,0.19447576,0.077116504,0.081116445,-0.10275701,0.09869527,0.11031088,-0.1908225,-0.4929347,-0.14442214,-0.23532006,-0.090537265,0.68888205,-0.045285106,-0.061029628,0.13721275,0.3911355,0.04168036,0.31786776,0.015049084,-0.35753056,-0.16549899,-0.25935343,0.060158487,-0.4946505,-0.099791296,-0.06952796,0.13018024,-0.40951398,-0.019839326,-0.69926965,0.1720589,0.0025158687,0.045141663,0.88757235,-0.3283776,-2.0003693,0.030524166,-0.10411616,1.5870388,0.28946334,-0.10421004,0.48751053,-0.3168638,0.008765354,0.6380402,-0.0006079286,0.4705238,0.37767088,0.24229124,-0.40914518,0.11125723,-0.32764557,0.091300674,-0.32189018,0.22115049,0.10150866,-0.07398076,0.033502422,-0.77702594,-0.065042295,0.64098233,-0.15060565,-0.41523686,0.056806915,-1.3387797,-0.1660606,0.09629408,-0.25257733,-0.1644161,-0.2998119,-0.15428105,-0.09842502,-0.0550874,-0.179404,-0.4989789,-0.02813535,-0.033882305,-0.35478404,0.5259365,0.20367943
221,-0.15432039,0.25522998,0.3572948,-0.31340894,-0.036356177,0.08985931,-0.15610188,0.2555577,0.02348907,-0.02836539,0.22233583,0.03919514,0.18830043,0.0074629975,0.112629205,-0.30068222,0.11688555,0.17197844,-0.36960444,0.25643888,0.30427748,-0.016552024,0.14152922,-0.01923174,0.21879588,-0.0561748,-0.22738576,-0.5681969,0.04256453,-0.23270571,-0.0034574522,0.57809865,-0.11886853,0.0034608995,0.12183349,0.41036868,-0.0470665,0.19405098,-0.06326497,-0.21635664,-0.31682676,-0.31541625,0.13619167,-0.47024992,-0.16423768,0.046019815,0.11186853,-0.38288447,0.013885234,-0.78204805,0.09587865,-0.025228098,0.12060787,1.019496,-0.22845453,-2.2630713,-0.059447475,-0.113559775,1.6647875,0.48960608,-0.095594555,0.7765985,-0.21495505,0.12798667,0.68026406,-0.10529965,0.52656287,0.3201925,0.17767918,-0.2624419,-0.07689935,-0.30074948,0.0095417965,-0.28765216,0.22043005,0.14550309,-0.17129822,-0.070725955,-0.8276446,-0.008905915,0.70061463,0.0028387173,-0.54406375,0.07113683,-1.3925372,-0.24396351,0.102127746,-0.18821004,-0.2535544,-0.34201446,-0.0475925,-0.105713926,-0.0019814228,-0.1528512,-0.662722,-0.08665607,-0.13322715,-0.18932419,0.5238439,0.25933555
222,-0.15430081,0.35316,0.393516,-0.23953438,-0.387408,0.20185006,-0.1821512,0.2546964,0.263866,0.0396802,0.09023799,-0.04644199,0.14758019,0.110965595,0.30302,-0.236154,0.340285,0.44949403,-0.429882,0.358066,0.28370938,0.103781804,0.179178,-0.22442439,-0.023597986,0.0756052,-0.24877921,-0.559304,0.067826,-0.20373201,-0.13353701,0.9697239,-0.31736198,0.024826001,0.21877961,0.3330446,-0.21176234,0.112060405,0.18099199,-0.17237878,-0.34331,-0.21064869,-0.036393996,-0.44864804,-0.33234802,-0.037679963,0.3081024,-0.52707994,-0.1253066,-0.95818794,0.14379661,0.32388204,0.021179605,1.205996,-0.29275084,-2.51162,0.0011139944,-0.2090178,1.8085201,0.28860003,-0.062395595,0.882738,-0.140942,0.16036907,0.95928603,-0.0884376,0.721242,0.1894,-0.025754001,-0.27345058,-0.16765599,-0.435186,0.14975703,-0.27642998,0.135266,-0.081254005,-0.029533401,-0.03239696,-0.78545606,0.16064242,0.69742,-0.404042,-0.78045595,0.13005301,-1.61278,0.09639201,0.359374,-0.087477,-0.17555878,-0.1751436,-0.0841472,-0.12360261,-0.02314601,-0.21044758,-0.51444,-0.26196042,-0.31932,-0.46355996,0.5636097,0.3662232
223,-0.116436236,0.1983972,0.28904048,-0.27068233,-0.2937126,0.2416785,-0.07227314,0.31729114,-0.009172829,-0.053668007,0.26451606,0.05250803,0.19904508,-0.042953227,0.10978438,-0.39762813,0.054560374,0.07970615,-0.36441967,0.34265304,0.23927207,0.12052558,0.03489925,-0.16731153,0.28490055,0.13017683,-0.20253047,-0.5225031,0.13950972,-0.010178479,-0.11802711,0.52037215,0.077832095,0.040186517,0.14266036,0.3887116,-0.092228964,0.21738355,0.06834403,-0.20808083,-0.3629107,-0.13065983,0.30388778,-0.41306764,-0.14342354,-0.08905481,0.33559415,-0.351568,0.043770835,-0.86731136,0.13844396,-0.13459454,0.24744055,1.0967127,-0.34031782,-2.4753063,0.0031135133,0.05455753,1.5679508,0.5082913,-0.07103499,0.9160696,-0.4035194,0.07237881,0.7555491,-0.106801495,0.60059905,0.45644855,0.00801239,-0.068008415,0.013959516,-0.31886142,0.09845411,-0.30495614,0.2536701,0.18297763,-0.059804767,-0.009912603,-0.8680034,-0.062241975,0.5749634,-0.14689487,-0.52952677,0.0983033,-1.4734839,-0.2420917,0.015602918,-0.21924128,-0.35472608,-0.5282756,-0.020539613,-0.22116676,-0.013277555,0.058106508,-0.48166525,-0.006212523,-0.2093495,-0.28674322,0.29562983,0.2622429
224,0.0,0.0,0.0,0.0,0.0,0.0,0.0,0.0,0.0,0.0,0.0,0.0,0.0,0.0,0.0,0.0,0.0,0.0,0.0,0.0,0.0,0.0,0.0,0.0,0.0,0.0,0.0,0.0,0.0,0.0,0.0,0.0,0.0,0.0,0.0,0.0,0.0,0.0,0.0,0.0,0.0,0.0,0.0,0.0,0.0,0.0,0.0,0.0,0.0,0.0,0.0,0.0,0.0,0.0,0.0,0.0,0.0,0.0,0.0,0.0,0.0,0.0,0.0,0.0,0.0,0.0,0.0,0.0,0.0,0.0,0.0,0.0,0.0,0.0,0.0,0.0,0.0,0.0,0.0,0.0,0.0,0.0,0.0,0.0,0.0,0.0,0.0,0.0,0.0,0.0,0.0,0.0,0.0,0.0,0.0,0.0,0.0,0.0,0.0,0.0
225,0.0,0.0,0.0,0.0,0.0,0.0,0.0,0.0,0.0,0.0,0.0,0.0,0.0,0.0,0.0,0.0,0.0,0.0,0.0,0.0,0.0,0.0,0.0,0.0,0.0,0.0,0.0,0.0,0.0,0.0,0.0,0.0,0.0,0.0,0.0,0.0,0.0,0.0,0.0,0.0,0.0,0.0,0.0,0.0,0.0,0.0,0.0,0.0,0.0,0.0,0.0,0.0,0.0,0.0,0.0,0.0,0.0,0.0,0.0,0.0,0.0,0.0,0.0,0.0,0.0,0.0,0.0,0.0,0.0,0.0,0.0,0.0,0.0,0.0,0.0,0.0,0.0,0.0,0.0,0.0,0.0,0.0,0.0,0.0,0.0,0.0,0.0,0.0,0.0,0.0,0.0,0.0,0.0,0.0,0.0,0.0,0.0,0.0,0.0,0.0
226,-0.21292481,0.03714569,0.33343375,-0.22843787,0.15281656,0.284278,-0.16760117,0.09963456,0.1296295,-0.11079565,0.24703293,0.0047253803,0.17685196,-0.067774236,0.14915921,-0.0046755765,0.10518569,0.07220474,-0.22533421,0.122103594,0.055938106,-0.09476963,0.17395647,0.027397,0.29039234,0.07460438,-0.07074202,-0.26412836,-0.06031542,-0.24520683,-0.09024004,0.5662893,-0.10370296,0.10593475,0.20904031,0.26276386,-0.15052442,0.11649025,-0.10035207,-0.18093836,-0.16429184,-0.093542896,0.067882515,-0.14495096,-0.22414394,-0.05667327,0.08954942,-0.29816714,0.045228492,-0.42285523,0.17227463,0.044649474,0.11855822,0.76368004,-0.20874792,-1.7538645,-0.04535584,-0.14778912,1.2204283,0.28601053,-0.2758123,0.49674246,-0.11816916,0.12441653,0.49011025,0.042992786,0.2505668,0.10838206,0.11394464,-0.23776712,-0.077320844,-0.1660621,0.10069299,-0.49991155,0.18806732,0.047197152,-0.11722559,-0.09909237,-0.49305484,-0.17361458,0.41449022,-0.17123541,-0.33920997,0.14946426,-1.0818342,-0.1088392,0.17111531,0.1058033,-0.095175125,-0.13937764,-0.052977055,0.22166538,0.017230099,0.088944435,-0.2969234,0.072875366,-0.038127936,-0.19865954,0.43483487,0.19197506
227,-0.029822167,0.13777924,0.30612424,-0.18503278,0.07444406,0.06375391,-0.11852864,0.118635826,-0.0015055204,0.03139332,0.20668514,0.02256025,0.22850162,-0.015100503,0.009936948,-0.28663433,0.1322651,0.043015186,-0.25365755,0.19513755,0.19664463,-0.06210245,0.15691495,-0.022021897,0.032535087,-0.007629329,-0.070992656,-0.21751837,-0.03975705,-0.08828804,0.068914436,0.41188145,-0.10923191,0.038552783,0.018476197,0.23821656,-0.0033544316,0.16137916,-0.0069761365,-0.10741148,-0.3055713,-0.20150964,0.16010714,-0.26369864,-0.10124471,0.047439415,0.046451263,-0.29923928,-0.068626404,-0.67273325,0.06031834,0.012474673,0.08557566,0.8970881,-0.27032533,-1.8025572,-0.080828935,-0.2670942,1.4896395,0.34936768,-0.0948738,0.51867604,-0.15642257,0.14942779,0.58119005,-0.0055792374,0.38801816,0.26350918,0.2435237,-0.13462967,-0.049009744,-0.2016495,-0.12310198,-0.26937157,0.1795687,0.18983607,-0.017317798,-0.04627962,-0.8449902,0.05285247,0.5636568,0.047552582,-0.41233933,0.052365024,-1.2694427,-0.17426334,0.104951575,-0.08708609,-0.29494563,-0.34575287,-0.07780687,-0.062168527,-0.05418449,-0.09637303,-0.33238468,-0.041136604,-0.12925613,-0.14572428,0.5300901,0.13414936
228,-0.24814962,0.36086294,0.5146156,-0.10993531,0.14156762,-0.24025802,-0.23999801,0.22136194,-0.18142892,-0.11735436,0.07388993,-0.12378652,0.22374853,0.09316851,0.16391107,-0.35464945,0.25689492,0.014624262,-0.30178887,0.093242265,0.5081192,0.03888,0.4639847,0.021402663,0.16091077,-0.100546464,-0.054440934,-0.36365995,-0.2632166,-0.15642138,-0.06965772,0.13838743,-0.20760861,-0.13779974,0.10473757,0.34687445,0.14400324,0.19097354,-0.26522687,-0.25867152,-0.3725187,-0.41046962,0.16325454,-0.42343003,0.15520829,0.09445013,0.21728842,-0.29081392,-0.01995637,-0.6567121,0.17901592,0.18291487,0.08209526,0.8727273,-0.27262405,-2.132546,-0.389002,-0.37870967,1.7631668,0.25876668,-0.28910744,0.6569339,-0.16503392,0.10946174,0.55077046,-0.013157666,0.39547616,0.23474833,0.48813146,-0.40449843,-0.10319341,-0.31500635,-0.0407652,-0.16232258,0.19467907,0.10090054,-0.09772447,0.25532284,-0.85203534,0.13168159,0.733522,0.049641002,-0.36993876,0.090493746,-1.2806746,-0.24005923,-0.108309865,-0.19104433,-0.15988806,-0.40964493,-0.16071242,-0.025204998,-0.013566657,-0.22399665,-0.83325607,-0.0007708808,-0.29615662,-0.4581963,0.78736365,0.17580886
229,-0.038297232,0.07365812,0.29117832,-0.20549016,-0.09934535,0.22636867,-0.059385337,0.14436524,-0.0076801237,0.0631579,0.19885111,0.04738386,0.25550252,0.055720665,0.10811681,-0.3364688,0.14466557,0.18372893,-0.4171769,0.20946202,0.18808253,0.14851665,0.16640054,-0.054864723,0.17771289,-0.07758319,-0.22648858,-0.4054187,0.21729042,-0.12427556,-0.019517966,0.55099165,0.0749514,0.16779843,0.1021126,0.28926104,-0.15857194,0.21906756,-0.022106217,-0.12962247,-0.36311352,-0.1295221,0.14309637,-0.42897868,-0.07669634,-0.107361466,0.21238583,-0.35017592,0.099783756,-0.87633085,0.1270061,-0.061679482,0.09374243,1.0559309,-0.30618814,-2.2945452,-0.059721693,-0.114899024,1.5876193,0.6722707,-0.07745484,0.6483811,-0.39213935,0.15937099,0.65573233,-0.080774054,0.45840725,0.35672906,0.13268952,-0.054315943,-0.047755845,-0.25019592,0.002540907,-0.4322662,0.19428724,0.20152238,-0.113672905,0.0365156,-0.7835439,-0.08005604,0.4951141,0.029647976,-0.5059423,0.020558061,-1.4518608,-0.29542795,0.25132945,-0.15392259,-0.3446203,-0.3859284,-0.12657419,-0.16355963,-0.093074374,-0.055721294,-0.4316695,0.011915251,-0.13739784,-0.2559922,0.29407594,0.26552325
230,0.0,0.0,0.0,0.0,0.0,0.0,0.0,0.0,0.0,0.0,0.0,0.0,0.0,0.0,0.0,0.0,0.0,0.0,0.0,0.0,0.0,0.0,0.0,0.0,0.0,0.0,0.0,0.0,0.0,0.0,0.0,0.0,0.0,0.0,0.0,0.0,0.0,0.0,0.0,0.0,0.0,0.0,0.0,0.0,0.0,0.0,0.0,0.0,0.0,0.0,0.0,0.0,0.0,0.0,0.0,0.0,0.0,0.0,0.0,0.0,0.0,0.0,0.0,0.0,0.0,0.0,0.0,0.0,0.0,0.0,0.0,0.0,0.0,0.0,0.0,0.0,0.0,0.0,0.0,0.0,0.0,0.0,0.0,0.0,0.0,0.0,0.0,0.0,0.0,0.0,0.0,0.0,0.0,0.0,0.0,0.0,0.0,0.0,0.0,0.0
231,-0.0394127,0.103881,0.1933291,-0.3135969,-0.2006804,0.1876162,-0.071031496,0.365569,0.0904399,0.068147294,0.16796161,0.23097,0.4588805,0.1102792,0.24270311,-0.4429031,0.101461396,0.2458463,-0.471698,0.28473136,0.2634117,0.11073299,0.26967102,-0.035353,0.21989694,-0.126354,-0.046820603,-0.37628597,0.06529421,-0.3751184,0.0117010055,0.4028639,-0.14061299,0.23086438,0.06239879,0.3621174,0.10634349,0.23777759,-0.1546168,-0.1694097,-0.39314002,-0.0815214,0.26291794,-0.506748,0.1124481,-0.17327979,0.2787588,-0.452506,0.15814988,-0.78628695,0.12563899,-0.11310004,0.2080706,0.9963711,-0.2949056,-2.2197418,0.071730696,-0.1746749,1.59073,0.736173,-0.11876669,0.600783,-0.4056371,0.18623984,0.902366,-0.25554243,0.327139,0.23661041,0.15316461,-0.23408511,-0.111683704,-0.4265341,0.016525298,-0.4330656,0.1871917,0.273113,-0.14183371,0.114552185,-1.1044061,-0.07339039,0.63539815,-0.297959,-0.327946,0.1219569,-1.3975189,-0.25334817,0.23897901,-0.1877615,-0.39430207,-0.367024,-0.2750133,-0.2858239,-0.14793661,-0.064898595,-0.52155244,0.047516603,-0.129436,-0.27884698,0.3773009,0.11307535
232,-0.09568886,0.089287005,0.29430312,-0.20276949,-0.081872,0.14992578,-0.033263348,0.195177,0.2374713,-0.004870349,0.2721089,-0.058079384,0.19622469,0.06749776,0.08685185,-0.14008248,-0.06207776,0.1881518,-0.43575078,0.25001654,0.11533229,-0.08963888,0.31653297,0.12629381,0.22292396,0.11028175,-0.307696,-0.40570837,0.051809855,-0.21625343,-0.066081345,0.6184429,-0.21896084,0.042368025,-0.019291297,0.20490846,-0.19927755,-0.08115025,-0.0757905,-0.2939599,-0.32084545,-0.19510655,0.07215206,-0.25677446,-0.23138747,0.038903765,0.14626862,-0.41310844,0.1874812,-0.757033,0.061535597,0.09278376,0.07922046,1.0919677,-0.2262353,-1.9822477,-0.14477846,0.013523797,1.2696291,0.50646704,-0.21131337,0.633917,-0.15011549,0.16051552,0.6271758,0.03556604,0.50016487,0.14296594,0.17826402,-0.14607073,0.030709248,-0.27439827,0.022544097,-0.266598,0.15390794,0.084907785,-0.11307955,0.082441404,-0.5693791,0.051953107,0.5400184,-0.12514757,-0.456209,0.32532963,-1.0675339,-0.11503265,0.076489046,-0.04686285,-0.32958436,-0.18166879,0.05628556,-0.16183057,-0.15681724,0.17358771,-0.4919682,0.076574355,-0.0423868,-0.022447497,0.4178664,0.21749738
233,0.0,0.0,0.0,0.0,0.0,0.0,0.0,0.0,0.0,0.0,0.0,0.0,0.0,0.0,0.0,0.0,0.0,0.0,0.0,0.0,0.0,0.0,0.0,0.0,0.0,0.0,0.0,0.0,0.0,0.0,0.0,0.0,0.0,0.0,0.0,0.0,0.0,0.0,0.0,0.0,0.0,0.0,0.0,0.0,0.0,0.0,0.0,0.0,0.0,0.0,0.0,0.0,0.0,0.0,0.0,0.0,0.0,0.0,0.0,0.0,0.0,0.0,0.0,0.0,0.0,0.0,0.0,0.0,0.0,0.0,0.0,0.0,0.0,0.0,0.0,0.0,0.0,0.0,0.0,0.0,0.0,0.0,0.0,0.0,0.0,0.0,0.0,0.0,0.0,0.0,0.0,0.0,0.0,0.0,0.0,0.0,0.0,0.0,0.0,0.0
234,-0.12451693,0.16523524,0.45626426,-0.17134152,0.065100424,0.018097797,-0.29981825,0.08964733,0.090771645,-0.0932034,0.14507116,-0.07308942,0.20704494,-0.30285084,0.16005258,-0.15755276,0.1545159,0.11476538,-0.2722769,0.040269744,0.29142538,0.07882693,0.5303407,0.10217583,0.0747413,-0.23366374,-0.3166966,-0.47526288,-0.122583754,-0.12207356,-0.030361915,0.29609993,-0.19752586,-0.1836475,0.028230079,0.4640981,-0.03760433,0.048898086,-0.149128,-0.1858021,-0.24440338,-0.45317757,-0.14362852,-0.35107914,-0.26618248,0.2569895,-0.06867966,-0.038107004,0.043801308,-0.750876,0.19444235,0.14226517,0.18641733,0.93788,-0.053282168,-1.6759876,0.032044757,-0.05921142,1.5114626,0.23591816,-0.32585406,0.7201743,-0.11531509,0.23868917,0.43937302,-0.13247202,0.37572876,0.048604492,0.29376704,-0.3424784,-0.35346708,-0.19257914,-0.039192412,-0.20726009,0.14515775,0.010706991,-0.10467065,0.085247,-0.5805939,-0.057568464,0.47834447,0.03193666,-0.4909159,0.033141006,-1.1131864,-0.25037724,-0.07454533,-0.2487685,-0.4078276,-0.3285271,-0.21750675,0.15295091,-0.07350315,-0.21080925,-0.53518254,-0.07577792,-0.09299176,-0.261037,0.60125583,0.09089861
235,-0.02302175,0.3349,0.48968002,0.17763251,0.094821,-0.19341749,-0.500185,0.12839,-0.0011221997,-0.0970075,0.040277746,-0.044892497,0.28457126,0.08805501,0.1037355,-0.24679852,-0.277664,0.06792851,-0.13981749,0.08472249,0.63160753,0.20031849,0.5593425,0.12674999,-0.021066127,-0.27144626,0.10696788,-0.46025068,-0.26102352,-0.10994443,0.03425,0.08526783,-0.099672,-0.13093725,-0.028762497,0.4542475,0.31102225,0.15114748,-0.11505249,-0.367565,-0.4340375,-0.3484075,-0.19667174,-0.3130075,0.16745827,-0.10966549,0.51420504,-0.3095525,-0.05325602,-0.65295005,-0.0859555,0.021771748,0.12336974,1.1414175,-0.45031348,-2.326475,-0.1904825,-0.5497875,1.6324376,0.1592775,-0.19624001,0.8643755,-0.068114996,0.08845401,0.6570815,0.06181975,0.64333254,-0.13617975,0.61169,-0.26257527,-0.11691251,-0.018709503,-0.09954425,-0.105362505,0.20746174,-0.07431251,0.23697051,0.1922275,-0.83001494,0.30748397,0.72522825,0.3610875,-0.66321003,-0.06853251,-1.0002301,-0.423136,-0.42410752,-0.27028602,-0.0630725,-0.131165,-0.028203502,0.032934994,-0.29217,0.13502751,-0.78509,0.32313627,-0.1890775,-0.25956926,0.70252,0.18910925
236,-0.09605288,0.30250472,0.4353321,-0.23900296,-0.05261029,-0.18482941,-0.10339478,0.110997126,-0.06389138,0.028838828,0.14477223,-0.25182524,0.2465258,0.07024789,0.04847205,-0.15519743,-0.0068035335,0.16054124,-0.24932985,0.30295882,0.22647247,0.0014078968,0.34727412,0.111262575,0.13988689,0.18390958,-0.07474459,-0.46623877,-0.30839044,-0.19011487,0.016276356,0.6640711,-0.13197695,0.07149518,0.21462896,0.3645202,0.014754782,0.2457628,-0.16792175,-0.36359605,-0.18717752,-0.32338902,0.039258122,-0.36735997,-0.11010128,-0.010552225,0.15042129,-0.27557313,0.11461871,-0.8580071,-0.031069938,-0.012708175,0.06831629,0.9988576,-0.20321387,-2.249617,-0.026810298,-0.0485558,1.5653276,0.27557853,-0.16940725,0.6145693,-0.33884978,0.1396457,0.7230339,0.0036490413,0.48956132,0.1576616,0.38144648,-0.40535688,0.18974546,-0.19857982,-0.026725184,-0.2842084,0.38262242,0.087971166,-0.15287411,0.0312683,-0.7250859,-0.11730379,0.54867333,0.11674688,-0.52647734,0.15630029,-1.2204033,-0.20666306,-0.016288057,-0.2642914,-0.2548947,-0.32483864,0.040632352,-0.024676472,-0.10380977,0.005000002,-0.62371206,0.1299346,-0.22715443,-0.40602374,0.7023588,0.33503893
237,-0.1598559,0.31044635,0.6839018,-0.45059726,-0.3815432,0.14654529,-0.1895182,0.24469353,0.31485817,-0.374561,0.29127654,0.25831902,0.29954702,0.00030017848,0.14587046,-0.23301755,0.037801616,0.4788159,-0.6414618,0.41586456,0.12618375,-0.008752643,-0.067592725,-0.37096366,0.24424635,0.15216938,-0.2534069,-0.6452872,0.24867147,-0.48555908,-0.091621906,0.8369436,0.112396725,0.11527229,0.07558546,0.28282538,-0.28963673,0.12244909,0.27125046,-0.5298949,-0.26876286,-0.0813537,-0.011636359,-0.5193791,-0.60874695,0.019007001,0.18762635,-0.43389636,-0.072312236,-1.0941436,0.1848599,-0.01483142,0.08695864,0.91539174,-0.19618945,-2.3445654,0.015282818,0.17631002,1.5915763,0.52142453,-0.22476172,1.2162954,-0.4044279,-0.18762709,0.90395826,0.2718878,0.6718349,0.42778912,-0.19874655,-0.2065898,0.13242726,-0.39594632,-0.058030806,-0.49166754,0.20108484,0.092732735,-0.024538456,-0.19325976,-0.5302807,-0.0010553572,0.47372913,-0.2622421,-0.67522544,-0.034640018,-1.4743253,-0.31891668,0.0846852,-0.16964869,-0.3255246,-0.42037535,-0.18307827,-0.044577498,0.024535459,-0.07073081,-0.4667569,-0.06734225,-0.03272191,-0.21558647,0.33292043,0.43939546
238,-0.1571815,0.13009,0.61524,-0.2377175,0.026712492,0.2045945,-0.14224401,-0.15275651,0.25539276,-0.30535474,0.14956999,-0.0657925,0.13867399,-0.14806451,0.0904525,-0.14556,0.277137,0.3707725,-0.5292725,0.8058425,0.15014525,0.0016810042,0.059425004,0.051286995,0.370242,0.60208696,-0.052326247,-0.22653824,0.12770748,-0.2663175,-0.201075,0.94643325,0.121784,0.02869,0.17312077,0.22613686,-0.32768044,0.2476,0.036782503,-0.4656825,-0.0947665,0.19078419,0.12019691,-0.4137575,-0.028582506,-0.1015587,0.21722752,-0.30934948,0.29869998,-0.39628,-0.103548996,0.19033,0.51551,0.72252,-0.25837874,-2.3750825,-0.14605999,0.01880975,1.1751475,0.225105,-0.007815506,0.79509425,-0.3870475,0.13525501,0.61202,0.068552494,0.500329,0.11685525,0.38997674,-0.3440525,0.37537053,0.04441251,0.3057675,-0.29800573,0.21060751,0.30550477,-0.019411001,-0.21690899,-0.742355,-0.022292495,0.0873275,-0.1662,-0.18849748,0.33567774,-1.0033042,-0.029189251,-0.0912875,-0.542365,-0.34051,-0.14919099,0.046050005,0.1367045,-0.1000475,0.106888,-0.38881248,-0.1331755,-0.34739,-0.6371475,0.531062,0.45834
239,-0.1796309,-0.08437081,0.26707777,0.038298197,-0.049378812,0.012327303,0.1082143,0.148812,-0.1294729,0.17538345,-0.12694249,-0.12583551,0.3671368,0.12129159,0.2640103,-0.11336919,0.21719429,0.02118429,-0.299244,-0.057013102,0.1515171,-0.006219998,0.1847919,0.044559296,0.057422303,-0.004425399,-0.028282294,-0.3397053,-0.0949794,0.037989505,-0.07992699,0.2595738,-0.1873692,-0.06541009,0.23111299,0.42439404,0.023968995,0.39340386,-0.13859367,-0.19763519,-0.3617352,-0.10653639,0.2753152,-0.074287,-0.017075302,-0.051655095,0.2632429,-0.24277511,-0.13170049,-0.574237,0.269698,-0.12766851,0.17590702,0.9556101,-0.1377204,-2.065165,-0.30543032,-0.40839726,1.317838,0.54625297,-0.1510504,0.65598094,-0.3099591,0.0470776,0.657436,-0.06822955,0.291619,0.06662651,0.3847833,-0.112509966,-0.028471798,-0.1602973,-0.07068721,-0.2918321,0.45668998,0.033408485,-0.0684369,-0.047526993,-0.6452942,-0.1590656,0.39422804,0.2022146,-0.38257748,0.3276251,-1.063353,0.0081718,0.0552437,-0.1866405,-0.2298274,-0.307113,0.1170463,-0.31216002,-0.1819359,0.18195601,-0.41406098,0.24323201,-0.23203328,-0.3499549,0.41492492,0.0999094
240,-0.013786,0.38216,0.53236,0.15261,-0.29694,-0.20558,-0.41846,-0.58437,-0.77355,-0.87866,-0.37858,-0.18516,-0.128,-0.20584,-0.22925,-0.42599,0.3725,0.26077,-1.0702,0.62916,-0.091469,0.70348,-0.4973,-0.77691,0.66045,0.09465,-0.44893,0.018917,0.33146,-0.35022,-0.35789,0.030313,0.22253,-0.23236,-0.19719,-0.0053125,-0.25848,0.58081,-0.10705,-0.17845,-0.16206,0.087086,0.63029,-0.76649,0.51619,0.14073,1.019,-0.43136,0.46138,-0.43585,-0.47568,0.19226,0.36065,0.78987,0.088945,-2.7814,-0.15366,0.01015,1.1798,0.15168,-0.050112,1.2626,-0.77527,0.36031,0.95761,-0.11385,0.28035,-0.02591,0.31246,-0.15424,0.3778,-0.13599,0.2946,-0.31579,0.42943,0.086969,0.019169,-0.27242,-0.31696,0.37327,0.61997,0.13889,0.17188,0.30363,-1.2776,0.044423,-0.52736,-0.88536,-0.19428,-0.61947,-0.10146,-0.26301,-0.061707,0.36627,-0.95223,-0.39346,-0.69183,-1.0426,0.28855,0.63056
241,-0.030769,0.11993,0.53909,-0.43696,-0.73937,-0.15345,0.081126,-0.38559,-0.68797,-0.41632,-0.13183,-0.24922,0.441,0.085919,0.20871,-0.063582,0.062228,-0.051234,-0.13398,1.1418,0.036526,0.49029,-0.24567,-0.412,0.12349,0.41336,-0.48397,-0.54243,-0.27787,-0.26015,-0.38485,0.78656,0.1023,-0.20712,0.40751,0.32026,-0.51052,0.48362,-0.0099498,-0.38685,0.034975,-0.167,0.4237,-0.54164,-0.30323,-0.36983,0.082836,-0.52538,-0.064531,-1.398,-0.14873,-0.35327,-0.1118,1.0912,0.095864,-2.8129,0.45238,0.46213,1.6012,-0.20837,-0.27377,0.71197,-1.0754,-0.046974,0.67479,-0.065839,0.75824,0.39405,0.15507,-0.64719,0.32796,-0.031748,0.52899,-0.43886,0.67405,0.42136,-0.11981,-0.21777,-0.29756,-0.1351,0.59898,0.46529,-0.58258,-0.02323,-1.5442,0.01901,-0.015877,0.024499,-0.58017,-0.67659,-0.040379,-0.44043,0.083292,0.20035,-0.75499,0.16918,-0.26573,-0.52878,0.17584,1.065
242,-0.24400017,0.1558261,0.53534865,-0.20593768,-0.05731849,0.11316243,-0.16995412,0.11766162,-0.0082640825,-0.0073311008,0.117834404,0.110731795,0.33226022,0.008501634,-0.0018459657,-0.11045236,0.20457858,0.11517796,-0.3157728,0.08865588,0.116419695,-0.12500721,0.061783534,-0.0445192,0.19781181,-0.07290109,-0.0874091,-0.4990795,0.04873673,-0.15916033,-0.0032093963,0.36294407,-0.0678768,-0.036328588,0.031466912,0.20894644,-0.032135703,0.14202267,-0.008170601,-0.21761036,-0.31707248,-0.2939157,0.1804413,-0.35044008,-0.06811989,0.084769234,0.16307649,-0.2990445,-0.16482471,-0.81057966,0.2789367,0.1358501,0.15452997,0.87591594,-0.2261098,-2.1721356,-0.043501236,-0.23763286,1.6480447,0.47425708,-0.21250573,0.6850756,-0.23035829,0.1857987,0.74051696,-0.040450767,0.41916892,0.32232314,0.011813728,-0.2851217,-0.034484304,-0.31064022,-0.100558415,-0.35162693,0.26653412,0.030872231,-0.108581044,-0.106196135,-0.83799756,0.009360268,0.57922065,-0.014596906,-0.47700453,0.17422366,-1.1754009,-0.24537185,0.1574756,0.05313862,-0.1918157,-0.32321373,-0.12609449,-0.04942844,-0.027868338,0.065175764,-0.49996287,-0.047014825,-0.020465476,-0.2065003,0.42852008,0.16824727
243,-0.1251986,-0.087137386,0.1603282,-0.29801,-0.07397401,-0.0905064,-0.195772,0.2111088,0.323623,0.137595,0.3263922,-0.327724,0.2887861,-0.11602739,0.1620054,-0.08982001,0.165776,0.13618262,-0.46768004,0.524342,-0.186094,-0.120196,0.23403743,0.27430183,0.19180454,0.16118003,0.048582822,0.15799001,-0.033609804,-0.1545428,0.172672,0.94839,-0.059042204,-0.08462001,0.123257995,0.18936,-0.47712177,0.025142604,0.33422402,-0.3661582,0.19672589,-0.020360004,-0.065575,-0.12745899,-0.07158802,0.16068761,0.155148,-0.353162,0.18223199,-0.33808798,0.343496,0.1317678,0.03406459,0.678726,-0.099184796,-1.3690519,0.07487681,-0.0051822127,1.534672,0.291202,-0.125454,0.18913141,-0.1486702,-0.028224003,0.3538126,-0.249914,0.3560012,-0.0942872,0.7850081,-0.079436004,0.031496387,-0.16296999,0.1893296,-0.49467403,0.50132,0.47066802,0.04626,0.041426808,-0.69143593,-0.20042619,0.471112,0.090753995,-0.006147993,0.46753415,-1.1908433,-0.241038,0.0099439975,-0.3714054,-0.3549324,-0.11930361,0.3143196,0.34230804,0.098486006,-0.03808,-0.2652132,0.22127822,0.06813,-0.253085,0.562854,0.3191086
244,-0.0827498,0.23664528,0.3663772,-0.173511,-0.1134614,0.035182938,-0.08445733,0.24755722,-0.16564327,-0.0768532,-0.008023069,-0.02008989,0.18648747,-0.04174793,0.009010855,-0.22748974,0.15384212,0.12508608,-0.33517748,0.36524105,0.3468047,0.0697546,0.22503822,-0.10303695,0.24243273,-0.0625976,-0.27348644,-0.60145265,0.07514799,-0.15016785,-0.28029457,0.6281726,0.0717056,-0.051319465,0.31591257,0.47977462,-0.107971944,0.23321524,0.03178988,-0.24917212,-0.15064046,-0.2724138,0.044058003,-0.55904996,-0.15978608,0.07223,0.28457785,-0.11352553,-0.16945045,-0.9369313,0.017629862,-0.19949466,0.06121433,0.9808539,-0.21287054,-2.6881602,0.018183667,-0.034203134,1.6004186,0.19303434,-0.18408634,0.6602809,-0.55293155,-0.074422754,0.6998901,-0.014031732,0.41777974,0.352639,0.1290604,-0.26661843,-0.03304957,-0.303503,-0.0633912,-0.2516372,0.3026158,0.008296592,-0.126606,-0.28076747,-0.6708847,0.0369562,0.54322314,0.050511733,-0.55658066,0.0031022688,-1.2626599,-0.22300889,0.12004806,-0.072922595,-0.12067687,-0.44262975,-0.10139514,-0.0534324,0.019989137,-0.05049307,-0.5156554,0.027143868,-0.123901255,-0.25648853,0.48718002,0.37402904
245,-0.08858535,0.16536361,0.21248579,-0.21908475,-0.00912621,0.07810724,-0.21849923,0.17215258,-0.047279395,-0.061627958,0.2199294,0.07521527,0.27671075,0.06456718,0.22961211,-0.3044336,0.13557714,0.12586151,-0.3407474,0.23299627,0.25257695,0.033298336,0.17981741,-0.06384739,0.14394595,-0.048812747,-0.020770824,-0.3196984,-0.02925216,-0.23971243,0.08061124,0.3786911,-0.09034359,-0.09963319,0.096979946,0.3620249,0.041027874,0.09213961,-0.077724285,-0.21807013,-0.19884524,-0.2947574,0.0691527,-0.32632285,-0.13110827,-0.0064742416,0.13088833,-0.29382494,0.021132678,-0.6450377,0.113884695,0.07536376,0.10454388,0.8714861,-0.2846491,-1.7633735,0.0380515,-0.17911021,1.5106788,0.37337866,-0.12258542,0.64920515,-0.19298935,0.17568325,0.46920335,-0.11373225,0.43811902,0.177434,0.33029574,-0.26550177,-0.14119107,-0.3101146,0.010578979,-0.2614331,0.15389666,0.1382611,-0.028474249,0.01694913,-0.7671877,-0.08097923,0.61619955,-0.08759764,-0.48808286,0.17770232,-1.2646861,-0.22969614,0.08137432,-0.22249712,-0.24033333,-0.2847479,-0.12613252,-0.008025563,-0.12365799,-0.12415252,-0.5144861,-0.06686772,-0.25498968,-0.22392112,0.45944583,0.17656133
246,-0.18979757,0.20367321,0.2838365,-0.29034612,-0.09835925,0.22069064,-0.24280219,0.18412945,0.13723253,-0.07958046,0.2330974,0.0069895266,0.20748587,-0.12804337,0.10315749,-0.16351052,0.122726254,0.18336086,-0.36290827,0.27533937,0.1393047,0.06627727,0.15030229,-0.02179086,0.16108368,0.0007415474,-0.15875065,-0.49899217,0.109225616,-0.20544183,-0.1326741,0.5436166,-0.035772037,-0.0012786512,0.09180747,0.3583612,-0.06299833,0.15381528,0.08447236,-0.24918517,-0.2440896,-0.31787074,0.028048178,-0.5187448,-0.31412342,0.09817916,0.15625854,-0.26511818,-0.07274803,-0.8428245,0.035689197,0.059449676,0.08842992,0.9897169,-0.23153187,-2.1032982,-0.05512754,-0.07212757,1.5071797,0.34208417,-0.16599312,0.72059566,-0.15551428,0.14048369,0.67091423,0.06295528,0.504128,0.3039499,0.16597094,-0.22893354,-0.015448365,-0.31951264,-0.05547122,-0.4989112,0.06788906,0.1648368,-0.10911832,-0.07280369,-0.58850676,-0.047715686,0.5284009,-0.037132736,-0.5617577,0.18095389,-1.2130816,-0.11943754,0.09347356,-0.06442918,-0.21269418,-0.27056888,-0.20005168,0.05541673,0.013588983,-0.16749404,-0.46131366,-0.17392401,-0.1445947,-0.24860588,0.54357517,0.28845182
247,-0.05593474,0.16143632,0.30748317,-0.22081552,-0.10552453,0.22237563,-0.13809435,0.3182503,-0.13157997,-0.08943564,0.25656798,0.061021358,0.24317177,0.07815196,0.13178444,-0.42276472,0.075034454,0.16775489,-0.40285188,0.21558797,0.29425615,-0.035991933,0.17983952,0.046552636,0.15418674,0.03049039,-0.29720312,-0.47333375,0.2775034,-0.13371822,-0.07363844,0.32312605,-0.03354389,-0.018094363,-0.038863685,0.36520493,-0.039443035,0.07612572,-0.03729331,-0.17880005,-0.43169212,-0.27223206,0.24656263,-0.4064464,-0.08145179,0.018949715,0.01929672,-0.36068192,0.11839391,-0.7737892,0.066112585,-0.07062223,0.16894697,1.1331407,-0.22901776,-2.2640939,-0.11687338,-0.12070682,1.6848223,0.44411477,-0.11935455,0.8464475,-0.29035962,0.045623392,0.53948236,0.04981439,0.34898612,0.3031623,0.13173304,-0.16408877,-0.07536584,-0.31848696,-0.057128944,-0.50208074,0.19638652,0.34240195,-0.2781953,-0.071879156,-0.7285679,-0.059667163,0.6640794,0.09317242,-0.54609245,0.1419058,-1.386426,-0.17355412,0.20806675,-0.15255353,-0.2490428,-0.28493062,-0.017566286,-0.043288093,0.08620634,0.033826157,-0.64825445,-0.07436976,-0.04384693,-0.0224951,0.42045638,0.19049206
248,-0.117771,0.17906901,0.34796426,-0.33224043,-0.29581845,0.2553526,-0.1897535,0.1317197,0.11764889,-0.046155788,0.22859102,0.024824603,0.33431527,-0.030445002,0.10449978,-0.28605142,0.2336065,0.13019639,-0.62016296,0.15507704,0.18489054,-0.09926539,0.28628048,0.002082386,0.044150673,-0.10011389,-0.12538439,-0.21901,0.20123063,-0.31018084,0.105441675,0.4481928,-0.08395711,0.13190544,-0.02642005,0.20167416,-0.06965104,0.18705408,-0.01610477,-0.19743167,-0.51448554,-0.14235713,-0.063419275,-0.36727408,-0.20014605,0.09953183,0.17095342,-0.3580371,0.04434049,-0.73772734,0.20133545,0.089261316,0.17158566,0.9460573,-0.20281379,-2.1165717,-0.050359055,-0.29015425,1.4493811,0.51633584,-0.2649034,0.71219337,-0.2413324,-0.140577,0.6461745,-0.081695005,0.42687082,0.32029307,0.18889621,-0.22679502,-0.088132285,-0.36255947,-0.016338669,-0.63944745,0.08612904,0.25139374,-0.080551215,-0.13983773,-0.9755083,-0.012356332,0.69028854,0.036221903,-0.4834643,0.021861004,-1.4933033,-0.20179209,0.35284507,-0.06962917,-0.35500115,-0.29591617,-0.07987877,0.04501417,0.01101295,0.013353328,-0.38251182,-0.075588875,-0.22555107,-0.16383487,0.30435446,0.2399076
249,-0.09968019,0.15811467,0.3578314,-0.32313475,-0.20522068,0.36236528,-0.19019707,0.044891078,0.056324787,0.033480234,0.2127081,0.06529295,0.32284042,0.032571215,0.15954603,-0.2692171,0.09495916,0.22989361,-0.37464243,0.20766851,0.057656888,-0.011986572,0.1283995,0.12329123,0.098402776,-0.010587616,-0.08651567,-0.4032383,0.16981596,-0.22672191,0.14337146,0.54922146,0.041347057,0.094523445,0.062238045,0.2669143,-0.08444655,0.21264963,-0.05411588,-0.17894924,-0.33194876,-0.18919186,0.26151797,-0.42730343,-0.26538566,0.022588124,0.042191498,-0.3579254,0.0037980038,-0.8071228,0.20553738,0.12823372,0.13064724,0.93630207,-0.17256676,-2.2241688,0.09331454,-0.20438884,1.5414584,0.4793765,-0.1345444,0.8130384,-0.32776177,-0.044924144,0.7925458,0.0742853,0.48590267,0.30396414,0.25723404,-0.25883278,-0.048211206,-0.21372633,0.087331824,-0.5985756,0.15715854,0.2145385,-0.044588216,-0.15976818,-0.8463206,-0.0538446,0.5803782,-0.050926514,-0.4792537,0.073615976,-1.4807687,-0.11751483,0.09966972,-0.1856077,-0.26325065,-0.3639156,-0.21246101,0.07624692,0.09425643,0.028633874,-0.3623265,-0.09039192,-0.17979309,-0.2309512,0.36966535,0.22305284
250,-0.08255536,0.27086863,0.29119295,-0.3322797,-0.021086311,0.1391751,-0.04621986,0.22206612,-0.025622968,-0.04191553,0.191999,-0.06604119,0.36658955,-0.012918347,0.082783066,-0.31911492,0.14245173,0.17794381,-0.6013847,0.32697362,0.22448562,0.04663321,0.16561113,-0.1151349,0.15109892,0.003628115,-0.13610849,-0.50354636,0.03917209,-0.14729948,0.055578478,0.55912435,-0.015136135,0.12068902,0.13830553,0.3416688,-0.038376246,0.38436657,0.050626863,-0.21695846,-0.31860322,-0.1412942,0.36535293,-0.4682919,-0.110128276,-0.007835963,0.22955962,-0.38007358,0.03916189,-0.815172,0.05695184,-0.054434646,0.18339448,1.0249611,-0.23672931,-2.2836683,-0.10054687,-0.0963458,1.446136,0.56810445,-0.10083696,0.8049382,-0.39783236,0.0020260154,0.81789017,-0.011759037,0.6524425,0.5059003,0.08295086,-0.12187113,0.023716826,-0.2414528,-0.022929138,-0.3270874,0.11934701,0.13604598,-0.14088652,-0.011150234,-0.925855,0.029418172,0.6644086,-0.15835154,-0.40196577,0.04147565,-1.412092,-0.1937843,0.14765047,-0.17528635,-0.32588792,-0.46643776,-0.0041681486,-0.10090644,-0.046039507,-0.06145482,-0.66630894,-0.044453114,-0.23309161,-0.31415376,0.52203566,0.2824488
251,-0.20845345,0.27996764,0.2668328,-0.3852467,0.1462338,0.1809915,-0.035269387,0.1805712,-0.010918349,-0.0083938455,0.3129732,-0.020436805,0.2451214,0.079884484,0.3216048,-0.13519624,0.27545574,0.1555734,-0.4718793,0.29506034,0.30086514,-0.012323799,0.15030146,0.15926656,0.12989281,-0.11192135,0.001572197,-0.3913957,-0.15655676,-0.20709519,0.13272439,0.50429285,-0.13896227,0.051722847,0.087740175,0.3155977,-0.13008869,0.2832061,-0.044610497,-0.2008067,-0.37513328,-0.20616338,0.023976747,-0.3661485,-0.22022863,-0.02727145,0.026243845,-0.6029495,-0.15303871,-0.74407226,0.21869257,0.058713578,0.20207205,0.95318556,-0.35323292,-2.10254,-0.0991909,-0.15265366,1.6219432,0.5369536,-0.20212634,0.752335,-0.17320004,0.13225254,0.596293,-0.053827655,0.6577085,0.28879812,0.14083578,-0.22359629,-0.0023490035,-0.22145133,0.0271996,-0.393731,0.16995636,0.2721485,-0.06298889,0.061980207,-0.96202546,-0.113488995,0.7173855,-0.1547567,-0.38272244,0.03346592,-1.3543515,-0.2864642,0.082578555,-0.17727074,-0.20533605,-0.39646405,-0.05126465,-0.049218785,0.07771365,-0.24074559,-0.5383067,-0.1512188,-0.23745522,-0.26653618,0.610269,0.098949865
252,-0.5307267,0.10446,-0.0035800014,0.023051336,-0.18382336,-0.57647604,-0.35537335,0.04798333,0.091359995,-0.2088242,0.1016,-0.08200666,0.072503,-0.23547213,-0.22726433,-0.471763,-0.08526335,-0.30172,0.21100467,0.20143665,0.48410332,0.20747334,0.22867334,-0.27769667,0.07202666,0.35264334,-0.7148633,-0.21403001,-0.12574433,0.32426366,-0.4147477,0.45271334,0.04302333,-0.55815333,0.22384934,0.17426662,0.20176066,0.021570003,0.044936668,-0.31732932,-0.16928001,-0.334783,0.07078933,-0.19667333,0.39305332,-0.15649332,0.48345998,-0.12058666,0.28115335,-0.6300333,0.5498533,0.03223334,0.135117,0.8069534,-0.22121,-1.73833,-0.10266667,0.14765789,1.7211666,0.21763001,-0.23477067,0.47472668,-0.26664665,-0.141233,0.34208664,0.08304001,0.32398295,0.24504666,0.6449433,-0.47154668,-0.25412133,-0.28550002,0.23076332,-0.27290332,0.57201666,-0.071873,-0.34880468,0.100092925,-0.07659,-0.02992333,0.75258,0.19931467,-0.5958433,0.71699667,-1.3783933,-0.36450997,0.2664906,-0.41580665,-0.6225733,-0.40602663,-0.104232006,0.33822632,-0.34714434,-0.3226167,-0.13834752,-0.07490332,-0.29163,-0.39111665,0.40130332,0.025686666
253,-0.20117289,0.22449054,0.4487265,-0.116988674,0.01341889,0.048668664,0.045324333,0.10967178,0.2262781,-0.04148123,0.11608556,-0.1710471,0.31437242,-0.2950489,0.13771679,-0.14879678,0.03698022,0.24984223,-0.15642422,0.2002711,0.19209568,-0.070771,0.25420564,0.026268005,0.05099823,0.28925323,0.13846922,-0.3954522,-0.41490805,0.016963117,-0.21609667,0.61628795,-0.035043776,-0.230896,0.18114977,0.27651888,-0.12836967,0.06382412,-0.13373323,-0.31867254,-0.20883577,-0.005309999,0.008024428,-0.17564443,-0.18108656,-0.24643546,0.2000489,-0.17435734,-0.053846683,-0.6261005,0.35453975,0.050002217,0.24248669,0.79141223,-0.34187308,-2.079091,-0.330609,-0.0073749507,1.5688634,0.1301629,0.011418889,0.63063747,-0.09779975,0.10019023,0.8378045,-0.029593477,0.44885588,0.103201106,0.32818553,-0.13729957,0.0484163,0.00563978,-0.056166895,-0.1474789,0.29621077,0.013805445,-0.088841,-0.040342998,-0.6929775,-0.1406742,0.31035176,-0.15412855,-0.37380478,0.16527173,-1.1459353,-0.18467633,0.023639116,-0.26707682,-0.23454711,-0.4060233,0.11581278,0.26313868,-0.11896612,-0.21611,-0.2366937,0.034105882,-0.18531044,-0.5123267,0.84967446,0.40328667
254,-0.12370333,0.20176978,0.4737236,-0.25536504,-0.07646861,0.14666651,-0.15052044,0.18712899,-0.011651879,-0.029267792,0.17434423,0.05519101,0.2656637,-0.046760645,0.07141436,-0.26897523,0.10877469,0.17823362,-0.41680846,0.23708504,0.32094067,-0.050514285,0.24130595,0.0055585955,0.22304155,-0.07083588,-0.11994298,-0.48413774,0.08580255,-0.23683307,-0.063253224,0.52309614,-0.06865699,0.12403653,0.038823515,0.40047053,-0.042302914,0.23729654,-0.051394865,-0.21797909,-0.3733368,-0.308847,0.09330807,-0.43044022,-0.09258742,-0.00858194,0.21192572,-0.3266027,0.013438998,-0.82241386,0.046905596,-0.014878059,0.12398955,1.1418878,-0.20390496,-2.44761,-0.026825503,-0.16986586,1.648022,0.43164393,-0.07335551,0.7644817,-0.27443844,0.16102809,0.7977534,-0.045636162,0.48734096,0.39469802,0.11729208,-0.25083676,0.0030465066,-0.24342681,-0.034459278,-0.39415172,0.15577908,0.105517104,-0.2439518,-0.07555774,-0.87717736,-0.029739326,0.61286795,0.003981623,-0.58007246,0.10267736,-1.4284213,-0.27774426,0.121048085,-0.052629832,-0.16625494,-0.33273676,-0.11807683,-0.063818336,-0.15370014,0.021586265,-0.5792173,-0.06617922,-0.2008452,-0.27449077,0.5778469,0.31163028
255,-0.16259049,0.113812156,0.36607498,-0.18990639,0.051659003,-0.18907113,-0.20499858,0.17328104,0.16281882,-0.0043655606,0.19946447,0.006647662,0.030823044,-0.23121767,0.2457543,-0.057771776,0.08097787,0.18479052,-0.1920098,0.2864076,0.2252411,-0.17374997,0.2475767,0.11384721,0.08836968,0.0044830055,-0.05422304,-0.3057775,0.07638774,-0.20921288,0.028679166,0.66254,-0.16807826,0.13867316,0.35015318,0.47739962,-0.10606112,-0.032568347,0.03157743,-0.39556065,-0.056841042,-0.11834145,-0.14989264,-0.26231053,-0.21673442,-0.07123752,0.0853821,-0.44072494,0.14562751,-0.7112099,0.12887998,0.03917297,0.120430306,0.7231543,-0.19811077,-1.8702648,-0.12413587,-0.1165358,1.507818,0.12825927,-0.22217442,0.37220883,-0.3555709,0.1353391,0.5351397,0.039173745,0.36288258,0.103639655,0.23057826,-0.42896745,0.036032904,-0.0765009,0.01105939,-0.23046558,0.0032714424,0.24697652,-0.18878502,0.0074274386,-0.53626996,-0.13940783,0.4783867,-0.054278743,-0.5002747,-0.09773916,-1.1503302,-0.2865427,0.18181938,0.019133044,-0.20168734,-0.14776474,-0.07117868,0.10248261,-0.09973833,-0.20964183,-0.43692082,-0.15821914,0.0030134544,-0.22374287,0.60804826,0.10577993
256,-0.030769,0.11993,0.53909,-0.43696,-0.73937,-0.15345,0.081126,-0.38559,-0.68797,-0.41632,-0.13183,-0.24922,0.441,0.085919,0.20871,-0.063582,0.062228,-0.051234,-0.13398,1.1418,0.036526,0.49029,-0.24567,-0.412,0.12349,0.41336,-0.48397,-0.54243,-0.27787,-0.26015,-0.38485,0.78656,0.1023,-0.20712,0.40751,0.32026,-0.51052,0.48362,-0.0099498,-0.38685,0.034975,-0.167,0.4237,-0.54164,-0.30323,-0.36983,0.082836,-0.52538,-0.064531,-1.398,-0.14873,-0.35327,-0.1118,1.0912,0.095864,-2.8129,0.45238,0.46213,1.6012,-0.20837,-0.27377,0.71197,-1.0754,-0.046974,0.67479,-0.065839,0.75824,0.39405,0.15507,-0.64719,0.32796,-0.031748,0.52899,-0.43886,0.67405,0.42136,-0.11981,-0.21777,-0.29756,-0.1351,0.59898,0.46529,-0.58258,-0.02323,-1.5442,0.01901,-0.015877,0.024499,-0.58017,-0.67659,-0.040379,-0.44043,0.083292,0.20035,-0.75499,0.16918,-0.26573,-0.52878,0.17584,1.065
257,-0.10632014,0.20988216,0.30707628,-0.26980525,-0.20348218,0.08054341,0.03834018,0.2869253,0.01800443,0.101719566,0.28903663,0.052119985,0.15047279,0.08175953,0.100236,-0.36551678,0.08554148,0.09411413,-0.3898131,0.09086887,0.08184044,-0.05941151,0.09404298,0.04216811,0.14470294,-0.020441554,-0.12242981,-0.39183864,0.08147002,-0.20906582,0.11632671,0.5683987,0.049273074,0.17671254,-0.03587313,0.3549515,0.08557601,0.20845865,0.0098303985,-0.1061277,-0.21685846,-0.23256956,0.08962184,-0.38070336,-0.16685128,0.067285985,0.033661254,-0.3503953,0.047574792,-0.81771255,0.026681533,0.09883679,0.28263116,0.7966812,-0.32404107,-2.1060524,0.006241418,-0.047721084,1.4408983,0.44164413,-0.002383416,0.59273905,-0.4540224,0.063575566,0.7223982,0.044992708,0.44612584,0.2782949,0.13096496,-0.1383855,-0.08759415,-0.16951035,0.044105776,-0.463657,0.30438265,0.12748455,-0.090227455,-0.085347906,-0.830533,-0.00517905,0.49825853,-0.123777196,-0.49129853,0.019524053,-1.250147,-0.18822749,0.12595528,-0.25201994,-0.22498062,-0.28797007,-0.13643229,-0.051678088,0.082250826,0.05584166,-0.38378406,0.00748345,-0.15838176,-0.29292876,0.40607533,0.2545136
258,-0.11973347,0.23465893,0.33740005,-0.17368947,-0.16659595,0.17353041,-0.22879912,0.11639762,0.070564404,0.0147186555,0.04444777,-0.08522039,0.22077744,-0.030137083,0.09680348,-0.20278925,0.12710369,0.17209578,-0.40480512,0.17094645,0.077015884,-0.07165301,0.07387632,-0.029124746,0.11167927,-0.048809092,-0.10058336,-0.25269753,0.18168831,-0.15886521,-0.034977637,0.5915141,0.0047710636,0.07688037,0.0013956175,0.31699502,-0.056784153,0.14399667,0.08428652,-0.13983907,-0.34854773,-0.22425944,0.007602365,-0.34621498,-0.20228757,0.045543958,0.10420443,-0.3710319,-0.08218527,-0.71686363,0.19324154,0.04596264,0.15748863,0.95612514,-0.13893196,-2.046278,0.06430406,-0.27236992,1.5055212,0.35872424,-0.056243166,0.6204452,-0.24149169,-0.022730729,0.7285846,-0.06887034,0.3888373,0.2130951,0.24801524,-0.17895208,-0.05961249,-0.17843454,-0.014733505,-0.49590543,0.23774952,0.1987032,-0.15551414,0.008629684,-0.8142389,-0.03354278,0.5214118,-0.020602595,-0.41398385,0.097726196,-1.4519988,-0.14892021,0.14035931,-0.115389496,-0.22767508,-0.3467062,-0.08851222,-0.00036398863,-0.024066754,-0.009302849,-0.35577965,0.015564634,-0.14262612,-0.31726533,0.4693844,0.2299897
259,-0.3895829,0.31151,0.5917922,-0.2917714,-0.017597502,0.012634002,-0.21327001,0.2466215,0.10944399,-0.058201127,0.09666417,-0.10599001,0.19045126,0.029851753,0.172334,-0.37653,0.0044562425,0.07448525,-0.011664495,0.4049375,0.398275,0.21837601,0.3892075,-0.14890176,0.26683065,0.30620822,-0.268473,-0.562365,-0.35631186,-0.060689494,-0.40123498,0.8288588,-0.13717625,-0.01673749,0.3933125,0.32669362,0.09579732,0.025894996,-0.13386151,-0.3822854,-0.23646124,-0.044547826,0.17662112,-0.43316126,-0.053048752,-0.13762581,0.56518686,-0.20880713,0.077245004,-0.69039625,-0.0132645,-0.16500875,0.2343689,1.1052738,-0.3621924,-2.7085376,-0.15242536,0.010974884,1.65435,0.22558828,-0.04294775,0.6244625,-0.16720413,0.084953874,0.87750876,-0.13352375,0.6938146,0.209194,0.4475463,-0.3430675,0.06657837,-0.52785623,0.11166475,-0.10765249,0.587435,-0.10799251,-0.1754545,0.01935375,-0.7865013,0.017799243,0.5765375,0.013024628,-0.77250373,0.19864951,-1.3145375,-0.2060375,0.09225072,-0.33637965,-0.19387001,-0.42001975,-0.059905753,-0.17554387,-0.22972125,0.053790502,-0.3855628,0.020433255,-0.25940976,-0.59699243,0.4572075,0.40027627
260,-0.04414832,0.1669529,0.3060277,-0.2922904,-0.15043637,0.27019763,-0.26041564,0.14941648,0.070712835,0.008772058,0.12762354,0.07333667,0.25367448,0.11663505,0.06288599,-0.31298417,0.26666135,0.26980597,-0.4037191,0.367866,0.16342828,0.052766282,0.16555959,-0.009742342,0.14449807,0.033763234,-0.1769588,-0.56845546,0.21006645,-0.20086741,0.0055654906,0.6905906,-0.0694071,0.022721207,0.08247313,0.4633136,-0.08189804,0.1518512,0.035898633,-0.37123278,-0.16946606,-0.25485095,-0.017528197,-0.51564646,-0.21388967,-0.055457506,0.0011269995,-0.29413936,-0.0050416496,-0.7994036,0.092782155,0.13621864,0.12399288,1.0398154,-0.20444593,-2.309104,0.01675181,-0.19352226,1.7429829,0.33469638,-0.048492197,0.7645428,-0.34238562,0.11090457,0.7084824,0.03544023,0.5683893,0.3728794,0.15628628,-0.24278949,-0.10169618,-0.27871427,0.004176978,-0.6131479,0.16745375,0.14483929,-0.094529174,-0.09226482,-0.7585951,-0.013326717,0.62417907,-0.09402124,-0.52683073,0.08106865,-1.3748208,-0.18029097,0.078737296,-0.08917701,-0.21386033,-0.2898821,-0.1436845,-0.080183886,0.10290947,-0.12188568,-0.5062688,-0.11484957,-0.21995915,-0.24935709,0.49648607,0.2770492
261,0.0,0.0,0.0,0.0,0.0,0.0,0.0,0.0,0.0,0.0,0.0,0.0,0.0,0.0,0.0,0.0,0.0,0.0,0.0,0.0,0.0,0.0,0.0,0.0,0.0,0.0,0.0,0.0,0.0,0.0,0.0,0.0,0.0,0.0,0.0,0.0,0.0,0.0,0.0,0.0,0.0,0.0,0.0,0.0,0.0,0.0,0.0,0.0,0.0,0.0,0.0,0.0,0.0,0.0,0.0,0.0,0.0,0.0,0.0,0.0,0.0,0.0,0.0,0.0,0.0,0.0,0.0,0.0,0.0,0.0,0.0,0.0,0.0,0.0,0.0,0.0,0.0,0.0,0.0,0.0,0.0,0.0,0.0,0.0,0.0,0.0,0.0,0.0,0.0,0.0,0.0,0.0,0.0,0.0,0.0,0.0,0.0,0.0,0.0,0.0
262,-0.034419253,0.13086769,0.41755792,-0.22793904,-0.15854888,0.13212673,-0.31187752,0.1597836,-0.04701731,-0.018284237,0.06767422,-0.008429415,0.26835796,0.024270084,0.04579434,-0.3018304,0.12928984,0.14572461,-0.42366388,0.21381354,0.18429866,-0.09321076,0.2529918,-0.05214958,0.10895522,-0.047336265,-0.054800704,-0.3981684,-0.010653849,-0.13546768,0.029137414,0.42548808,-0.038651314,0.04480105,-0.031375095,0.21715556,0.077486865,0.16044459,0.012224846,-0.17216039,-0.45628762,-0.22572275,0.12190367,-0.40562633,-0.13217889,0.111266255,0.2919161,-0.25083834,-0.17097329,-0.78214896,0.119598925,-0.030425375,0.112530686,1.1238084,-0.23395242,-2.2467496,0.09066536,-0.28647244,1.7045727,0.50799966,-0.20541164,0.6098843,-0.23071872,0.021139722,0.8752906,-0.050091602,0.3979646,0.28607434,0.104300864,-0.27188405,-0.07878764,-0.34813705,-0.11256893,-0.41875333,0.22729646,0.14072967,-0.2267583,0.016621206,-0.8443015,0.009708282,0.5785251,0.060796484,-0.4010727,0.17647968,-1.5106086,-0.24497963,-0.0018919345,-0.054115422,-0.1705926,-0.3367885,-0.12576696,-0.14422368,-0.17751403,0.104642056,-0.46101952,0.010154426,-0.27023146,-0.31704837,0.5684875,0.22967064
263,-0.09895371,0.24459325,0.37938875,-0.16947573,0.016487917,0.063808054,-0.08346174,0.23861367,-0.048225652,0.026609857,0.10873751,-0.07901232,0.21765731,0.020226857,0.17932083,-0.21013711,0.15166642,0.036664907,-0.33553132,0.22520389,0.25156838,-0.07090371,0.27150482,0.11049309,0.20735224,-0.07669759,-0.12756549,-0.3425082,0.031020993,-0.08986693,-0.040545233,0.47511104,-0.12294404,-0.041362636,0.12489347,0.41504803,-0.010758321,0.12526293,-0.06589517,-0.19265375,-0.3527351,-0.2582112,0.09416162,-0.30340675,0.06464255,0.031501815,0.24769251,-0.28080156,-0.048847213,-0.71614945,0.13803537,0.0068410174,0.15216503,1.0487798,-0.24271718,-2.213392,-0.11155816,-0.2457985,1.6358625,0.41518405,-0.15929984,0.53282297,-0.28511286,0.10103719,0.60007596,0.00013668975,0.30388805,0.25420025,0.24267136,-0.23536023,-0.11933606,-0.25335693,-0.06146791,-0.23414485,0.27794412,0.098164536,-0.11417031,0.0453028,-0.8019922,-0.03270739,0.5593034,0.02434562,-0.4956522,0.12663713,-1.346259,-0.2156416,0.11064954,-0.10560338,-0.18745236,-0.33561954,-0.10459638,-0.006648922,-0.12401757,0.02447818,-0.4526173,0.030608082,-0.23089793,-0.32643205,0.52827877,0.081054
264,-0.05621444,0.22724563,0.35855705,-0.39559194,-0.13673681,0.21502532,0.031078327,0.35368106,0.08022564,0.1486818,0.07620731,0.22420396,0.16666085,0.12960783,0.13851592,-0.13941938,0.15656376,0.09598217,-0.5035923,0.30789915,0.34086105,0.092584655,0.024661189,-0.003062911,0.16448417,-0.078558736,-0.27879497,-0.4514991,0.08088405,-0.29183412,0.08444428,0.5896685,-0.066865906,0.16498795,0.1285189,0.3182181,-0.01712385,0.24655882,0.15197982,-0.10034304,-0.26798457,-0.26168087,0.35434082,-0.47189865,-0.10355854,-0.087304644,0.20443033,-0.31450403,0.030107165,-0.9167173,0.09509709,-0.047172405,0.083374776,0.92580223,-0.2673352,-2.3663116,0.014116179,-0.08540469,1.6435452,0.54090124,-0.036520414,0.73892206,-0.5858795,0.090592556,0.7361354,0.007912487,0.41646242,0.4725556,0.035863638,-0.14437912,-0.044172667,-0.2518264,0.03676542,-0.27385423,0.17808945,0.2822954,-0.16494347,-0.066492915,-0.9568741,0.032187272,0.71067625,-0.030194314,-0.44554737,-0.11912205,-1.362864,-0.3103305,0.3647702,-0.1814631,-0.3814763,-0.41215566,-0.015763946,-0.2073626,-0.07482313,-0.21798187,-0.49921265,0.008790323,-0.039108954,-0.18974867,0.39837143,0.21610004
265,-0.27879882,0.45301598,0.419772,-0.3709092,-0.08778119,0.30827698,-0.2739112,-0.0816554,0.000551188,-0.101913795,0.24370702,-0.09374201,0.096892394,0.105802014,0.19574161,-0.316308,-0.1417932,0.2095768,0.0711954,0.522682,0.540386,0.42865476,0.125186,-0.30848172,0.07569291,0.0065020025,-0.2930317,-0.513714,0.1963402,-0.29482698,0.0217602,0.465206,0.085379995,-0.015943784,0.041879106,0.196035,-0.035121,0.115540005,-0.159792,-0.32792518,-0.2229354,-0.175628,-0.2031914,-0.280636,-0.2394162,-0.1480508,0.20393598,-0.098212,0.2630264,-0.66563195,0.027064199,-0.22385399,-0.1478664,0.749624,-0.16345981,-2.078594,-0.13617821,0.2567208,1.56912,0.6012706,0.08459981,1.0671821,-0.2224184,0.018605065,0.47834882,-0.13258341,0.735038,0.0592892,0.08949001,-0.2388638,-0.22001103,-0.0611492,-0.2661612,-0.12270162,0.12859741,0.07201799,0.104791984,-0.15206096,-0.35105604,-0.1357412,0.6159274,-0.21790199,-0.13317399,0.16488099,-1.59134,-0.3630484,-0.0808242,-0.1295558,-0.55987597,-0.24997601,-0.028868604,0.3105618,-0.38243198,-0.2112808,-0.562168,-0.11784959,-0.47102603,-0.0905148,0.41669798,0.45876598
266,-0.1864654,0.19815134,0.40388182,-0.21916205,-0.108190574,0.024694799,-0.22359176,0.2045707,0.007514997,-0.03773613,0.22608715,0.107067734,0.19853997,-0.049317423,0.19082856,-0.08702192,-0.0150881335,0.19071843,-0.1659074,0.15275009,0.20277487,-0.16482939,0.16267724,-0.038404334,0.27211124,-0.077213,-0.07511888,-0.42715457,-0.09470465,-0.26911095,0.17871328,0.51693755,-0.07567249,-0.02208559,0.085868,0.38076237,0.03386403,0.11960948,0.06519625,-0.3520989,-0.06923125,-0.21896851,-0.021897214,-0.37377933,-0.26963452,0.10059599,0.03932536,-0.35948154,-0.0028017713,-0.67384344,0.2743919,0.03965481,0.14112468,0.73206306,-0.23950839,-2.022307,-0.040356673,-0.13253573,1.6836573,0.3550593,-0.12759484,0.58871007,-0.32731882,0.12395203,0.62031037,-0.013852919,0.4809722,0.16716151,0.24618082,-0.27980208,-0.15338616,-0.27460477,-0.020991622,-0.25706574,0.10860258,0.16840102,-0.04716131,-0.018623222,-0.70812273,-0.038875084,0.42695495,-0.09581042,-0.55258644,-0.04587507,-1.2334927,-0.25383127,0.079146884,-0.15977114,-0.23228346,-0.20957099,-0.23122092,0.11935406,0.055546686,-0.19569446,-0.5321389,-0.1969008,0.04179721,-0.2893023,0.5643358,0.28816184
267,-0.013786,0.38216,0.53236,0.15261,-0.29694,-0.20558,-0.41846,-0.58437,-0.77355,-0.87866,-0.37858,-0.18516,-0.128,-0.20584,-0.22925,-0.42599,0.3725,0.26077,-1.0702,0.62916,-0.091469,0.70348,-0.4973,-0.77691,0.66045,0.09465,-0.44893,0.018917,0.33146,-0.35022,-0.35789,0.030313,0.22253,-0.23236,-0.19719,-0.0053125,-0.25848,0.58081,-0.10705,-0.17845,-0.16206,0.087086,0.63029,-0.76649,0.51619,0.14073,1.019,-0.43136,0.46138,-0.43585,-0.47568,0.19226,0.36065,0.78987,0.088945,-2.7814,-0.15366,0.01015,1.1798,0.15168,-0.050112,1.2626,-0.77527,0.36031,0.95761,-0.11385,0.28035,-0.02591,0.31246,-0.15424,0.3778,-0.13599,0.2946,-0.31579,0.42943,0.086969,0.019169,-0.27242,-0.31696,0.37327,0.61997,0.13889,0.17188,0.30363,-1.2776,0.044423,-0.52736,-0.88536,-0.19428,-0.61947,-0.10146,-0.26301,-0.061707,0.36627,-0.95223,-0.39346,-0.69183,-1.0426,0.28855,0.63056
268,-0.24256897,0.2666602,0.5513341,-0.40557542,-0.10168767,0.1624474,-0.019915529,0.22943011,0.21728964,0.10186623,0.2315177,0.18725166,0.3233434,0.018379148,0.13217057,-0.19855465,0.23327778,0.3848188,-0.5063,0.203328,0.25766322,-0.00037088201,0.24028301,0.03791693,0.074996315,0.01685794,-0.093002826,-0.4039663,0.08058541,-0.18954307,-0.09494206,0.39391223,-0.009222005,0.10821617,0.19902858,0.31759962,0.0020160535,0.13961619,0.10209149,-0.23569186,-0.3104859,-0.15789863,0.0066449083,-0.518143,-0.15529788,0.06306588,0.27504566,-0.19361882,-0.17942771,-0.8006113,0.20170066,-0.020175455,0.23178217,0.96869415,-0.19995996,-2.1385446,-0.2053372,-0.06986006,1.5429789,0.44244748,-0.21263254,0.77502215,-0.27716172,0.1977162,0.85858095,0.14537142,0.5380883,0.24968803,0.07568512,-0.4810997,0.05762253,-0.29249907,0.21315889,-0.33185524,0.20556211,0.0340777,-0.09152654,0.0006889403,-0.7406793,0.1511687,0.48458594,0.046257764,-0.6413482,-0.082431555,-1.244495,-0.37235188,0.18962735,-0.18661372,-0.32418382,-0.2881388,-0.047543827,-0.072401814,-0.078605354,-0.06836757,-0.39436775,-0.008320111,-0.10148658,-0.36620238,0.44155797,0.22323643
269,-0.04096358,0.0943031,0.3171014,-0.29039913,-0.10105302,0.21194157,-0.20037805,0.2999891,-0.06685274,0.017019467,0.25536126,0.16027732,0.20740645,0.06964458,0.16196081,-0.39176273,0.12903516,0.15578955,-0.41779298,0.20704637,0.28673372,-0.0027661703,0.23730335,0.07706484,0.1810597,-0.05505574,-0.22125022,-0.45539495,0.15263785,-0.3386609,-0.018187532,0.43785512,-0.051692437,0.05528579,-0.1075846,0.30098194,-0.04249153,0.22780679,-0.079513796,-0.1509078,-0.3401126,-0.3063352,0.19843486,-0.4009353,-0.15820825,0.04137997,-0.0068687466,-0.37067184,0.099433,-0.873024,0.051273316,0.03909605,0.0924448,1.0903544,-0.26969346,-2.2509923,-0.030403653,-0.1669012,1.6518161,0.5303287,-0.096060835,0.68322164,-0.3110296,0.13027897,0.6277933,-0.05856992,0.40548238,0.31693697,0.19698222,-0.22699642,-0.09542825,-0.3120805,0.0072100163,-0.41682732,0.050057396,0.25294656,-0.22521529,-0.027434774,-0.81451726,0.03545927,0.6276289,0.06765123,-0.416863,0.11714256,-1.3927822,-0.28552598,0.06010892,-0.14108732,-0.2855056,-0.25946242,-0.18864149,-0.12550035,0.027739353,-0.07918401,-0.6408651,-0.049680308,-0.022309225,-0.1200182,0.45616525,0.16947883
270,-0.19762073,0.24323995,0.5331834,-0.3147145,-0.18265425,0.27099675,-0.20227014,0.2163557,0.12893628,-0.09308635,0.21225317,0.053288948,0.09723319,0.054421537,0.11489895,-0.11868686,0.17050645,0.22545712,-0.3910953,0.27523974,0.20520389,-0.05232027,0.038137216,-0.023729824,0.23693217,0.027374947,-0.25119004,-0.5187627,0.21006475,-0.23647836,-0.10699146,0.5914728,-0.044464707,0.039322596,-0.034072317,0.2979098,-0.23917666,0.039732415,0.07026401,-0.27897617,-0.27072608,-0.22868007,-0.056864534,-0.4753316,-0.32157052,0.13443017,0.01785607,-0.38315907,-0.025382359,-0.8312807,0.15051694,0.012593039,0.10053077,1.0309545,-0.142387,-2.3462803,-0.06671002,-0.043845754,1.6095034,0.36460602,-0.13488296,0.8027727,-0.2839474,0.094364144,0.7534778,0.12387379,0.43226978,0.2648018,0.010820333,-0.19362712,-0.086923465,-0.30166495,-0.077926755,-0.4636679,0.1856657,0.11258036,-0.1844922,-0.07445947,-0.622612,-0.05662357,0.45825127,-0.04951327,-0.535261,0.037224922,-1.2654563,-0.11678455,0.14054847,-0.07224227,-0.28846067,-0.27156746,-0.18486905,0.009309533,0.046078876,-0.10170103,-0.4702079,-0.12962347,0.027411968,-0.15274256,0.44866106,0.18334903
271,-0.0048559397,0.0026020927,0.2590682,-0.18767877,-0.023206636,0.22405022,-0.06274173,0.25082803,-0.07265634,-0.011357906,0.23618652,0.01298858,0.050585423,0.039029647,0.13877474,-0.21394436,0.073035344,0.1866239,-0.32634655,0.1351505,0.20480587,0.019367412,0.17334525,-0.032813855,0.22745493,-0.06709068,-0.19245702,-0.3470552,0.22089419,-0.17982137,-0.20773593,0.4934609,-0.102077685,0.014894357,-0.057429485,0.25600138,-0.14717422,0.13075417,-0.008775026,-0.105186954,-0.33580345,-0.19435017,0.1450349,-0.34885842,-0.047061343,0.073366,0.2149302,-0.37551948,0.037327345,-0.77051795,-0.035147354,0.005701767,0.11749223,0.9625089,-0.1739569,-2.2808566,-0.1189237,-0.18066403,1.3624994,0.36249182,-0.18501656,0.7096655,-0.2926007,0.05197808,0.56610674,-0.06623723,0.4380363,0.2676228,-0.018496934,-0.12535271,-0.07434831,-0.20489417,-0.07322385,-0.32073972,0.15605994,0.1662247,-0.21702492,-0.013058096,-0.6062499,0.0016048002,0.4628538,0.040269453,-0.47655565,0.15855052,-1.0896517,-0.12931113,0.12795888,-0.11546534,-0.13594316,-0.25396213,-0.104030736,-0.10570473,-0.15093535,0.14071286,-0.45221388,-0.019788451,-0.09131073,-0.1332083,0.2610885,0.0596104
272,-0.361905,-0.102929994,0.34781,-0.251185,-0.1230265,0.600385,0.2800625,0.451595,0.06654,-0.27801,-0.00211565,-0.176819,-0.184865,-0.4178,0.48009998,-0.48022503,-0.10265051,0.2446945,0.17426501,0.06389961,0.40405,-0.599065,-0.18290299,-0.210095,0.770445,0.0807025,-0.009575002,0.28205,-0.13283,0.123967,-0.504845,0.15579501,-0.25318003,0.347629,0.41273952,0.02154,-0.51274,-0.143736,0.41729,-0.49973965,0.164345,-0.354455,0.0042584985,0.224265,-0.2458295,-0.163825,-0.40504,-0.53089,0.406655,-0.5519,-0.050046004,0.031275004,0.0017749965,0.98406494,0.35386,-2.2816,0.1285665,0.22246,1.1949999,0.94461,-0.46244365,0.65528095,-0.047519702,-0.266776,0.4131165,0.2145005,0.121549994,-0.4148265,-0.15839,0.027596,-0.266395,-0.84872,0.0986985,-0.156495,0.19431001,0.27131045,-0.13722551,-0.1001605,-0.206405,-0.36773,0.19821,-0.30856502,-0.477995,-0.140265,-1.00327,0.43415,-0.083246,-0.03382501,-0.131015,-0.06686,0.14388502,0.173585,0.482305,0.77658,-0.21842,0.03757,-0.178215,0.063710004,0.649415,0.052410007
273,0.125245,0.103116244,0.32382065,-0.42178074,-0.28631765,0.12726125,0.00065437704,0.31031173,0.07909775,-0.037104674,0.2585215,0.2641287,0.33842188,0.1449315,0.12808762,-0.35613498,-0.044739123,0.2511036,-0.48628503,0.20284033,0.26876885,0.30876195,0.121952474,0.15141125,0.17050326,0.0055985004,-0.2750044,-0.65608996,0.4545856,-0.32341748,0.2229425,0.5558721,0.14595938,0.11013155,-0.080653,0.33620813,-0.19649875,0.2781401,-0.04636626,-0.44659266,-0.26503873,-0.23878768,0.46449512,-0.47755352,-0.17534235,-0.1343,0.09930426,-0.5413098,0.32401752,-0.9969926,0.06811399,-0.09509137,0.15391974,0.9570488,-0.29663438,-2.2547274,-0.029439978,-0.16509627,1.7150625,0.46834424,0.08369202,0.85739875,-0.63883877,0.07829155,0.80300754,0.14746451,0.29652336,0.30376774,-0.017773751,-0.110339984,0.14228375,-0.100676894,-0.11371875,-0.371277,-0.13542737,0.17709975,-0.11331813,0.085433125,-0.86376256,-0.036966626,0.47758126,-0.10553375,-0.37920377,0.061076127,-1.1864694,-0.27033627,0.09508725,-0.21884274,-0.61099243,-0.3247395,-0.30011213,-0.017469,-0.016984861,0.0931325,-0.579693,0.055932377,0.01641275,0.11000626,0.26447937,0.08854601
274,-0.13962685,0.2750392,0.5037624,-0.24882142,-0.18212983,0.29428828,-0.3993452,0.2225448,-0.001568114,-0.11950323,0.053663902,0.026207589,0.26266164,0.09257405,-0.036342405,-0.28707182,0.05685488,0.13471122,-0.30874228,0.48889357,0.09312874,0.029567767,0.07043624,-0.11202855,0.07466048,0.17604637,-0.18712276,-0.35636267,0.28332606,-0.11158082,-0.02181382,0.5505844,0.09110695,-0.051308837,0.08461971,0.17592818,-0.13151772,0.20903428,0.12147605,-0.32194903,-0.25755182,-0.094864756,0.2579246,-0.41564247,-0.20711358,-0.009592118,0.04676241,-0.18755376,-0.14014573,-0.8404927,0.15332238,-0.022312988,0.18101248,0.9910082,-0.25306678,-2.175244,0.15742336,-0.10304235,1.4513065,0.12437592,0.042058636,0.67808646,-0.36098498,-0.16081859,0.5591346,0.108776525,0.5170676,0.23594043,0.20689808,-0.19004783,0.12428651,-0.25983644,-0.070733264,-0.474591,0.4378782,0.19990966,0.004269232,-0.17232436,-0.6840849,-0.0066371122,0.46523657,0.0073588826,-0.46925592,0.1444303,-1.2810212,-0.10970146,-0.07830613,-0.10984422,-0.3306189,-0.37096143,-0.041350707,0.06166369,0.06510042,-0.11276302,-0.56082946,-0.104680404,-0.2275907,-0.35070646,0.28209746,0.35542983
275,0.057627,-0.14950779,0.0662823,0.06972942,-0.27431253,-0.009307543,0.38677263,0.30017656,0.17827871,-0.080511734,0.46684346,0.059682544,-0.032495845,0.27811772,0.021115925,-0.5019457,0.12917615,-0.025465425,-0.15933114,0.32823846,0.39406398,0.302334,-0.3660623,0.15096459,0.0110710105,0.20613591,0.069551274,-0.32110888,0.35354143,-0.020854192,-0.3676146,0.057537362,-0.016279895,0.09219635,0.116251,0.22055186,0.28678715,0.094091296,0.10552804,-0.112093374,0.16295312,-0.30138037,-0.21729994,-0.4827305,0.0314078,-0.19771804,-0.4136415,-0.15191151,-0.28433037,-0.09205572,-0.27743357,0.35194996,0.007394619,-0.04924623,-0.59165686,-1.0270498,0.21649677,0.41416803,0.42010075,0.23525912,-0.21756577,-0.10257001,-0.5738521,-0.3697994,0.24359792,0.26536793,0.10269149,0.037691377,0.15516223,0.2819347,0.36263335,0.21033612,-0.07115395,-0.33392537,0.21854424,-0.23648539,0.05889545,-0.07869826,-0.42909607,-0.17134115,0.15619124,-0.6733619,-0.25449818,-0.29391822,-0.4133081,-0.008023839,-0.3798405,-0.3641457,0.21098447,-0.19615032,-0.043339267,0.02176573,0.14889005,0.5878073,-0.07156896,0.10663012,-0.3764346,-0.57123494,0.16121846,-0.12488137
276,-0.04080448,0.034114026,0.29270685,-0.20205812,-0.037302684,0.1491878,-0.14604287,0.2016073,0.02896408,0.013897101,0.12381249,0.19221449,0.25925568,0.013464611,0.043604545,-0.3145127,0.1662669,0.06935328,-0.35765094,0.067032196,0.23912342,-0.062127665,0.2138806,0.08410281,0.18315482,-0.065192975,-0.0959656,-0.3620219,0.12313513,-0.12550777,0.002656817,0.41622978,-0.076791964,-0.0106370915,0.050750315,0.26340842,0.0047130752,0.11338925,-0.07501724,-0.102100104,-0.48378408,-0.2200367,0.13168636,-0.36117807,0.009810997,0.0342928,0.06818637,-0.35163707,0.041734364,-0.64639455,0.22094141,-0.012289669,0.09979469,0.97559804,-0.2176292,-2.0685062,-0.046001308,-0.3235185,1.6359972,0.46611378,-0.16274275,0.5322542,-0.27764544,0.03603904,0.6848298,-0.06137055,0.38864553,0.32989842,0.07395561,-0.1514348,-0.10520979,-0.32003987,-0.1586084,-0.45245034,0.0907599,0.16703671,-0.23248532,-0.07920686,-0.85746384,-0.09049236,0.6196287,0.14267975,-0.38664073,0.065615654,-1.1475568,-0.27830032,0.2158001,0.013045889,-0.15672147,-0.2972571,-0.1797596,0.008113056,-0.10581185,-0.11442554,-0.5006603,0.02385662,-0.035151396,-0.031077465,0.4356521,0.13181388
277,-0.20994724,0.38124,0.28269875,-0.12595288,0.15389825,-0.13029012,0.023909245,-0.11941237,0.16434811,-0.1066435,0.12982841,-0.18320125,0.15565838,-0.37642825,0.25136063,-0.12952086,0.042344995,0.010535503,-0.19168514,0.35776585,0.13216251,-0.37635073,0.17975312,0.09347077,0.051459134,-0.17090376,0.10230687,-0.29979125,-0.5079343,0.109026015,0.058701247,0.5352246,-0.17926061,0.11297639,0.37484252,0.3898489,-0.08042501,0.19257349,-0.16463311,-0.1791085,-0.28253862,-0.061636377,-0.069973126,-0.23004375,-0.21780989,-0.05305085,0.2352775,-0.028486507,-0.13987325,-0.4101355,0.0050978772,-0.039937958,0.15870312,0.66816497,-0.28086886,-1.6143049,0.08884763,-0.22576274,1.2324305,0.40440625,-0.353035,0.58026063,0.16251723,0.31490248,0.64866626,-0.14608549,0.50093573,0.16339248,0.5028905,-0.22062,0.12283303,-0.10525037,-0.05165675,-0.3166475,0.02360037,0.028661761,-0.09400301,-0.24832861,-0.9037254,-0.27222162,0.5188175,-0.0509975,-0.31757998,0.052316576,-1.1463809,-0.2065925,-0.012870363,-0.080865,-0.30074075,-0.29436624,0.060277008,-0.0020785034,-0.22021636,-0.21723893,-0.5247825,0.06837175,-0.4445236,-0.38424248,0.5739737,0.42473125
278,-0.20838538,-0.20264202,0.300033,-0.21825612,-0.16343676,0.024652004,0.11368803,0.20692644,0.49737817,0.1352048,0.34812933,0.12985264,-0.011720759,0.08524384,0.06675669,-0.2974397,0.1610317,-0.006383632,-0.13991521,0.057731222,0.53798103,-0.103616744,-0.30999702,0.41019005,0.14600118,0.14314659,0.15679446,0.0010111044,0.25642478,0.0427047,-0.29927036,0.24046104,0.17825334,0.291795,0.040163137,0.14844097,0.27874255,0.36191437,-0.11886553,-0.12077812,-0.20111294,0.015410918,-0.21402006,-0.068644114,-0.013087688,0.063005954,-0.42150366,-0.27209574,-0.11143206,-0.21369503,-0.33481982,0.19499235,0.21587484,-0.015415739,-0.49575672,-0.794759,0.070950866,0.34657702,0.3736952,0.07572803,-0.04251252,0.13282111,-0.5149697,-0.019868758,0.17430305,0.109596126,0.16152845,0.3057089,0.16554467,0.42483708,0.077402845,0.30895406,0.036230177,-0.56067395,-0.066125624,0.03386044,-0.08696227,0.004773591,-0.3555811,-0.18916674,0.3516486,-0.5476594,-0.21503209,-0.26805645,-0.5918832,0.20013906,-0.23769952,-0.2787154,0.32029495,0.0039617065,-0.08046904,0.36185393,0.19834672,0.24079973,0.14199811,-0.17803614,-0.112356186,-0.72920746,-0.13382949,-0.19677456
279,-8.2301405e-05,0.07830277,0.24242853,-0.1641651,-0.10245132,0.22568002,-0.27411243,0.048148725,0.1705204,-0.08137614,0.1771444,-0.08892496,0.24750735,0.071762614,0.07408554,-0.12274183,0.1220303,0.18674324,-0.25348678,0.15723976,0.13989022,0.10434853,0.1737034,0.24269594,0.10074823,-0.16920751,-0.18976498,-0.30631837,0.14900655,-0.2704167,0.037299003,0.51327455,0.07416001,-0.03603146,0.043319385,0.30115908,0.01396985,0.10183305,0.16367067,-0.24218692,-0.23879154,-0.23574461,0.021849927,-0.19337375,-0.21747787,-0.014111001,0.081409015,-0.34432924,0.031956308,-0.6384885,0.07740939,0.092092,-0.0007297924,0.9480275,-0.11642731,-2.0156286,0.00033976996,-0.27798897,1.3700308,0.21643646,-0.22982454,0.6195285,-0.2582791,-0.03386599,0.5919654,0.1393519,0.5701139,0.22086379,0.16127938,-0.14699286,-0.07209998,0.036135,0.035076775,-0.5814846,0.087892994,0.19056447,0.045897763,-0.06373954,-0.5270713,0.023909919,0.5530314,-0.06037953,-0.379529,0.05719377,-0.8942657,-0.15949051,-0.0014949968,-0.2564653,-0.23182029,-0.12475863,0.00097592745,-0.007277617,0.00973539,-0.004157745,-0.332939,-0.17022607,-0.082667306,-0.25676185,0.36457852,0.11955038
280,-0.031975,0.25337794,0.2997865,-0.17684817,-0.09673534,0.11077971,0.00021242989,0.23824215,0.049791932,0.04380707,0.16312042,0.096883915,0.26937565,0.11333329,0.111878216,-0.40608785,-0.06735929,0.20515813,-0.4297983,0.14209114,0.18780017,0.015631923,0.09335715,-0.005132925,0.18764378,0.15398057,-0.27947667,-0.51505345,0.18564792,-0.17787986,0.0056782877,0.6822521,0.054499637,0.10268878,0.15190215,0.37582567,-0.110159636,0.1852803,-0.009030006,-0.12935413,-0.37952834,-0.15995896,0.34827834,-0.41923642,-0.14231716,-0.12918988,0.20659006,-0.32261568,0.11593836,-0.867258,0.19647948,-0.042467076,0.21643372,1.0703714,-0.16570255,-2.283057,-0.045659933,-0.032983575,1.526782,0.54795676,0.09542508,0.736376,-0.45673922,-0.0033830926,0.7837549,-0.095551655,0.46373305,0.31339827,0.07398828,-0.09472884,-0.02101793,-0.14245778,0.12575115,-0.29537684,0.27417892,0.17380443,-0.16267742,-0.05711815,-0.80980784,-0.024761286,0.47480896,0.05081243,-0.47046572,-0.08266915,-1.6067358,-0.28946325,0.10113021,-0.24117044,-0.35788885,-0.25588545,-0.15060379,-0.12788793,-0.024169778,0.072258286,-0.5061479,0.13294835,-0.20947123,-0.15936865,0.24932797,0.30880275
281,-0.09573077,0.23330952,0.3881098,-0.37345633,-0.19992954,0.20520005,-0.16823111,0.23737256,0.051419333,-0.04404931,0.18856922,0.12284689,0.26071957,0.027712956,0.10277797,-0.24409719,0.17905913,0.2248383,-0.44262096,0.29656556,0.21023628,0.03738628,0.16874002,-0.08712567,0.14560808,0.0094957445,-0.18840107,-0.55184716,0.14232382,-0.2650212,-0.011124312,0.58290255,-0.017035516,0.08990567,0.08877325,0.31224468,-0.11227005,0.19946514,0.07643167,-0.23994432,-0.32181558,-0.23294072,0.08855886,-0.4315945,-0.19335803,-0.004046913,0.22231331,-0.39830238,-0.029593581,-0.91875744,-0.018217785,-0.006559102,0.14243887,1.1027579,-0.23801969,-2.3491683,0.0044825687,-0.14827873,1.6223016,0.48155746,-0.118452825,0.74047196,-0.37941504,0.13271974,0.8158623,0.0019403402,0.5253094,0.42785168,0.05773951,-0.2963087,-0.020550858,-0.32584417,-0.029864734,-0.41073698,0.10944346,0.10394048,-0.14417093,-0.04758055,-0.77585477,-0.00045167984,0.63688374,0.029268706,-0.615896,0.05569594,-1.4800645,-0.26854005,0.15950137,-0.07289588,-0.30648595,-0.37256783,-0.098261274,-0.1923033,-0.03449222,-0.07824504,-0.4695431,-0.08095574,-0.10103001,-0.28265664,0.4348616,0.30874223
282,-0.30200866,0.11211241,0.26723418,-0.19137526,0.09505726,0.15737332,-0.04629108,0.23935498,-0.019682085,0.044759665,-0.10644277,-0.082311876,0.31817088,-0.08233783,0.15997674,-0.042865083,0.2593901,-0.13624759,-0.29037818,0.009180863,0.11760634,-0.10276875,-0.05602491,0.18607254,0.23556276,-0.03576742,-0.038780425,-0.21248752,-0.1726414,-0.18627715,-0.24174045,0.58589345,0.12052717,0.03352982,0.01637258,0.34108415,0.17186184,0.13316584,0.04150475,-0.21027601,-0.037911575,-0.058199912,0.26388624,-0.47531083,-0.10928342,0.13062158,0.18547,-0.11083325,-0.0707869,-0.42818046,-0.01246309,-0.20926423,0.12892033,0.9712308,-0.20636757,-2.4094498,-0.1222865,-0.12429317,1.3402113,0.3486246,-0.089933164,0.5480909,-0.1848331,0.088469855,0.3681819,0.115621306,0.47600624,0.282895,0.08187366,-0.2143661,-0.26547414,-0.31946358,-0.07092601,-0.33233818,0.09370848,0.049414556,-0.14249502,0.033105005,-0.8207806,0.12264732,0.5452455,-0.04417853,-0.38884333,0.117580436,-0.9431525,-0.08000866,0.20340765,-0.009191163,-0.12192691,-0.38496754,0.002024668,-0.047627088,-0.29755422,-0.07241525,-0.25729227,-0.05283017,-0.06586658,-0.325415,0.7249122,0.28811318
283,-0.18176855,0.27433625,0.3792503,-0.2478694,-0.061580695,0.1757685,-0.20547612,0.073807605,0.045847353,-0.09895485,0.05318306,0.0009694479,0.21332993,-0.069565035,0.086272456,-0.31011444,0.08236523,0.18853042,-0.30010685,0.31271318,0.15817133,-0.03743871,0.2156754,-0.07384526,0.124497294,-0.082762145,-0.1677984,-0.5647127,-0.03850437,-0.14966846,-0.0920885,0.47327098,-0.1177523,0.015700733,0.08976189,0.3593765,-0.02270183,0.14738551,-0.07353546,-0.2763199,-0.3354927,-0.15860526,0.01696855,-0.3667793,-0.20983714,-0.014631633,0.349612,-0.1978096,-0.07799104,-0.77109647,0.104107,-0.1024436,0.14710367,1.027955,-0.18890233,-2.2939065,-0.0089347,-0.22456437,1.4373022,0.41245455,-0.14017233,0.85210025,-0.28968385,0.15163124,0.826644,-0.0013649988,0.49758178,0.21420832,0.19158518,-0.28711462,-0.03876846,-0.33791012,-0.023710212,-0.31909487,0.30030388,0.027552119,-0.12415445,-0.056787483,-0.6872605,-0.008526425,0.47344345,-0.07152317,-0.49303293,0.0701602,-1.499348,-0.11452674,0.1383134,-0.16849941,-0.23436242,-0.3846856,-0.09289581,-0.10494666,-0.14817865,0.060335204,-0.37835386,-0.06070879,-0.1899439,-0.3926801,0.37756798,0.32202482
284,-0.015153663,0.05446133,0.2727317,-0.25439915,-0.036526836,0.23561524,-0.0093509955,0.25068304,0.09817361,0.006249489,0.30090675,0.11364466,0.2846736,0.020297633,0.13584983,-0.28569707,0.13109869,0.23693433,-0.47683692,0.17664748,0.16292611,0.044960503,0.12006974,0.0030945607,0.25021905,-0.09452531,-0.18442178,-0.4566057,0.20344144,-0.14528963,0.07702434,0.59151614,0.0369219,0.11654788,0.06172415,0.3464866,-0.2016387,0.18167228,0.08771792,-0.17840971,-0.29113215,-0.25336638,0.25670236,-0.48203507,-0.0984171,0.1147419,0.059304845,-0.34977806,0.10891345,-0.82308465,0.028972397,0.019003278,0.18846948,1.023976,-0.15454625,-2.117619,-0.06701105,-0.0057963417,1.5617654,0.5642907,-0.014169185,0.7235503,-0.25208038,0.18693839,0.65695614,-0.10709312,0.41102317,0.26833883,0.107096605,-0.08311726,-0.040098455,-0.17529386,0.05969547,-0.36835277,0.20925516,0.31016403,-0.05322432,-0.008646822,-0.8137337,0.021802595,0.5848533,-0.0040137484,-0.4724415,0.06485082,-1.3550543,-0.32061738,0.10931087,-0.30530217,-0.33248043,-0.26688674,-0.13146055,-0.043735627,0.04674426,0.030456014,-0.45705432,-0.07544299,-0.07730089,-0.14325638,0.45461968,0.18708058
285,-0.29545784,0.36991164,0.50350165,-0.26091918,-0.06524334,0.012916331,-0.42045,0.16978018,0.0013526877,0.15971968,0.019027995,0.006375005,0.057167668,0.13969651,-0.06391617,-0.32844397,-0.025830006,0.13187332,-0.41071948,0.41328833,0.44870082,0.16308068,0.299193,0.018921671,-0.08156166,-0.012944828,-0.032965332,-0.50128835,-0.21490018,-0.22028683,0.057073336,0.500455,-0.07051166,-0.19183402,-0.10345166,0.34432837,-0.11443383,0.21299751,-0.124000005,-0.13194267,-0.50792336,-0.27143002,0.34862962,-0.31540498,-0.16435952,-0.34029102,0.46885833,-0.20023648,-0.009461497,-1.01553,0.078595005,0.054457497,0.34136248,1.1411699,-0.41582164,-2.2939835,0.05790432,-0.4612697,1.6972667,0.34011698,-0.14017667,0.66754836,-0.24825166,0.07689834,0.7846566,0.12094951,0.5193246,0.31127617,0.29421833,-0.09327084,0.23005132,-0.39047337,-0.138998,-0.247975,0.11008934,0.012790833,-0.031871,-0.25932935,-0.8897333,0.24178334,0.70577,0.055219814,-0.35100338,-0.19169831,-1.25537,-0.118733,-0.18452685,-0.21411411,-0.5930416,-0.334505,0.069510005,-0.13068599,-0.28747734,-0.10381982,-0.5332317,0.09780484,0.031215003,-0.09423483,0.40814915,0.064441666
286,-0.9701,0.46821,-0.26834,0.67043,0.08871,-0.50789,0.11278,-0.46291,0.19719,-0.39083,0.11516,-0.88141,-0.095489,-0.1932,0.65421,0.16757,0.086689,0.053819,0.14595,0.52494,0.064429,-0.15729,-0.095941,-0.62295,-0.27015,-0.16057,-0.10939,0.16812,-0.41207,0.24502,-0.48753,0.35941,-0.56217,-0.52329,0.70499,0.19003,-0.5514,-0.099501,-0.31659,-0.31091,-0.18102,0.22955,0.31253,-0.7237,-0.54198,-0.090034,0.47733,0.032755,-0.52504,-0.48995,0.74818,-0.20234,0.18415,0.68781,-0.068136,-0.99438,0.10891,-0.30967,1.4043,-0.23582,-0.56765,0.82108,-0.27794,0.25087,0.99916,-0.18415,0.62771,-0.13185,0.46809,-0.49638,-0.10746,-0.34309,0.92547,-0.19316,0.44694,0.028827,-0.027924,-0.25467,-0.42717,-0.28876,0.3664,0.40122,-0.8698,-0.49363,-1.6019,0.77631,0.9808,0.35298,-0.78359,-0.35673,-0.55091,0.27107,0.69169,-0.42077,0.029862,-0.046423,-0.34432,-1.0237,0.307,1.0106
287,0.007985115,0.24704202,0.46284914,-0.27176887,-0.00070666603,0.2009759,-0.34410608,0.057401333,-0.23171313,0.056209557,0.2417261,0.19270767,0.08841155,0.044004664,0.08879722,-0.42388555,-0.054125,0.25022435,-0.051235005,0.48347774,0.17205499,0.08809444,-0.010664107,-0.18584132,-0.009769347,-0.022578543,-0.1605311,-0.5546166,-0.035130005,-0.33757675,0.029255893,0.38565555,-0.01377211,0.013820001,-0.10535666,0.27470887,-0.13516293,0.18811478,-0.18298434,-0.06877734,-0.19746067,-0.33591,0.23984759,-0.45346668,-0.30700177,0.07099679,-0.019351562,-0.41898954,0.06343134,-0.81091,0.0034030015,-0.06692788,-0.06815456,0.96670604,-0.33074754,-2.1789656,0.31381512,-0.19151345,1.6468844,0.20300889,0.093496665,0.9275878,-0.33519,0.18689477,0.60736775,-0.060664102,0.55676556,0.2847172,0.46981895,-0.28838667,0.10270599,-0.2114299,-0.122513875,-0.33236492,0.31722966,0.18099456,-0.28275755,-0.12449745,-0.95482063,0.14405878,0.61771,0.18936089,-0.44849354,0.21483336,-1.3694052,0.014953997,0.07177088,-0.23436397,-0.3481139,-0.38654,-0.116545,0.16742688,0.08076789,-0.109517224,-0.46923223,-0.35707578,-0.16681044,-0.12953067,0.619876,0.4743718
288,-0.044244505,0.2568303,0.35019165,-0.32837868,-0.17513709,0.08901246,0.04029867,0.23869574,-0.05222903,0.0075087263,0.32608452,0.08544596,0.27715468,-0.000132408,0.15412179,-0.30570498,0.14615193,0.22818264,-0.5342887,0.2388442,0.18292682,0.15128674,0.1237458,-0.07383993,0.25414154,0.06497581,-0.18222205,-0.43646017,0.107762314,-0.18939355,0.01240385,0.67551124,0.05459392,0.13608481,0.087457515,0.38098794,-0.0811758,0.22515671,0.11013746,-0.18746442,-0.3054017,-0.3317587,0.2586281,-0.46940035,-0.13985297,0.030602843,0.15952237,-0.4231588,0.12227887,-0.816436,0.021260694,0.0674033,0.1848199,1.0628229,-0.24807,-2.424516,-0.08594387,-0.0172208,1.6523304,0.58345336,0.037086252,0.7272562,-0.36597887,0.0853883,0.72373825,-0.060284007,0.4419805,0.421949,0.10100953,-0.088459305,0.0913874,-0.3197227,-0.0143631995,-0.33549532,0.26052904,0.18467669,-0.08070304,0.004154576,-0.8615569,-0.0400796,0.5504934,-0.035920005,-0.45258778,0.035493687,-1.4346969,-0.25340587,0.19025806,-0.3142864,-0.3494555,-0.36826056,-0.14470284,-0.14896503,-0.008853676,0.011788671,-0.51787436,0.026290666,-0.097715795,-0.20189361,0.3960361,0.22541006
289,0.005041443,0.17086774,0.16968395,-0.16858703,0.040538087,-0.038016114,-0.14162499,0.120139785,0.21291216,0.05114195,0.18491295,0.083647616,0.21966213,0.049374215,0.11648444,-0.23095247,0.06342444,0.06866655,-0.287385,0.23084849,-0.02605433,-0.014252371,0.1294065,-0.027579948,0.086898535,0.015495499,-0.038514987,-0.19818506,-0.0030555269,-0.13409173,0.10645877,0.556681,-0.05912333,-0.0031003198,0.18878378,0.2502705,-0.07401583,0.033015456,0.012138005,-0.18888861,-0.15575276,-0.15184423,0.1059949,-0.3483185,-0.012829385,-0.038502276,0.023834553,-0.3416773,0.07884883,-0.45529842,0.17972988,0.052869387,0.068002716,0.8183767,-0.17550422,-1.7627038,-0.027155885,-0.14993554,1.5423262,0.38756427,-0.07849078,0.31186056,-0.22794445,0.16260102,0.6578357,-0.082640275,0.34324682,0.102767386,0.25029978,-0.15604544,-0.0966694,-0.19826628,-0.057889335,-0.20288469,0.19082408,0.20692228,-0.03789178,0.07200183,-0.8149333,-0.11611806,0.6114275,-0.090593785,-0.38940436,-0.009493884,-1.2118478,-0.13894762,-0.0019368298,-0.23973152,-0.29513073,-0.34638986,-0.05040817,-0.044258088,-0.06832518,-0.07818418,-0.16021559,0.17105547,-0.077518106,-0.15516254,0.41730878,0.16195555
290,-0.06321994,0.14079635,0.31896982,-0.28346547,-0.12228899,0.19965403,-0.04701708,0.23070934,0.023843795,-0.012628309,0.17183536,0.11276208,0.36150658,0.06513442,0.11487039,-0.32722864,0.22353107,0.16777025,-0.5569692,0.22027737,0.28502056,0.036754154,0.23394245,0.06355592,0.19275215,-0.10202607,-0.18568665,-0.47895908,0.17803141,-0.20740752,0.006589538,0.6032047,-0.030943494,0.13608667,0.10416344,0.32937282,-0.045953233,0.23485945,0.02580073,-0.19961028,-0.3682987,-0.20941418,0.19273849,-0.4648431,-0.107850835,0.032894854,0.24483259,-0.38571724,0.058251224,-0.8232824,0.031184297,-0.006209672,0.1714219,1.1318277,-0.2205387,-2.4764326,-0.06503182,-0.16507587,1.5932944,0.64886755,-0.0717703,0.74772924,-0.31747448,0.112262905,0.79961157,-0.094968356,0.4821157,0.46941298,0.13109423,-0.1533129,-0.009141175,-0.30017948,0.05272575,-0.47384018,0.18730116,0.1338145,-0.13321039,-0.068078935,-0.89184755,-0.013091629,0.60438627,-0.03637669,-0.5423132,0.118401505,-1.4304274,-0.27439332,0.21914883,-0.18146291,-0.33652395,-0.2811064,-0.13701952,-0.2136757,-0.07455591,-0.044201218,-0.4907227,-0.024649989,-0.2201289,-0.24733828,0.38900986,0.22458845
291,-0.11691885,0.23746525,0.33997512,-0.34803537,-0.20077798,0.22125958,-0.18900456,0.34577698,-0.06761025,-0.11504904,0.24542935,0.096892044,0.21759541,0.094109915,0.047482498,-0.41542274,0.006970177,0.24234231,-0.451562,0.3373653,0.30123773,0.085331745,0.033500236,0.014970391,0.0987149,0.0025699565,-0.20825247,-0.5103052,0.25132716,-0.25053948,-0.019017573,0.43392903,-0.0067371097,-0.009445171,0.095267825,0.37203318,-0.13340773,0.30716035,0.042585146,-0.26256734,-0.22051026,-0.22095528,0.20267533,-0.38512287,-0.25276357,-0.007995254,0.097795434,-0.43436792,-0.016659822,-0.94115144,0.089438215,-0.06382067,0.1506782,0.99838054,-0.27640897,-2.1713064,0.080884755,-0.10809257,1.5871441,0.4642873,-0.07615788,0.8150374,-0.43696406,-0.015451171,0.6978412,-0.0025805363,0.56497735,0.43788606,0.061730307,-0.31436917,0.01870097,-0.28389314,0.02615122,-0.48436257,0.14768842,0.27851442,-0.19394554,-0.045446087,-0.68935966,-0.05260589,0.59617317,0.07138214,-0.41811022,-0.037312217,-1.3912365,-0.27278262,-0.03660599,-0.12106043,-0.33572847,-0.34513167,-0.15877755,-0.07742838,0.17682672,-0.14857592,-0.593242,-0.17745282,-0.13965535,-0.20481645,0.42701727,0.22228801
292,-0.22401129,0.13370696,0.46245247,-0.15559942,0.04992728,0.20939764,-0.106490545,0.19596934,-0.009826849,0.0019710867,0.16765216,-0.03483161,0.20360307,0.057782274,0.17658316,-0.1619087,0.0976615,0.016827626,-0.1707492,0.16478962,0.040968433,-0.1173125,0.14957428,0.018757375,0.18831782,0.016772797,-0.11149469,-0.30363613,-0.084655486,-0.163846,-0.0159911,0.40813106,-0.047552146,-0.022373285,0.08988986,0.21787713,-0.039200485,0.04448035,-0.030219601,-0.15507847,-0.21267033,-0.16863292,0.20660187,-0.35999525,-0.067121625,-0.025026986,0.07405997,-0.23820291,-0.05431755,-0.6193365,0.24317352,-0.0073094633,0.037100166,0.92216927,-0.2205707,-2.08004,0.00020332055,-0.17521448,1.5016946,0.3740065,-0.14175516,0.6316959,-0.1407511,0.08915622,0.7126835,-0.030899666,0.37989336,0.15558073,0.17983152,-0.18520981,-0.15061848,-0.107551634,-0.019418431,-0.22941732,0.22623271,0.22763589,-0.15635787,-0.02125036,-0.76687694,-0.06640428,0.5600394,-0.0006809247,-0.4306126,-0.010024892,-1.2012789,-0.17069545,0.10238217,-0.12892693,-0.16418648,-0.30986723,-0.115591116,0.0010397392,-0.11711648,0.023756761,-0.4188756,-0.06560966,-0.1286984,-0.2851868,0.5891106,0.19130947
293,-0.13321735,0.1644507,0.34431946,-0.37479866,-0.1425217,0.18952802,-0.15273504,0.1866442,0.07134692,-0.024850847,0.19823015,0.06493444,0.17647082,0.013800963,0.05168345,-0.27913046,0.19812618,0.1541585,-0.5147007,0.26471952,0.13434999,0.048064116,0.059797615,-0.053081963,0.16146496,0.055442046,-0.18347238,-0.5262866,0.21355474,-0.1895391,-0.05415127,0.687126,-0.05108984,0.071350195,0.05824624,0.39564154,-0.11190621,0.13584712,0.14965342,-0.2520047,-0.28562114,-0.25296783,0.0136571955,-0.44038883,-0.23462151,0.024394143,0.051073387,-0.3873599,0.03211791,-0.86755115,0.021848828,0.093585186,0.19699788,0.95401686,-0.14906424,-2.2170327,0.0074851965,-0.13177197,1.6693528,0.42571178,-0.031972107,0.6704286,-0.355502,0.028122189,0.672658,-0.053983666,0.5156131,0.46608943,0.11551604,-0.22561973,-0.060831774,-0.30973116,-0.033946835,-0.53023714,0.2030199,0.16591719,-0.08190216,-0.030813165,-0.7433119,-0.002780869,0.6046631,-0.038018476,-0.48411238,0.075023845,-1.3668599,-0.27540955,0.09519521,-0.011205848,-0.29171178,-0.29679877,-0.07691563,-0.06671013,0.034729704,-0.12421375,-0.48334953,-0.049124617,-0.02238381,-0.20246027,0.470094,0.24966295
294,-0.12102969,0.2612279,0.44002336,-0.35015422,-0.04431422,0.23068307,-0.1393349,0.21374841,0.081413016,-0.11464909,0.23368941,0.051286597,0.26812756,0.021151429,0.1226876,-0.2682521,0.12609933,0.19052039,-0.34803465,0.2795299,0.15903375,0.008057298,0.108835466,-0.057937518,0.13353035,0.028779952,-0.2715745,-0.46441382,0.020211428,-0.27724963,-0.054815833,0.6383005,-0.010559555,-0.06774957,0.15634364,0.30810362,-0.0369829,0.17440075,0.012218976,-0.26267982,-0.28674453,-0.13972601,0.089588046,-0.37831584,-0.18744802,0.053196035,0.17939344,-0.37133,-0.09682195,-0.71993816,0.10703666,0.011591636,0.07639708,0.9966768,-0.24922827,-2.2041132,0.037045937,-0.095680006,1.587335,0.36183932,-0.14573717,0.6812731,-0.25996566,-0.021806043,0.7494334,0.05972297,0.5753917,0.3203171,0.027193727,-0.30298382,-0.018613447,-0.2740095,0.05324865,-0.3567071,0.17979082,0.09724605,-0.14612499,-0.073193036,-0.7114511,-0.019564997,0.56586385,-0.07746966,-0.49883738,0.12322217,-1.3618369,-0.20500794,0.12661637,-0.10194459,-0.26273468,-0.2986885,-0.13795848,-0.07198064,-0.027751835,-0.15197742,-0.4403815,-0.07428506,-0.11951768,-0.20857921,0.46937123,0.2881257
295,-0.17561196,0.2240974,0.38200405,-0.3288303,0.033615146,-0.025809526,-0.17698142,0.12867783,-0.031096261,0.035401396,0.25123763,-0.1887567,0.21144521,-0.10152819,0.1596876,-0.049951322,0.2596075,0.2032332,-0.23571555,0.27471405,0.16730246,-0.16846715,0.15891805,-0.092501655,0.22170357,-0.0775654,0.046215754,-0.4063891,-0.05213775,-0.19615188,-0.01635935,0.43174297,-0.1075843,0.033018045,0.10900184,0.274865,-0.124929346,0.19230016,-0.06815116,-0.21189909,-0.2780242,-0.15887448,0.020495702,-0.3001611,-0.31732994,0.013247646,0.1055215,-0.31309107,-0.1600171,-0.71087205,0.14396559,0.020593893,0.119630896,0.8277904,-0.22314128,-2.1319244,-0.049566142,-0.10334542,1.6552277,0.44814998,-0.14387998,0.72372967,-0.31693965,0.26765335,0.7905416,0.0036649022,0.5083518,0.17509991,0.07305731,-0.16429369,-0.050657354,-0.18118098,-0.11310104,-0.2928134,0.23850551,0.150878,-0.17534003,-0.03422775,-0.7377727,-0.10022305,0.37678704,0.0066949995,-0.41352314,0.053919006,-1.3013543,-0.15988775,0.08470909,-0.06412543,-0.121910095,-0.34332186,-0.04958416,0.08653632,0.036181603,-0.018254694,-0.41182286,-0.09378149,-0.18236676,-0.31033948,0.7707413,0.3183495
296,-0.026636334,0.22587818,0.50989,-0.20580782,0.16287301,0.28941885,-0.18870668,0.20175831,-0.13406649,-0.114265345,0.13444166,-0.13222216,0.16473867,-0.07090633,0.11007949,-0.096921675,0.3280135,0.19619001,-0.46299505,0.48312664,0.44064665,0.1397675,0.087518334,-0.08651552,0.27282166,-0.08771834,0.061649,-0.5427633,0.061461672,-0.18813665,-0.3879908,0.4825575,0.26091206,0.013882016,0.22429383,0.41596887,-0.23558502,0.44131663,0.002211665,-0.36481568,-0.120036155,-0.03444666,0.16371994,-0.30665,0.13329333,0.016701663,0.086028315,-0.31345633,0.07683,-0.68546885,-0.014228498,-0.09401367,0.2435595,0.994185,-0.24577834,-2.6404335,-0.14522567,0.16647,1.4469033,0.34139147,-0.366125,0.8905017,-0.14892101,0.029613167,0.5902067,0.074006826,0.45733085,0.18107684,0.09882683,-0.22521901,-0.108479165,-0.19424833,-0.04137366,-0.20968033,0.089899994,0.34358832,-0.17658518,-0.13978234,-0.70101714,-0.12827267,0.32548833,0.21244335,-0.28029665,0.13049,-1.2289617,-0.20409383,-0.2646297,-0.24234866,-0.17456333,-0.278326,-0.031915832,0.019501833,0.10680732,0.121829666,-0.7276983,-0.017925838,-0.23414333,-0.37260666,0.5976413,0.59120494
297,-0.028306661,0.24848597,0.3498491,-0.29524112,-0.2696974,0.15252705,-0.13080704,0.25645924,0.10769631,-0.05798602,0.25852072,0.15717633,0.22750503,0.011333807,0.08064206,-0.3900047,0.06357794,0.27319294,-0.46036842,0.38708842,0.21527594,0.0896156,0.039254095,-0.085776165,0.11577116,0.11260983,-0.15513155,-0.46552926,0.19199818,-0.32416436,0.0003479502,0.6343733,0.018285422,0.07675628,0.10604149,0.38500646,-0.059717704,0.24441281,0.011802335,-0.35019553,-0.24485038,-0.19825955,0.07861246,-0.50776726,-0.2686919,-0.041547243,0.1378594,-0.35096258,-0.038006928,-0.87966585,0.027231367,0.017725993,0.13330582,0.9604048,-0.28111863,-2.1261187,0.017658751,-0.071797945,1.5971243,0.40982786,-0.11219784,0.61023766,-0.4049559,0.04821339,0.7233325,-0.04232429,0.545574,0.4821986,0.04252766,-0.28509417,0.0062241554,-0.3262176,-0.015964238,-0.5052602,0.13159685,0.15624021,-0.10270245,-0.0077415584,-0.81196815,-0.102784686,0.60536015,-0.15852632,-0.43459865,0.05423244,-1.4246105,-0.21265282,0.083004676,-0.16374473,-0.31695205,-0.33686528,-0.12208864,-0.13119492,0.017541824,-0.1110068,-0.50920683,-0.051566828,-0.10217341,-0.22128883,0.38673082,0.24487591
298,0.21295,0.03707,1.0124,-0.67493,-0.88175,0.18373,0.0004378,0.60014,0.4172,-0.19167,0.7171,0.36191,0.11145,0.14043,-0.22185,-0.27983,-0.50095,0.30039,-0.32264,0.22795,0.33832,0.93526,-0.62456,-0.30561,-0.53559,0.75834,-0.38558,-0.55745,0.09416,-0.20772,-0.55032,0.78057,0.50519,0.0070371,0.39801,0.14073,0.073522,0.012188,0.41071,-0.77171,0.22932,0.36581,-0.51284,-0.78185,-0.7812,-0.34036,-0.019167,0.031401,-0.24249,-1.2048,-0.39647,-0.12308,0.20971,-0.049102,-0.55112,-1.1077,0.25262,0.45174,0.92798,0.011731,-0.078905,0.73941,-0.81196,-0.26955,0.2769,0.27116,0.98054,0.76292,-0.88089,0.057249,0.35555,0.051699,0.1286,-0.35501,0.38306,0.57801,-0.19022,0.10603,0.1416,-0.50563,0.13599,-0.7722,-0.080773,-0.10218,-1.1811,0.0093019,0.11515,-0.10057,-0.22685,0.017916,0.18127,-0.040203,-0.031254,-0.011978,-0.093409,0.025642,0.027521,-0.26216,-0.069477,-0.070536
299,-0.2570014,0.06524901,0.49407595,-0.290762,-0.13620201,0.11624999,0.16479318,0.122864805,0.499718,-0.035174005,0.658228,0.10160019,0.309464,-0.20449582,0.13167801,-0.024458002,-0.027452994,0.22372298,-0.433652,0.62936604,0.0254704,-0.06545,0.25034803,0.2946064,0.28483307,0.336472,-0.215029,-0.14897199,0.16239998,-0.276268,-0.1544644,0.62195903,-0.0787148,0.22513051,0.2730708,0.1422096,-0.3962066,0.12081798,0.54566514,-0.10803801,-0.49440178,-0.0855188,0.0010244001,-0.352894,-0.2059026,0.29997,-0.011818016,-0.2382746,0.25559002,-0.48263597,0.176493,0.16467856,0.06978401,0.861042,-0.064303994,-1.6427419,-0.24901398,0.22503719,1.5496739,0.515176,-0.295012,0.78823537,0.08110599,0.27870467,0.509066,0.1912714,0.17975721,-0.038719412,0.14534,0.11628,0.034683995,-0.210988,0.2917634,-0.381142,0.0741522,0.22504802,0.11635759,-0.090512,-0.82736796,-0.216344,0.403966,-0.17016,-0.360566,0.039479397,-0.97546136,-0.23269339,0.12832479,-0.37942117,-0.627724,-0.210452,0.19652042,0.30859,0.03244399,0.19762799,-0.285516,0.25588346,-0.11934819,-0.016124,0.33994558,-0.013364005
300,-0.1455705,0.062365,0.601055,-0.23358925,-0.08882749,0.725665,-0.5111825,0.188275,0.32847998,-0.36199,0.3826175,-0.12944621,-0.057446748,0.0123787485,-0.060728252,-0.26557648,-0.4910425,0.054742746,-0.5970925,0.29664,0.2368625,0.14559749,-0.248105,-0.306805,0.15798101,0.500315,-0.43963498,-0.3632425,0.869515,-0.034240745,0.0065560043,0.4025375,0.21813,0.21679275,-0.18395752,0.1375825,-0.22279575,-0.4217775,0.38449502,-0.167559,-0.36359248,0.1474985,-0.19976474,-0.82797503,-0.156053,0.08264225,-0.2934225,-0.39866227,-0.16205499,-1.0187825,0.34438747,0.55535,-0.09679,0.7313975,-0.31960303,-1.8656325,0.164017,0.22128299,1.637,-0.07484978,0.035485,0.6569,-0.29536,-0.119353555,0.47869247,0.26427898,0.52802,0.66313,-0.026345007,-0.0723375,-0.2254525,-0.25816026,-0.2069025,-0.77081,0.38833076,0.65011,0.2191585,0.25012997,-0.52999747,-0.2326335,0.53705746,-0.27902502,-0.5856266,-0.23960498,-1.114585,-0.09653675,0.1588715,0.0120825,-0.28330427,-0.118483,-0.26209,-0.011097506,0.3328425,-0.4221275,-0.3867175,-0.378295,0.07395725,0.06043099,-0.042577736,0.3019275
301,-0.22282213,0.15408702,0.44128788,-0.21562645,0.0463923,0.09143853,-0.109750465,0.111184195,0.05892806,0.009691432,0.23812255,-0.09899507,0.23624474,-0.063779294,0.15163934,-0.13972652,0.13501027,0.11970131,-0.25438288,0.091713905,0.104849435,-0.012899233,0.2618897,0.054403886,0.17925574,-0.033913024,0.14457521,-0.29490736,-0.13138178,0.0052915644,-0.03306433,0.49053073,-0.033108555,0.10114575,0.23518534,0.2793569,-0.09453236,0.22709154,0.048320502,-0.20337386,-0.17151277,-0.18390636,0.09973386,-0.31897908,-0.15455373,-0.030775692,0.21500652,-0.30261466,0.048972525,-0.5708904,0.16657479,0.013331674,0.16301389,0.88721293,-0.26208323,-2.122566,-0.055967595,-0.11214979,1.5321188,0.38010198,-0.21578419,0.7024807,-0.20920098,0.036929358,0.7453122,0.043717943,0.34849125,0.118856505,0.21552807,-0.13083583,0.0025794995,-0.21015967,0.047325898,-0.3426045,0.2059143,0.14533536,-0.014255798,0.027722968,-0.7499529,-0.19230731,0.45528096,-0.15793529,-0.38006,0.1751436,-1.2066994,-0.13051967,0.009835347,-0.2819768,-0.2587302,-0.24867795,-0.026729776,0.09529521,-0.08852463,-0.0027699973,-0.34149554,0.011726107,-0.18687716,-0.39631897,0.66362184,0.26137164
302,-0.011585352,0.11931412,0.3117035,-0.29649323,-0.083488,0.25072467,-0.23548949,0.1685736,-0.026506806,-0.04585459,0.15196124,0.02627505,0.2016925,-0.036607694,0.10865788,-0.36192718,0.2223262,0.1437707,-0.33658096,0.299839,0.23391533,0.023145447,0.12202497,0.021190753,0.25562018,-0.020633552,-0.24527462,-0.49030703,0.23623915,-0.17329165,-0.014841499,0.5121389,0.04029455,0.047448352,-0.0818768,0.38510865,-0.2508863,0.12773778,0.06747605,-0.1902754,-0.2720324,-0.21796198,0.168273,-0.42248526,-0.13205227,0.06878675,-0.0008719355,-0.36517423,0.00073492527,-0.82040703,0.13918105,0.0538192,0.010204145,1.2065743,-0.13414615,-2.4701827,0.014467003,-0.22193745,1.9159849,0.3974001,-0.056431603,0.6879539,-0.22305563,0.1364358,0.62304765,0.03112555,0.4348789,0.3740387,0.10744033,-0.17226514,-0.061270732,-0.30726406,-0.032025147,-0.6438633,0.20301895,0.2689038,-0.20303293,-0.0626011,-0.7742137,-0.09494505,0.6342291,0.04070119,-0.44278732,0.079903506,-1.4138485,-0.32819182,0.1475146,-0.08886634,-0.3393367,-0.30252078,-0.092055604,0.025304597,0.0708319,-0.1562173,-0.51088053,-0.11422994,-0.060999036,-0.03984155,0.47027373,0.3218235
303,-0.2816,0.18427,-0.06755,0.27694,-0.066775,-0.41389,0.30757,-0.11097,-0.84585,-0.17047,0.0062422,-0.65395,0.28771,-0.12409,-0.26717,0.026893,0.17115,-0.46256,0.19549,1.1399,-0.46206,0.39222,-0.18622,-0.53259,0.073297,0.0045262,-0.45476,0.16952,-0.41111,-0.31766,-0.73616,0.56228,-0.26528,-0.088054,0.93175,0.46633,-0.36245,0.46954,-0.18022,-0.07036,0.55793,0.13965,0.38983,-0.04636,0.55198,0.020288,0.34741,-0.61839,0.051404,-0.83699,0.05628,-0.24738,-0.19872,0.75093,0.068948,-1.7575,0.70621,0.079792,1.1462,-0.63423,-0.68378,0.51682,-0.68141,0.29451,0.25864,-0.25839,0.36467,0.026786,0.35151,-0.13273,0.18513,0.52367,1.0416,-0.12293,0.77957,0.41305,-0.28948,0.19722,0.41088,-0.35153,0.48837,0.58854,-0.37273,-0.45631,-0.98976,-0.070993,0.48845,-0.082542,-0.49009,-0.29484,0.031072,-0.38779,0.15321,-0.0078053,-0.43276,0.37334,-0.76888,-0.82518,0.28753,0.76069
304,-0.20744878,0.28372538,0.26765686,-0.059078336,0.022867136,-0.007737534,-0.14016783,0.151787,0.12620302,-0.0790445,0.057552762,-0.1836446,0.36434916,-0.20658605,0.20710424,0.028552067,0.32209307,0.294488,-0.08133877,0.06994213,0.29091433,-0.24282229,0.24596784,0.040205345,0.11424263,-0.11765415,0.06761125,-0.25113186,-0.11746503,-0.08541212,-0.026566293,0.40036145,-0.23718439,-0.090754345,0.27611217,0.36286062,0.078778885,0.03683712,-0.28412312,-0.2716821,-0.05711488,-0.2323426,0.08396678,-0.30025,-0.14353663,-0.07507918,-0.015137662,-0.1902154,-0.12892711,-0.5299502,0.17320853,0.16557708,0.018783411,0.69587183,-0.08878129,-1.6678656,-0.09403359,-0.31535652,1.476383,0.13717288,-0.17116399,0.3576463,-0.1909655,0.21589206,0.61983305,0.07130564,0.29189453,0.26687858,0.1420674,-0.47180524,-0.0364603,-0.23153436,0.08940941,-0.21908446,0.03390776,-0.0155157065,-0.15917248,-0.0021189433,-0.6973688,-0.20680177,0.49783123,-0.17127529,-0.4646965,0.046645235,-1.1397182,-0.21909988,0.029975422,-0.039194614,-0.10805805,-0.24423768,-0.20163122,0.0351459,0.006176758,-0.2369983,-0.29029238,0.03327088,-0.15323842,-0.34864703,0.6122033,0.24576308
305,-0.2335215,0.36225137,0.25198913,-0.24777475,-0.08171095,0.22092174,-0.24521203,0.20132431,0.07893444,-0.14488645,0.09966831,0.111735664,0.2724332,0.12646322,0.17032263,-0.3558344,0.3496229,0.30793178,-0.42844093,0.20909618,0.27008075,-0.05311986,0.1622016,-0.024684396,0.1185432,-0.09695405,-0.052207176,-0.4479974,0.21743344,-0.23751281,0.106039956,0.52047926,-0.29718542,0.06462429,0.24444187,0.34891012,-0.103378825,0.18373087,-0.016433557,-0.3642172,-0.29473594,-0.26364526,-0.08211505,-0.4503965,-0.20270103,-0.06893508,0.2001283,-0.32206684,-0.20112166,-0.7943,0.21204081,0.14478907,0.21213076,1.0717678,-0.21387258,-2.050205,-0.039765745,-0.2312937,1.6551433,0.36942178,-0.23733015,0.8607685,-0.3285584,0.26991817,0.78904074,-0.0042971307,0.45621756,0.35135797,0.008594427,-0.48969537,-0.030658042,-0.3945801,0.11559763,-0.30924156,0.13263237,0.053675298,-0.20131901,0.0890806,-0.7921382,-0.033406653,0.63693696,-0.1515475,-0.5913179,-0.04335262,-1.3704686,-0.10858991,0.2705213,-0.09786417,-0.13870037,-0.26748627,-0.28919375,-0.032220934,-0.047214217,-0.1788425,-0.5540716,-0.30466965,-0.22879273,-0.40822867,0.49241298,0.14557394
306,-0.08577267,0.2844685,0.5866617,-0.24971168,-0.28434667,0.25893,-0.12013835,0.4058467,-0.13113083,-0.045975,0.45170298,0.17605983,0.028691495,0.08911117,0.068975165,-0.24701716,-0.05725099,0.22618,-0.56271166,0.4393148,0.113874674,0.010578998,-0.18113333,-0.238425,0.29430398,0.17044665,-0.27262214,-0.50157005,0.22015549,-0.26768914,0.02303867,0.64927834,0.22954834,0.082069166,-0.22875701,0.50559664,-0.17357701,0.26256168,-0.15138833,-0.3658867,-0.18548785,-0.45666483,0.22264236,-0.47224832,-0.32985935,0.02520817,-0.12716882,-0.25753716,-0.17380773,-0.8631267,-0.016794221,0.09317834,0.029208673,1.0114766,-0.33822832,-2.5310833,0.12113831,0.017506499,1.7143835,0.35271445,0.09964535,0.9447017,-0.47108868,-0.024381319,0.3476522,-0.04891087,0.45552668,0.47991502,0.058783334,-0.18791832,-0.02825167,-0.070888326,0.0010398468,-0.5819583,0.25903502,0.5895996,-0.23886101,-0.19529666,-0.71360666,-0.17732549,0.5703417,-0.050467506,-0.3146983,-0.16713183,-1.46145,0.041393302,0.16412835,0.051678155,-0.36335897,-0.26455435,-0.22516318,-0.061692655,0.21389584,-0.01973201,-0.60198665,-0.19988334,-0.14764732,-0.069607995,0.6337132,0.45625663
307,0.042089753,0.17883486,0.47183305,-0.3468714,-0.18767433,0.20649308,-0.16317268,0.18371688,0.13546596,-0.070123546,0.32875744,0.28059864,0.16292042,0.06055723,0.078651905,-0.32983035,0.14493753,0.2040668,-0.31530192,0.29388896,0.16066681,0.21829106,0.071667634,-0.12693273,0.041109294,0.069474064,-0.21968037,-0.48456365,0.11857321,-0.15082252,0.1118644,0.5369576,0.10156789,0.089792185,-0.02763723,0.20723662,-0.24238424,0.23303412,0.05024992,-0.09338596,-0.27904254,-0.20186181,0.2187446,-0.46165717,-0.24547115,-0.13673492,0.04644045,-0.31547487,0.067347005,-0.85462725,0.006785505,0.06772414,0.16530146,0.96667725,-0.30153573,-2.1173532,0.13423504,0.0016768433,1.4190478,0.4539899,0.10840578,0.8845425,-0.4585408,0.0739921,0.69242644,-0.011478495,0.65625584,0.32321185,0.12299078,-0.12167986,0.03442417,-0.14966919,0.10360928,-0.41533098,0.08484168,0.269686,-0.18316841,-0.10458872,-0.795458,0.09367614,0.5093731,0.15374649,-0.48529956,-0.07118198,-1.3126813,-0.2595629,-0.024971308,-0.06670597,-0.43800926,-0.18756379,-0.18237239,-0.15036201,0.19060653,0.021923024,-0.38211662,-0.086034395,-0.13973318,-0.16223818,0.38780144,0.3961355
308,0.26867566,-0.5511936,0.15104137,0.008196817,0.015107808,0.08079082,0.544523,0.48224556,0.9297423,-0.11239736,0.35497764,0.14914817,-0.33042547,0.100289755,0.48860267,-0.5186643,0.2345319,0.12554492,0.020266458,0.27111214,0.51351655,-0.03606656,-0.42041472,0.069766924,0.10409167,-0.16988972,-0.08926086,-0.72028995,0.25756228,-0.28945994,-0.28787658,-0.600779,-0.12208541,0.33950585,0.33310926,0.40357563,0.5234546,-0.12146836,0.1591179,0.091302365,0.3318485,-0.095588736,-0.13194273,-0.671065,0.45574778,-0.20045939,-0.6042319,-0.24340998,-0.8076238,-0.09334443,-0.60043794,0.81283873,-0.24569601,-0.35911137,-0.18297601,-1.2006881,0.15980712,0.26826227,0.3847003,0.330916,-0.5521563,-0.18111318,-0.57868505,-0.7925903,-0.062225733,-0.1724434,0.11880123,-0.5259888,-0.026611,0.7047155,0.3912338,0.63409084,-0.151561,-0.44672272,0.032078642,-0.3992287,0.078091495,-0.14272009,-0.36840776,0.12083282,0.33290365,-0.71645045,0.052498017,-0.2613215,-0.28501907,0.086866066,-0.24476446,-0.31839207,0.33789274,-0.2894507,-0.009195503,-0.3504973,0.42926443,0.20773768,-0.100684166,0.37451065,-0.78609484,-0.583179,0.10158127,-0.10488805
309,-0.18782777,0.18056445,0.08111104,-0.25725853,0.23784266,-0.003469338,-0.29033554,0.22953555,-0.121507354,-0.14255221,0.27805364,0.12254812,0.1815769,0.10092867,0.2165711,-0.18768579,0.3445631,-0.056716654,-0.2638484,-0.10004577,0.15461507,0.00967245,-0.092420004,-0.0044297744,0.3430261,-0.2845593,-0.0030409927,-0.45692554,-0.068032786,-0.163252,0.08758957,0.33117545,-0.15954211,0.0021432196,0.02778677,0.43832955,0.00214211,0.06666743,-0.059669033,-0.24408735,-0.176165,-0.2134378,0.14752445,-0.12009868,-0.09206208,-0.01700888,0.14717889,-0.51754016,-0.07331583,-0.55221885,0.29277733,0.08191612,0.10462855,0.86885554,-0.25792012,-2.1611245,0.0066802246,-0.35814545,1.7534057,0.41647,-0.22037446,0.7844778,-0.23995434,0.2412902,0.75435036,-0.14802,0.1861071,0.122863665,0.032876,-0.33425334,-0.05062268,-0.2170338,0.027748002,-0.17512509,0.23023356,0.25825,-0.15524621,-0.029768893,-0.98954,-0.14971243,0.44341114,-0.07460855,-0.26276553,-0.09607111,-1.1142422,-0.2964312,0.06670634,-0.3491603,-0.09329956,-0.17111799,-0.17312121,0.066900544,-0.028154327,0.024695447,-0.5786078,-0.1817113,-0.36046112,-0.29895,0.6245755,0.23748043
310,-0.036446743,0.08733775,0.44432694,-0.22729936,0.1569924,0.13504286,0.08326812,0.23514883,-0.21219112,0.09936612,0.18360475,0.011259874,0.23837706,-0.004729662,-0.05192088,-0.2853278,0.20411983,0.05550713,-0.42925155,0.15473437,0.13909133,0.033853505,0.20745781,0.06723893,0.22800311,-0.19505331,-0.0017031906,-0.4236381,0.2407569,-0.11049962,-0.033641312,0.40878934,-0.060950153,0.15159309,0.13358836,0.20044206,-0.122900434,0.63477254,-0.31960857,-0.09826019,-0.4526318,-0.13508722,0.26639515,-0.41437587,0.014895249,-0.02680063,0.34242296,-0.61934876,-0.08145243,-0.6659293,-0.0017270073,-0.0557075,0.33188602,0.9906444,-0.37860227,-2.465825,-0.060015306,-0.19494088,1.5421939,0.53535706,-0.18592998,0.76741433,-0.3443075,0.11567575,0.78590775,-0.03773244,0.40448815,0.37643653,0.1476647,0.021674884,-0.013996745,-0.18000251,-0.05964656,-0.19871175,0.1992227,0.29130313,-0.19850881,-0.02192862,-1.085567,-0.001004558,0.55728894,0.04112238,-0.4869875,0.0065163025,-1.3977842,-0.14240406,-0.12803224,-0.22131658,-0.029452752,-0.31060988,0.006970184,-0.17104107,0.04380612,0.24070807,-0.55489624,0.18235162,-0.27162513,-0.112377256,0.56105226,0.22716261
311,-0.04870055,0.14308783,0.28818074,-0.27431628,-0.103755474,0.124063864,-0.10031095,0.26860374,0.15649149,-0.07013633,0.16516979,0.13149282,0.3305303,-0.069824174,0.03835985,-0.29150274,0.13902755,0.19278894,-0.5389752,0.060561363,0.22163096,0.093986176,0.33605587,0.059829332,0.13500232,-0.0620408,-0.17147478,-0.4854786,0.075965405,-0.18653864,0.028559942,0.5405507,-0.08232362,0.11054391,0.14661196,0.27668723,-0.08146354,0.21108285,-0.049979758,-0.18989062,-0.50683564,-0.17252423,0.13486908,-0.3397624,-0.17119496,-0.020845901,0.20573433,-0.30232912,0.07433151,-0.70351124,0.09022348,-0.038201854,0.20224388,1.0658177,-0.29110035,-2.0924878,-0.14586075,-0.11942704,1.3648976,0.5214662,-0.15357149,0.72468257,-0.26840642,0.14844216,0.6934618,-0.04076591,0.45697248,0.3427727,0.09737512,-0.30721515,0.053345002,-0.35986954,0.02336536,-0.40759906,0.04653964,0.033312824,-0.21798563,0.061741605,-0.81362337,-0.04423029,0.58173096,-0.11586449,-0.5635624,0.077968165,-1.4085692,-0.098296195,0.25449845,-0.09686589,-0.40449843,-0.36532903,-0.13582154,-0.118667044,-0.22980714,0.050277527,-0.4970483,-0.018392947,-0.11725652,-0.18044145,0.38772154,0.21268106
312,0.0,0.0,0.0,0.0,0.0,0.0,0.0,0.0,0.0,0.0,0.0,0.0,0.0,0.0,0.0,0.0,0.0,0.0,0.0,0.0,0.0,0.0,0.0,0.0,0.0,0.0,0.0,0.0,0.0,0.0,0.0,0.0,0.0,0.0,0.0,0.0,0.0,0.0,0.0,0.0,0.0,0.0,0.0,0.0,0.0,0.0,0.0,0.0,0.0,0.0,0.0,0.0,0.0,0.0,0.0,0.0,0.0,0.0,0.0,0.0,0.0,0.0,0.0,0.0,0.0,0.0,0.0,0.0,0.0,0.0,0.0,0.0,0.0,0.0,0.0,0.0,0.0,0.0,0.0,0.0,0.0,0.0,0.0,0.0,0.0,0.0,0.0,0.0,0.0,0.0,0.0,0.0,0.0,0.0,0.0,0.0,0.0,0.0,0.0,0.0
313,-0.12969635,0.11869654,0.3809016,-0.30550668,-0.09316492,0.1092185,-0.24235205,0.19114932,0.036638137,-0.032918956,0.13573362,0.005152688,0.3050003,-0.02387386,0.070799656,-0.260451,0.23849826,0.20541336,-0.3529947,0.37751815,0.06713404,0.035679005,0.14085396,-0.008268568,0.08436368,-0.040679272,-0.114251144,-0.31922686,0.05017822,-0.21450944,-0.0039925845,0.5630177,-0.07091327,0.012430725,0.17222954,0.24938393,-0.14527245,0.102989174,0.13428278,-0.2571089,-0.20930682,-0.097412735,0.041659866,-0.3792095,-0.08162606,0.12208791,0.26265094,-0.31741363,0.012094051,-0.68470365,0.14577113,-0.10795937,0.13917778,0.8975891,-0.10594619,-2.0339117,-0.02840157,-0.19157672,1.5989354,0.3094354,-0.12772195,0.5500007,-0.26388305,0.009787131,0.68165785,0.04334313,0.3728878,0.18724197,0.1642803,-0.32852185,0.057356585,-0.39039317,-0.04357559,-0.34617174,0.28001416,0.14014736,-0.07829936,-0.05377032,-0.7377241,-0.028413134,0.54532546,0.01605945,-0.4912431,0.15054263,-1.4149082,-0.1938317,0.09882749,-0.14229707,-0.2040308,-0.30070406,-0.037993595,0.07464835,0.06475118,-0.12775725,-0.33840325,-0.059289373,-0.07830577,-0.20255966,0.43134335,0.29024383
314,-0.12475234,0.121340014,0.65575004,-0.17083335,0.21232033,-0.097184666,0.14887534,-0.443663,0.2044987,-0.087012686,0.41316566,-0.28777668,0.11487334,-0.44279802,-0.27232334,0.058778662,0.28953266,0.4224,-0.47425997,0.47848335,0.12656,0.012850006,-0.10556799,0.08429667,0.33058932,0.28875569,0.17269333,-0.02342233,0.29479998,-0.04888,0.06556033,0.6063966,0.10759866,0.39936665,0.5550867,0.04001433,-0.8103301,0.19752668,-0.16992666,-0.31748533,-0.23834966,0.5804733,0.27560666,-0.076996334,0.23495333,-0.0026685297,0.56094,-0.45355335,0.09021667,-0.41647336,0.022890002,-0.04458667,0.3886464,0.5316834,0.002976666,-1.5972433,-0.3580967,0.1389822,0.9886567,0.18827999,-0.25742134,0.62682897,-0.46535668,0.15855001,0.81322336,0.054943666,0.15126532,-0.14538667,0.44725966,-0.31564,0.6031533,0.20759332,-0.027343323,0.17992334,0.16652001,0.30861002,-0.10581667,-0.39859533,-0.56614333,-0.069819994,0.2991967,-0.29838982,0.024183324,0.019580334,-1.0235057,-0.20474334,0.007859,-0.5787733,-0.059860993,-0.12173167,0.14063835,0.5191024,-0.040031,-0.23361999,-0.29540667,0.07114666,-0.21331,-0.2878767,0.78622,0.20499532
315,-0.07533779,0.13348655,0.3636619,-0.30476362,-0.08436599,-0.047771603,-0.16655499,0.17124318,0.0127818,-0.05042366,0.2479227,0.10681424,0.22657429,-0.012916502,0.0946306,-0.26681796,0.08471271,0.17061925,-0.33861288,0.106533,0.30851662,0.10522546,0.17994255,-0.1072043,0.16193655,-0.034168757,-0.1581918,-0.38485366,0.0032626407,-0.2034617,-0.063462295,0.4008381,-0.007860298,0.00048142532,0.060586907,0.2963381,-0.01733993,0.22893706,-0.0395314,-0.27474838,-0.2906354,-0.23708448,0.15428846,-0.35626635,-0.014493754,0.03689391,0.15213421,-0.33976486,-0.01911615,-0.7186533,0.13251063,0.083557576,0.07165332,0.91209334,-0.387948,-1.9813343,-0.08727709,-0.067230344,1.465159,0.48733518,-0.16848321,0.6677398,-0.32688403,0.14854409,0.60750675,-0.027514467,0.43769783,0.30419835,0.050424244,-0.27085567,-0.047362067,-0.33486867,0.017686153,-0.3230275,0.08435203,0.07545287,-0.16923507,0.020251684,-0.78541875,0.0041402886,0.51100206,-0.09045465,-0.5069834,0.12771803,-1.1843239,-0.27233043,0.05745287,-0.16788891,-0.22338621,-0.34731358,-0.19320713,-0.069957964,-0.018147204,-0.03191735,-0.53236395,-0.061477255,-0.12675895,-0.20301205,0.46273026,0.2193199
316,-0.062825166,0.21208332,0.41143152,-0.167587,0.17906366,0.09866848,-0.23831235,0.42957166,-0.24347568,0.14056817,-0.0098033445,-0.025659999,0.28576097,0.24500735,-0.31081703,-0.11782067,0.19422834,-0.061556667,-0.39094833,0.08328884,0.26876497,0.16911651,0.66697496,0.19157183,0.30896667,-0.12723951,0.07333766,-0.5126733,0.020268345,-0.10735667,0.11130967,0.1906067,0.1271175,0.021089325,-0.033401664,0.20456885,0.019265005,0.58698165,-0.40258002,-0.147223,-0.52481335,-0.13256334,0.33282837,-0.26582032,0.06783017,0.2032155,0.20009668,-0.34715497,-0.2207988,-0.8605933,-0.23981698,0.157595,0.19057782,1.0194467,-0.27466685,-2.0933282,-0.08454001,-0.10915465,1.7913717,0.32225567,-0.27992,0.70126504,-0.22615485,-0.103703976,0.8132984,0.34011033,0.15616417,0.1635945,0.398728,-0.05434367,0.004303336,-0.056569993,-0.24770834,-0.24738848,0.40920833,0.25084248,-0.290378,-0.113256834,-0.78824836,-0.10335115,0.43091336,0.23785998,-0.26131883,0.08664334,-0.966605,-0.11947233,-0.3880897,-0.30046335,-0.2173598,-0.18171282,-0.062262505,0.21295683,-0.047658492,0.35987198,-0.6276567,0.18764167,-0.27482268,-0.3005805,0.67297,0.27862668
317,-0.058778416,0.11709489,0.3354917,-0.09942479,-0.15227166,0.057865918,-0.240904,0.1552683,0.1174259,0.0016324032,0.16018213,0.103147425,0.21505658,0.041318726,0.14565906,-0.23150663,0.15429494,0.12915595,-0.37788674,0.22617885,0.12338539,-0.14491375,0.08253517,0.0036111742,0.032274913,-0.041014824,-0.11018719,-0.36003622,0.12847802,-0.16424365,0.010574075,0.44699234,-0.06652512,0.061511636,-0.0049570324,0.39386624,-0.06136217,0.087458275,-0.095794216,-0.08243166,-0.29804677,-0.19560213,0.15627044,-0.4474062,-0.11074593,-0.040704966,0.11536485,-0.3870615,-0.033708405,-0.8323368,0.32657263,0.063494205,0.18549201,0.9703709,-0.1501871,-2.0222468,0.11788875,-0.2811649,1.7368841,0.32183614,-0.15842398,0.4583467,-0.28786,0.06968645,0.74072266,-0.14204231,0.30367473,0.3253403,0.094962746,-0.19543722,-0.13872126,-0.37023765,-0.0077629527,-0.46298772,0.24862757,0.27980524,-0.13060388,-0.03194457,-0.80225813,-0.10007874,0.50280493,-0.062393755,-0.3339346,0.08634807,-1.340438,-0.31763238,0.2181178,0.011793232,-0.16569968,-0.30456212,-0.1431162,-0.06543871,-0.09462463,-0.1176914,-0.3681156,0.034470327,-0.01491074,-0.17903933,0.41838565,0.1819117
318,-0.06573624,0.22404873,0.14399752,-0.045205005,0.1301,0.09719001,-0.17051251,0.24135499,-0.10121998,-0.057975017,-0.2655025,-0.33529782,-0.010955252,-0.2475385,0.19902499,-0.091704994,0.24225275,0.11236999,-0.50598454,0.46733147,0.16237275,0.3221485,-0.26946002,-0.43759525,0.21525249,-0.114942506,-0.14508998,-0.23809075,-0.1776025,-0.1671975,-0.42632252,0.39939326,0.03569451,-0.2460175,0.1589825,0.15896188,-0.25457,0.39321,0.1556275,-0.2809425,0.034350015,-0.06680075,0.545155,-0.43142998,0.2394175,0.336485,0.51110995,-0.09533,0.30988,-0.52201825,-0.11323299,-0.25044,0.19221851,0.73034,0.10525876,-2.7379751,0.025695741,-0.0548575,1.5983,0.15895,-0.18973203,0.9198475,-0.14556701,-0.07977967,0.48708248,0.13762,0.3778375,-0.284435,0.207495,0.02030925,-0.1913875,-0.120392494,0.0858395,-0.1885255,-0.006959756,0.19048625,-0.042222746,-0.18579249,-0.671315,0.058227506,0.44732103,0.28459626,-0.111231744,0.208391,-1.1545,-0.15876426,-0.12279751,-0.42537752,-0.21427101,-0.60662746,0.24445099,0.07446125,0.20016575,-0.089637995,-0.47443622,-0.091661006,-0.075655006,-0.5039275,0.5837575,0.613035
319,-0.30878758,0.13559802,0.599548,-0.34297934,-0.174288,0.0043370025,-0.010419995,0.20142,0.22356756,-0.1693264,0.07039739,-0.110931,-0.052354008,0.012830007,-0.036150392,-0.45915398,0.052129995,0.36434397,-0.46530542,0.4083372,0.2993786,0.1166064,0.1144802,-0.097148,-0.014120398,0.346574,-0.129826,-0.708784,-0.1080722,-0.115193985,-0.1422298,0.334762,0.2936278,0.12090762,-0.042425998,0.388864,0.013374001,0.064059034,-0.058572005,0.082548,-0.30774003,-0.113012,0.04393236,0.08913199,-0.4412652,-0.0317806,0.054168005,-0.22203581,0.18896039,-0.84092504,0.20560642,-0.148507,0.1311744,0.55904996,-0.09190799,-2.0429978,0.055537116,-0.0051015853,0.712858,0.31338602,0.131266,0.89140606,-0.162084,0.112706006,0.60965806,0.0344054,0.81775,0.40833998,0.017358,-0.033091843,0.014965797,-0.18278798,-0.047194,-0.2178448,0.375072,0.1523538,-0.020089999,-0.09759707,-0.38465512,0.066456,0.33434397,-0.0861266,-0.30513,0.0436792,-1.0101621,-0.0064459993,-0.1391806,-0.37321398,-0.55061203,-0.38024598,-0.049254123,-0.101345204,-0.3079072,-0.10396999,-0.613522,-0.127335,-0.31651098,-0.099548,0.109266,0.3815738
320,-0.11619,0.45447,-0.69216,0.03458,0.26348,-0.38139,-0.2279,0.37233,-0.20579,0.2902,0.12114,-0.42729,0.55573,-0.094286,-0.49967,-0.29478,0.74109,0.25191,-0.27468,0.23191,0.0038204,0.045252,0.2497,-0.41579,0.31307,-0.58496,-0.32739,-0.66189,0.14909,-0.25771,-0.94858,0.41809,-0.29538,-0.042711,-0.6997,0.57892,-0.069271,-0.039633,-0.0056463,-0.29616,-0.57448,0.1601,-0.10671,0.10096,-0.42956,-0.27785,-0.30017,-0.69537,0.17965,-0.46723,0.12511,-0.029022,-0.15974,1.4217,-0.26224,-2.3719,-0.11917,-0.58262,1.5548,0.42212,0.084633,1.1385,-0.31226,-0.050738,1.0936,-0.001437,0.44641,0.34625,0.43964,-0.38941,0.27082,0.080626,-0.056481,-0.41097,0.5642,-0.15158,-0.14931,0.17199,-0.61495,-0.15822,0.32818,0.49756,-0.32947,0.16222,-2.3063,0.40681,0.27702,-0.37002,-0.80969,-0.76256,0.091109,-0.61473,0.25286,0.05998,-0.21977,0.0072382,-0.33877,-0.54737,0.48822,0.32246
321,-0.01595,-0.10522,-0.36692,-0.58337,-0.15748,0.47194,-0.56977,-0.33356,0.57499,-0.37104,-0.21623,0.30598,0.0029198,-0.50861,-0.0095035,-0.080026,-0.27984,0.12727,-0.16379,0.20267,-0.20657,0.0083431,0.28262,0.13703,-0.44468,-0.045225,-0.064703,0.17247,-0.55978,-1.0172,0.1258,0.077609,-0.1533,-0.16264,0.5047,-0.68513,-0.61936,-0.50592,0.4307,-0.3081,0.064777,0.4333,-0.71274,-0.013071,0.010145,-0.21632,0.14073,-0.27954,0.5046,0.39988,-0.12617,0.51763,0.0083252,-0.34279,-0.33534,0.81439,-0.071523,-0.12551,-0.12987,0.12769,-0.54347,0.24064,0.063316,0.18919,0.11582,0.21798,-0.18615,0.16097,0.56404,-0.50466,-0.55952,-0.26031,-0.10323,0.050355,-0.64123,0.018613,0.53252,-0.15044,0.11177,0.041944,0.66573,-0.098713,-0.37726,-0.49316,-0.56546,-0.36602,-0.033401,0.35282,-0.5172,-0.093055,-0.64403,0.45114,0.81172,-0.64272,0.5164,-0.4117,0.12807,-0.072353,-0.44509,0.11369
322,-0.10618031,0.120894015,0.3145486,-0.25567386,-0.06334349,0.046408623,-0.18302278,0.10014839,0.017394846,0.033977,0.13079324,-0.102861635,0.27825543,0.07949098,0.17380565,-0.24999227,0.23803167,0.018366834,-0.34019235,0.11210447,0.26856625,-0.09596668,0.26258245,-0.04810904,0.11163916,-0.14140621,-0.072887905,-0.38460746,-0.051986605,-0.10533985,0.038131945,0.3989255,-0.12018773,-0.08711097,0.08638923,0.27829748,0.084247746,0.21914454,-0.08181339,-0.13079892,-0.3385924,-0.28632995,0.06663299,-0.3537067,-0.042888544,0.05719073,0.118905656,-0.2929211,-0.05947837,-0.64613897,0.20200253,0.098217994,0.05958465,0.9674451,-0.19708513,-1.966953,-0.026296692,-0.27067366,1.631033,0.46754518,-0.17141649,0.6793162,-0.14858751,0.08856722,0.6105286,0.0011683452,0.51243925,0.21117945,0.30496904,-0.24821274,-0.13385634,-0.29723465,0.07518515,-0.31376702,0.15362607,0.1801963,-0.1054349,-0.027396167,-0.77381796,-0.0037494525,0.6401617,0.045094468,-0.53694296,0.28981262,-1.4168403,-0.16985787,0.11819101,-0.12557289,-0.26578382,-0.24459505,-0.083273664,-0.080429226,-0.14176452,-0.017052623,-0.4427972,0.008062692,-0.26806906,-0.2506997,0.55952454,0.134288
323,-0.17478032,0.32661253,0.24034815,-0.24596891,0.052594136,0.0838297,-0.20372775,0.014909653,-0.06276425,0.107406236,0.1311788,-0.09717931,0.0017829478,-0.16604969,0.1570569,-0.2564772,-0.0353036,0.20387454,-0.2084451,0.61268127,0.120223,-0.029435134,0.0033995032,0.10051819,0.11372991,-0.0186011,-0.007851299,-0.26495162,-0.14466286,-0.11875524,-0.0017513096,0.45014414,-0.10931144,0.11146035,0.357446,0.32675752,-0.11883682,0.15771924,-0.28349888,-0.07834031,-0.13775459,-0.15228279,0.10104674,-0.34450853,-0.13943288,0.008287308,0.109293,-0.37637293,-0.04191605,-0.61094606,0.0056322003,-0.26487672,-0.13397165,0.8415637,-0.18922961,-1.7402385,0.14641814,-0.09165465,1.1408448,0.32932153,-0.11822675,0.69690794,-0.26640356,0.23372164,0.5033034,0.06115799,0.47004348,0.3291978,0.30149,-0.19911999,0.02449885,-0.18244398,-0.013037753,-0.21031733,0.19798854,0.113494374,-0.25165254,-0.0695194,-0.61096984,-0.18913546,0.5361837,-0.15117456,-0.3650418,0.09325075,-1.0697092,-0.07159106,0.10073297,-0.13410497,-0.21517713,-0.25980324,0.027946185,-0.023005104,-0.116279185,-0.2352989,-0.34569022,-0.00801385,-0.30610865,-0.16770948,0.4562018,0.35492575
324,-0.317628,-0.320538,0.57931006,-0.66683203,0.07165339,0.2980422,0.03140799,0.019153811,-0.07170201,-0.024428006,0.381871,-0.023625005,0.335272,0.16006602,0.2851434,-0.2493248,-0.304818,0.0154402135,-0.22433381,0.16934578,0.529648,0.45514202,0.47325158,0.16190399,0.42941275,0.357968,-0.597756,-0.37592095,0.06819119,-0.06332196,0.1366754,-0.024239201,0.255728,0.30940422,-0.18993199,-0.14994,-0.394642,0.162321,-0.20861201,0.37226295,-0.22827382,-0.33934563,0.270764,-0.030527998,0.120256804,-0.012509758,-0.19826797,0.06316739,0.30683398,-0.261538,-0.322291,0.17111202,-0.170824,0.72203517,-0.55954397,-1.686898,-0.11419401,0.28273937,1.3908901,0.38624898,0.0893426,0.73480403,-0.039199993,0.37499198,0.12223359,0.13517757,0.43871403,0.2185766,-0.16111219,-0.24744518,-0.56072557,0.20519099,0.021808201,-0.57466805,-0.11721574,-0.16123438,-0.023604006,-0.089774266,-0.592976,0.1870704,0.596452,0.056308605,-0.559934,0.007084,-0.916568,0.008567974,0.1430568,-0.0815532,-0.688398,-0.2098434,0.1707368,-0.27713937,-0.22903982,-0.080773994,-0.25135598,-0.059784006,0.14801411,-0.046828013,0.39652,0.037353
325,-0.089920215,0.1129325,0.23433633,-0.4900637,-0.057502966,0.111870624,-0.055259135,0.17710339,0.0955477,-0.06507419,0.1999817,0.14106356,0.24706222,-0.08741784,0.26538333,-0.31065807,0.14306696,0.20421942,-0.48900235,0.22971727,0.23240942,-0.0044812434,0.15187134,0.014380439,0.03340288,-0.039970584,-0.096466005,-0.46172032,-0.0127246035,-0.2581896,0.012147958,0.65493375,-0.082824074,0.0821932,0.09062391,0.2724754,-0.13258861,0.19822216,-0.065841414,-0.20046222,-0.4113859,-0.22199218,0.04656306,-0.4455296,-0.28788674,-0.10059881,0.048511665,-0.4183718,-0.15880026,-0.7940163,0.15182745,0.12219355,0.07697701,0.9210894,-0.26587954,-2.183462,-0.045414537,-0.104783826,1.5995897,0.44191512,-0.06012766,0.6705275,-0.2567107,0.08199085,0.6351071,-0.078289285,0.59821504,0.41974792,0.055149272,-0.26398382,0.087466896,-0.4077854,0.05194049,-0.41412535,0.2260044,0.16579334,-0.18714099,0.0069823894,-0.84715587,-0.046354283,0.64382416,-0.11307887,-0.5519822,-0.030315196,-1.3051865,-0.38173297,0.18065815,-0.16582657,-0.26721966,-0.35534045,-0.048281837,-0.24301709,0.083939515,-0.29385382,-0.525551,-0.16725965,-0.11068156,-0.13211635,0.4405413,0.25522175
326,-0.21497361,0.14764002,0.3831222,-0.11557601,0.081652,-0.2848364,-0.0051168026,-0.25336722,-0.131816,-0.305734,-0.051504605,-0.512136,0.23410997,-0.171962,0.082937,-0.101456,0.34589562,0.130338,-0.5895016,0.32665843,-0.08892679,0.018292004,0.12848,0.095634,0.28475562,0.33015805,0.02731781,-0.050393205,-0.24464402,-0.11878999,-0.029318,0.6780252,-0.0482426,-0.1348698,0.24812841,0.23317699,-0.14123204,0.30845577,-0.260206,-0.338462,0.074880205,-0.1344836,0.13428599,-0.504334,0.1855698,0.035923004,0.22044201,-0.2834278,0.166612,-0.41412002,-0.123720005,0.27499402,0.19880843,0.75537,-0.15139799,-2.0697238,-0.38125598,-0.00841072,1.326494,0.15192199,-0.031484812,0.7195014,-0.3036026,0.38197,0.509735,0.0028647422,0.4898092,0.058224004,0.591424,-0.289014,0.18311402,0.119805016,0.22475961,-0.35327196,0.29969603,0.3476256,-0.1141842,-0.0948752,-0.61954397,0.029342007,0.661404,-0.10981439,-0.12320199,0.43965822,-1.0751035,0.024905795,-0.013928008,-0.466432,-0.29417598,-0.327972,0.118994,0.0872636,-0.19365981,-0.080685,-0.56599796,-0.19202502,-0.46928796,-0.678422,0.966732,0.3291212
327,-0.042096216,0.27960402,0.3117001,-0.16080149,-0.0823445,0.031292893,-0.14508967,0.20280606,-0.067981765,-0.017687352,0.12378991,0.0029892153,0.19031928,-0.010634469,0.1279645,-0.33042267,0.04163605,0.104669206,-0.35104653,0.21737736,0.27371016,-0.046631217,0.19049507,0.07843529,0.17578423,-0.10733463,-0.14332701,-0.42461208,0.1474417,-0.172084,-0.04831307,0.4818064,-0.07994706,0.055480957,0.10876943,0.28623295,0.009426298,0.2244507,-0.17836508,-0.120198645,-0.31731611,-0.3134149,0.10138694,-0.33500615,-0.03257382,-0.0128928125,0.11789668,-0.31032354,0.0067048585,-0.8031933,0.06354715,-0.019048922,0.08911547,1.0031807,-0.17403516,-2.0857837,0.01853028,-0.26345813,1.4947342,0.49772146,-0.1867024,0.56967455,-0.34444103,0.12277749,0.54086304,0.03146325,0.28708568,0.30214188,0.20504422,-0.17610261,-0.036384735,-0.27257696,-0.050521772,-0.32833207,0.14807998,0.10630757,-0.138332,0.07221326,-0.7479339,-0.04542966,0.55798703,0.032557763,-0.49975222,0.008609115,-1.2755651,-0.14738353,0.11887996,-0.07680174,-0.1845173,-0.28901055,-0.2007075,-0.020577215,-0.16086842,0.055918287,-0.55722743,-0.0657173,-0.11930205,-0.14782955,0.5208863,0.1324673
328,-0.1417285,0.3487451,0.37234843,-0.3408661,-0.15336014,0.15195742,-0.14737564,0.28524226,0.051001824,0.0025826886,0.061479222,0.12894419,0.1723258,0.003093483,0.1863932,-0.3185776,0.027619839,0.23115933,-0.3643395,0.30586803,0.27283758,-0.008200389,0.11421069,-0.09213893,0.19182353,-0.0095349355,-0.21260692,-0.5095937,0.09680626,-0.24582618,-0.039146386,0.6837436,0.0168553,0.008250376,0.18776715,0.41075695,-0.11870304,0.20108493,0.23648112,-0.35569343,-0.23602362,-0.29194885,-0.0020508016,-0.48350945,-0.17274392,0.065021224,0.10578392,-0.3954046,-0.11824818,-0.9880732,0.031074595,-0.12194148,0.103685044,1.0281006,-0.18897305,-2.215398,-0.039910838,-0.009636327,1.7429813,0.32639927,-0.057008952,0.7440033,-0.4801301,0.061456632,0.5953682,-0.0038355829,0.53223866,0.28454018,0.077399276,-0.18554963,-0.082990214,-0.27761477,-0.028464323,-0.20420998,0.12034661,0.028544739,-0.10942129,-0.007890867,-0.7924306,-0.01479082,0.6757527,-0.13453405,-0.56407636,-0.023231244,-1.4035565,-0.25150952,0.15361974,-0.065089785,-0.2084795,-0.4053616,-0.085223,0.022093596,-0.031653933,-0.22970282,-0.54496694,0.028082475,0.018053493,-0.22169812,0.44604108,0.10422127
329,-0.2978,0.31147,-0.14937,-0.28128,-0.16966,-0.16878,-0.16187,0.55923,0.034954,-0.026216,0.42287,0.026724,0.4966,-0.09091,-0.54288,-0.32794,-0.2614,0.57559,-0.63756,0.59604,-0.01649,0.25744,-0.28617,-0.63665,-0.23149,-0.022021,-0.28631,-0.60359,-0.086679,-0.37368,-0.17426,0.76331,0.05901,0.1912,-0.07346,0.33733,-0.49396,-0.20621,-0.22396,-0.43866,-0.27371,0.15695,-0.12503,-0.051089,-0.7596,-0.16716,0.35914,-0.71649,-0.34082,-1.2409,0.039102,-0.13331,-0.057205,1.0074,-0.39901,-2.0914,-0.19794,0.14871,1.1303,0.38766,-0.25686,1.1938,-0.48125,-0.059394,0.9087,0.22843,0.53237,0.31132,-0.14168,0.006734,0.15315,-0.00087296,0.10088,-0.063593,0.78421,0.020434,-0.42461,0.24855,-0.48301,0.51638,0.48538,-0.066313,-0.34311,0.29454,-1.8706,0.14479,0.47405,-0.11059,-0.77052,-0.4589,-0.46075,-0.53166,0.017023,0.07673,-0.11541,0.009689,-0.11341,-0.22709,-0.029261,0.4585
330,0.0,0.0,0.0,0.0,0.0,0.0,0.0,0.0,0.0,0.0,0.0,0.0,0.0,0.0,0.0,0.0,0.0,0.0,0.0,0.0,0.0,0.0,0.0,0.0,0.0,0.0,0.0,0.0,0.0,0.0,0.0,0.0,0.0,0.0,0.0,0.0,0.0,0.0,0.0,0.0,0.0,0.0,0.0,0.0,0.0,0.0,0.0,0.0,0.0,0.0,0.0,0.0,0.0,0.0,0.0,0.0,0.0,0.0,0.0,0.0,0.0,0.0,0.0,0.0,0.0,0.0,0.0,0.0,0.0,0.0,0.0,0.0,0.0,0.0,0.0,0.0,0.0,0.0,0.0,0.0,0.0,0.0,0.0,0.0,0.0,0.0,0.0,0.0,0.0,0.0,0.0,0.0,0.0,0.0,0.0,0.0,0.0,0.0,0.0,0.0
331,-0.07977551,0.27215242,0.35317963,-0.3878168,-0.02270616,0.16372262,-0.07033894,0.22722481,0.1719519,-0.055645593,0.19414032,0.11843298,0.18109742,-0.0036277473,0.12287198,-0.19288059,0.09476244,0.09975257,-0.28635105,0.3322779,0.25770023,0.06759618,0.11210773,0.061922945,0.14355765,-0.011951364,-0.06928612,-0.30577186,0.09410774,-0.2615998,0.06461718,0.57003975,-0.047396798,0.056044426,0.054565854,0.23205644,-0.043094303,0.1782287,-0.08226806,-0.270848,-0.2522413,-0.14903869,0.06250133,-0.28743657,-0.06283938,-0.05882652,0.10681736,-0.25865653,-0.07910036,-0.6133662,0.028552312,0.018961199,0.16212013,0.8487628,-0.36302322,-1.9302486,0.01916879,-0.11430838,1.3658332,0.40462446,-0.0558977,0.5069668,-0.31001252,0.035967194,0.6731965,0.020207873,0.40738183,0.30071798,0.16775753,-0.19821687,0.063621804,-0.22311123,-0.08264398,-0.40913323,0.14209615,0.14592902,-0.09778115,0.0029354286,-0.71926045,-0.0033761053,0.5439789,-0.14881225,-0.44587615,0.07795821,-1.2200947,-0.2316187,0.16171087,-0.16970536,-0.19563131,-0.12282507,-0.048559334,-0.07676351,-0.10927657,0.093482584,-0.35739312,-0.07193789,-0.09268003,-0.1632445,0.40612286,0.20266257
332,-0.16856948,0.23153204,0.30674425,-0.22179997,-0.024433328,0.059736803,-0.13043778,0.15761393,-0.101394095,0.0181601,0.16244504,-0.08891701,0.27032137,0.00036004808,0.17263514,-0.26536447,0.24067461,0.16929208,-0.3862846,0.3168444,0.16041769,-0.12877664,0.19757396,0.0590681,0.08989059,-0.09166529,-0.051786743,-0.39882347,0.058199715,-0.16283983,0.015404172,0.4989588,-0.12955202,0.034564927,0.15752265,0.35979283,-0.0130020315,0.21675986,-0.07369973,-0.1844801,-0.362538,-0.23447448,0.043475762,-0.39818338,-0.10724372,0.03677005,0.11100926,-0.3648769,-0.033467103,-0.74627835,0.11211956,-0.0013065174,0.091965824,1.0575447,-0.16491649,-2.223515,-0.016326655,-0.23280895,1.6496276,0.44750863,-0.16892019,0.71690094,-0.23064445,0.2201385,0.7601052,-0.027571023,0.4389173,0.28799197,0.22987354,-0.27318788,-0.05777841,-0.22376335,0.0020334497,-0.3112951,0.133122,0.073532246,-0.097027786,0.03678921,-0.79049164,-0.098739214,0.6158908,-0.016489482,-0.5665688,0.124288976,-1.4902546,-0.15389886,0.17799136,-0.16780646,-0.23285398,-0.31904423,-0.10337216,-0.06022845,-0.104504205,-0.05798018,-0.49057493,-0.00084764423,-0.21334432,-0.34035087,0.62311065,0.2101063
333,-0.08560279,-0.16459753,0.26298195,-0.17131464,-0.070390604,0.39525646,0.061860465,0.47177565,-0.21102427,0.108645,0.17325772,0.084928915,0.19879907,-0.033135466,0.15686387,-0.483006,0.43275207,0.055028867,-0.41892788,0.023180043,0.28571713,-0.1417968,0.24081627,0.0084589925,0.24831398,-0.00028533142,-0.29238728,-0.40857202,0.18409437,-0.031186275,-0.028961599,0.35571474,0.079019934,0.16316952,-0.1173486,0.30021313,-0.087324865,0.087728664,0.2188423,-0.17038055,-0.44216114,-0.37535572,0.32685268,-0.4387947,0.11423,0.106453076,0.24707106,-0.43749797,0.16969524,-0.59844005,0.03571193,-0.2529066,0.26355347,1.0103074,-0.4132721,-2.2713933,-0.27509847,-0.2084584,1.6145186,0.55001193,-0.125747,0.6571528,-0.17485215,0.24788667,0.50114995,-0.16693,0.15981033,0.31070334,0.0718676,0.15570028,-0.12306433,-0.14299466,-0.05390547,-0.45682853,0.18204273,0.3283843,-0.063505135,-0.028526124,-0.9074673,-0.027983138,0.56405985,0.049817197,-0.3682577,0.09861314,-1.1254025,-0.18763034,0.24761906,-0.24182434,-0.14200094,-0.28681,0.021850912,-0.2213969,-0.049423937,0.25938922,-0.5834724,0.032270364,-0.032549582,0.048892796,0.4493929,0.04052509
334,-0.17830336,0.16235754,0.40691495,-0.28576595,-0.0006271045,0.1612182,-0.15991352,0.16454263,-0.03310686,-0.07516487,0.18179898,0.028435491,0.21459778,-0.03733312,0.14267406,-0.119212225,0.10710559,0.16987467,-0.31216964,0.14536148,0.2038583,-0.06617167,0.21896102,0.02470004,0.31079644,-0.044599473,-0.15579498,-0.4089287,0.0028939843,-0.19484882,-0.077056766,0.5217018,-0.025756808,0.049653023,0.005438744,0.30505878,-0.033835802,0.16866542,-0.059981868,-0.22131175,-0.3392125,-0.23250315,0.1100354,-0.38731152,-0.1280401,0.03103779,0.176142,-0.265897,0.0038402185,-0.6923193,-0.00044512315,0.035036284,0.17392913,0.99400765,-0.28407222,-2.2965019,-0.13750099,-0.18213782,1.5774578,0.44749075,-0.110082224,0.7291358,-0.18523012,0.19239563,0.76309526,0.0019478616,0.37842792,0.20587708,0.14379612,-0.2235271,-0.004991777,-0.31094715,-0.01514607,-0.33877125,0.18646313,0.16532436,-0.22066903,-0.05921037,-0.73964036,0.0095793875,0.5021285,0.02721232,-0.5359564,0.10889136,-1.276844,-0.22074418,0.09492209,-0.184485,-0.16007124,-0.27463934,-0.15048581,-0.05246899,-0.10771447,0.040996738,-0.48377058,-0.14477266,-0.16667144,-0.26761803,0.5496976,0.20118614
335,-0.15926187,0.19192484,0.23785646,-0.22773913,0.021366231,0.08510254,-0.0039635417,0.3210468,-0.015641922,0.06771862,0.22047469,-0.019923745,0.354602,0.010986675,0.09358693,-0.2646023,0.1835823,0.16154715,-0.23568615,-0.023050006,0.30815798,-0.15997654,0.31905332,-0.006531979,0.24099214,-0.16235317,-0.12720846,-0.3143269,-0.03188731,-0.23534323,0.024058066,0.3765769,-0.09582947,0.17594932,0.03994707,0.33677563,-0.04070667,0.33329675,0.110927194,-0.17992185,-0.47207144,-0.14543717,0.25248146,-0.22739694,-0.10659293,-0.061082236,0.2572023,-0.24964723,0.11826232,-0.46331924,-0.0070000794,0.079982,0.13043545,1.0767146,-0.12635782,-2.1433692,-0.27572834,-0.2641957,1.4617361,0.63166493,-0.10082046,0.6917524,-0.21302001,0.23929252,0.7038051,0.04266477,0.44529426,0.2251243,0.10813493,-0.20672753,-0.13908891,-0.2695146,0.15915725,-0.41780552,0.2590063,0.1662477,-0.04113154,-0.01511746,-0.70010734,-0.063078,0.52533144,0.04699078,-0.46711764,0.08138837,-1.3474748,-0.21023932,0.2811689,-0.11388651,-0.18272077,-0.31577063,0.07866592,-0.282399,-0.0035950954,0.11721727,-0.6302915,0.023570793,-0.26075867,-0.3472754,0.3496168,0.14043945
336,-0.039704833,0.2731985,0.3628754,-0.37419826,-0.26786157,0.20366398,-0.07311708,0.28814286,0.060147528,-0.13269956,0.21700586,-0.010361527,0.25989607,0.14371367,0.07771342,-0.29872006,0.040840454,0.2801278,-0.5254581,0.28411004,0.16755858,0.14756596,0.05784039,-0.007076793,0.13064034,0.18034388,-0.19258276,-0.60961837,0.30913424,-0.17445572,0.13058017,0.59278554,0.051256366,0.022643058,0.06423355,0.43138042,-0.20650485,0.1691488,-0.010879997,-0.29622197,-0.34942168,-0.1932951,0.14496839,-0.5657501,-0.20941898,-0.01485781,0.046822764,-0.35516965,0.0033081213,-1.063838,0.09790723,0.00022637748,0.10290026,1.0385674,-0.22609724,-2.2338812,0.011643423,0.0034926506,1.7168176,0.4130734,0.04079649,0.9813516,-0.44243848,0.04088795,0.71924406,0.10747245,0.596641,0.3820158,0.056191538,-0.25735098,0.0028309177,-0.13178796,0.068834454,-0.39606032,0.113170214,0.28479767,-0.1780033,-0.039920215,-0.792009,-0.06694113,0.63000655,-0.09681957,-0.5260932,0.098785326,-1.5802236,-0.20493124,0.13192768,-0.21927272,-0.4054609,-0.33865425,-0.10735981,-0.12407561,0.0905349,-0.1124826,-0.5800178,0.0025293867,-0.16306344,-0.20615919,0.43985584,0.3305467
337,-0.10184238,0.27914095,0.5050622,-0.32012972,-0.12624595,0.24079354,-0.18232693,0.28090534,0.27863616,-0.12022455,0.2804707,0.19231342,0.2214797,0.1410386,0.062474065,-0.41887823,0.09353236,0.33085817,-0.39265156,0.29833195,0.25647324,0.045805868,0.10289869,-0.2839147,0.02743372,0.12488173,-0.2516488,-0.52412915,0.004485503,-0.21196768,-0.008263498,0.48318118,-0.06309225,-0.18760385,0.15835114,0.25363404,0.06450695,0.11821144,0.17826371,-0.34559816,-0.20003991,-0.19005062,0.00559905,-0.49530077,-0.21704473,0.037134126,0.2296663,-0.3170023,-0.08211544,-0.84818375,0.18768442,-0.121367276,0.18504593,1.01259,-0.24636424,-1.9946198,-0.022492437,-0.18128169,1.4917612,0.3989912,-0.12022788,0.7673658,-0.3393208,-0.07373899,0.7167907,0.08314456,0.559807,0.37181708,0.058871705,-0.11700481,-0.1418758,-0.42560124,0.047034375,-0.30325615,0.15222776,0.096881,-0.04038006,-0.13009985,-0.6986524,0.05925768,0.6477644,0.03883394,-0.56527126,0.13434225,-1.3259412,-0.30907223,0.08939131,-0.14406529,-0.2248437,-0.34455523,-0.23261169,-0.1824884,0.044982478,-0.32190236,-0.45563003,-0.05069488,-0.12816134,-0.2648357,0.40821463,0.26863497
338,-0.0009868011,0.0005669733,0.2653548,-0.08811486,-0.040983994,0.18831427,-0.09927535,0.19210489,0.20098884,0.11674349,0.21080352,0.12077617,0.17218019,-0.088732734,0.17850012,-0.18983158,0.2756634,0.080629446,-0.18689296,0.18649974,0.06581697,-0.18844643,0.2264333,0.073417924,0.086888306,-0.27190095,-0.098423295,-0.26397416,0.12593764,-0.0938077,0.25367126,0.4123597,-0.32983807,0.09309045,0.02080993,0.28008768,-0.04162907,-0.09229464,-0.14426607,-0.177446,-0.28208783,-0.15142637,0.061683398,-0.26036593,-0.091958694,-0.0816933,0.06295719,-0.27265057,-0.01780253,-0.7297657,0.31312513,0.08192559,0.16529116,0.84184957,-0.13346918,-1.9000138,-0.054544464,-0.26308265,1.5702492,0.2804205,-0.09820651,0.5146596,-0.22735065,0.11469327,0.70104045,-0.16519131,0.33211643,0.25355452,0.008919829,-0.21265075,-0.2414228,-0.06811524,-0.015277699,-0.26039535,0.04145313,0.22097069,-0.2250883,0.037053425,-0.752371,-0.0036645988,0.44700596,-0.10570704,-0.27643988,0.011763873,-1.196201,-0.14366056,0.18571685,0.016467812,-0.11187741,-0.14195101,-0.13813473,0.029142631,-0.0764082,-0.10254221,-0.28399807,-0.19812067,-0.09714524,-0.1430998,0.54368407,-0.04042122
339,-0.030160045,0.34249872,0.5597023,-0.4764182,-0.24005485,0.28905603,-0.20504639,0.20502576,0.31156522,-0.09598615,0.2422214,0.23803568,0.1371332,0.13017106,0.14174823,-0.34734127,0.11338832,0.40412742,-0.42084068,0.50530154,0.15567997,0.025951695,-0.022275593,-0.27423757,0.16305116,0.12887354,-0.37665758,-0.7105375,0.28572923,-0.5018635,0.13121806,0.801417,-0.05597814,0.019480947,0.05722769,0.38761324,-0.10793217,0.07134684,0.031386115,-0.30378786,-0.21238942,-0.19336763,-0.005944051,-0.58718604,-0.41513976,-0.06293777,0.1484258,-0.3879363,-0.011144856,-1.0896624,0.068293676,0.051257424,0.221724,0.9976665,-0.21066444,-2.3441308,0.12228739,-0.07562775,1.718025,0.44529003,-0.063562945,0.97098905,-0.39137998,0.09501335,0.82482946,-0.067794,0.6600145,0.3437937,0.075349495,-0.32629034,-0.05018561,-0.37547308,-0.019323358,-0.3860483,0.13335547,0.20938738,-0.14113906,-0.1859055,-0.7666306,0.10430429,0.596807,-0.024332087,-0.7119491,-0.053877216,-1.5456221,-0.25795496,0.21356237,-0.081033215,-0.29766282,-0.33401877,-0.16135289,-0.1646001,0.1079244,-0.3020318,-0.5088018,-0.2563118,-0.068641834,-0.13150665,0.33409896,0.31417936
340,-0.052387256,0.09885405,0.16782877,-0.08100207,0.16540055,0.023794767,-0.18420288,0.07269545,-0.09135721,0.03255687,0.15544137,-0.049556702,0.2285088,0.08886404,0.10206432,-0.3509541,0.08345058,-0.008974038,-0.12023393,0.18998237,0.18418123,0.004353092,0.25395107,0.06778099,0.17348893,-0.094851576,-0.1498409,-0.2867956,-0.11838116,-0.15380132,0.15581816,0.13388081,-0.22039819,-0.15334295,-0.022721225,0.15849444,0.13483666,0.00091471884,-0.26170865,-0.13794294,-0.28986895,-0.3495029,0.08907089,-0.23274104,0.14462511,-0.012497695,0.060559712,-0.26253474,0.12555723,-0.60400295,0.2563802,0.032854144,-0.027961077,0.88896286,-0.06965196,-1.7252865,-0.021752309,-0.2652194,1.555882,0.4032517,-0.16947187,0.60985565,-0.12534274,0.14066094,0.43367454,-0.017658535,0.34949225,0.075138435,0.4303769,-0.25338793,-0.22938438,-0.104917355,-0.093208656,-0.16100821,0.10938598,0.30385852,-0.17035842,0.013826556,-0.7554716,0.014997016,0.770584,0.029828347,-0.4035493,0.21262176,-1.1810638,-0.31684276,0.024715338,-0.1300729,-0.31920126,-0.20146912,-0.1419234,0.09524759,-0.082029186,-0.08116374,-0.6294487,0.018093769,-0.19854261,-0.008302812,0.5902592,0.032822743
341,-0.083560675,0.023761163,0.33786333,-0.05975436,-0.1153105,0.15997717,-0.30281666,0.13876383,0.043621495,0.20170335,0.29252768,-0.05136666,0.40613118,0.13696666,-0.018350502,-0.34168217,-0.052260663,0.3106405,-0.54235667,0.10198084,0.28473833,-0.07254433,-0.097145,-0.2322256,-0.06990332,0.38794982,-0.18441717,-0.35790825,0.5950498,0.19809882,0.28123966,0.5350017,-0.009963665,0.06483633,-0.18249732,0.057118654,-0.03884499,0.34905836,0.0391245,-0.3955715,-0.25486484,-0.27036333,0.46708718,-0.33945668,-0.29952067,0.014447157,-0.0058350167,0.18536715,0.123794995,-0.5900427,0.06920167,0.12122667,0.48841366,0.991225,-0.0583425,-1.8091835,-0.13651332,0.23021662,1.1394907,0.2508607,0.27098334,0.90619826,-0.24136268,-0.24384463,0.47543833,0.26085517,0.512175,0.012820681,-0.09298167,-0.11575449,-0.1395425,0.18083458,0.34680164,-0.57881653,-0.0030371647,0.18957567,0.18236166,-0.09585806,-0.46418667,-0.14454849,0.22688134,0.013283332,-0.27260467,-0.21284549,-0.70844,-0.19105834,-0.25358832,-0.42347065,-0.22523832,-0.07395867,-0.03822334,0.11955065,-0.092618324,0.17238832,-0.30192068,0.12248933,-0.34648332,-0.28596815,0.32411617,0.3534467
342,-0.09996281,0.21698004,0.42070803,-0.3448832,-0.0932666,0.2183845,-0.0873441,0.18937765,0.072464995,-0.09479799,0.1557704,-0.09826125,0.21704191,-0.054396816,0.13387579,-0.172267,0.20727031,0.2723703,-0.26180458,0.21049896,0.13819656,-0.06589306,0.20756146,-0.0101810405,0.14222278,0.012968313,-0.19375001,-0.29375282,0.054576997,-0.16876863,-0.058970634,0.47480342,-0.103039615,0.029854674,0.00042031333,0.29607168,-0.15224019,0.10732464,-0.08908784,-0.35104346,-0.23512544,-0.15482551,0.079088844,-0.33635616,-0.14966327,0.05429041,0.023496186,-0.3006472,0.008312727,-0.6492522,0.039542608,0.01523741,0.09799007,0.8554855,-0.20305409,-1.8340075,-0.07485594,-0.16327977,1.3682368,0.33709523,-0.15105326,0.64294165,-0.20929013,0.2109906,0.6473005,-0.05405601,0.39314067,0.27552548,0.11540373,-0.3061564,-0.05470021,-0.27140623,0.09340584,-0.3457475,0.043136097,0.29230282,-0.21681388,0.00012148358,-0.63794315,-0.0023797543,0.46731484,-0.023795938,-0.44711125,0.03748942,-1.2121263,-0.26068628,0.11277869,-0.08343759,-0.2877967,-0.30680245,-0.13136919,-0.010452742,-0.054753125,-0.03965937,-0.5428031,-0.15188299,-0.10017416,-0.03376385,0.46865126,0.113503136
343,0.032687917,0.13027126,0.43340006,-0.29678273,-0.16419072,0.095072,-0.1981081,0.37239093,-0.036984,0.084087275,0.19563101,0.07456172,0.32025453,0.04387218,-0.008682001,-0.3877773,0.2183858,0.065962724,-0.17009728,0.36093456,-0.10934082,0.21914548,0.08569909,0.07664128,0.2262349,-0.039736364,-0.12845708,-0.33195096,0.136726,-0.38811818,0.15191664,0.70766187,0.121588275,0.20194489,0.0013948896,0.33674484,-0.14552717,0.24044591,0.0787891,-0.23615083,-0.066996366,-0.18791825,0.20075892,-0.31317952,0.015398461,-0.025992466,0.20369326,-0.45225993,0.19446182,-0.73431915,0.233821,-0.09556791,0.099635266,0.8908846,-0.2858616,-1.928979,0.25573218,-0.21257001,1.6342015,0.4114249,0.105426356,0.42210904,-0.29545256,0.091555946,0.6189706,-0.19840574,0.35124317,0.13909245,0.31981075,-0.07196181,-0.030514276,-0.117086455,0.075664714,-0.29436502,0.33414942,0.39770272,-0.13319308,-0.0014816388,-0.8710756,-0.20756255,0.5630272,0.1525401,-0.33139634,0.115258455,-1.3564864,-0.3147462,0.038483545,-0.37705222,-0.30465797,-0.26830545,-0.122112274,-0.03341172,0.060827635,0.14570718,-0.39026317,0.09935002,-0.059129898,-0.23987408,0.35435593,0.3837291
344,-0.1309929,0.11491078,0.23181331,-0.23431781,-0.034948546,0.25127286,-0.13067405,0.050650768,0.0091902185,0.017041247,0.112996966,-0.054144368,0.105069086,-0.045016892,0.1322417,-0.1890848,0.09072269,0.18539283,-0.28241017,0.2224802,0.20451888,-0.0055393446,0.13976523,-0.045039095,0.11125998,-0.07834261,-0.1196474,-0.25067478,0.16766788,-0.20522198,-0.02195979,0.4754066,-0.015868982,0.0525021,0.094680734,0.22149879,-0.10246146,0.1045477,-0.011309253,-0.22110446,-0.24089062,-0.1255009,0.016283501,-0.35965827,-0.1545636,-0.0038192212,0.13462824,-0.19611384,-0.024462827,-0.68550926,0.15232672,0.06591304,0.12175574,0.8387244,-0.036918946,-2.044029,-0.011998227,-0.18869817,1.514464,0.31813222,-0.112397656,0.6539489,-0.32736522,0.004146617,0.64337176,0.052190214,0.38600552,0.18746746,0.088182114,-0.32209852,0.0044830246,-0.32829243,-0.012697547,-0.3573857,0.19634475,0.14751896,-0.092781715,0.0069934316,-0.65186274,0.008128156,0.4429587,-0.03957001,-0.46129522,0.14563847,-1.3400961,-0.10036095,0.12653834,-0.094508186,-0.18598266,-0.33322784,-0.098322615,0.13291669,-0.001445665,-0.0509352,-0.35227224,-0.08899014,-0.19462371,-0.20890966,0.41964203,0.22640285
345,0.009608032,0.13358267,0.1898666,-0.22489293,0.058707047,-0.048098784,-0.02236349,0.18048073,9.544223e-05,0.034053054,0.25349644,0.0031688623,0.21273598,0.03144745,0.18581451,-0.37144187,0.29647264,0.123511605,-0.38047293,0.19994971,0.22091478,0.006153685,0.19326851,-0.0059908354,0.13232231,-0.051009946,-0.17557453,-0.40844238,-0.11415592,-0.13819848,0.008711117,0.600102,-0.077819884,-0.0662088,0.1485777,0.33210915,0.00957852,0.27493584,-0.0955739,-0.2328417,-0.24291818,-0.29425293,0.1731484,-0.3753408,0.010191509,0.0022630563,0.0967879,-0.484368,-0.017503975,-0.733428,0.18941161,0.017678438,0.11787384,1.0465078,-0.39047283,-2.0806975,-0.12162158,-0.18639664,1.7770733,0.5575078,-0.04413541,0.4389877,-0.37389588,0.081308134,0.6102004,-0.060993083,0.49069008,0.33625576,0.25853184,-0.23580392,-0.114214785,-0.3261785,0.01009382,-0.25264046,0.14904508,0.10430438,-0.051286593,0.049629793,-0.91103286,-0.014640785,0.6887572,-0.06312635,-0.47325605,0.21473627,-1.4382315,-0.30469286,0.13953638,-0.23009151,-0.25897524,-0.394713,-0.19706653,-0.11923532,-0.07870945,-0.19125204,-0.37827346,0.016763413,-0.07564792,-0.23478112,0.6443766,0.11350236
346,0.048816167,0.20855846,0.48176092,-0.27859476,-0.13942184,0.12298873,0.00021294753,0.17147101,0.13166799,0.043155823,0.28172255,0.047770884,0.39065784,-0.1370253,0.1208515,-0.15661469,0.13532782,0.13532878,-0.32354727,0.3202187,0.25889236,-0.03924233,0.21715756,0.17298639,0.10935661,-0.056233935,-0.124578014,-0.22074774,-0.0018977887,-0.149257,0.15897106,0.5261028,0.10790728,0.051152892,0.12840731,0.31241468,-0.18573223,0.19797112,0.10859937,-0.22137877,-0.20340544,-0.106530614,0.23765315,-0.2573547,0.03985559,0.09933945,0.20812276,-0.36968055,0.07406333,-0.7174089,0.16486989,0.1203068,0.25420773,0.8318417,-0.30017594,-1.8723834,-0.04637512,-0.07435523,1.4795557,0.34745353,-0.043885384,0.7032874,-0.40211546,0.0062228125,0.5847626,-0.0113412775,0.3770486,0.30098635,0.18922122,-0.0959219,0.08810366,-0.04365527,0.016592007,-0.21553372,0.14680733,0.3089195,-0.16662028,-0.06351389,-0.86104447,0.06742257,0.58689445,0.028080497,-0.41722763,0.1448122,-1.2335353,-0.281286,0.1959906,-0.34684908,-0.31656635,-0.27484107,0.038321227,0.13039511,-0.0043800003,-0.17594343,-0.43462172,-0.077379785,-0.14143778,-0.19913763,0.54162765,0.17753422
347,-0.3510286,0.08649029,0.45514855,-0.07432286,0.15670326,0.091471136,-0.0070114294,-0.0043302434,0.19029085,0.11842071,0.13739143,-0.29509473,0.18092144,-0.46130425,0.28702,0.10253428,0.31668773,-0.05432429,-0.34675312,0.40049317,-0.016002433,-0.26965427,0.22302544,0.21659613,0.16555879,0.023134429,-0.09482371,-0.1196543,-0.08871158,-0.18859716,-0.23801288,1.0786856,-0.08612929,-0.05500843,0.5932041,0.39246288,-0.13355859,-0.11207571,-0.068552576,-0.29555172,0.03703299,-0.22754343,0.05002001,-0.45922714,-0.2516616,0.02409186,-0.10401,-0.2316986,0.13514389,-0.5082119,0.080667295,0.16286643,0.18831119,0.83344567,0.021571597,-2.1090214,-0.03070429,-0.2669055,1.51091,0.21229784,-0.27736256,0.22066514,-0.3934904,0.07323771,0.47487354,0.06965443,0.36191514,0.30848715,0.24127057,-0.4762936,-0.014880002,-0.14004642,0.11478429,-0.7516985,0.14325054,0.25536856,-0.24610485,-0.26766655,-0.63484544,-0.08321629,0.6103129,-0.06153529,-0.25658998,0.19576871,-1.153088,0.09717186,0.21417,0.16250001,-0.42272648,-0.23817828,0.082655706,0.32872897,-0.20942,-0.32659584,-0.16447,0.020439003,-0.26487,-0.2226897,0.59932506,0.019227138
348,0.0,0.0,0.0,0.0,0.0,0.0,0.0,0.0,0.0,0.0,0.0,0.0,0.0,0.0,0.0,0.0,0.0,0.0,0.0,0.0,0.0,0.0,0.0,0.0,0.0,0.0,0.0,0.0,0.0,0.0,0.0,0.0,0.0,0.0,0.0,0.0,0.0,0.0,0.0,0.0,0.0,0.0,0.0,0.0,0.0,0.0,0.0,0.0,0.0,0.0,0.0,0.0,0.0,0.0,0.0,0.0,0.0,0.0,0.0,0.0,0.0,0.0,0.0,0.0,0.0,0.0,0.0,0.0,0.0,0.0,0.0,0.0,0.0,0.0,0.0,0.0,0.0,0.0,0.0,0.0,0.0,0.0,0.0,0.0,0.0,0.0,0.0,0.0,0.0,0.0,0.0,0.0,0.0,0.0,0.0,0.0,0.0,0.0,0.0,0.0
349,-0.02630942,0.12692893,0.3661163,-0.29222086,-0.14217368,0.11010828,-0.1226356,0.2223806,-0.08851808,0.025795158,0.32451063,0.15509823,0.22078042,-0.008147916,0.10693398,-0.3413907,0.034182854,0.09297258,-0.39046687,0.15242158,0.1745913,0.035903085,0.10610348,0.036553238,0.19318226,0.07125192,-0.15914612,-0.47136027,0.0564103,-0.2724279,0.056096252,0.5784296,0.011393873,0.047713317,0.024918301,0.3646634,0.005259608,0.2919631,-0.019574977,-0.12412941,-0.22106667,-0.23447947,0.27468526,-0.42044306,-0.1856945,0.013206328,0.067803584,-0.28175133,0.05905874,-0.78661025,-0.020741234,0.04823829,0.19225538,0.99789697,-0.3010386,-2.2467556,-0.02086708,-0.12823944,1.669063,0.43541974,0.0046734754,0.64833754,-0.44103688,0.082910664,0.7418076,-0.030446814,0.5044897,0.46107125,0.053036258,-0.2032773,-0.13951753,-0.26003742,-0.048368476,-0.50644195,0.19511223,0.16932003,-0.14493504,-0.14592576,-0.83700186,-0.040506676,0.5664592,-0.06334008,-0.46851048,-0.008363135,-1.2629818,-0.19244552,0.13003267,-0.14857548,-0.28671497,-0.25438127,-0.17629594,-0.06558205,-0.037240773,0.045336016,-0.41438344,-0.09246412,-0.034044623,-0.09678661,0.41554418,0.22410491
350,-0.115892306,0.022478191,0.44504365,-0.4014283,-0.124602,0.25375032,-0.057001997,0.2949767,0.22935012,0.018765494,0.1596335,0.14365283,0.17600839,0.034871805,0.17806254,-0.2307312,0.1844334,0.29267803,-0.31917152,0.26677734,0.33053488,-0.047464907,-0.0527414,-0.0119039975,0.16618519,0.026714336,-0.1637629,-0.46322584,0.11971798,-0.3550892,0.08141709,0.42000088,-0.096950896,0.10564977,0.012508601,0.42778587,0.018405525,0.1355611,-0.1476398,-0.379458,-0.30326203,-0.1140309,0.29372543,-0.472639,-0.098649904,-0.23433657,0.094417706,-0.43451,-0.033687003,-0.912182,0.341743,0.04468448,0.28517398,0.84506,-0.28104123,-2.119668,0.10590559,-0.2821335,1.74563,0.42849603,-0.093095794,0.51434904,-0.44728762,0.080528,0.786946,-0.320507,0.368093,0.3805576,-0.020819297,-0.327032,-0.1432428,-0.3261188,0.011553198,-0.5055353,0.2263155,0.40337777,-0.30097693,-0.118159495,-0.939246,-0.21578988,0.677207,-0.2049962,-0.347414,-0.106905654,-1.133689,-0.2704897,0.3138422,-0.068654105,-0.301004,-0.39733598,-0.1100502,-0.20988509,0.02983276,-0.30336303,-0.52028334,-0.11632769,-0.10719279,-0.14757559,0.35626528,0.055333793
351,-0.059209906,0.24275336,0.34038642,-0.3386614,-0.18552421,0.18341565,-0.17686893,0.17875619,-0.048793007,-0.09666808,0.16190635,0.13003063,0.290361,0.06511687,0.12744972,-0.31774598,0.13379769,0.20065543,-0.42005837,0.2664654,0.28291303,0.05084789,0.16642958,-0.053609304,0.1578199,-0.015636206,-0.1762303,-0.4761385,0.10350934,-0.21684457,0.03138688,0.381431,-0.0030767052,-0.022875767,0.1213843,0.25680122,-0.022131108,0.214413,0.01566633,-0.21476991,-0.3828143,-0.17040901,0.1040242,-0.38313967,-0.10062871,-0.011541463,0.25662717,-0.27322435,-0.070508786,-0.7591129,0.08654362,-0.006673055,0.16902892,1.0191786,-0.19603424,-2.2073693,0.040406927,-0.12936188,1.5792316,0.49643773,-0.20035926,0.88940793,-0.27730712,0.09714401,0.7955386,-0.05141819,0.51151043,0.32910195,0.037248652,-0.253399,-0.042306695,-0.32302946,-0.053716615,-0.3605332,0.05995788,0.11722808,-0.17564288,-0.08027424,-0.7892198,0.029931618,0.5560316,0.002757291,-0.5008125,0.102889225,-1.4303566,-0.250215,0.039762426,-0.11763628,-0.21691775,-0.31048283,-0.12030931,-0.18112673,-0.038234364,-0.060785767,-0.59634614,-0.117255874,-0.283796,-0.26221696,0.48455,0.23907539
352,-0.0050334926,0.24963625,0.3986962,-0.35578656,-0.10008829,0.22551373,-0.1263269,0.1913987,0.027581075,-0.042557456,0.25726694,0.045008134,0.23856208,0.06357764,0.21861912,-0.3186587,0.085194476,0.25660396,-0.38571185,0.309614,0.27051324,0.11010984,0.14305444,-0.11894431,0.1760128,-0.03179186,-0.15457691,-0.5223766,0.06406651,-0.23401406,0.035361893,0.52617127,-0.040914156,-0.0626163,0.099783055,0.32232013,-0.06085083,0.1812719,-0.041898534,-0.1919076,-0.3073259,-0.23195073,0.08098896,-0.41686842,-0.16612424,-0.03596436,0.16614904,-0.30475855,-0.036407437,-0.84626496,0.08079097,0.0037494882,0.10899932,1.0074852,-0.20465402,-2.3367636,0.005524424,-0.06582821,1.6305289,0.4724142,-0.12632474,0.7917949,-0.3687675,0.17865705,0.7307282,-0.041337572,0.59786105,0.34843493,0.10648052,-0.18533094,-0.093748234,-0.31711224,-0.015328674,-0.38720405,0.1372608,0.14855222,-0.15231095,-0.09538178,-0.7993308,-0.045798875,0.5875357,-0.010169848,-0.54595333,0.09314791,-1.3679008,-0.23144603,0.07454234,-0.12557901,-0.22533333,-0.39492604,-0.14349996,-0.15585224,-0.044722185,-0.11495068,-0.599053,-0.08634587,-0.21810502,-0.19531965,0.47178966,0.26272616
353,-0.11221001,0.26152143,0.59405285,-0.33321884,-0.04407271,0.054264452,0.074910425,-0.065611295,0.17119701,0.008400129,0.35360855,-0.027910829,0.2553497,-0.29306117,-0.08480271,0.018067855,0.13553628,0.31027785,-0.3164443,0.50745714,0.25210464,-0.15602414,0.027514001,0.15950571,0.28074828,0.021789154,-0.097330146,-0.42386287,0.20458457,-0.19649957,-0.048248567,0.71182823,0.211665,0.14951701,0.27516484,0.31685185,-0.4711683,0.30254385,-0.10071786,-0.322431,-0.2319835,0.22324887,0.08078743,-0.185289,0.046225283,-0.05379371,0.47405285,-0.4942257,0.12419814,-0.8528943,0.011714284,-0.11123514,0.3338897,0.82596284,-0.13853571,-1.9846107,-0.23432842,0.14941214,1.112235,0.34924984,-0.30138856,0.6872753,-0.36427042,0.17305171,0.7012329,-0.019280706,0.42639515,0.32756713,0.1598856,-0.28630298,0.23963499,-0.047143012,0.001384005,-0.16852328,0.08557028,0.11725086,-0.17418699,-0.30027515,-0.65830326,-0.08824716,0.15708856,-0.073879994,-0.47826147,0.11585758,-1.2737911,-0.2928417,-0.0060372525,-0.28761,-0.043133568,-0.29158428,-0.030545851,0.111745305,-0.040702853,-0.2063477,-0.38543004,0.14476572,-0.17837,-0.178923,0.40999717,0.42286086
354,-0.04441549,0.21109587,0.23823853,-0.21163838,-0.22730486,0.17499472,-0.18748814,0.24953505,-0.088000536,-0.03864638,0.2573208,0.18235394,0.2432642,0.06058457,0.10990633,-0.40981275,0.25916824,0.1349135,-0.6093674,0.25477973,0.39504507,0.13930866,0.22619441,-0.0916665,0.12352974,-0.053182136,-0.20852013,-0.49483022,0.21133678,-0.23375334,-0.10527553,0.46705732,0.10019279,0.02193246,-0.057613395,0.43085733,-0.019508742,0.2696347,0.0807849,-0.31213292,-0.36868238,-0.3485726,0.134891,-0.59738266,-0.21808308,0.03654193,0.0962944,-0.36133784,0.091960534,-0.8017874,0.08434499,0.032392137,0.1153604,1.1790507,-0.25100854,-2.461579,-0.15183489,-0.18205133,1.6360213,0.4973176,-0.123649135,0.9769027,-0.26974088,0.117501356,0.62712765,0.026319262,0.5117115,0.32424298,0.09749989,-0.21741918,-0.057953272,-0.343828,0.08991652,-0.41404963,0.09366873,0.1325862,-0.0995358,-0.07409082,-0.7963514,0.07039327,0.6339005,0.039368533,-0.5123167,0.21456951,-1.2970668,-0.24396998,0.13849609,-0.17856868,-0.2706888,-0.24694555,-0.12075273,-0.1120304,0.095130205,-0.11477672,-0.68751997,0.005769189,-0.26630315,-0.24125001,0.4450845,0.3400201
355,-0.104108,0.2717661,0.3671176,-0.2512526,0.020128813,0.21067561,-0.16365574,0.19756685,-0.035821695,-0.07577881,0.1854101,-0.04870729,0.20646352,-0.008042783,0.062372774,-0.22067635,0.27011013,0.18692625,-0.4164357,0.34343895,0.2676992,-0.052091777,0.17260161,-0.00317971,0.23242536,-0.092528835,-0.058041863,-0.46183974,0.11559049,-0.24446116,-0.14809263,0.55237514,-0.111606844,0.061308075,0.07007211,0.35451952,-0.06664767,0.2006615,-0.10419964,-0.3067947,-0.19038807,-0.267095,-0.0058187437,-0.41257253,-0.18783157,0.0137812635,0.14043708,-0.39517862,-0.013584071,-0.70840454,0.019016836,-0.0034587306,0.16824295,1.0385078,-0.22761811,-2.3858292,-0.08046023,-0.21702115,1.5934329,0.43997222,-0.16060583,0.81816036,-0.28033316,0.15495023,0.6826967,-0.053942487,0.48224512,0.36004126,0.15548299,-0.29241073,-0.0513062,-0.25737754,0.00039743687,-0.27518383,0.1578722,0.1597148,-0.19514234,-0.09140652,-0.78715014,-0.0017599666,0.5331244,0.0054308726,-0.46639386,0.08025786,-1.3453963,-0.18524839,0.04007465,-0.1579353,-0.18934749,-0.24745592,-0.11463661,-0.019987779,-0.06692796,-0.11447046,-0.59828156,-0.13661946,-0.26138815,-0.31538916,0.6037053,0.27735427
356,-0.25657704,0.14673848,0.46758366,-0.28494966,-0.0033149484,0.15322146,-0.1912974,0.13296066,0.14313371,-0.069203004,0.2410256,0.067008786,0.2802603,-0.0425748,0.13893832,-0.12013167,0.102628216,0.13438241,-0.28201148,0.2050303,0.13502921,-0.052419238,0.31857225,0.030324686,0.051268924,0.010144523,-0.10114914,-0.26805466,-0.024924045,-0.10173922,-0.015685746,0.49333683,-0.12559578,0.08369715,0.10252266,0.2653944,-0.15405658,0.07132662,-0.032593865,-0.22718452,-0.2955695,-0.15957092,-0.08086995,-0.34299412,-0.13113743,-0.06548702,0.08790504,-0.16446409,-0.049631953,-0.63606447,0.27006802,0.07316892,0.16461997,0.9331122,-0.25107282,-1.937945,-0.040184647,-0.0972262,1.59106,0.3894492,-0.18238817,0.56770194,-0.23397215,0.06200323,0.68523616,0.041280966,0.34144664,0.17318773,0.15603061,-0.26007167,-0.0043915026,-0.27548903,0.11690814,-0.40408516,0.2705435,0.11086722,-0.149318,0.001785095,-0.6831623,-0.043112278,0.48055094,0.015797535,-0.5249397,0.030685501,-1.3174614,-0.17573313,0.20153643,-0.10130524,-0.18996564,-0.17094453,-0.10514473,0.0775113,-0.15761802,-0.06294101,-0.29397917,-0.10851574,-0.05455677,-0.2873594,0.4808121,0.29195037
357,0.094863996,0.24450402,0.386128,-0.5064502,0.093712196,-0.071128026,-0.07451912,0.26380202,-0.014087597,0.24062555,0.28528017,0.05873219,-0.02047341,-0.14341201,0.088177025,-0.4705862,0.6128352,0.11400761,-0.013586998,0.2525,0.17007972,0.18876198,0.1111934,0.1250438,0.025512004,-0.1667612,-0.18737002,-0.2487226,-0.0913404,-0.043339998,0.060292333,0.5308816,-0.162704,-0.2244468,-0.224732,0.52491796,0.1679676,-0.007799243,0.050295003,-0.42447,0.06752621,-0.27749,-0.296938,-0.409062,-0.085283786,0.30502278,-0.2586202,-0.189764,-0.070811994,-0.754438,0.20649402,0.15915841,0.2785494,0.81485605,-0.33988938,-2.1351542,-0.4183422,-0.307824,1.9454399,0.21361598,0.116936006,0.58753,-0.28342694,0.4144442,0.49521202,-0.0807752,0.63209206,0.25569,0.20206687,-0.20527399,-0.23632999,-0.151068,-0.18879399,-0.292806,-0.027911996,0.09746001,0.0856196,-0.067102596,-1.212886,0.2383738,0.70045996,0.058181394,-0.509798,0.294952,-0.885064,-0.3485202,-0.033560403,-0.3312282,-0.21755481,-0.3682004,0.032719404,-0.164491,-0.0716516,-0.3349242,-0.537178,-0.03288102,-0.038687803,-0.060273997,0.763278,0.11571602
358,0.011216338,0.037508104,0.3792367,-0.27014667,-0.3800931,0.64502335,0.30116668,0.107102334,0.40404,-0.42387,0.094846666,0.122213334,0.01709967,-0.19562232,0.27671334,0.011380002,-0.4201633,0.22701,-0.20845668,0.61325663,0.2264,0.5680073,-0.50174665,-0.52596,0.272948,0.15174033,-0.35325,-0.22702797,0.44766334,-0.24913335,-0.099373005,0.07711166,0.40538022,-0.08905333,-0.19575197,0.7115633,-0.41301265,-0.12892,0.40951332,-0.19663,0.09365667,-0.033212993,0.10095668,-0.2687167,-0.31844866,0.009599666,0.030163327,-0.0045699975,-0.22112668,-0.5904867,-0.29014334,0.18873668,-0.0076700053,0.25574467,-0.026507676,-0.9144623,0.4327,0.40898335,0.16683002,-0.24552737,0.38785663,0.6498197,-0.61419994,-0.5521567,0.22046334,-0.09790667,0.53316003,0.30844232,-0.25202432,0.14222999,0.27478,0.36556163,0.28316334,-0.2396967,0.08415401,0.38707337,0.048974674,-0.34523332,0.41607666,-0.14333867,0.22056,-0.11675,-0.03371666,-0.11268134,-0.37410665,0.17357099,0.016867332,0.312783,-0.35764334,-0.44708332,0.098821335,-0.23742068,0.27814165,-0.20719002,0.09569866,-0.0014163256,-0.36063167,-0.23407833,-0.29282033,0.5165067
359,-0.12512693,0.23957603,0.41361365,-0.23584203,-0.0813951,0.07439207,-0.23296535,0.22903004,-0.14537442,-0.035232503,0.0696362,-0.0040133093,0.2231606,-0.013005963,-0.025741547,-0.36954424,0.14957115,0.16021737,-0.45688227,0.16938128,0.16232392,0.004013456,0.17286497,0.046976075,0.14084221,-0.06907999,-0.07836391,-0.40702504,0.16723351,-0.17788306,-0.052993238,0.40556172,0.03488528,0.08054441,-0.020225607,0.38451582,0.018008826,0.24108353,-0.04526498,-0.22643648,-0.46517172,-0.24864392,0.1810996,-0.32913947,-0.16439742,0.05733405,0.21268205,-0.308483,-0.085681856,-0.7971306,0.052330222,-0.052336458,0.099128164,1.0637816,-0.2471899,-2.2539527,0.040190965,-0.2103435,1.6116309,0.40950376,-0.20783177,0.7005859,-0.32988828,0.06643231,0.7519194,0.015118495,0.34591776,0.4576956,0.13226876,-0.33370885,0.116845794,-0.2969756,-0.09278652,-0.4983518,0.19264781,0.11562395,-0.23802921,0.046512652,-0.7760164,-0.021178525,0.55898464,0.023456587,-0.42069113,0.1543478,-1.4220504,-0.23190871,0.0582021,-0.11215852,-0.28646284,-0.41803023,-0.123278,-0.040640663,-0.16904454,0.08530992,-0.57142985,-0.061414786,-0.19454993,-0.24574772,0.49990523,0.2210301
360,-0.097835064,0.23589465,0.47137552,-0.3232589,0.00597052,0.1092183,-0.14417079,0.17466897,-0.31591314,-0.03567514,0.17983072,-0.07934991,0.05416022,0.018245216,0.0898133,-0.23878552,0.120953,0.20261937,-0.38146776,0.23065336,0.2630642,-0.063008405,0.17931053,0.087446555,0.32701546,-0.090735175,-0.17983106,-0.39372376,0.15361337,-0.24833693,-0.28946346,0.37829253,-0.03438077,-0.011380624,0.049817044,0.21408641,-0.07868728,0.21447048,-0.1328624,-0.11629098,-0.26693678,-0.26431334,0.0672115,-0.38884035,-0.098712035,0.20278081,0.21942647,-0.42478058,-0.07375755,-0.80056334,-0.05307824,-0.09412891,0.0952551,1.0490364,-0.07654258,-2.3182266,0.04971209,-0.10158361,1.511951,0.5078875,-0.37769163,0.5863447,-0.31478304,0.07626865,0.62206393,0.07696408,0.43324074,0.19200724,0.10010733,-0.2657534,-0.082064204,-0.2789453,-0.13392271,-0.24290192,0.13228805,0.13740766,-0.31986612,-0.024040654,-0.64387286,0.014161291,0.6055161,0.0931899,-0.5115693,0.1428427,-1.3958127,-0.11178615,0.034936816,-0.03336437,-0.08595252,-0.24303822,-0.1785548,0.014372186,-0.14536059,0.044893637,-0.55507976,-0.08324835,-0.121493734,-0.18805297,0.5685591,0.20758554
361,-0.010782777,0.2211458,0.25411552,-0.31996122,-0.13810065,0.15258074,-0.086364955,0.21575302,0.06595486,-0.07887643,0.06750119,0.08094741,0.36473328,0.021528056,0.010166109,-0.29587805,0.09021193,0.2060586,-0.4727099,0.27102083,0.18597776,0.01938248,0.16487445,-0.051681772,0.026030509,-0.09924633,-0.10687626,-0.44055292,0.050855547,-0.11547719,0.11218128,0.55337834,0.023899917,0.13672756,0.16797525,0.37922147,-0.13588668,0.26150596,-0.043226488,-0.14170049,-0.4043593,-0.08014849,0.21954449,-0.47922626,-0.09333481,-0.037782367,0.18439029,-0.35914448,-0.07583196,-0.90746903,0.19176294,-0.11091469,0.14250939,1.0032277,-0.31459144,-2.0910497,0.016127886,-0.14888065,1.6325579,0.42221716,-0.04981393,0.704217,-0.4106189,0.06746888,0.87562335,-0.027797977,0.508043,0.39200243,0.008884229,-0.23612405,-0.022993874,-0.29983255,-0.009283887,-0.31804046,0.12573302,0.20224816,-0.14249566,0.034587152,-0.99991566,-0.011470256,0.5844433,-0.17496404,-0.4879659,-0.020478666,-1.6671259,-0.23033105,0.17385586,-0.10460116,-0.32987309,-0.49640745,-0.1372787,-0.13969022,-0.1268037,-0.1368483,-0.39389396,0.07930336,-0.19936797,-0.24017951,0.50281763,0.29160705
362,0.0006104708,0.14328796,0.18889052,-0.107200734,0.058654554,-0.06628634,-0.11082254,0.033354655,0.23552197,0.007173789,0.24616207,-0.021768747,0.35773247,-0.07686275,-0.16565576,-0.2960028,0.059839435,0.120131426,-0.19967715,0.16714057,0.19081295,0.08271443,0.32185006,0.102618754,-0.03138252,0.03309857,-0.11671542,-0.033825807,-0.113163106,-0.16999666,0.074387394,0.6205603,-0.0147441905,-0.070981465,0.26279736,0.27194715,-0.07223171,0.10433819,-0.11726091,-0.15288684,-0.19143547,-0.16167685,0.03825019,-0.26097026,-0.13002212,-0.12403796,0.07070814,-0.0351419,-0.05721347,-0.48604733,-0.09428432,0.03217139,0.04199981,0.6901467,-0.25526837,-1.3675702,0.020897094,-0.16519661,1.2716764,0.270067,-0.20839873,0.1033258,-0.26979405,0.24521187,0.54588014,0.009701236,0.42056736,0.3168589,0.28232312,-0.2684731,-0.020855049,-0.1792451,-0.038289286,-0.19240505,0.024718855,0.12808734,-0.05986258,0.07466026,-0.71336854,-0.14091961,0.5313367,-0.057938144,-0.38485217,0.06760613,-1.1196954,-0.102432296,-0.069777764,-0.12440392,-0.24685101,-0.3599438,-0.091786094,-0.043119814,-0.053352196,-0.051771384,-0.21860859,0.0890638,-0.22517684,-0.21987776,0.45828193,0.116406985
363,-0.3404706,0.17685549,0.32822755,-0.26638457,-0.022522591,0.066961974,-0.0670841,0.18488123,0.051871266,0.04683902,0.1675707,-0.15941598,0.2662816,-0.08662799,0.10240359,-0.19350685,0.20409016,-0.008380359,-0.11079877,0.15184869,0.04403855,-0.015931008,0.23788546,-0.1209464,0.1508169,-0.035559133,-0.21806999,-0.40037546,-0.2634226,-0.09794939,-0.16526726,0.5549866,-0.096064545,-0.05689719,0.33982378,0.2651835,-0.023822444,0.1348217,-0.05027242,-0.22995819,-0.1901732,-0.12911549,0.093688495,-0.35539043,-0.06885677,-0.09600986,0.2312451,-0.33990774,-0.02023127,-0.59637487,0.1667319,-0.06351122,0.097336285,0.89543325,-0.31998947,-2.048363,0.037652705,-0.08481142,1.4337581,0.23539153,-0.10988331,0.49296054,-0.19999515,0.084713,0.7229151,-0.06762337,0.4161975,0.19363719,0.09338083,-0.2743555,-0.09611263,-0.37790048,0.09449246,-0.2176529,0.33653498,0.025814356,-0.082567364,-0.018408822,-0.65413594,-0.14317518,0.5640389,-0.052409276,-0.5144686,0.09754919,-1.2818437,-0.0548264,0.18164708,-0.12938802,-0.21409664,-0.38438642,-0.10568858,-0.14637278,-0.11803519,-0.13430877,-0.33321962,0.03993317,-0.16369283,-0.3371972,0.39680776,0.1892512
364,-0.088852,-0.13076648,-0.14083499,0.20725998,-0.2440325,-0.0467655,0.17668,-0.012828752,0.23775725,-0.025295008,0.72186494,-0.7333925,-0.24312249,-0.34047875,0.032694247,0.36074176,-0.033803,0.09658925,-0.2213475,0.2311675,-0.06549248,-0.13679701,0.043860003,0.52654,-0.06451325,0.2916878,0.5265425,0.1813425,-0.1453725,0.052355,0.084300004,0.6581973,-0.019335996,0.036549993,0.6912224,0.048052374,-0.18922026,0.3256455,0.016873248,-0.164964,0.5314977,0.1417375,-0.4120275,-0.34446,-0.119555,0.12443,-0.27336323,0.18912174,0.10535,0.14652525,-0.047925,-0.05211,0.239915,-0.0938013,-0.30587274,0.0052874982,-0.22401999,0.23891224,0.2686075,0.092144996,-0.085842654,-0.33034074,-0.2095875,0.3290075,0.228674,0.229642,-0.19081599,0.16703501,0.4379006,0.1028955,0.34766728,0.15581976,0.333125,-0.0661975,0.3072635,0.081615,-0.010140501,-0.043059,-0.25459123,-0.229156,-0.19678998,-0.5571975,-0.1725325,-0.0759155,0.04189576,0.104045,-0.153525,-0.26124248,0.20078123,0.452955,0.1175575,0.5282595,-0.0032900125,0.28039,0.42720252,-0.31579125,0.0591655,-0.22856873,0.23743999,0.060267493
365,0.08745126,0.45725003,0.21988499,-0.14089726,-0.233215,0.1224715,0.088962555,0.13525574,0.467775,-0.1560095,0.304775,0.31145847,0.53052497,-0.12223999,0.18988474,-0.19092001,0.060845993,0.41369247,-0.50541,0.006467495,0.362355,0.23618975,0.042334005,-0.34773326,-0.02057675,-0.22790726,-0.021909254,-0.5550075,-0.043358244,-0.31944007,-0.007559495,0.35342073,0.18872726,0.28681052,0.267838,0.4057575,-0.21674125,0.039724,0.112789996,-0.3725535,-0.204725,0.0002905745,0.1045245,-0.28532273,-0.063124,-0.088250004,0.40764,-0.2480375,0.3333975,-0.7819225,0.23578551,-0.1708715,0.40141225,0.78969,-0.051330004,-1.8119376,-0.21425,-0.06936515,0.886605,0.521105,-0.053934995,0.8816575,-0.472275,-0.07653999,0.58887,-0.184353,0.620945,0.169707,-0.04004001,-0.0578645,0.156798,-0.306005,0.034951992,-0.25420326,0.037938014,0.16163453,-0.2515275,-0.27880755,-0.78908753,-0.078556,0.3778125,-0.147139,-0.40828502,0.08498226,-1.3526574,-0.45321128,0.1699411,-0.16766325,-0.662775,-0.187645,-0.0855705,-0.28996652,-0.026744992,-0.12339774,-0.62040997,0.094492495,-0.345081,-0.008410253,0.11049075,0.500675
366,-0.1831508,0.26646838,0.4307692,-0.31859797,-0.17446096,0.08684069,-0.17326808,0.25042868,0.084940225,-0.025887134,0.18256772,0.073973484,0.25935853,0.042984683,0.07449889,-0.27413437,0.09863446,0.24024114,-0.43263876,0.2705511,0.2199863,0.02338745,0.13664159,0.0017319481,0.12703148,0.08425368,-0.16936767,-0.4319816,0.097855955,-0.223824,-0.045324065,0.62933844,-0.0069248886,0.11484137,0.1323945,0.37722602,-0.070344485,0.19439998,-0.022827521,-0.24846715,-0.29599366,-0.19135076,0.11153963,-0.43517372,-0.23619342,-0.020553036,0.16577806,-0.35447863,-0.06152936,-0.7929037,0.101306975,0.016022215,0.13809901,0.97830886,-0.22336008,-2.2138731,0.0068041184,-0.08506459,1.6172237,0.4148041,-0.13888903,0.7248052,-0.32311383,0.0017653931,0.76182234,0.03866249,0.52560145,0.38476658,0.11850846,-0.29040593,0.009425664,-0.33291584,0.010855634,-0.4258558,0.2098946,0.11104369,-0.15506156,-0.020586267,-0.7565168,0.00785685,0.52567434,-0.1944429,-0.53160876,0.040137757,-1.3922908,-0.15379788,0.13416716,-0.101166524,-0.2286161,-0.32201442,-0.116647586,-0.03176049,-0.056250524,-0.10180562,-0.4774368,-0.02275446,-0.11866418,-0.26518527,0.4987425,0.2898277
367,-0.24491501,0.23012,0.048414,-0.29176998,-0.12665498,-0.095245,-0.052357,0.35794002,-0.096535005,-0.009065002,-0.027045,0.073271,0.19077998,0.16271001,-0.043665,-0.72925496,0.2195,0.490275,-0.58936,0.047022797,0.296659,-0.49272949,0.33694,-0.217157,-0.291954,0.028955001,-0.429185,-0.005820006,0.31732,-0.126545,0.24185,0.40999,-0.080867,0.20859501,0.35443503,0.28459,0.111545004,0.10176499,-0.156025,0.06331,-0.35642,-0.215088,0.0020714998,-0.53589,-0.182075,-0.0480505,0.219666,-0.44652,-0.02654,-0.73056,-0.142155,0.021075,0.40721002,0.994195,0.131805,-1.9021,0.087118,-0.098335005,1.6108501,0.15656999,-0.20391999,0.83273005,-0.51708,-0.3513065,0.47808,-0.19031,0.26242998,0.588685,-0.062527,-0.592345,0.2025985,-0.600115,0.1412725,-0.68824,0.061095,0.43522,-0.279935,-0.0654945,-0.632535,-0.169624,0.766165,0.045179002,-0.91459,0.0390535,-1.7038,-0.418095,0.710595,0.10633501,-0.57741,-0.096990004,0.13232501,-0.21747999,0.1260118,-0.339685,-0.744295,-0.18936999,-0.19739999,-0.07877895,0.743485,0.47573
368,0.0,0.0,0.0,0.0,0.0,0.0,0.0,0.0,0.0,0.0,0.0,0.0,0.0,0.0,0.0,0.0,0.0,0.0,0.0,0.0,0.0,0.0,0.0,0.0,0.0,0.0,0.0,0.0,0.0,0.0,0.0,0.0,0.0,0.0,0.0,0.0,0.0,0.0,0.0,0.0,0.0,0.0,0.0,0.0,0.0,0.0,0.0,0.0,0.0,0.0,0.0,0.0,0.0,0.0,0.0,0.0,0.0,0.0,0.0,0.0,0.0,0.0,0.0,0.0,0.0,0.0,0.0,0.0,0.0,0.0,0.0,0.0,0.0,0.0,0.0,0.0,0.0,0.0,0.0,0.0,0.0,0.0,0.0,0.0,0.0,0.0,0.0,0.0,0.0,0.0,0.0,0.0,0.0,0.0,0.0,0.0,0.0,0.0,0.0,0.0
369,0.07306334,-0.11417534,0.35606667,-0.15925,-0.43741667,-0.27325532,-0.36663663,0.02092,0.059886675,0.08241501,0.19900034,-0.053039998,0.4375267,0.12203,0.08204567,-0.3658267,0.35665068,0.051433343,-0.015463333,0.65531665,-0.17847998,0.10262001,-0.16119666,-0.00068199885,0.044900566,-0.15734667,-0.25869396,0.101446666,0.028543001,-0.043824334,0.25681666,0.9903,0.052147996,-0.41198334,-0.036883336,0.31719932,-0.52186966,-0.10260833,0.293799,-0.27647367,0.42539933,-0.39668334,-0.091639996,-0.09378167,0.054310005,0.07745067,-0.0011433363,-0.3989123,0.27189934,-0.67148,0.44843802,0.10281533,-0.19473702,0.65269333,0.084968664,-1.7797166,0.29708233,-0.028813332,2.1660335,0.25333998,0.05822367,0.079796694,-0.21279998,-0.028270667,0.26798433,-0.303645,0.28938666,-0.21718533,0.858433,0.011803329,-0.26835668,-0.17284,-0.027886664,-0.37960336,0.62057334,0.37977,0.21142668,0.031383336,-0.7439167,-0.137877,0.66732335,0.105513334,-0.19964333,0.20143032,-1.6530333,-0.4385067,-0.26191667,-0.39328995,-0.37857735,-0.19821934,0.0062636733,0.2785667,0.17938668,-0.16635667,-0.25615665,0.38287035,0.20045668,-0.03895923,0.25944334,0.40045667
370,-0.15516904,0.26613492,0.46827224,-0.28835744,-0.13562024,0.1854863,-0.1157586,0.21054877,0.15082175,-0.08348499,0.22073585,0.085511014,0.32336918,-0.056193914,0.041398626,-0.22639002,0.14445017,0.1877134,-0.47027293,0.31407866,0.25192186,0.03619783,0.18584128,0.07739764,0.17754704,-0.03545959,-0.11690094,-0.4674425,0.16175896,-0.20454934,-0.018695766,0.68250084,0.10186317,0.18783347,0.155868,0.3259663,-0.13008456,0.27901867,0.07963621,-0.2786279,-0.42002052,-0.075440794,0.18067949,-0.3500943,-0.14773527,0.03688739,0.348167,-0.4680504,0.08798592,-0.8514159,0.07412625,-0.060648642,0.22579753,1.0723442,-0.23423333,-2.4036627,-0.015143361,-0.09996127,1.5491039,0.5399382,-0.12289163,0.7438004,-0.38963127,0.035943206,0.87850755,0.049016617,0.51874244,0.3167024,0.14219648,-0.26921773,0.14473587,-0.24959491,0.038633496,-0.3136543,0.16196962,0.07765389,-0.16519772,-0.078843676,-0.8540925,-0.050970193,0.45953807,-0.038894042,-0.57258576,0.12403936,-1.4700066,-0.20374446,0.08829509,-0.27477074,-0.24553858,-0.34496266,-0.07716113,-0.0037599674,-0.077937536,-0.026555322,-0.42430148,0.0059137917,-0.16489702,-0.36372304,0.4329192,0.28928813
371,-0.177602,0.5037067,0.65847665,-0.18024467,-0.19459665,-0.04582666,-0.143892,-0.15081334,-0.19765,-0.3888137,0.02242666,0.11445,0.11137333,-0.28312668,-0.07918333,-0.50768,-0.094550006,0.17722966,-0.61529666,0.46067333,0.451547,0.54222333,-0.008366664,-0.36781,0.19702666,0.018405003,-0.3464267,-0.44759098,0.07028899,-0.34317335,-0.00022134185,0.23362069,0.11956934,-0.12261533,0.20222665,0.31285584,-0.091033004,0.15299506,-0.37942,-0.10015667,-0.29744,-0.15791133,0.19402327,-0.44745335,-0.007633338,-0.18997999,0.84775,-0.14888701,0.22999668,-0.57604337,0.021132668,-0.12113333,0.27954665,1.06799,-0.17871167,-2.5722666,-0.02964667,-0.09063933,1.5688,0.27213666,-0.084948994,1.285,-0.46145663,0.24197,0.7831033,-0.032596666,0.41792634,0.17018001,0.30697998,-0.13844433,0.23664634,-0.40986332,0.09855667,-0.28394666,0.4751967,-0.17325032,-0.143247,-0.20307334,-0.66312665,0.07189431,0.64974,0.17937468,-0.39988002,0.04085666,-1.5821667,-0.162819,-0.0137766795,-0.3786273,-0.41688666,-0.43492997,-0.023483336,-0.12883367,-0.23804231,0.12334,-0.66351,-0.059618335,-0.56266,-0.36037,0.26388368,0.35709998
372,-0.039236665,0.10433,-0.029321,0.025802337,-0.019673338,-0.410964,0.22737002,0.15147567,-0.42793664,0.026870003,0.02323133,-0.44164,0.0779,-0.18093567,0.5485334,-0.51027995,-0.39643732,-0.25486663,-0.07236533,0.07364399,0.3412433,-0.20710434,0.38348332,0.18577667,0.33088836,0.26625666,-0.50895333,-0.26204,-0.17798333,0.38027334,-0.22204866,0.38814998,-0.13837999,-0.20836334,0.112413324,0.37678668,-0.15854934,-0.04134,-0.055928003,-0.10025666,-0.075673334,-0.24422634,0.29285666,-0.15105335,0.103083335,-0.23478667,0.20056336,-0.26284668,0.26289332,-0.9172067,0.33894667,0.19206496,0.43022,0.8944333,-0.36752665,-2.0483,-0.7583466,-0.0023420013,1.9245001,0.34624,-0.155324,0.76945,-0.40984,0.08523067,0.4690968,-0.39301333,0.339698,0.08262333,0.19668,-0.38654336,-0.26854667,-0.18304767,-0.057843342,-0.35443,0.5240767,0.0073166587,-0.25669003,0.041235,-0.5711067,-0.24169667,0.36065963,0.18296666,-0.08171668,-0.069699995,-1.45571,-0.205446,0.26376727,-0.0003799945,-0.5743566,-0.15089665,0.14250232,0.350933,-0.07125998,0.39706,-0.74242336,0.16945,-0.12907334,-0.12792668,-0.08020333,0.090129994
373,-0.446125,0.74256676,0.72514,-0.13330263,-0.3679225,0.1859325,-0.14610124,0.40196002,0.110999,-0.24382026,0.644345,-0.01845725,-0.008816503,0.2111325,0.12648074,-0.109620504,-0.124269255,-0.17118724,-0.38166276,0.46249998,0.538538,-0.322128,-0.040112495,0.049341485,0.26832476,-0.17335,-0.14941001,-0.60528004,0.356235,-0.18978876,-0.15611376,0.4601075,-0.43853003,-0.27559924,0.016713753,0.505495,-0.23225038,0.050385,0.26098,0.090335004,-0.26116002,-0.474875,-0.023905274,-0.46521002,-0.3156375,-0.09014249,-0.013694998,-0.3865475,-0.22475675,-1.0210425,0.14222926,-0.12483376,0.017575994,0.87150246,-0.34460717,-1.8226751,0.24517426,-0.22461051,1.6468,0.048775747,0.190645,0.90369,-0.005727485,-0.232674,0.4291575,-0.21047175,0.4496945,0.43999505,0.09225751,-0.13728,0.13159801,-0.23598199,-0.35466525,-0.25422,0.3898125,0.22719324,-0.018232487,0.14939001,-0.7441186,-0.3751875,0.50594497,-0.3635675,-0.15758602,0.1445215,-1.2323225,0.265325,0.3267225,0.08740076,-0.01384899,-0.34324002,0.049394503,0.33322752,-0.23938501,-0.5915375,-0.500835,-0.21198325,-0.115582496,-0.28457302,0.59801745,0.48671752
374,0.08412466,0.14021236,0.5606989,-0.13483445,-0.21274388,0.024769314,-0.31981555,0.20556301,-0.272796,-0.1075247,0.32651353,-0.05234244,0.24205558,-0.09874056,-0.099614434,-0.18336934,0.27682167,0.02884746,-0.4059233,0.19155765,0.29413798,-0.056457996,0.23411958,-0.06518586,0.19261332,-0.2316889,-0.08241866,-0.4542622,0.14491777,-0.19355164,0.064055234,0.40205887,0.169595,0.10574856,-0.14757222,0.12464877,-0.14545444,0.1422793,0.11431602,-0.3362173,-0.35376427,-0.23075888,-0.07229224,-0.4196521,0.069324434,0.30679035,0.36951044,-0.41902035,-0.044422217,-0.89521897,0.10233728,-0.19399397,0.24560945,1.0297555,-0.44465336,-2.5294888,-0.10293111,-0.032884665,1.8460555,0.55100226,-0.30737987,0.7528268,-0.29724094,0.07351223,0.66437674,-0.11129999,0.28823888,0.3509078,-0.11641423,0.04747523,0.038921554,-0.12447222,-0.28454778,-0.25979555,0.13820277,0.013846666,-0.101722226,-0.29294366,-0.878147,0.056480102,0.69640887,0.065869346,-0.44719395,0.21137378,-1.3915823,-0.40820488,-0.05923389,-0.2964353,0.03620033,-0.33708814,0.05427156,-0.14957517,-0.15149876,0.19983289,-0.42795336,0.08724111,-0.066291675,-0.13151278,0.6182933,0.19025178
375,-0.15604447,0.12950583,0.37390763,-0.31814355,-0.17304382,-0.029196238,0.0023660997,0.23217942,0.059654403,-0.03330485,0.19644456,0.06190298,0.34620082,-0.06969117,0.08374539,-0.41921434,0.060851533,0.17414142,-0.23959836,0.16826917,0.28156725,-0.080488496,0.2952434,-0.018146178,0.18771006,0.12281453,-0.31916818,-0.32652795,0.058001995,-0.19036585,-0.0464591,0.384085,-0.10930688,0.007289536,0.08889254,0.30510145,-0.029117722,-0.007094531,-0.057428017,-0.25642696,-0.33570862,-0.25374892,0.050254885,-0.33067322,0.0771735,-0.043399498,0.19375868,-0.23386645,0.17351465,-0.6398729,0.1716447,0.034518797,0.17866397,0.9455966,-0.24947394,-1.9901351,-0.16356868,-0.08386953,1.5621518,0.43467805,-0.19820467,0.77974904,-0.2932239,0.12674016,0.64253676,-0.053096246,0.22578062,0.20419857,0.15358391,-0.34110516,0.0754832,-0.31339094,0.036077064,-0.2271211,0.23078956,0.16912636,-0.19031732,-0.030431932,-0.6348294,0.020845702,0.44199744,0.00081710616,-0.53177035,0.20999666,-1.2783283,-0.26939905,0.24545108,-0.17433152,-0.3053785,-0.20666339,-0.08968531,-0.054062888,-0.019525943,0.018387951,-0.5316351,-0.08529958,-0.15853572,-0.1340452,0.39804545,0.21928433
376,-0.11239001,-0.042665005,-0.20519601,-0.43488,0.709405,-0.6983095,-0.013763495,-0.433071,0.85269,0.15447499,0.401415,-0.54621,0.140955,0.040419996,0.35362,0.1353943,0.16795999,1.0283949,-0.490655,0.297525,0.33723998,-0.24013701,0.720045,0.554135,-0.150431,-0.012704998,0.2061775,-0.069639996,-0.61109996,-0.30206,0.20816,0.49072498,0.018934995,-0.30414,0.71237504,0.522085,-0.22709,0.046905,-0.50093997,-0.576585,0.44938,-0.516627,0.046404995,-0.12324,0.041785,0.0024200007,-0.232995,-0.1786535,0.35159,-0.033109993,0.47891998,0.43905,0.188265,0.052884996,-0.304075,-0.345546,-0.51714003,0.080550045,1.1772515,-0.1642525,-0.039825,-0.09256,-0.53402,0.44282,0.14526,0.49352998,0.39811498,-0.51061,0.83484495,-0.722975,0.044005007,-0.183105,0.15974501,-0.48455,0.37590623,0.735415,-0.208635,0.57442,-0.305745,-0.26930898,0.673955,-0.015385002,-0.255905,0.2885,-0.770875,-0.141835,0.250268,-0.376582,-0.22999999,-0.17058,-0.121952,0.3302055,0.415305,-0.77253497,-0.33675998,-0.257205,-0.22569,0.1035505,1.23838,0.171248
377,-0.13155766,0.3247494,0.37557122,-0.3492956,-0.17460784,0.05506926,-0.23497306,0.1732139,-0.026552536,-0.020312577,0.21359038,-0.051706646,0.2094045,0.088305,0.14176787,-0.18705548,0.10213139,0.23844983,-0.3165611,0.2716007,0.15381669,0.027847957,0.08543298,-0.057484765,0.25438476,0.1469714,-0.12604545,-0.5436181,0.09200012,-0.26721194,-0.033639066,0.4895364,-0.03393224,-0.0048487675,0.0764697,0.3904375,-0.04701676,0.18887335,0.076443896,-0.28360012,-0.14104371,-0.26803306,-0.024961974,-0.4973691,-0.37154004,-0.0022347304,0.030880375,-0.3671501,-0.02408405,-0.8114805,0.120215975,0.014640125,0.067303784,0.9597893,-0.15254788,-2.0669997,0.033969216,-0.0027802761,1.5586822,0.3475967,-0.13476522,0.76607734,-0.37041494,0.1049165,0.61516386,0.045262787,0.59811956,0.24719326,0.17786233,-0.31025973,-0.029766146,-0.21687904,0.032237247,-0.31320417,0.15641865,0.12876347,-0.13313352,-0.03218316,-0.61684376,-0.016907763,0.52989525,-0.10161897,-0.45274368,0.0334595,-1.3030638,-0.15475662,0.050339196,-0.13745038,-0.2703617,-0.27886358,-0.14422503,-0.04509836,0.0019378276,-0.14084423,-0.4882598,-0.0803487,-0.13048771,-0.25963908,0.5520047,0.31313294
378,-0.25660637,0.15033817,0.41452026,-0.31106094,0.028021274,0.10392299,-0.14052255,0.25050673,0.10951464,-0.040645815,0.1604409,0.018244542,0.24198727,-0.24304762,0.096480206,-0.2251709,0.1637671,-0.024042541,-0.28655788,0.38254815,0.014103456,-0.010088634,0.14214054,0.06407473,0.11803272,0.08633474,-0.08267608,-0.31358635,-0.134443,-0.14136192,-0.09522018,0.6642428,-0.113067634,0.10702963,0.3143246,0.42153418,-0.09671416,0.23542207,0.023973636,-0.2450363,-0.2707399,-0.078617096,0.04402927,-0.36267182,-0.19620499,-0.06291154,0.19857,-0.2887821,0.1885609,-0.6160547,0.028482648,-0.0040229973,0.205972,0.77546096,-0.36375836,-2.0433283,-0.020968812,-0.11974282,1.4251992,0.30026636,-0.03141372,0.5422894,-0.18532775,0.16954094,0.7419973,0.010507549,0.3277868,0.22609828,0.24293782,-0.26560938,0.05634763,-0.13358909,0.06198354,-0.43134996,0.080621466,0.1608857,-0.09192126,0.023406638,-0.7841963,-0.17105637,0.38112,-0.11140218,-0.43410215,0.18043308,-1.0702907,-0.16226783,0.006040996,-0.21990031,-0.07523482,-0.18590602,0.14679064,0.02117746,-0.06304273,0.07794092,-0.34789374,-0.056137823,-0.33801445,-0.3026234,0.72398704,0.3044391
379,-0.071010284,0.23152427,0.35058787,-0.43968794,-0.08902307,0.24991222,-0.3654435,0.25242722,0.12629393,-0.13434385,0.09116392,0.11592384,0.42882627,0.032015044,0.06187453,-0.3691857,0.20654249,0.45204553,-0.4538721,0.32380143,0.182483,-0.010440065,0.26667315,-0.0926515,0.04590593,0.088070795,-0.051099796,-0.42146713,0.041187484,-0.38660482,0.08050315,0.4254271,-0.11248671,0.10831392,0.2707725,0.32146734,-0.08906478,0.19201902,0.105593,-0.2693707,-0.25940028,-0.10809902,-0.16426216,-0.4418363,-0.21318872,-0.028581198,0.099660076,-0.32637408,-0.037039217,-0.65369076,-0.029669324,0.037813585,-0.030937914,0.8266123,-0.32630283,-1.8286029,0.09618545,-0.12056285,1.4650267,0.37583286,-0.1364085,0.8055943,-0.25727144,0.16985114,0.7254497,0.057792578,0.49931964,0.3148175,0.07925343,-0.52776754,-0.08533811,-0.4496575,-0.043710936,-0.34166843,-0.060024213,-0.04509721,-0.04247257,-0.0069872164,-0.6922784,-0.046327498,0.61466926,-0.11502423,-0.77169573,0.035291497,-1.4679756,-0.14602499,0.09353341,-0.15201154,-0.14894478,-0.29420486,-0.16412337,-0.067802265,0.021451358,-0.220997,-0.39898142,-0.26061374,-0.11217086,-0.2673952,0.46746305,0.30889702
380,-0.08458193,0.31306508,0.5293766,-0.13322343,-0.045850113,0.11193965,-0.18150419,0.1746913,0.0048832493,-0.0801782,0.15729272,-0.003395903,0.22648267,-0.015699351,0.1094883,-0.29800817,0.17694949,0.23672529,-0.2418367,0.27240875,0.16244978,-0.03885249,0.058830414,-0.092458084,0.14076208,0.13118687,0.0027274294,-0.40184447,0.05062468,-0.18164511,-0.096181065,0.5122224,0.007558089,0.079488285,0.17518808,0.33463773,0.10338135,0.1969308,0.0024611577,-0.27164844,-0.31019035,-0.13762698,0.022697506,-0.35930258,-0.12564406,0.017083555,0.08606114,-0.21470915,-0.18407597,-0.7125639,0.034960154,-0.06109998,0.12709446,0.9305649,-0.21406493,-2.1498604,-0.0034372984,-0.23112412,1.4350123,0.3478912,-0.10395475,0.7464912,-0.32933322,-0.025914222,0.85376453,0.14987606,0.3780427,0.20615397,0.17069812,-0.3050802,0.047851205,-0.28642082,0.041167974,-0.2526174,0.21504086,0.066738345,-0.15927224,-0.20505038,-0.59157336,0.025094897,0.44815743,0.087326385,-0.42124546,0.0064877095,-1.1900598,-0.052731737,0.027706414,-0.20366831,-0.17178303,-0.19682957,-0.13285632,-0.09241111,-0.009738631,-0.023922205,-0.4664198,-0.11127054,-0.13552946,-0.34934545,0.49228126,0.19445346
381,0.0,0.0,0.0,0.0,0.0,0.0,0.0,0.0,0.0,0.0,0.0,0.0,0.0,0.0,0.0,0.0,0.0,0.0,0.0,0.0,0.0,0.0,0.0,0.0,0.0,0.0,0.0,0.0,0.0,0.0,0.0,0.0,0.0,0.0,0.0,0.0,0.0,0.0,0.0,0.0,0.0,0.0,0.0,0.0,0.0,0.0,0.0,0.0,0.0,0.0,0.0,0.0,0.0,0.0,0.0,0.0,0.0,0.0,0.0,0.0,0.0,0.0,0.0,0.0,0.0,0.0,0.0,0.0,0.0,0.0,0.0,0.0,0.0,0.0,0.0,0.0,0.0,0.0,0.0,0.0,0.0,0.0,0.0,0.0,0.0,0.0,0.0,0.0,0.0,0.0,0.0,0.0,0.0,0.0,0.0,0.0,0.0,0.0,0.0,0.0
382,-0.11261972,0.08531313,0.33072445,-0.17471957,0.057814505,0.15304503,-0.13676967,0.25186157,-0.013351981,0.025322612,0.12973948,0.016005084,0.21738696,0.09948989,0.1316704,-0.27639243,0.26709545,0.06146875,-0.4709661,0.07265549,0.2962256,0.012531613,0.18128292,0.08553521,0.15412459,-0.11518275,-0.15417016,-0.39629194,0.1671453,-0.08393819,-0.13968807,0.36633924,-0.014647909,0.06715618,-0.020699136,0.34361613,-0.07260619,0.14725153,-0.08510006,-0.13147953,-0.420277,-0.29252642,0.2102896,-0.31140694,-0.031134985,-0.013186163,0.034252744,-0.3747302,0.031138223,-0.6797689,0.10180871,-0.019277973,0.14105096,0.958319,-0.26805288,-2.0606847,-0.18784183,-0.20445658,1.6669362,0.41588435,-0.17441817,0.61804444,-0.29683134,0.10064583,0.48103192,-0.042188995,0.2780595,0.34578824,0.12096571,-0.10477552,-0.18122487,-0.267196,-0.056161422,-0.38046578,0.19809598,0.20884618,-0.14063755,-0.011722288,-0.8616282,0.021918038,0.5985971,0.006651437,-0.41166657,0.13180937,-1.1685979,-0.20574833,0.14552565,-0.001788644,-0.20125173,-0.222879,-0.005897779,-0.05297366,-0.049044743,0.014375492,-0.5281081,0.04164768,-0.109728046,-0.09199816,0.43748063,0.11701834
383,0.108590014,0.41470498,0.2909,-0.57783324,-0.27409974,0.080897994,-0.21518964,0.008262496,-0.38549674,-0.095547505,0.46735775,-0.021936253,0.11184575,0.20602499,0.34102198,-0.4163025,0.020649984,0.32119,-0.20128,0.4813175,0.220515,0.236075,0.069749,-0.15916799,-0.044154998,-0.22814324,-0.13093999,-0.538355,0.075297505,-0.0016052481,0.21951875,0.52793205,-0.18650998,-0.39761,0.2916775,0.3825475,-0.04671973,0.057227507,-0.011769995,-0.383355,-0.11702251,-0.2587425,-0.32961875,-0.54439247,-0.344005,0.0230975,-0.19652525,-0.17343,-0.13305375,-0.7784775,-0.056071,0.1652655,-0.034624502,0.71157247,-0.03850349,-2.0179,-0.05443725,-0.19889252,1.7630725,0.3210625,-0.04009499,1.1585674,-0.37411278,0.32388225,0.538165,0.075218745,0.69520247,0.309087,0.1489036,-0.16390751,-0.059912488,-0.37318003,-0.19349751,-0.419715,0.026066752,0.14912102,-0.039499678,0.016219249,-0.8020625,0.018174503,0.74698246,-0.008310001,-0.5720675,0.17996502,-1.276955,-0.13068324,-0.13845475,-0.31496775,-0.2438875,-0.25602198,-0.30943924,-0.11139025,0.005265005,-0.5347875,-0.87449753,-0.17619127,-0.4071825,-0.0030900016,0.57969,0.23660749
384,-0.18590066,0.11652132,0.40852627,-0.19071689,-0.08112004,0.14565955,-0.15414272,0.23750646,-0.022055963,-0.0037996143,0.18718615,0.0053253295,0.13186179,-0.08135663,0.11029099,-0.21322317,0.053269334,0.06773823,-0.28651395,0.22276935,0.24515462,0.03581636,0.1427079,-0.010152113,0.15024108,-0.07948229,-0.099927716,-0.3045931,0.10715459,-0.14108485,-0.10391363,0.40914235,-0.0032513342,0.0014149372,-0.012211739,0.28924695,-0.17134836,0.15059206,-0.016229488,-0.11482841,-0.4072742,-0.16076845,0.055398595,-0.2771677,-0.105203055,0.037347615,0.22975536,-0.326723,-0.007677026,-0.6848794,0.15288676,-0.08709858,0.090239145,0.9308921,-0.24728703,-2.1994653,0.02081843,-0.17361188,1.5479058,0.42008948,-0.16992077,0.7112873,-0.21044919,0.042667966,0.6550108,-0.08963388,0.40899262,0.20052822,0.21498111,-0.18777297,-0.010200987,-0.2657548,-0.08187761,-0.22616732,0.18762057,0.14438002,-0.16286966,-0.080018125,-0.79024476,-0.034219515,0.50927204,0.030927215,-0.4348579,0.13933589,-1.3514873,-0.12413635,0.07867379,-0.17458284,-0.24648722,-0.29516715,-0.014806949,0.018528502,-0.1746724,-0.009851691,-0.41276097,-0.0066284477,-0.14909416,-0.18003681,0.45295912,0.23460317
385,-0.23314707,0.26402184,0.2890001,-0.174617,0.04466242,0.032941718,-0.09892284,0.22444318,0.11890826,-0.056664262,0.20742826,0.06237458,0.15163167,-0.20774502,0.028102083,-0.37874332,0.37426248,0.26949093,-0.36222997,0.26665816,0.22145484,-0.13944,0.2395389,0.12658913,0.055620376,-0.26602253,-0.14449005,-0.60329086,0.0341598,-0.1725806,-0.16172983,0.57478744,-0.36056092,-0.06287667,0.02455925,0.6683224,0.07083058,0.094153166,-0.08364508,-0.20507734,-0.1628,-0.45284534,0.029071674,-0.8324825,-0.19070967,0.26369175,-0.006123344,-0.31854102,-0.112154156,-0.875365,0.06126498,0.05952689,0.18667193,1.0257167,-0.008708333,-2.1484835,-0.24625134,-0.35481167,1.7004336,0.28689668,-0.105140515,0.508653,-0.13798158,0.20514785,0.68723744,-0.11350558,0.32924917,0.39513183,0.0062090307,-0.38883153,-0.1572791,-0.43495348,-0.20912933,-0.3016536,0.13438009,0.13553925,-0.24194176,0.09367908,-0.6627542,-0.027435385,0.56468886,-0.046328753,-0.49554506,0.013188675,-1.1132454,-0.18958108,0.28464106,0.04619959,-0.043672744,-0.12694408,-0.22967517,0.057244334,-0.01976283,-0.5155471,-0.6238276,-0.17880325,0.06363883,-0.24656166,0.63452584,0.16732192
386,-0.10665304,0.1758001,0.24341263,-0.21259283,0.019876037,0.093743764,-0.079300694,0.15057957,0.001757017,0.052556455,0.060915038,0.007310232,0.3695833,0.07791611,0.05288886,-0.20538267,0.16583991,0.11475246,-0.3553389,0.16063757,0.23835264,-0.027447658,0.25390822,0.03231687,0.14369369,-0.100125544,-0.10940284,-0.3595428,0.024665883,-0.12582524,0.04471775,0.37703398,-0.12332448,0.008576506,0.09986007,0.2978104,-0.014825372,0.14947475,-0.037948642,-0.14127947,-0.3833678,-0.21877296,0.118044205,-0.34832212,-0.061493635,-0.0024231793,0.20858201,-0.29353806,0.016465481,-0.6876236,0.10675128,0.047368366,0.16373222,1.0075052,-0.17221111,-2.004589,-0.05805877,-0.19708505,1.5349951,0.37775213,-0.2021525,0.64402026,-0.16701214,0.12710369,0.7322864,-0.06201511,0.36271095,0.23243397,0.15380694,-0.2631953,-0.074826375,-0.301652,-0.07296347,-0.3383282,0.19398206,0.083109885,-0.0874594,0.0148428,-0.8183325,-0.0032047448,0.5484462,0.004689731,-0.41707546,0.12592006,-1.3050677,-0.1516036,0.13324396,-0.06464885,-0.23183554,-0.34225193,-0.15861055,-0.025253747,-0.15066978,0.019684384,-0.4033957,-0.030165352,-0.12816526,-0.24625267,0.45301735,0.20490944
387,-0.051875893,0.12447462,0.17091177,-0.30487016,0.04401299,0.10365358,-0.015627054,0.29152334,0.052914206,0.13354136,0.24971826,0.028498054,0.12134495,0.14527062,0.022873472,-0.29002738,0.25258863,0.28955847,-0.3729379,0.28129998,0.13505258,-0.025616273,0.16997246,0.12564826,-0.05720143,0.0006833688,-0.0030062543,-0.3646548,-0.005970006,-0.24813193,0.21183997,0.47690892,-0.1683421,0.041908294,0.22608072,0.35551578,-0.032261383,0.0784531,-0.23720317,-0.12997048,-0.23778816,-0.21753466,0.041715894,-0.37601796,-0.056034,-0.04336957,0.057596374,-0.47318736,0.08815599,-0.6640636,0.23328304,-0.088153146,0.18374607,0.83154315,-0.0937396,-1.736883,-0.0112153385,-0.21624641,1.6503736,0.40867317,-0.12856236,0.4082109,-0.32111377,0.107788324,0.65009683,-0.049898576,0.3518551,0.23892084,0.21594329,-0.19337785,-0.09369806,-0.14066489,-0.022018747,-0.3167668,0.11316881,0.23615943,-0.23104894,-0.0011752076,-0.81546164,-0.08845168,0.65583736,-0.0687092,-0.44313526,0.10171746,-1.2940689,-0.27020302,0.21608275,-0.112103045,-0.30067492,-0.2555436,-0.08029406,-0.060314674,-0.049385235,-0.2055067,-0.32964543,0.0073376205,-0.0793365,-0.021769786,0.47367743,0.074837424
388,-0.02642621,0.110514596,0.28790155,-0.25381625,-0.120160736,0.22645655,-0.10228603,0.15474778,-0.030785354,0.021642903,0.16109054,0.06321457,0.23183534,-0.0026552037,0.110892676,-0.26031223,0.09927155,0.21726678,-0.4297174,0.3220303,0.12585,0.061556928,0.06366166,0.017874075,0.18481584,0.126104,-0.16840161,-0.4112655,0.22314169,-0.16503337,-0.03514811,0.5615947,0.02996674,0.050022807,0.05698908,0.27342805,-0.1287479,0.18582018,-0.07659894,-0.21226887,-0.27286467,-0.13159691,0.30112433,-0.4010193,-0.14516598,-0.07741175,0.12866588,-0.3078884,0.049849562,-0.77802664,0.05336608,-0.032185003,0.14092803,0.9038761,-0.25028834,-2.1848867,0.05716138,-0.058707107,1.4842936,0.38567066,-0.05443483,0.7045593,-0.40945387,0.11774414,0.65916073,-0.050813667,0.49173892,0.28484905,0.089936785,-0.24661234,-0.034051914,-0.20026045,0.020078175,-0.4191974,0.13281684,0.31361997,-0.20623183,-0.049127694,-0.6660124,-0.10734111,0.49364546,-0.010109778,-0.36397055,0.03787364,-1.2402425,-0.2255648,0.114231005,-0.11311162,-0.3014861,-0.3472648,-0.14682321,-0.12929589,0.07075424,0.020176735,-0.44942716,-0.10437978,-0.17426598,-0.23234963,0.3828851,0.22783786
389,-0.19645065,0.3482792,0.32545906,-0.3551037,-0.13779455,0.3875988,-0.1557859,0.21980181,0.30506134,-0.032344,0.15515055,-0.04772965,0.32871273,0.07418757,0.12843381,-0.051409546,0.22878599,0.4083587,-0.37348434,0.46301782,0.22179256,0.08143018,-0.007219087,-0.2794519,0.1547909,0.21033973,-0.18926544,-0.39253184,0.11554173,-0.242767,0.0037137913,0.79436547,-0.01847744,-0.100464016,0.3163309,0.4573591,-0.1985,0.2195852,0.31769907,-0.56959105,-0.052847266,-0.12956718,-0.06525654,-0.5471859,-0.25944236,-0.03061673,-0.042655632,-0.23547426,-0.062340915,-0.74027914,0.05561264,0.0072138743,0.111779906,0.7964937,-0.21549724,-2.156789,0.039104633,0.01733955,1.7352992,0.28252727,-0.23629023,0.60142183,-0.34596047,0.036347117,0.8324783,0.2609727,0.7937609,0.34001547,0.07918599,-0.26248088,-0.11804182,-0.13593364,0.06895255,-0.39209083,0.09977575,0.026714902,0.10207199,-0.11259273,-0.6240107,-0.13444027,0.6135173,-0.3944868,-0.6602705,0.010652724,-1.4166045,-0.16186275,0.23594865,-0.24580632,-0.15184827,-0.33273092,-0.16614991,0.13532545,0.14972363,-0.22120209,-0.36339223,-0.28537473,0.06297002,-0.30429628,0.53112906,0.29640666
390,-0.013278499,0.2418,0.69767,-0.427995,-0.16062,0.52405,0.06848499,-0.06737001,-0.1921375,0.1790026,0.10386499,0.282741,-0.0036599934,0.060620002,-0.29134,-0.1765035,0.208515,0.037530005,-0.090775006,0.499715,-0.071471006,0.34265,-0.1441475,0.13372,0.49769503,0.392621,-0.36283952,-0.85004497,0.4606495,-0.146395,0.086710006,0.47541875,0.744295,0.265885,-0.135765,0.65498495,-0.63175,0.27021798,0.2287215,-0.52373004,0.27847,-0.097301,0.778835,-0.67114496,-0.12679501,-0.119435,-0.44740498,-0.36619502,0.045392,-1.0373499,0.007149998,0.030792002,0.295441,0.76797,-0.043245003,-2.381,0.2798,0.70041,1.30576,0.101117,0.24584001,1.291155,0.116835,0.14184105,0.857685,0.05325,0.52727,0.17929,-0.14352,-0.21596,-0.244175,0.44834,0.35999,-0.36282498,-0.203085,0.73460996,-0.2044,-0.42457,-0.03388998,-0.008901503,0.1075695,0.142295,-0.132175,-0.23629999,-1.400465,-0.46942997,-0.60188997,0.13851498,-0.342269,-0.205498,-0.297825,0.42422998,0.90513,0.35575002,-0.98213,-0.509385,-0.48374498,-0.328955,0.443565,0.900855
391,-0.38517502,-0.64089,0.050614998,-0.527225,0.07833998,-0.327026,0.401605,-0.339543,0.883435,0.0886195,0.489195,-0.415005,0.07418,-0.539394,0.369245,0.30506,-0.15777099,0.1859625,-0.11338499,0.251215,0.36436498,-0.085585,-0.08308001,0.658855,0.037529,0.66612506,-0.057529986,0.113115,-0.51600504,-0.0039450005,0.478,0.92293495,-0.0485885,-0.080475,0.68568504,-0.417105,-0.472875,0.233915,0.051895,-0.58105505,0.21623051,0.54543495,-0.118504,0.010139998,0.15527001,-0.23253,-0.37314,-0.049640007,0.18607126,0.51367,0.29421002,0.008660004,0.25995,-0.35277,-0.511405,0.18350002,-0.28548497,0.22690949,0.37047,-0.336365,0.073944986,-0.2307765,-0.101215,-0.12081,-0.023145005,0.282525,0.45364302,-0.39453,0.39483002,-0.034140006,0.512295,0.46233,-0.027359992,-0.63438,0.172575,0.57527006,0.316555,-0.451783,-0.10293999,-0.3192334,-0.35841,-0.4784655,0.18408498,0.1845305,-0.0457745,-0.07413499,0.27167463,-0.33232498,0.032409996,0.742455,-0.057134986,0.818835,0.08608,-0.405695,0.393845,0.117265,0.39572,-0.69533,0.71988297,-0.14171
392,0.013315003,0.30455852,0.4176125,-0.049100503,-0.17055474,-0.28409553,-0.180465,-0.022018246,-0.01807475,0.15159674,0.14486575,-0.1810675,0.386465,-0.057095997,-0.11974826,-0.1968535,0.340188,0.1275375,-0.3305075,0.49550754,0.08213501,0.1383875,-0.007791003,-0.07756275,0.19499293,-0.36852252,-0.15946047,0.15493,0.18891649,-0.198641,0.24038252,0.58869255,0.2656775,-0.05996,0.13951251,0.09751824,-0.5332848,-0.11669426,0.099371016,-0.16537775,0.054844998,-0.07711751,0.12887248,-0.0027785003,0.39519498,0.45158798,0.46393502,-0.599495,0.2515775,-0.800035,0.358095,-0.075975254,-0.098791756,0.86513,0.09067375,-1.7649376,0.14035925,0.045164995,1.974175,0.4457025,-0.23388001,0.256725,-0.2950275,-0.2009925,0.47861576,-0.14723499,0.134345,-0.16282651,0.629439,0.11583001,0.02365999,-0.1675625,-0.3103425,-0.0073674917,0.366965,0.26589176,0.0065625086,-0.26942825,-0.80527997,-0.056487747,0.609065,0.18128851,-0.2147075,0.2800425,-1.4306101,-0.5200175,-0.19316326,-0.40548998,-0.186592,-0.19954525,0.167404,0.4032243,0.039877504,-0.20937349,-0.3117875,0.41093278,0.13431251,0.09938875,0.28757998,0.242154
393,-0.046101738,0.40103582,0.3100398,-0.3983311,-0.10032293,0.1504534,-0.05318294,0.17564596,-0.020155178,-0.11362144,0.19319373,0.115333885,0.2843913,0.11947827,0.14276099,-0.30729902,0.047882307,0.16218898,-0.43976858,0.35043365,0.30723852,0.14211729,0.19618048,-0.06264767,0.24411942,0.00089776167,-0.21708171,-0.51981294,0.11823073,-0.18873042,-0.043036167,0.5240129,-0.019418562,0.058489766,0.07146647,0.3080527,-0.08556973,0.24244495,0.04050464,-0.21964464,-0.3954012,-0.14896183,0.17708881,-0.41189727,-0.2048124,-0.10240772,0.20591983,-0.3288987,0.0022571434,-0.792226,0.03797884,-0.1049697,0.106614545,1.0897583,-0.19924997,-2.4232144,0.01571147,-0.020263886,1.4951692,0.59006524,-0.18034582,1.0040495,-0.35368675,0.10033619,0.6952622,0.10071996,0.66024697,0.3278874,0.037487414,-0.23612683,0.0546081,-0.2788424,0.014742032,-0.31256455,0.08346622,0.15152021,-0.108784534,-0.058781672,-0.79331946,-0.0380295,0.5368912,-0.029061133,-0.51883936,0.16842082,-1.41425,-0.21325168,-0.019286932,-0.19983958,-0.38416088,-0.36690658,-0.021312015,-0.22812301,-0.08837763,0.054518096,-0.5791458,-0.01572833,-0.31294364,-0.3020824,0.41843688,0.31731528
394,-0.038341925,0.19476266,0.3128602,-0.34400767,-0.01523733,0.17552945,-0.092837945,0.20875154,0.035322633,-0.012317247,0.24555829,0.07354265,0.28994453,0.10202603,0.15186726,-0.26295093,0.19370751,0.078337595,-0.31952986,0.15410623,0.18611082,0.1076696,0.1827251,0.012037777,0.12420266,-0.10530933,-0.07901437,-0.3008801,0.03703886,-0.15730253,0.14044224,0.37591612,0.012829504,0.0046138954,0.102834776,0.3073179,-0.13604912,0.21082821,0.029839404,-0.16866462,-0.28232953,-0.25011694,0.09542675,-0.31009388,-0.044662468,0.073105045,0.055210497,-0.31074184,0.06753064,-0.67483747,0.124011055,0.14232703,0.092995696,0.91747284,-0.2598335,-1.856691,-0.052850816,-0.1650843,1.5280502,0.4458885,-0.14161858,0.83348,-0.19647935,0.15094341,0.5545587,0.050808772,0.45599863,0.15032995,0.24217086,-0.2834542,-0.08390029,-0.21327025,0.046854448,-0.36566406,0.048955057,0.18151627,0.004879172,0.03740083,-0.8468759,-0.016795386,0.5875141,0.014875368,-0.45561412,0.08241163,-1.2534832,-0.17057435,0.01539186,-0.1834968,-0.3003258,-0.25727105,-0.20514764,0.028575793,0.026348753,0.014131544,-0.4881597,-0.043626875,-0.22496611,-0.18581742,0.51477486,0.2075958
395,-0.04656848,0.16023494,0.22424623,-0.24621001,-0.16221045,0.20842925,-0.16132611,0.2528116,-0.05051964,-0.00039877946,0.17072782,0.113886714,0.22018456,0.09411814,0.012246909,-0.3375647,0.1727052,0.2713708,-0.4790352,0.22157146,0.09082652,-0.05881122,0.08135463,0.028195232,0.13875626,-0.03173258,-0.21638587,-0.3786267,0.17156622,-0.19127555,0.04077291,0.56373394,0.04583028,0.0864833,-0.013613787,0.33402005,-0.14392,0.14378245,-0.009502935,-0.21493523,-0.27415988,-0.20115969,0.11785291,-0.39032763,-0.13250467,-0.038987614,0.15095653,-0.4159485,0.075218864,-0.77450144,0.012070759,-0.03571712,0.17810561,0.954557,-0.23367576,-2.0102887,0.027043423,-0.044346794,1.5079532,0.4028141,-0.09921849,0.6960767,-0.35315353,0.023522433,0.69435096,-0.05502938,0.37128127,0.34036976,0.16069908,-0.24789602,0.042782057,-0.23275694,-0.06141229,-0.45645857,0.124290176,0.1569384,-0.19419338,-0.030896032,-0.813293,0.0016974581,0.59309566,-0.16624452,-0.39957473,0.04058483,-1.3552405,-0.22680642,0.15579396,-0.16951436,-0.27894863,-0.2215844,-0.104732536,-0.03319434,0.044103216,-0.061803997,-0.49416167,-0.06292781,-0.13169208,-0.20027061,0.448547,0.33205757
396,-0.17048414,0.21782619,0.5402548,-0.2298718,-0.11487751,0.117251754,-0.16789965,0.17185485,0.14077403,-0.03461492,0.1641108,0.10171442,0.2950373,-0.08280732,0.12863867,-0.26199767,0.12951426,0.098989464,-0.30163074,0.2826184,0.14183258,-0.06250909,0.15412232,-0.057342663,0.16703974,0.005857391,-0.077206045,-0.49186468,-0.039690815,-0.23473553,-0.04214171,0.4571747,0.004273795,0.02117134,0.10132273,0.29358873,0.0068528,0.09775807,0.093312465,-0.24867472,-0.39266944,-0.14807038,0.18847089,-0.40248019,-0.10466923,-0.025273545,0.27634007,-0.2916759,-0.17971359,-0.74237937,0.1598456,-0.050705563,0.21160874,0.99205416,-0.30120626,-2.2474942,-0.01130419,-0.22898674,1.6251868,0.41535068,-0.13221394,0.6479197,-0.21624123,0.06622385,0.85638374,-0.057936057,0.39740083,0.25964347,0.057101537,-0.2811291,-0.02978152,-0.30810785,-0.08831274,-0.30328578,0.24072975,0.04322184,-0.14548372,-0.08455259,-0.8655207,-0.014385059,0.4439529,-0.012160699,-0.5313231,0.0014875303,-1.2574166,-0.20001137,0.15326646,-0.06623027,-0.08920916,-0.3229747,-0.105068095,-0.038620222,-0.074655384,-0.00014220674,-0.44612452,-0.06280096,-0.1493891,-0.30413327,0.48054218,0.23204152
397,-0.11617273,0.16994686,0.33855036,-0.28600442,-0.13401315,0.19566196,-0.1296279,0.2930495,-0.009760941,0.004600829,0.16876686,0.08258387,0.31790093,-0.01041469,0.074813716,-0.2807955,0.14857112,0.14074048,-0.45317948,0.20243584,0.17592351,-0.0258846,0.14910139,-0.036033288,0.21216775,0.054424573,-0.18080075,-0.49207354,0.11645009,-0.20892556,-0.032248,0.52835447,0.023790337,0.09347841,0.12029502,0.35962668,-0.059517518,0.29539692,0.002019563,-0.23710872,-0.3751892,-0.22421522,0.24638988,-0.39397392,-0.15860617,-0.025256092,0.16601895,-0.3648514,0.051210467,-0.7923806,0.104215585,-0.0353815,0.20720808,1.0174546,-0.3399986,-2.329758,-0.0037720648,-0.08145165,1.6030059,0.56782186,-0.13836244,0.7539076,-0.3575929,0.053891916,0.77473164,-0.06687673,0.507512,0.40340805,0.021568388,-0.20420992,0.008695175,-0.29893735,0.028964361,-0.37985167,0.2121014,0.173891,-0.17965627,-0.0437315,-0.79827565,-0.03495867,0.5767451,-0.04921219,-0.42510092,0.100886494,-1.3981758,-0.2334619,0.06003201,-0.1652513,-0.25672722,-0.3753215,-0.099338405,-0.14788349,-0.045347054,0.053713158,-0.5001715,-0.03836881,-0.16927016,-0.24398081,0.4061245,0.2500073
398,0.01444024,0.11628419,0.47305602,-0.3931997,-0.17657185,0.20250966,-0.13697791,0.30767643,0.21433523,-0.07234022,0.16966893,0.23067358,0.2540601,0.15699753,0.055922903,-0.24165979,0.031952813,0.19774112,-0.30164325,0.34151214,0.23428285,0.13239692,0.0017772962,-0.10727948,0.1617372,0.13555546,-0.22941883,-0.5237673,0.1751596,-0.15722027,-0.12844062,0.62053967,0.19466092,0.104363196,-0.015345843,0.3438452,-0.08215004,0.13225564,0.24367315,-0.31065696,-0.3110907,0.021323925,0.16853732,-0.4087714,-0.2000673,-0.04904613,0.2361385,-0.26791215,-0.054119304,-0.75665414,0.023716457,-0.032056782,0.20589027,0.908815,-0.3047536,-2.151491,0.052419268,0.010458109,1.3090589,0.40382048,-0.027221458,0.732334,-0.36307856,0.002841589,0.7361531,0.08791374,0.524777,0.34968925,-0.020956863,-0.12830716,0.04729067,-0.22088397,-0.054710068,-0.272334,0.15233417,0.09591842,-0.0055738124,-0.082332626,-0.7301359,0.046611466,0.40968597,-0.085732296,-0.48022842,-0.009596559,-1.3043864,-0.32900572,0.012845816,-0.16613689,-0.3265537,-0.3125144,0.0142153725,-0.13489118,0.01865854,-0.06515702,-0.3475371,-0.0805804,-0.23861097,-0.25641373,0.29115385,0.3416651
399,-0.18105404,0.35171515,0.39802638,-0.1750973,-0.092070684,-0.099252135,-0.09837636,0.2018195,0.015571957,0.15228029,0.11174161,-0.08807941,0.22150451,-0.00022865548,0.022612754,-0.2261375,0.07520819,0.110136874,-0.19992234,0.3921924,0.18356906,-0.04461192,0.1223308,0.027631396,0.12512162,0.046710547,-0.19586064,-0.4118544,-0.044475693,-0.13963091,-0.15754421,0.597696,-0.14520445,0.038066905,0.21133891,0.33441168,-0.05209275,0.13431971,-0.08599764,-0.18710625,-0.14249389,-0.21338975,0.22687343,-0.32210052,-0.12059335,0.011141948,0.19488963,-0.28041285,0.083854534,-0.79258066,0.11460954,-0.06299025,0.12572657,0.94031835,-0.21447225,-2.1559627,0.079348885,-0.12648576,1.5046896,0.37210456,-0.12697463,0.6056302,-0.3115472,0.078747235,0.7338,0.036647595,0.43347177,0.17707492,0.23782521,-0.18231289,-0.037982617,-0.22011891,0.026760448,-0.23492305,0.36795467,0.014941096,-0.15871646,0.01182671,-0.6859054,-0.08554936,0.5073376,-0.026615165,-0.47454035,0.1739461,-1.3181585,-0.097033605,0.10104964,-0.18963447,-0.34575438,-0.38750398,-0.052856207,-0.006987967,0.028855957,-0.082033716,-0.38029972,0.04331034,-0.17363779,-0.36445305,0.4960531,0.20415093
400,-0.09503275,0.32500136,0.471301,-0.33688504,-0.0018088584,0.16872385,-0.26033887,0.19078289,0.1966162,-0.12443168,0.2843984,0.18450122,0.3433923,-0.0957631,0.031018024,-0.36154145,0.14439157,0.2482622,-0.38953826,0.35513318,0.26099607,0.09231596,0.21061932,-0.09551178,-0.050181996,0.016216328,-0.07640587,-0.36250645,-0.06528181,-0.30272266,0.06769937,0.4507676,0.048825145,-0.08733569,0.09908689,0.3238616,-0.08055828,0.15372603,0.12691927,-0.27150333,-0.17460454,-0.14385435,-0.02716581,-0.33902168,-0.21186498,-0.08420166,0.10578242,-0.3698803,-0.09730701,-0.6285,0.16076517,0.06879751,0.2074044,0.8568762,-0.28199896,-1.880869,-0.053565003,-0.2214584,1.6062429,0.3822848,-0.14527777,0.75720793,-0.15791576,0.06870311,0.6988023,0.23478878,0.5375171,0.2916903,0.27737728,-0.3410173,-0.010923089,-0.2761267,0.013660905,-0.31953675,0.10915128,0.11615292,-0.06753314,-0.02899691,-0.7652976,0.13740139,0.54393715,0.07409991,-0.5503543,-0.028634874,-1.1668552,-0.21819206,-0.0021090962,-0.14812578,-0.2742859,-0.292098,-0.07059866,0.07494197,0.15979047,-0.38647243,-0.47015426,-0.12542762,-0.07256171,-0.22457583,0.5937785,0.25699034
