record_id,g0,g1,g2,g3,g4,g5,g6,g7,g8,g9,g10,g11,g12,g13,g14,g15,g16,g17,g18,g19,g20,g21,g22,g23,g24,g25,g26,g27,g28,g29,g30,g31,g32,g33,g34,g35,g36,g37,g38,g39,g40,g41,g42,g43,g44,g45,g46,g47,g48,g49,g50,g51,g52,g53,g54,g55,g56,g57,g58,g59,g60,g61,g62,g63,g64,g65,g66,g67,g68,g69,g70,g71,g72,g73,g74,g75,g76,g77,g78,g79,g80,g81,g82,g83,g84,g85,g86,g87,g88,g89,g90,g91,g92,g93,g94,g95,g96,g97,g98,g99
1,0.39122477,-0.49301222,-0.19221666,0.23296002,-0.22259556,0.18079588,0.5112225,0.35119557,0.30870688,0.24935645,0.5444489,-0.27903554,-0.14345199,0.11054489,-0.07407921,-0.57686853,-0.0017322203,-0.10818801,-0.04710688,0.631709,0.397028,0.37881106,-0.36372975,0.22341222,-0.335136,0.12160889,0.16119996,-0.34770402,0.30468056,-0.2427848,-0.18441002,0.20358458,0.30098763,0.43741447,0.21757777,0.11455234,0.36699235,0.34486422,0.13748133,-0.3291154,-0.0065417737,-0.15125066,0.14874846,-0.5499878,0.103637,-0.08493236,-0.5421078,-0.7079427,-0.041678663,0.0341471,-0.056970105,0.013838,-0.028811548,0.056520566,-0.7642143,-1.1356611,-0.22416666,0.5893667,0.4448467,0.07416023,-0.5030989,0.44973332,-0.58472484,-0.2240204,-0.05175389,-0.019236883,0.068765774,-0.10924111,0.19658755,0.05148222,0.44503444,0.6236234,-0.04822053,-0.28182223,0.063325986,-0.044123337,-0.20646729,0.14632067,0.13299567,0.003172232,0.43892115,-0.22592643,-0.6222202,-0.060363345,-0.6341806,0.0045943293,-0.5048287,-0.015126116,0.34113824,-0.4530679,-0.38171884,-0.0141400015,0.40628,0.19274534,0.403184,0.09270422,-0.443295,-0.46086147,0.03436533,-0.04212667
2,-0.046459347,0.16164564,0.28811568,-0.27539924,-0.15741117,0.17009985,-0.058522016,0.261828,0.01621943,-0.0414058,0.31165665,0.121917434,0.22678827,-0.039581914,0.11513386,-0.30173132,0.121056676,0.20479333,-0.45105293,0.21173044,0.29686862,0.086149044,0.1419392,-0.034328993,0.17709298,-0.071236655,-0.1761447,-0.50417084,0.13341083,-0.17414169,-0.043144677,0.59909236,-0.05000752,0.05766429,0.048211396,0.35370466,-0.10380284,0.15369351,0.04425879,-0.22073807,-0.37174836,-0.22353655,0.14768551,-0.4058082,-0.187705,-0.0006872727,0.16123863,-0.37528327,0.06244345,-0.86833245,0.061408516,0.03201184,0.20751618,1.0073175,-0.21857004,-2.3979967,-0.07940462,-0.13891526,1.6147314,0.5089131,-0.111309744,0.8308737,-0.3455986,0.1473624,0.7334145,-0.08045873,0.48651198,0.40461385,0.045638468,-0.17344345,-0.051182326,-0.30471405,0.010019283,-0.42111883,0.1538752,0.1566027,-0.18566175,-0.04982302,-0.84704113,-0.021043194,0.58872676,-0.06451098,-0.48159894,0.08553798,-1.3984514,-0.2605928,0.14212425,-0.20442568,-0.30438754,-0.3448796,-0.10630322,-0.18944629,-0.040625878,-0.030339407,-0.61461335,-0.054121885,-0.15963551,-0.180977,0.413772,0.21473785
3,-0.08957543,0.044533532,0.33302554,-0.19305396,-0.124010675,0.24142428,-0.111856915,0.16168387,0.1938801,0.031665802,0.23469876,0.108537085,0.17762437,-0.09115947,0.076162614,-0.20775275,0.18665591,0.25920728,-0.498699,0.17451338,0.22669482,-0.078151755,0.18069178,-0.016960302,0.15213038,0.025111504,-0.20900875,-0.4798266,0.28079432,-0.1827867,0.035485726,0.6393189,-0.06826638,0.13277954,0.04091267,0.33277193,-0.17373453,0.104804486,0.020688917,-0.314489,-0.35322973,-0.11830923,0.19768615,-0.46926227,-0.21968515,0.018656759,0.14662924,-0.2591819,0.029673867,-0.7861529,0.013935359,0.1242197,0.22057508,1.0137565,-0.18963581,-2.1603627,-0.083188854,-0.0581002,1.5405209,0.43605104,-0.09012397,0.6323649,-0.29040223,0.14080638,0.7255373,-0.09079113,0.44998497,0.37764663,0.0060946844,-0.2066721,-0.011707887,-0.29168314,0.08506396,-0.4203478,0.14065816,0.13445221,-0.19561368,-0.039744157,-0.75088704,0.0598371,0.50683165,-0.15717712,-0.5048937,0.051658444,-1.3270477,-0.18610488,0.13141675,-0.11112403,-0.216254,-0.22328521,-0.08949363,-0.06822852,-0.0010664237,-0.047283772,-0.45316315,-0.07868041,-0.10939025,-0.20974107,0.35214436,0.1445645
4,-0.06958,0.14709999,0.21995875,-0.1040895,-0.118825994,-0.103227496,-0.089034,0.12009251,0.38152975,-0.07314805,0.19024998,-0.1233935,0.08680275,-0.40407753,-0.27928573,-0.32910275,-0.04319102,0.25065452,-0.10514,-0.120769,0.060369745,-0.28648752,0.029055253,0.1595005,-0.070045635,0.127255,-0.30259502,-0.16899401,0.1126255,-0.12019149,-0.0809455,1.0500475,-0.30356273,-0.050271,-0.059419993,0.25621277,-0.057042,-0.28141657,-0.011811249,-0.38087747,-0.20659,-0.037672505,-0.21136251,-0.18583375,-0.09195724,0.230416,0.09594091,-0.1304319,0.18928501,-0.8067175,0.21473251,-0.082292005,0.425595,1.0100551,-0.23029998,-2.0767477,-0.16846526,-0.20368625,1.2675875,0.38456273,0.19008,0.4543125,-0.038841173,0.127083,0.637115,-0.15449126,0.3599065,0.30560675,0.24160324,0.17993876,0.06437001,-0.2020925,-0.215065,-0.47675997,0.593095,-0.035162,-0.20265001,-0.258165,-0.83845747,0.162565,0.4738425,-0.13670574,-0.6448425,0.2965075,-1.0589426,-0.48076302,0.2119765,-0.43412247,-0.39649102,-0.27022877,0.093401246,-0.15041,-0.34636226,-0.055847496,-0.20001751,0.3111333,-0.02232175,-0.3189525,0.43619323,0.3381775
5,-0.095161416,0.30976632,0.3433067,-0.37648916,-0.26085666,0.22309607,-0.14699297,0.27197763,-0.008944582,-0.12886174,0.10606692,0.1259927,0.23433574,0.059542134,0.14008707,-0.28694925,0.14065363,0.22837989,-0.4352956,0.301868,0.3155531,0.11231317,0.081897356,-0.033889733,0.2366166,0.07386309,-0.34855175,-0.62064797,0.24257177,-0.20858072,-0.10498041,0.46747223,-0.03530179,-0.02276221,0.12178668,0.4637061,-0.1052004,0.14038648,0.114397295,-0.19985771,-0.35488233,-0.23403795,0.1353293,-0.56128734,-0.20952727,-0.008521008,0.15738375,-0.34854075,-0.031352166,-0.9833787,0.077402726,-0.13321266,0.10999655,1.1126791,-0.22861616,-2.5440075,0.005991842,-0.06848413,1.8446293,0.41764987,-0.2018637,0.8389997,-0.42634532,0.04044683,0.747252,0.06538463,0.52439374,0.42350757,-0.05451474,-0.21586211,-0.0890869,-0.32750127,-0.0875665,-0.4733887,0.10322375,0.15738566,-0.23669915,-0.09222803,-0.72903013,-0.03991221,0.6723229,-0.10562862,-0.65446335,0.108149506,-1.5192232,-0.20802009,0.2762083,-0.05829905,-0.33669272,-0.41598615,-0.06358989,-0.13503996,-0.05915484,-0.1574495,-0.5786983,-0.09828029,-0.048660845,-0.14814545,0.3822702,0.2560946
6,-0.15240537,0.09813591,0.39955354,-0.34685087,0.052239496,0.05052057,-0.19071454,0.10509078,0.18422204,0.008298296,0.17495681,0.03791114,0.20381813,-0.17438693,0.07963072,-0.0073176404,0.15635346,-0.01840146,-0.2385028,0.17709935,0.2591026,-0.14377584,0.2273431,0.103242256,0.09997188,-0.11816245,-0.07839008,-0.25939557,-0.062258083,-0.10027791,0.0016232698,0.5416508,-0.06324089,0.15167905,0.0049352734,0.27917668,-0.19120736,0.21205252,-0.0323084,-0.23115559,-0.25463957,-0.1622602,0.12111341,-0.26745772,-0.06587142,0.025123628,0.11689251,-0.16238576,0.074111894,-0.5647351,0.07264991,0.035827737,0.21368738,0.8385485,-0.3736882,-2.0312512,-0.08132239,-0.11968573,1.377179,0.33164087,-0.28993928,0.5922976,-0.22006044,0.1415505,0.74585205,-0.010114022,0.27871466,0.22640695,0.16508317,-0.16792789,0.00784449,-0.08866125,0.0053564236,-0.3400111,0.14492464,0.033069406,-0.16263746,0.05889396,-0.7247436,-0.0067230132,0.42448148,-0.08369409,-0.35200548,0.011585308,-1.1797814,-0.19255884,0.08518491,-0.09884793,-0.21322611,-0.17330757,0.0029216115,0.11953416,-0.18942194,0.08281695,-0.4082141,-0.093130924,-0.15483038,-0.24808192,0.54321843,0.21919005
7,-0.19502968,0.2244286,0.29882213,-0.31146264,-0.038947117,-0.044013258,0.035704453,0.22924435,-0.05400744,0.013801753,0.13649303,-0.034302488,0.38377145,0.06180596,0.20844857,-0.22556283,0.23173913,0.010638054,-0.46455058,0.11845846,0.2511334,-0.030293914,0.29004142,0.02545296,0.1282385,-0.08265997,-0.03314739,-0.2890267,-0.25706425,-0.07228496,0.0022194826,0.49410778,-0.042525645,0.12808621,0.25808284,0.31996888,0.048052486,0.30825135,-0.034053247,-0.1347244,-0.30103278,-0.28083774,0.29136682,-0.3068651,-0.015079395,-0.10434509,0.20279123,-0.29787192,-0.032758124,-0.7621218,0.2003543,-0.067903616,0.18386696,1.1671612,-0.31867513,-2.4625046,-0.033515826,-0.19259332,1.693763,0.59277606,-0.17962165,0.7803101,-0.37113538,0.0593036,0.87153906,-0.1323001,0.5025951,0.34286973,0.25339022,-0.2456761,-0.08776526,-0.2635369,0.027079953,-0.3647887,0.18775648,0.1781571,-0.08716239,0.082505696,-1.0525895,-0.08267148,0.5689587,0.016868982,-0.41583958,0.081021786,-1.5326165,-0.27322444,0.23522484,-0.23237981,-0.31928658,-0.3781043,-0.1055766,-0.13169973,-0.21644506,0.058629964,-0.49377006,0.06620557,-0.31568995,-0.45648682,0.6311077,0.28406432
8,-0.06161232,0.24034618,0.3340694,-0.32656223,-0.121604025,0.2170489,-0.16180734,0.19739328,-0.06845402,0.041950632,0.13828607,0.07922357,0.35885352,0.116142504,0.057806153,-0.30302727,0.1283994,0.21580271,-0.43483034,0.30762848,0.23873685,0.054926418,0.21880023,-0.032494493,0.19480197,-0.06474341,-0.15114756,-0.5057131,0.104435086,-0.23806623,0.024957856,0.468542,0.012887511,0.02852438,0.04540225,0.30531213,-0.10472327,0.21382728,0.015515078,-0.23069276,-0.30177572,-0.16342708,0.16915631,-0.4151527,-0.13318427,0.023795819,0.17862606,-0.36782438,0.017699389,-0.8418815,0.09366216,-0.07933423,0.10772406,1.1182959,-0.20987548,-2.3488996,-0.005307723,-0.11840373,1.6685551,0.5663862,-0.13165589,0.8345842,-0.3457342,0.06135076,0.84536695,0.07103405,0.4959128,0.30710724,0.19166352,-0.21931207,0.0143402945,-0.30769596,-0.07853518,-0.40508434,0.20956072,0.103716575,-0.15705949,-0.016161507,-0.9078834,0.0017421097,0.6020622,0.023935957,-0.47811326,0.098331265,-1.5157616,-0.23439421,0.10036522,-0.17686792,-0.23481011,-0.32575303,-0.076449454,-0.075161226,0.017271364,-0.059219256,-0.5426873,-0.021153618,-0.19344914,-0.3309321,0.42198527,0.24232155
9,-0.073845014,-0.28677198,0.11701,-0.102495,0.16094998,-0.118611,0.113425,0.032681998,0.15219998,0.0891105,0.38622048,-0.46692,0.24164501,-0.740785,-0.02256,0.25156,-0.112431005,0.39463,-0.29124498,0.81654,-0.35843498,-0.482595,-0.027649984,0.655945,0.069109,0.45071504,0.33138,0.140138,-0.49719,-0.25002998,0.009770006,0.729585,-0.495902,0.07519,0.597645,0.04818,-0.69990003,0.34995,-0.037040003,-0.45213503,0.18836051,0.56022,0.21716501,0.014249999,0.12843,-0.01536499,0.26437,-0.372345,-0.01992999,-0.19348,0.280475,0.10069,0.683605,0.18446,-0.2915825,-0.800565,0.041035026,-0.16525051,1.099285,-0.265795,-0.103975005,0.1532185,-0.48864,0.401475,0.16634,-0.07720499,0.093807995,-0.3668,0.89643,-0.407165,0.57649,0.320135,0.314469,-0.15303,0.58804,0.549375,-0.21087,-0.0427125,-0.29153997,-0.25417998,0.025854997,-0.36781502,0.177605,-0.1545395,-0.4537385,-0.088149995,0.500695,-0.30262,-0.14629605,-0.23692499,0.226725,0.44087005,0.05799,-0.323815,-0.02741,0.209165,-0.0538,-0.64032996,0.81926,0.117355004
10,-0.03163966,0.25204822,0.44655222,-0.55449337,-0.19839111,0.27437365,0.115687,0.15482967,0.31537765,-0.036746554,0.5553278,0.28338635,0.2839247,-0.031657446,0.219388,-0.086562775,-0.084532894,0.36305523,-0.60223556,0.2233231,0.402636,0.22068334,0.23158677,0.14972666,0.34165204,0.23011859,-0.42796782,-0.2681333,0.2663761,-0.14843124,0.052060552,0.72861224,0.14887612,0.27562064,0.3007433,0.14960112,-0.39469433,0.16534978,0.24788867,-0.053687103,-0.22854222,-0.15283976,0.19178712,-0.502111,-0.34404033,-0.03542833,0.016897785,-0.22836621,0.22806352,-0.7514478,-0.0120600015,0.060618885,0.21379147,0.77145666,-0.37237668,-1.8988489,-0.17600432,0.288961,1.4113089,0.59515554,0.06313855,0.80567634,-0.6484944,0.13029283,0.49961984,-0.13354822,0.5073998,0.26147455,-0.07110778,0.029887,0.18163031,-0.116144456,0.35612923,-0.42140234,0.025415454,0.29180515,-0.22147645,-0.012320446,-0.5872921,-0.020855779,0.30707002,-0.08717366,-0.6797911,-0.02019111,-1.2073718,-0.2944369,0.15886445,-0.3927144,-0.59717375,-0.1830661,-0.06754589,-0.09046743,0.032677777,-0.002735999,-0.41143858,-0.144648,-0.087889336,-0.060834553,0.3258622,0.32683635
11,-0.027163297,0.19148143,0.3152479,-0.17173864,-0.041029222,0.124704875,-0.106466696,0.14444445,0.019424908,0.122018375,0.18092717,0.0035272313,0.20188332,0.040903438,0.10224258,-0.23490456,0.24377157,0.09722738,-0.267592,0.16179286,0.17461738,-0.07858992,0.11313736,-0.05658717,0.196135,-0.037135907,-0.17662019,-0.46264645,-0.026901936,-0.15954363,-0.065863684,0.5097305,-0.07391649,0.016666705,-0.06734729,0.25445792,0.026295895,0.16436401,0.00939197,-0.25214395,-0.2575183,-0.21718737,0.089739524,-0.33699775,-0.048847977,0.047059003,0.055637278,-0.28176636,-0.012430558,-0.68176043,-0.06181183,0.018970398,0.1133611,0.94881666,-0.17335474,-2.168919,-0.04456863,-0.14776626,1.5559845,0.34325704,-0.043539125,0.6544707,-0.29668137,0.18031973,0.7056882,-0.056377333,0.3646834,0.32983783,0.094078094,-0.16894606,-0.047526196,-0.17140374,-0.12729608,-0.3495581,0.19293617,0.21898766,-0.19769417,-0.034678344,-0.7791328,-0.06447847,0.49556154,0.0134210475,-0.38862905,0.0915613,-1.1616441,-0.16389337,0.03542799,-0.15550965,-0.15428168,-0.2555883,-0.020322325,-0.10962454,-0.017713066,-0.0053015114,-0.511223,-0.12796947,-0.16552335,-0.24378711,0.53311706,0.124294534
12,-0.22077219,0.0987198,0.35573998,-0.44322,0.13492098,0.28220958,-0.013246208,0.093082786,0.34313902,0.14076704,0.27883798,-0.22232759,0.075507596,-0.359546,0.015726,-0.0040334105,0.1429476,0.12596199,-0.19330402,0.535194,0.14592358,0.135098,0.022095,0.1950336,0.23248759,0.16856642,0.012885004,-0.433536,-0.1617778,0.0075895935,0.070728004,0.61134946,0.3767832,0.11183083,0.32525,0.50841796,-0.559158,0.2210832,0.0494806,-0.5260954,0.19883619,0.0922976,0.44021803,-0.36836797,-0.021828007,0.0134304045,-0.03489801,-0.211534,0.278107,-0.41606864,0.085076,-0.007851201,0.3358364,0.47179398,-0.284976,-1.978886,-0.099592,0.3030378,1.4143581,0.092878796,-0.197756,0.9184433,0.20553799,0.19946623,0.5508419,0.169736,0.4120512,-0.14740661,0.35959,-0.2562786,-0.15583,0.12717202,0.26246938,-0.313128,-0.11733,0.39026403,-0.12596199,-0.1242712,-0.47303995,-0.21535859,0.23358181,-0.031336,-0.28059202,0.0703182,-1.0994895,-0.24543019,-0.30244803,-0.17929801,-0.2702476,-0.1743912,0.193036,0.478898,0.459318,-0.059514187,-0.8258501,-0.12725079,-0.17486402,-0.243054,0.81022596,0.63058
13,-0.22618547,0.26164192,0.3542775,-0.38813755,-0.25452873,0.1564563,-0.15332367,0.24264735,0.1922467,-0.023047518,0.1886805,0.14449133,0.28893784,-0.07203525,0.09827938,-0.1922102,0.02376249,0.30799866,-0.45844504,0.3139092,0.25758106,-0.008875624,0.08951063,0.024336563,0.07974115,-0.0265931,-0.027668787,-0.44314185,0.25212315,-0.17824629,-0.058384255,0.49936953,-0.03002479,0.14622374,0.17177948,0.39819965,-0.096471354,0.2784618,0.0016096532,-0.35905838,-0.30941027,-0.10927739,-0.023612207,-0.44473588,-0.12770239,-0.120191194,0.18230146,-0.50937253,-0.0061901,-0.85626376,0.24174772,0.011949935,0.111676864,0.7894891,-0.12517832,-2.3233397,-0.043313958,-0.19886416,1.6338356,0.4709276,-0.2520233,0.7990376,-0.47804675,0.025501156,0.8044855,0.057882417,0.47293144,0.3361511,0.04146358,-0.34671152,0.08893538,-0.28932008,0.053399816,-0.4668007,0.23103122,0.20901349,-0.10527428,-0.016869051,-0.80964357,-0.11288554,0.53702074,-0.2144664,-0.5055301,0.039076783,-1.3006643,-0.16013831,0.21444617,-0.108127415,-0.26173675,-0.31741342,-0.08995103,-0.09038896,0.014678105,-0.14292786,-0.5488499,0.010641799,-0.031900574,-0.28557482,0.41533983,0.29716852
14,-0.14529322,0.2916673,0.45660698,-0.41243175,-0.21018972,0.14166848,-0.21244293,0.24562846,0.071959645,-0.01191152,0.12505111,0.23708402,0.30825627,0.08007427,-0.03241715,-0.37312815,0.2006337,0.3668659,-0.28380814,0.2624619,0.23329929,-0.025502814,0.11361923,-0.10828981,0.13214874,0.041285712,-0.24137974,-0.5773717,0.07236551,-0.2987251,-0.016258566,0.5591318,-0.13401791,0.051206544,0.12408619,0.431973,0.015072829,0.2356528,-0.085232645,-0.34920582,-0.32495838,-0.2368322,0.15451644,-0.5150478,-0.2362387,-0.033959407,0.062822446,-0.33069643,0.028152514,-0.9108374,0.19837424,0.05421582,0.08998001,0.9831369,-0.123518676,-2.3553095,0.012495355,-0.18914925,1.7558109,0.48514175,-0.07039886,0.84459996,-0.2669914,0.08932508,0.8428638,-0.062872,0.48313484,0.40257397,-0.005974436,-0.41510454,0.0072466643,-0.46114781,-0.100450814,-0.41120198,0.14014046,0.04573774,-0.247278,-0.008869337,-0.8526937,0.084353484,0.6973899,-0.04498097,-0.55099094,-0.03260413,-1.4962778,-0.27296355,0.2051943,-0.057701558,-0.2938081,-0.40574926,-0.20135556,-0.12179561,0.08146892,-0.2763781,-0.6453654,-0.08834394,-0.07108926,-0.23761036,0.49401543,0.305682
15,-0.14615543,0.23186758,0.39754078,-0.3548022,-0.29419276,0.15701883,-0.14428018,0.19208692,0.115899526,-0.07172363,0.13547662,0.1921103,0.24496265,0.11033049,0.112766266,-0.18825714,0.047347236,0.28281736,-0.37863365,0.33295572,0.16440865,0.10421803,0.051578477,-0.1617888,0.17663175,0.21298443,-0.22868372,-0.47543186,0.15590125,-0.31795245,0.013271684,0.51855326,0.10190438,0.09155492,-0.041657656,0.3687524,-0.1026613,0.20985334,0.13333069,-0.2707079,-0.28530425,-0.18296307,0.08334071,-0.51068276,-0.26472574,-0.04041058,-0.051695067,-0.35809788,-0.048373345,-0.8279074,-0.035020176,0.03387522,0.069246165,0.83704877,-0.21201673,-2.0812201,0.13310198,-0.035215367,1.4465021,0.29114282,0.04388158,0.80278283,-0.32502,0.043099213,0.6315294,0.009365878,0.52512854,0.30176458,-0.030387698,-0.27678207,0.0740733,-0.21674393,-0.040272467,-0.46809614,0.18186742,0.15852168,-0.0958163,-0.08737931,-0.65303934,0.103027284,0.57130444,-0.08669322,-0.63654083,0.036610667,-1.2526302,-0.21199547,0.07959126,-0.13387711,-0.2673573,-0.31813446,-0.06549283,-0.073233254,0.07508674,-0.0912092,-0.39080778,-0.06343701,-0.022985823,-0.22128801,0.29082257,0.3387613
16,-0.071413,0.048309468,0.337279,-0.18973684,0.06801733,0.19775544,-0.17251039,0.15572354,0.010482442,0.022351388,0.18131262,0.05939812,0.13394226,-0.034775566,0.1551244,-0.3114363,0.09699408,0.013035545,-0.29499665,0.20513238,0.21819831,-0.055512346,0.2708965,0.016549274,0.1273023,-0.1277317,-0.14593132,-0.4066021,-0.01067229,-0.05148668,0.049037676,0.42402378,-0.09889826,-0.012077156,0.047176067,0.2310426,-0.023914935,0.111338854,-0.10815743,-0.20495275,-0.30783907,-0.2258994,0.11854049,-0.26025265,-0.017887998,-0.023244254,0.23002456,-0.2117571,-0.0731225,-0.69537646,0.11251952,-0.03711629,0.21263306,1.004721,-0.33634362,-2.0053654,-0.05628558,-0.17831963,1.5938302,0.45427224,-0.19191581,0.58640295,-0.24044302,0.16307202,0.6244969,-0.12286545,0.3827574,0.33498654,0.29198468,-0.15482603,-0.117205456,-0.2540968,0.026629444,-0.38216922,0.16901638,0.20887135,-0.20783995,-0.007972749,-0.8256947,-0.032728456,0.5482768,0.0761324,-0.46766308,0.12217522,-1.26979,-0.17840256,0.08583896,-0.16913138,-0.15366697,-0.18716475,-0.092330255,-0.08958877,-0.15368626,0.02605746,-0.43913695,-0.07014377,-0.17923464,-0.20675252,0.48075062,0.14478728
17,-0.084050186,0.25399202,0.4168272,-0.16195187,-0.11882068,0.14522685,-0.14966993,0.19163947,0.06518543,0.08190156,0.14234994,0.023290282,0.16501091,0.014782082,0.11157576,-0.24354292,0.2017252,0.15173864,-0.31213024,0.22898759,0.36499003,0.012985018,0.08169562,-0.07742477,0.22009178,-0.029639618,-0.16112722,-0.4111792,0.063401386,-0.21768849,-0.017419536,0.5137723,0.07035099,-0.015699621,-0.026613379,0.4009299,-0.15722175,0.13698345,-0.04289792,-0.26582083,-0.19615537,-0.18380374,0.10435393,-0.41023615,-0.12645382,0.046209656,0.098804906,-0.28937072,-0.06594192,-0.778213,0.12426537,-0.008524278,0.14919953,0.9334528,-0.34096557,-2.1111507,-0.045653325,-0.12949148,1.5779505,0.33947876,-0.15882246,0.68043387,-0.22788778,0.10146166,0.65721685,-0.105382316,0.4563826,0.28706816,0.15617208,-0.19080706,-0.07845984,-0.22720097,-0.02473554,-0.28936,0.07761443,0.11487544,-0.092279226,-0.08688867,-0.80713624,-0.002975481,0.5642127,-0.05396124,-0.37995902,-0.055442225,-1.2756602,-0.20252012,0.03753834,-0.1792894,-0.21352506,-0.3425806,-0.014417972,0.041905094,0.036430083,-0.08077939,-0.586902,-0.10031946,-0.034164198,-0.22748978,0.52260333,0.18032841
18,-0.2816,0.18427,-0.06755,0.27694,-0.066775,-0.41389,0.30757,-0.11097,-0.84585,-0.17047,0.0062422,-0.65395,0.28771,-0.12409,-0.26717,0.026893,0.17115,-0.46256,0.19549,1.1399,-0.46206,0.39222,-0.18622,-0.53259,0.073297,0.0045262,-0.45476,0.16952,-0.41111,-0.31766,-0.73616,0.56228,-0.26528,-0.088054,0.93175,0.46633,-0.36245,0.46954,-0.18022,-0.07036,0.55793,0.13965,0.38983,-0.04636,0.55198,0.020288,0.34741,-0.61839,0.051404,-0.83699,0.05628,-0.24738,-0.19872,0.75093,0.068948,-1.7575,0.70621,0.079792,1.1462,-0.63423,-0.68378,0.51682,-0.68141,0.29451,0.25864,-0.25839,0.36467,0.026786,0.35151,-0.13273,0.18513,0.52367,1.0416,-0.12293,0.77957,0.41305,-0.28948,0.19722,0.41088,-0.35153,0.48837,0.58854,-0.37273,-0.45631,-0.98976,-0.070993,0.48845,-0.082542,-0.49009,-0.29484,0.031072,-0.38779,0.15321,-0.0078053,-0.43276,0.37334,-0.76888,-0.82518,0.28753,0.76069
19,-0.32933912,0.21790124,0.31949425,-0.29367924,0.085861996,0.17749375,0.049416628,0.28396875,0.05671874,0.14787887,-0.012813766,-0.03569793,0.292929,-0.28087074,0.054131128,-0.06515138,0.4357245,-0.06496889,-0.20400324,0.34804976,0.16700602,-0.039607372,0.108945124,-0.011701747,0.45390502,-0.22713774,-0.30749494,-0.2204512,-0.122218505,-0.055900753,-0.31431124,0.62566286,0.09377475,0.2611695,0.20372376,0.2862425,-0.1400187,-0.008625874,0.2961819,-0.27038124,-0.16858612,0.07382697,0.36863437,-0.34305874,0.102523156,0.05643452,0.33100376,-0.1454525,-0.1653,-0.64068824,0.084454,-0.2701195,0.329125,0.9311988,-0.43610063,-2.8165298,-0.29924938,-0.284805,1.8058751,0.30952877,-0.09196751,0.6792425,-0.09924789,0.0226697,0.830725,0.103443615,0.39737362,0.41399875,0.15320875,-0.058734998,-0.105158746,-0.14215413,-0.019361246,-0.16114599,0.31623864,-0.1750815,0.10211587,-0.058931246,-0.98251,0.114239246,0.4217334,-0.034337424,-0.5234387,0.16471964,-0.9039225,-0.21306776,0.23430525,-0.41704297,0.07579474,-0.43786928,0.21434565,-0.128282,-0.08838375,0.075931996,-0.1559839,-0.01937937,-0.027869502,-0.5619038,0.66775125,0.29202127
20,-0.11827632,0.3241048,0.4431112,-0.32423615,-0.2530037,0.16606113,0.05697015,0.31056222,-0.0007827454,-0.06799279,0.27231774,-0.04133825,0.31845006,-0.105680466,0.20731135,-0.26256475,0.02549816,0.17194058,-0.368067,0.41119203,0.3299997,0.20697981,0.07999652,-0.010082684,0.18611531,-0.017460203,-0.21221194,-0.5239162,-0.017090315,-0.25443158,-0.0806273,0.6644492,0.17021324,0.07949414,0.2561741,0.34476966,-0.24698591,0.2834826,0.08934348,-0.25418183,-0.43740177,-0.12522839,0.22593325,-0.33066228,-0.2576718,-0.039204296,0.33179545,-0.47290978,-0.00062016124,-0.91176647,0.0072659976,-0.17851935,0.18742652,1.0673757,-0.35900393,-2.5717962,-0.08812852,-0.031607088,1.5830694,0.64791375,-0.08067153,0.8740799,-0.36243987,0.0728301,0.75463337,0.073831104,0.5307438,0.364668,0.18682006,-0.10082594,0.09464542,-0.18968803,0.084083945,-0.2524267,0.19058567,0.1401101,-0.11248504,-0.09908222,-0.8988538,-0.043817732,0.5153758,-0.06166969,-0.56600994,0.18263923,-1.443713,-0.26779094,0.1863048,-0.3540183,-0.30487788,-0.38442603,0.052201107,-0.16437237,-0.06200485,-0.016219266,-0.5704803,0.060502693,-0.20284615,-0.30584,0.42316246,0.38142574
21,0.40012002,0.335595,-0.309415,-0.4976675,0.35499,0.2177895,0.2473915,-0.173995,0.69843495,0.29312998,-0.181429,0.747015,0.35701,-0.3641375,0.04947499,0.60566,0.29086,-0.047385998,0.096857004,0.28857,-0.68535,0.1728915,0.21244651,-0.27879906,0.088296995,0.015234992,0.08865501,0.099805,-0.712565,-0.13776,0.00348495,0.483355,0.44652498,0.021364994,0.142905,0.186445,-0.61403,-0.255869,0.45064002,-0.75237,0.68280494,0.041784,-0.079859994,-0.72826505,-0.1248935,-0.124764,-0.4173665,-0.148895,-0.126535,-0.14662999,-0.26689,0.40472,0.177565,0.71038496,-0.560445,-0.06829,-0.82385504,0.126026,0.95027995,0.28356,-0.13532999,-0.24801499,-0.022590004,0.45952502,0.09149499,-0.154805,0.55138,-0.496135,0.417745,-0.24575499,-0.55383503,-0.032305,-0.4308265,-0.15908998,-0.1517105,0.10294999,0.43922502,-0.21461,-0.77257496,0.07722001,0.86610997,0.147027,-0.036610007,-0.325411,-0.822855,-0.385405,-0.41878,-0.2047455,-0.29562598,-0.368375,0.26921,0.436115,0.14455299,-0.65136504,0.53182995,0.29842502,0.25847998,0.17682,0.21235499,-0.052365005
22,-0.09494763,0.29739076,0.42817885,-0.3173165,-0.0909819,0.11843261,-0.116184056,0.27630985,0.009976394,-0.033508122,0.18108971,0.120580725,0.27215326,0.0020557852,0.049946874,-0.20312142,0.12658708,0.21638492,-0.28286678,0.26172623,0.25770903,-0.041616958,0.13911834,-0.0318369,0.19457264,0.06003336,-0.1846373,-0.41250092,0.09136676,-0.22443691,-0.057545364,0.45741928,-0.019174285,0.047446005,0.08956929,0.2852476,-0.073934026,0.24045567,-0.0188358,-0.23436493,-0.3339372,-0.1871985,0.19006899,-0.41145566,-0.09611859,0.0710883,0.173633,-0.30839327,-0.070727274,-0.7719723,0.1251003,-0.059854854,0.13186508,0.9743406,-0.19563498,-2.2775617,-0.015257767,-0.14431548,1.5990404,0.46408087,-0.14896648,0.6574606,-0.31859493,0.054548573,0.8010357,0.083269395,0.45082664,0.39994663,0.00064579316,-0.1689416,0.041161004,-0.30709395,-0.077412866,-0.31516835,0.19352446,0.027380418,-0.107182994,-0.07811944,-0.7877922,0.020061905,0.6212478,-0.03402406,-0.6013831,0.019718144,-1.316123,-0.21249938,0.13465002,-0.115599364,-0.20267832,-0.42913115,-0.06307361,-0.07313611,-0.054886304,-0.0045963475,-0.50488967,-0.093122505,-0.052236702,-0.25528267,0.39652792,0.20898247
23,0.0474175,0.5175575,0.44691002,-0.46000075,-0.49831626,0.018639993,-0.23961376,0.50290424,-0.0013325028,-0.15260625,0.17274448,0.31420702,0.022120006,-0.03662425,0.033352505,-0.733285,0.0449325,0.4402,-0.62445754,0.591835,0.143523,0.23779498,-0.2883875,0.012004994,0.1269285,0.07747501,-0.2033025,-0.47789,0.47226,-0.594005,-0.028912485,0.7890425,0.214805,0.08354375,0.24270225,0.62738,0.05415,0.3263686,0.11183501,-0.40192002,-0.12003324,-0.19163425,0.03485751,-0.6852775,-0.505795,-0.23960474,-0.06214325,-0.47069252,-0.06310225,-1.16217,0.063293755,-0.18188275,0.050131753,0.90575504,-0.31024674,-2.0835,0.273505,0.079420745,1.5938425,0.501338,0.057524994,0.5650475,-0.718245,-0.3522619,0.75383246,0.09952425,0.46806002,0.73987496,-0.2672075,-0.4345535,0.363725,-0.39251998,-0.044882,-0.41363898,0.1982075,0.11564499,-0.10646575,0.10086775,-0.688605,-0.0750605,0.78322494,-0.4323775,-0.2607025,-0.2909115,-1.62455,-0.3939575,0.0416525,-0.292126,-0.23416549,-0.34116,-0.13475999,-0.28149152,0.10883025,-0.18579,-0.63026,0.04358176,0.250155,-0.2064925,0.467194,0.31418753
24,-0.061625235,0.092797205,0.3568627,-0.25585532,-0.15262866,0.19323336,-0.1379485,0.24047846,0.028204234,0.03159713,0.21170013,0.14208683,0.14878505,0.041970693,0.089286976,-0.3062437,0.15756431,0.1881962,-0.36383098,0.25954047,0.2745674,0.033141527,0.16626069,-0.031686265,0.18245895,-0.010661564,-0.23602141,-0.49554756,0.20225145,-0.23236483,-0.059412457,0.58232945,-0.03136683,0.08123382,-0.05663711,0.32170478,-0.06404339,0.16333985,-0.029080262,-0.2706538,-0.30183747,-0.16654423,0.12835735,-0.4516804,-0.19107777,-0.032446485,0.09767891,-0.32511902,-0.062055044,-0.8110584,-0.025008084,0.047057092,0.18952543,1.0291046,-0.2768253,-2.2391672,-0.0071136598,-0.09386647,1.5754642,0.4365183,-0.064068645,0.72343254,-0.31203344,0.09237822,0.64189905,-0.060767293,0.4603785,0.41155848,0.10630732,-0.17334637,-0.024622664,-0.29996634,0.007973427,-0.46728617,0.17390111,0.18535057,-0.14103928,-0.011262518,-0.79558593,0.047693297,0.55766773,-0.104981914,-0.45024702,0.061970197,-1.2351508,-0.21420668,0.0913793,-0.15988185,-0.18356314,-0.23274475,-0.10040723,-0.14344256,-0.0069461074,-0.04776675,-0.4649695,-0.09548355,-0.14826299,-0.2515246,0.39801928,0.20964676
25,-0.07951209,0.18293123,0.32368279,-0.22819343,0.08751707,0.11998969,-0.1232405,0.21693632,-0.10451134,0.095503084,0.17648382,-0.018049963,0.18203773,0.055495787,0.16688743,-0.24996854,0.1633258,0.08069647,-0.3432548,0.21567035,0.22873518,-0.037304956,0.1888349,-0.077836946,0.06278296,-0.053913552,-0.05036519,-0.280421,-0.012071747,-0.20674011,0.06752343,0.40781695,-0.1199927,0.044195324,0.113609724,0.18967356,0.090494014,0.28572053,-0.0850794,-0.18390983,-0.22171065,-0.26108274,0.2216142,-0.36415625,0.018813409,0.018131947,0.1251747,-0.29442286,-0.055104088,-0.6222513,0.017711053,0.049890958,0.17305736,0.9904909,-0.17909752,-2.1357918,0.0054925145,-0.17819014,1.5644255,0.42215675,-0.1599228,0.49383417,-0.22856566,0.044584084,0.63128537,-0.04220907,0.46494806,0.36171255,0.121855654,-0.19059636,-0.07650441,-0.21728428,-0.08656006,-0.29856837,0.11475708,0.24390964,-0.12446108,0.023376953,-0.93018395,0.007333922,0.6378758,-0.019183984,-0.41489604,0.08968713,-1.2368468,-0.2446661,0.105737,-0.16780977,-0.1296727,-0.27172694,-0.05640773,-0.07265534,-0.16794088,-0.0701218,-0.46242064,-0.008875477,-0.10296839,-0.16425006,0.53353447,0.09703701
26,-0.1815995,0.30195287,0.3996376,-0.33012906,-0.03635896,0.13893993,-0.34913892,0.34595466,0.0023434556,-0.04892616,0.0550646,0.012741029,0.15200663,0.079071864,-0.031318747,-0.3781641,0.2812969,0.25799203,-0.51877934,0.24934824,0.064631134,0.011309972,0.24782495,0.009822261,0.08640487,-0.03274767,-0.11127709,-0.43154126,0.14535971,-0.27507862,-0.009807957,0.59433484,-0.044476386,0.081349485,0.2138772,0.27495942,-0.05517631,0.22085075,-0.012616549,-0.35298005,-0.30124152,-0.2785568,-0.08826878,-0.5903165,-0.32012823,0.113795176,0.04050751,-0.35881832,-0.020084163,-0.9350428,-0.081796624,0.04835779,0.07919525,1.0039904,-0.07687549,-2.2339258,-0.049636863,-0.22662926,1.7157519,0.3553693,-0.17827035,0.64007753,-0.37218347,-0.021671642,0.75751626,0.15753525,0.30979177,0.48824733,0.1914276,-0.3906553,0.18546708,-0.48897225,-0.11206121,-0.5779207,0.31619555,0.055346813,-0.087508656,0.03550534,-0.6593005,-0.0036029082,0.70125777,-0.03823411,-0.5506659,0.011632104,-1.4444119,-0.108979754,0.13226968,-0.039298058,-0.30681014,-0.36573428,-0.12124064,-0.013163379,0.004147884,-0.16705647,-0.56167156,-0.03046603,0.058331262,-0.20440795,0.47299677,0.18694311
27,-0.084560044,0.19838023,0.3427393,-0.1992192,-0.042432558,0.1584438,-0.04113268,0.18233702,0.0090562375,0.03428923,0.16581342,0.01963011,0.31488112,0.08083978,0.1395869,-0.22613867,0.07542809,0.013992137,-0.3118825,0.20222539,0.18939844,0.021868061,0.20313102,-0.02225586,0.1963321,-0.088364616,-0.06501494,-0.41662037,-0.038538206,-0.18992068,-0.020549312,0.4010856,-0.03641845,0.079936855,0.06384153,0.28349164,-0.0371639,0.29493126,-0.043101117,-0.16097702,-0.3187943,-0.19375424,0.2818471,-0.36782587,-0.095532574,-0.12482192,0.20205715,-0.32217044,0.028129833,-0.712043,0.05318783,-0.06499731,0.14105347,1.06659,-0.19669737,-2.2540555,-0.04282988,-0.17865531,1.4369087,0.48045704,-0.08541202,0.6960992,-0.2979893,0.084410705,0.6798479,-0.023367709,0.5333802,0.33305064,0.11156227,-0.11362275,-0.06356922,-0.17846076,-0.03964696,-0.31624386,0.15295757,0.23102963,-0.13378595,-0.099699065,-0.905975,-0.004670563,0.6466022,-0.03444654,-0.4285435,0.042520642,-1.3417943,-0.16021505,0.088280596,-0.14294581,-0.3393373,-0.39219823,-0.023976022,-0.17002434,-0.14293887,0.034587134,-0.44373852,0.03611163,-0.15623921,-0.21812427,0.46714395,0.20065433
28,-0.033726446,0.14467484,0.2411991,-0.2763336,0.07755442,0.020952515,-0.11181819,0.17285024,-0.055333875,0.04920011,0.16012466,-0.036291607,0.19340937,-0.023739243,0.09380151,-0.21773385,0.45943138,0.15421447,-0.3933022,0.175444,0.23555753,-0.07367822,0.12144054,0.07269093,0.07553931,-0.053204145,-0.06963836,-0.41471422,0.013319338,-0.14136776,-0.05985589,0.421974,-0.04706667,0.122930415,0.069226295,0.42519772,-0.1598376,0.22685643,-0.034537077,-0.24583808,-0.17752062,-0.15576065,0.05551612,-0.32305226,-0.0178594,0.019588884,0.03920018,-0.46905053,-0.09900772,-0.716737,0.0780127,0.13196659,0.04092589,0.9793442,-0.25939348,-2.0978472,-0.057113692,-0.19147825,1.7449806,0.32697228,-0.17972545,0.5004807,-0.2356282,0.1677481,0.6780885,-0.0008600468,0.4731286,0.31671864,0.13767685,-0.16897267,-0.13013603,-0.25364396,-0.16554128,-0.45354974,0.10266158,0.15650497,-0.18112797,0.087387554,-0.90837896,-0.053197455,0.6716666,-0.06486283,-0.41321027,0.181311,-1.1977746,-0.17275515,0.12960482,-0.07834398,-0.25851598,-0.26869974,-0.03000271,-0.032819103,0.0036262516,-0.05342156,-0.47919792,-0.083357245,-0.08769866,-0.088708654,0.6105511,0.13233072
29,-0.12083641,0.20293081,0.070887245,-0.2848712,0.019341758,0.08822242,0.026729414,0.43815124,-0.16745484,0.068670414,-0.0006792508,0.07565377,0.33379856,0.14274532,0.1423716,-0.40232,0.31504726,0.1410776,-0.4799731,0.10539917,0.38320458,-0.18716449,0.2550234,0.12800625,0.048332203,-0.041963,-0.18366818,-0.2970209,0.07721541,-0.109752,0.0775399,0.4450417,-0.111479916,0.082558505,0.2320943,0.49824,0.055054843,0.22456539,-0.17127065,-0.0058962577,-0.31571084,-0.28469747,0.17933993,-0.38948515,0.12553082,-0.023026252,0.2524345,-0.32700142,0.0059227445,-0.70092505,0.13590331,-0.23216116,0.27174166,1.0807534,-0.18724068,-2.3046448,-0.046618085,-0.21923059,1.811575,0.46361145,-0.07404709,0.6843808,-0.33575168,0.08636302,0.7742892,-0.15330057,0.3193925,0.54611754,0.05576391,-0.25341585,-0.078100756,-0.30932584,-0.082289256,-0.35561648,0.061034292,0.14407766,-0.31726825,0.05577283,-0.9776184,-0.11380283,0.68804663,-0.160814,-0.6504651,0.058752637,-1.57891,-0.30544832,0.4322481,-0.09264787,-0.2424006,-0.46437916,-0.08345443,-0.17528975,-0.2067492,-0.15048292,-0.48864043,-0.009591646,-0.16284305,-0.32344535,0.48090944,0.14017001
30,0.11961617,0.43884382,0.56858414,-0.058260668,-0.188613,0.110948354,-0.029310912,-0.0020275067,-0.32799792,-0.09060333,0.30627683,0.07294625,0.051654667,-0.13427167,0.13003816,-0.28455332,0.11478549,0.034913156,-0.23854584,0.47921398,0.50383574,0.105659075,0.19988509,0.075839005,0.3624725,-0.2642375,-0.021226333,-0.5095442,0.25215608,-0.21468775,-0.010889086,0.36396918,0.0608837,0.111875504,-0.10177684,0.132595,-0.100625664,0.26967373,0.043164503,-0.10349383,-0.40678307,-0.28801033,0.117877506,-0.07215768,0.1555504,0.07421583,0.20149316,-0.3526769,0.010017748,-0.8922825,-0.059729684,-0.09006825,0.14195882,0.88024163,-0.32469216,-2.272231,0.031254914,-0.11582608,1.6046557,0.7209492,-0.19809198,0.70556444,-0.42089763,0.10426835,0.39663002,-0.13885042,0.33834612,0.28729585,0.27186272,-0.10131017,-0.093656,-0.26039615,-0.14397374,0.037037592,0.08809751,0.17571215,-0.12582444,0.015923008,-0.995235,-0.024731586,0.66313833,0.025922755,-0.4309605,0.2619891,-1.2002859,-0.1259621,-0.093067326,-0.1526796,-0.0073358268,-0.23242074,-0.12451857,0.09762476,-0.03582983,0.19096734,-0.74448663,-0.018390914,-0.09773034,-0.24043524,0.42924818,0.17817916
31,-0.031143,0.44873333,0.71048,-0.33850336,-0.43325338,0.5172333,-0.13854367,0.125,0.20857032,-0.24206634,0.31467664,0.30445334,0.173712,0.25013533,0.16374,-0.28197667,0.14573665,0.50287,-0.58272,0.8342634,0.355324,0.346758,-0.04735,-0.195884,0.39941335,0.61227936,-0.17771834,-0.6799733,0.5593633,-0.46440664,-0.30376667,0.9899133,0.36506668,0.09912667,0.062127665,0.43399,-0.10910723,0.2869833,0.25776666,-0.49468002,-0.24662232,-0.044689763,0.17712258,-0.63992333,-0.45535335,-0.123411596,0.13271667,-0.37069264,0.18457,-1.08018,-0.10271034,0.066407666,0.39531335,1.0659833,-0.39038667,-2.946267,0.23181999,0.27034,1.35814,0.62190336,0.17509334,1.1172433,-0.6154633,-0.120463245,0.78130007,0.02912566,0.8830466,0.49902034,-0.072327666,-0.29241335,0.293074,-0.28649667,0.29809332,-0.239151,0.10675334,0.30322334,-0.0034090008,-0.171838,-0.8230767,-0.035460006,0.15852,-0.123913325,-0.53622,0.37427998,-1.5416001,-0.23448001,-0.25304666,-0.63185,-0.5765967,-0.34169134,-0.30539998,-0.30326065,0.034745652,0.24075067,-0.50144666,-0.028624004,-0.4014733,-0.53473,0.111698665,0.65788
32,0.15071066,0.35658336,0.4325254,-0.40029332,-0.16692333,0.27413,0.0053313323,-0.03430067,0.55141336,-0.07906763,0.027880004,0.34048876,0.16292167,-0.18781233,-0.017018337,-0.106413335,-0.37742332,0.014163326,-0.32330665,0.24193667,-0.090016685,-0.040560666,-0.05983001,-0.3357767,0.099123664,0.21498667,-0.36368,-0.52589834,-0.04973267,-0.45000336,0.042554695,0.38336667,-0.11338332,-0.058663666,0.114604,0.24107002,-0.13891594,-0.13927132,0.0062633357,-0.29336667,-0.0982,0.016336342,0.16276334,-0.22937267,-0.24233668,-0.292033,0.47756198,-0.135042,-0.099810004,-0.55902666,0.13118334,-0.042613328,0.21466666,0.78356665,-0.084417336,-1.4995866,-0.19917,-0.08754433,0.83825,0.42484936,-0.2732,0.572742,-0.22727334,-0.05168133,0.5713227,-0.14074966,0.5003367,0.18720467,-0.03527367,-0.25647667,-0.056835,-0.52929,0.07918033,-0.16341333,0.30558732,0.025322005,-0.018042067,-0.18623634,-0.55129,0.15246367,0.4649833,0.040563334,-0.4914,-0.09600667,-0.9608567,-0.32336,-0.062389333,0.16167,-0.14196669,-0.26307034,0.040018994,-0.18685667,-0.029156342,-0.08621567,-0.009733319,-0.12667333,-0.010886669,-0.113244504,-0.28483534,0.2139967
33,-0.041778672,0.4101046,0.3452528,-0.27428946,-0.25438097,0.16623051,-0.057784736,0.38653487,-0.13028207,-0.12971441,0.26423696,0.1356736,0.26951295,0.041639265,0.21871558,-0.43461597,0.17472373,0.21261972,-0.5607199,0.3466953,0.46147022,0.07257574,0.10061366,-0.024407735,0.20678721,-0.051951922,-0.21002832,-0.56141925,0.39840952,-0.14868522,-0.11057653,0.41422457,0.08031726,0.1028346,0.09960147,0.57062274,-0.1660268,0.23729467,0.062832,-0.19600601,-0.40729046,-0.33403662,0.029855477,-0.58343685,-0.22607419,0.08179107,0.17846593,-0.51072884,-0.02674987,-0.90263313,0.034404267,-0.17187046,0.093776144,1.1569,-0.22266993,-2.4087853,-0.10439794,-0.12783314,1.7350333,0.5185132,-0.16708688,0.8818493,-0.42517883,0.037165817,0.5460929,0.056776073,0.5010779,0.46426263,0.006745192,-0.2554428,-0.029858239,-0.3710635,-0.069857135,-0.41632736,0.07928249,0.18158522,-0.19662414,-0.09690474,-0.72554946,-0.032287475,0.6455135,-0.023507273,-0.58049136,0.1548544,-1.5093173,-0.07071926,0.2679249,-0.058368597,-0.29988432,-0.31107494,-0.108631946,-0.029979467,0.004680862,-0.23001638,-0.7012874,-0.078404136,-0.06306512,-0.023057124,0.4679708,0.26453692
34,-0.13863929,0.26827592,0.23703334,-0.3988575,-0.053093236,0.19227739,-0.21219294,0.22042659,0.2395916,-0.08276071,0.1663387,0.037611295,0.3236951,0.012534716,0.046133284,-0.13039134,0.16106437,0.22149667,-0.5210043,0.34394383,0.22629808,-0.043609943,0.20392108,-0.089626804,0.031665996,-0.034919977,-0.04857183,-0.3520532,-0.026785137,-0.24394573,0.061407,0.4522088,-0.056901526,0.14398582,0.09338859,0.32801118,-0.1763033,0.107397944,0.073276706,-0.3103882,-0.18729702,-0.10138547,0.025347238,-0.45401415,-0.19590323,-0.12299535,0.12138747,-0.2646321,-0.08166051,-0.74008644,0.15346788,0.09030123,0.07438312,0.8963294,-0.31307554,-1.966792,-0.10462499,-0.26723328,1.4553671,0.46063253,-0.27513474,0.7593057,-0.22050995,0.12479997,0.7147758,0.0006206982,0.55745536,0.3505328,0.29220843,-0.3440615,-0.10815209,-0.24010013,0.0018185833,-0.4417642,0.037246414,0.2013012,-0.037790764,0.069258936,-0.92310584,-0.08153742,0.56449956,-0.15384257,-0.35382932,-0.043283094,-1.2760204,-0.21198481,0.0353847,-0.1749853,-0.26248258,-0.2736869,-0.04631888,-0.08984053,0.0226655,-0.23783319,-0.5683012,0.037270714,-0.21362941,-0.32500646,0.6341099,0.2696318
35,0.0,0.0,0.0,0.0,0.0,0.0,0.0,0.0,0.0,0.0,0.0,0.0,0.0,0.0,0.0,0.0,0.0,0.0,0.0,0.0,0.0,0.0,0.0,0.0,0.0,0.0,0.0,0.0,0.0,0.0,0.0,0.0,0.0,0.0,0.0,0.0,0.0,0.0,0.0,0.0,0.0,0.0,0.0,0.0,0.0,0.0,0.0,0.0,0.0,0.0,0.0,0.0,0.0,0.0,0.0,0.0,0.0,0.0,0.0,0.0,0.0,0.0,0.0,0.0,0.0,0.0,0.0,0.0,0.0,0.0,0.0,0.0,0.0,0.0,0.0,0.0,0.0,0.0,0.0,0.0,0.0,0.0,0.0,0.0,0.0,0.0,0.0,0.0,0.0,0.0,0.0,0.0,0.0,0.0,0.0,0.0,0.0,0.0,0.0,0.0
36,-0.11539722,0.20643756,0.40748277,-0.28837982,-0.16619259,0.15995316,-0.12174176,0.23446181,0.104346685,0.04478932,0.188495,0.107528456,0.16981554,-0.006706268,0.107496336,-0.21179175,0.15041508,0.23361814,-0.37112442,0.32713845,0.20472433,0.030147007,0.12143676,-0.08361805,0.18279418,0.049216382,-0.17307891,-0.46554378,0.06389461,-0.23533295,-0.015648426,0.567815,-0.03430113,0.057672266,0.07828453,0.33332348,-0.10381328,0.20330656,0.0897502,-0.25298163,-0.2425532,-0.20158091,0.15845378,-0.44105303,-0.2586785,-0.054041013,0.21122003,-0.36295325,-0.045292195,-0.79328144,0.07881557,-0.067214295,0.17026067,0.98275554,-0.18718389,-2.1462238,0.026841743,-0.110495195,1.5138143,0.4237611,-0.091505334,0.66059464,-0.33553827,0.088312685,0.7250487,0.0076162023,0.5308222,0.29770553,0.12977204,-0.23955934,0.027974814,-0.26449627,0.039065447,-0.32271412,0.223187,0.15180784,-0.16161269,-0.101112306,-0.7996496,0.02646221,0.6068891,-0.0036182557,-0.47524837,0.0024441713,-1.2855381,-0.23195107,0.1511325,-0.15305315,-0.30722448,-0.36416098,-0.031986944,-0.068862885,0.005887221,-0.068961434,-0.47148567,-0.078575626,-0.11288102,-0.3198557,0.4245111,0.22898105
37,-0.05080091,0.1783718,0.30822915,-0.20455332,-0.053846102,0.08050647,-0.15095983,0.16199836,0.019636279,0.008809289,0.11564989,0.12965642,0.25273263,0.0787997,0.19534552,-0.24299985,0.21808955,0.13365361,-0.3610675,0.23374063,0.1765378,-0.096115924,0.108372346,-0.00928689,0.18421136,-0.042509437,-0.1157372,-0.3535831,0.038511723,-0.19026381,0.076248005,0.47665432,-0.077949665,0.014241463,0.083833836,0.29658958,-0.04509892,0.08284841,0.008850812,-0.21943487,-0.2603378,-0.23675992,0.14642197,-0.3187291,-0.11277239,-0.045157064,0.04771296,-0.3321962,0.0063275723,-0.73503107,0.16178179,0.053286232,0.13806309,0.9817164,-0.13836944,-1.9979858,0.03350769,-0.15759446,1.6683997,0.42410654,-0.14299172,0.6749548,-0.23942706,-0.008304477,0.6203249,0.03889784,0.3263373,0.31911293,0.209215,-0.22110876,-0.06208107,-0.26389986,-0.05927694,-0.43738952,0.093924515,0.23843522,-0.09578054,-0.04046828,-0.81227314,-0.001499994,0.61815953,-0.0033790395,-0.44721416,0.050165895,-1.270388,-0.2538904,0.16743167,-0.075355016,-0.26484093,-0.24415936,-0.11911032,-0.021305975,-0.09194542,-0.12798578,-0.5006695,-0.065833285,-0.14401445,-0.18038481,0.44488943,0.17219537
38,-0.14561641,0.51672995,0.404358,-0.37554723,-0.458916,-0.1752602,-0.21592,0.235142,-0.029148007,-0.2958286,0.22044799,0.13551359,0.18692,-0.16564398,0.046317983,-0.0363728,-0.18084082,0.538774,-0.43131217,0.620154,0.37613043,-0.048860006,-0.029045999,-0.27585462,0.266138,0.2723144,-0.13565561,-0.640018,0.13801798,-0.619298,0.021835595,0.7286197,0.0140635995,-0.007342619,0.25466138,0.30028996,-0.056864727,0.25169498,0.37113598,-0.59546006,-0.08061021,-0.116720006,-0.22325961,-0.547273,-0.33757755,0.100491986,0.0407418,-0.53442,-0.084767595,-1.10888,0.3012459,-0.11663394,0.0852644,0.96399003,-0.025387997,-2.1815,0.097019,0.132085,1.4922181,0.29134002,-0.1106418,0.75857204,-0.55162877,-0.1257306,0.77003604,0.048966803,0.72055995,0.22153103,0.15074399,-0.35941,0.103167996,-0.19779539,-0.0458668,-0.179966,0.13800101,-0.0041079996,0.107168,-0.1751716,-0.53520477,0.0967418,0.66008,-0.105260015,-0.589352,-0.3770796,-1.4950321,-0.3498054,0.1827732,-0.229106,-0.3458982,-0.20410201,-0.12884998,0.077329464,0.058850598,-0.4397758,-0.663836,-0.17719778,0.011971998,-0.665558,0.409532,0.44648322
39,0.0,0.0,0.0,0.0,0.0,0.0,0.0,0.0,0.0,0.0,0.0,0.0,0.0,0.0,0.0,0.0,0.0,0.0,0.0,0.0,0.0,0.0,0.0,0.0,0.0,0.0,0.0,0.0,0.0,0.0,0.0,0.0,0.0,0.0,0.0,0.0,0.0,0.0,0.0,0.0,0.0,0.0,0.0,0.0,0.0,0.0,0.0,0.0,0.0,0.0,0.0,0.0,0.0,0.0,0.0,0.0,0.0,0.0,0.0,0.0,0.0,0.0,0.0,0.0,0.0,0.0,0.0,0.0,0.0,0.0,0.0,0.0,0.0,0.0,0.0,0.0,0.0,0.0,0.0,0.0,0.0,0.0,0.0,0.0,0.0,0.0,0.0,0.0,0.0,0.0,0.0,0.0,0.0,0.0,0.0,0.0,0.0,0.0,0.0,0.0
40,0.0,0.0,0.0,0.0,0.0,0.0,0.0,0.0,0.0,0.0,0.0,0.0,0.0,0.0,0.0,0.0,0.0,0.0,0.0,0.0,0.0,0.0,0.0,0.0,0.0,0.0,0.0,0.0,0.0,0.0,0.0,0.0,0.0,0.0,0.0,0.0,0.0,0.0,0.0,0.0,0.0,0.0,0.0,0.0,0.0,0.0,0.0,0.0,0.0,0.0,0.0,0.0,0.0,0.0,0.0,0.0,0.0,0.0,0.0,0.0,0.0,0.0,0.0,0.0,0.0,0.0,0.0,0.0,0.0,0.0,0.0,0.0,0.0,0.0,0.0,0.0,0.0,0.0,0.0,0.0,0.0,0.0,0.0,0.0,0.0,0.0,0.0,0.0,0.0,0.0,0.0,0.0,0.0,0.0,0.0,0.0,0.0,0.0,0.0,0.0
41,-0.08382651,0.1703285,0.110597506,-0.097506,0.029888254,0.23715249,-0.26980752,0.108571745,-0.22822,-0.034745,-0.095705,-0.2174725,0.33916,-0.017772496,0.047725007,-0.125045,0.46564502,-0.0035924911,-0.8237125,0.30293557,0.21848625,0.044924997,0.13806501,-0.35397503,0.44105613,-0.141328,-0.24122675,-0.45483577,0.229,-0.23113701,-0.34879002,0.48754328,0.03470525,0.0451695,-0.14999945,0.5270369,0.075247504,0.08017501,0.09510551,-0.37846303,0.0420425,-0.3524735,0.0513345,-0.7205925,0.051935747,0.17168626,0.0904025,-0.20277001,0.18630749,-0.58596253,-0.314435,0.13152975,0.119870506,1.14427,-0.111104,-2.70285,-0.4013825,-0.212708,1.49605,0.374975,-0.085363,0.6803225,-0.23976324,0.3722075,0.38278627,-0.075422,0.71569,0.363535,0.22758976,-0.26787502,-0.175655,-0.18310124,-0.08417,-0.6299625,0.21392925,0.15873224,-0.04985775,-0.1485225,-0.668365,0.038579006,0.66616,0.13613252,-0.2034775,0.24843949,-1.1395,-0.133456,0.073012486,-0.24696751,-0.28501773,-0.31354153,0.05974999,-0.053215757,-0.023221746,-0.11955125,-0.72943246,-0.3472675,-0.33402622,-0.41359752,0.75577,0.16677399
42,-0.064891,0.13186367,0.3507781,-0.15682696,-0.050719205,0.28749186,-0.20630021,0.20402798,-0.14455949,-0.00984246,0.07292722,0.11845182,0.25953293,0.07274388,0.0891575,-0.36934537,0.24913797,0.25537273,-0.48481932,0.25838667,0.19102606,-0.0302441,0.21720317,-0.16018336,0.09590547,-0.07521896,-0.1495059,-0.49646276,0.16309245,-0.21238543,-0.014376285,0.32073784,-0.09383311,-0.05005568,0.039153464,0.33189908,-0.009146931,0.17329516,-0.11057847,-0.2273703,-0.4425239,-0.21614882,0.0920034,-0.4787164,-0.007454579,-0.027953357,0.15058537,-0.2547293,-0.06270782,-0.7538525,0.18522891,-0.04786893,0.11433358,1.0883504,-0.22318675,-2.227945,-0.14953196,-0.295388,1.6649446,0.4744344,-0.17433617,0.7258173,-0.2877338,0.14260177,0.75602865,0.037001707,0.3936893,0.30926514,0.07402367,-0.20767656,-0.015874464,-0.34882858,-0.11750521,-0.33083543,0.17486389,0.112607494,-0.19396508,-0.031662613,-0.7851189,0.009479138,0.5050831,-0.07082061,-0.62278813,0.08377577,-1.3144232,-0.17072043,0.07091696,-0.092797466,-0.17304984,-0.36559394,-0.13437429,-0.1944821,-0.049939875,-0.06143717,-0.5642349,-0.14800449,-0.13745312,-0.25086957,0.46366015,0.099329524
43,-0.17397566,0.09439999,0.45982,-0.69375664,-0.25401,0.20544033,-0.20456,0.33617,0.7004833,0.15767832,0.147231,0.33370066,0.09538666,0.12828399,0.29824066,-0.12614334,0.257484,0.014830013,-0.24966998,0.21112667,0.19061899,0.28141665,-0.33203998,-0.10904666,-0.20594399,-0.048792034,-0.10100334,-0.11109334,0.0577386,0.04483666,-0.019956997,-0.14003034,-0.07766667,0.34035668,-0.22833999,0.45405665,0.14203334,-0.109621346,0.042459294,-0.202353,-0.24284999,-0.10153434,0.12458786,-0.416105,-0.06867466,0.1078959,-0.32313666,-0.30539668,-0.24975665,-0.7568807,0.87697667,-0.157436,0.16227499,0.6818066,-0.214137,-1.4831266,-0.13085333,0.034236997,1.5479666,0.60666996,-0.27720433,0.25854,-0.49991667,0.10709,1.0424567,-0.44068232,0.52914,-0.042108994,-0.13200666,-0.20628335,-0.48857665,-0.21886867,0.23245765,-0.61563,0.30422667,0.37688002,0.14166202,-0.13106667,-1.0509467,0.15946534,0.71950334,-0.14413334,-0.012176673,-0.109056674,-1.09204,-0.41295996,0.08668787,-0.111927666,-0.20101702,-0.11886,0.33165333,-0.27816936,-0.14560734,0.006151999,-0.24304666,0.056937993,-0.2741597,-0.0066399924,0.350348,0.40756336
44,0.052392654,0.023305472,0.3964311,-0.38415703,-0.12021601,0.23585778,-0.035482887,0.030311998,0.22636665,0.12651722,0.37955225,0.27641112,0.157352,0.13571355,0.08538577,0.09441335,0.20926043,0.059754446,0.05035399,0.22228545,0.3551993,0.2021392,0.1117541,-0.08882688,0.06640022,0.17659388,-0.042889997,-0.46975332,-0.16408078,-0.3704,-0.04467711,0.68054223,0.023415335,0.095584005,-0.015221109,0.2591001,-0.18784608,-0.18163231,-0.05541378,-0.31927553,-0.010215223,-0.09381237,0.07146153,-0.35181633,-0.3268111,-0.3431872,-0.090155214,-0.185882,0.05045412,-0.7477934,0.05144189,0.239449,0.2646178,0.72714674,-0.3363591,-2.0754156,0.09199667,0.3019512,1.0947589,0.11724457,-0.021330219,0.8378169,-0.27536556,0.1699031,0.567734,-0.023306003,0.54149956,0.022889666,0.07026911,-0.20280512,0.22140104,-0.171873,0.100440435,-0.16759108,0.28083023,0.21227999,-0.07498344,0.07822055,-0.6495722,0.104140006,0.80106884,-0.18913484,-0.5117755,0.094336666,-1.1517367,-0.25473467,-0.05223277,-0.17091833,-0.16743067,-0.20790823,0.2867644,0.11939621,0.18334012,-0.15516299,-0.29887223,-0.2251211,-0.47683376,-0.2662689,0.2833179,0.15071893
45,-0.06890247,0.36160317,0.37986508,-0.38082132,-0.12599231,0.21478589,-0.11812404,0.23759991,0.07134153,0.027702132,0.13367209,0.08339426,0.32406273,0.102941185,0.123961486,-0.2776594,0.12767635,0.2406524,-0.3306458,0.27496725,0.31205505,-0.04011016,0.20588155,-0.0758648,0.1782339,-0.05513653,-0.116587155,-0.48882794,0.0034781247,-0.30430362,0.09429478,0.495173,-0.06676208,0.019012501,0.1544683,0.37081537,0.058371782,0.21973394,-0.0069484417,-0.2333734,-0.2680708,-0.24446172,0.04582855,-0.39762187,-0.19030406,-0.014533281,0.20889418,-0.33895552,-0.0958083,-0.8206914,0.035179764,-0.035026953,0.17924058,1.0284325,-0.25721633,-2.2494605,0.012336798,-0.17462204,1.642766,0.527196,-0.1232002,0.81950283,-0.29337952,0.1251979,0.7936196,0.018582186,0.56409955,0.33176282,0.117854156,-0.2887396,-0.020038709,-0.36135653,-0.09195321,-0.35297355,0.13574767,0.07996122,-0.104950555,-0.060546443,-0.82294756,0.02832838,0.5873556,-0.05509833,-0.5543363,0.10450244,-1.3972195,-0.27088013,0.12774189,-0.1520491,-0.22156072,-0.3338457,-0.087115206,-0.12892857,-0.09381605,-0.1401349,-0.56090504,-0.09091526,-0.26194403,-0.3634752,0.49294403,0.22182457
46,-0.0058406335,0.12181735,0.27080354,-0.22331072,-0.01587453,0.1042678,-0.17281364,0.18930694,-0.063590765,0.03724813,0.09376225,0.044730764,0.28682345,0.04216324,0.05182766,-0.3063089,0.3707233,0.13910154,-0.38546494,0.22734976,0.13271885,-0.2053327,0.24834874,0.05217947,0.2479349,-0.07495327,-0.16143957,-0.45200613,0.029487897,-0.18407366,-0.013645915,0.45093372,-0.088939875,0.094675735,0.045006394,0.38484493,0.037573535,0.15172847,0.023090076,-0.23287073,-0.3117024,-0.22342357,0.14994358,-0.38613638,-0.06151503,0.0129686,0.16916467,-0.35738733,0.038678393,-0.7401361,0.094864115,-0.07570826,0.22874072,1.1388111,-0.20321819,-2.3046417,-0.0385954,-0.3791758,1.7529662,0.5424653,-0.13770038,0.4537703,-0.20068352,0.11551217,0.83117884,-0.14932415,0.24802789,0.36730623,0.16522731,-0.2732077,0.0170368,-0.37490404,-0.10844936,-0.45418262,0.30382985,0.14000724,-0.17572092,0.019182567,-0.9068926,-0.052074727,0.6687777,0.054502502,-0.5034712,0.060526855,-1.447369,-0.29632738,0.19261514,-0.12714376,-0.16729553,-0.36563233,-0.08720651,-0.19861753,-0.12407899,-0.04655315,-0.44917887,-0.082418256,-0.03222977,-0.35885876,0.4195825,0.18407172
47,-0.056454334,0.35668844,0.28356287,-0.35212293,-0.25434664,0.3564379,-0.162232,0.22114223,0.16295521,-0.21429788,0.03947775,0.25933132,0.3298689,0.031810444,0.028549321,-0.31596777,0.02120779,0.35933667,-0.50880855,0.348345,0.28260076,0.31543535,0.11844293,-0.340905,0.158335,0.11985477,-0.32379413,-0.5268156,0.18868987,-0.38078445,-0.069594555,0.6640589,0.0903369,0.16614555,0.4023839,0.23270747,-0.33977556,0.213163,0.32087624,-0.19923666,-0.3124522,-0.13619295,0.16097969,-0.5967753,-0.37438443,0.019464348,0.15631667,-0.08060755,0.1619314,-0.8617922,-0.102458335,-0.17627065,0.06301936,0.983419,-0.1333589,-2.225508,0.12450545,0.106022224,1.3166927,0.3738022,-0.06262611,0.86257553,-0.58896995,-0.0016051555,0.8366234,-0.057391386,0.5900267,0.42244563,-0.14062412,-0.28458288,0.030889945,-0.41324446,0.11410456,-0.3734423,0.011648993,0.07973777,-0.163714,-0.22137223,-0.61195445,-0.01850467,0.44724602,0.08366634,-0.7189678,-0.110204324,-1.5955789,-0.28391778,0.12048188,-0.21618424,-0.6334726,-0.46500003,-0.19702587,-0.19683164,0.102098055,-0.26060998,-0.41637945,-0.06291,-0.22132123,-0.19338222,0.19497624,0.57577497
48,0.0,0.0,0.0,0.0,0.0,0.0,0.0,0.0,0.0,0.0,0.0,0.0,0.0,0.0,0.0,0.0,0.0,0.0,0.0,0.0,0.0,0.0,0.0,0.0,0.0,0.0,0.0,0.0,0.0,0.0,0.0,0.0,0.0,0.0,0.0,0.0,0.0,0.0,0.0,0.0,0.0,0.0,0.0,0.0,0.0,0.0,0.0,0.0,0.0,0.0,0.0,0.0,0.0,0.0,0.0,0.0,0.0,0.0,0.0,0.0,0.0,0.0,0.0,0.0,0.0,0.0,0.0,0.0,0.0,0.0,0.0,0.0,0.0,0.0,0.0,0.0,0.0,0.0,0.0,0.0,0.0,0.0,0.0,0.0,0.0,0.0,0.0,0.0,0.0,0.0,0.0,0.0,0.0,0.0,0.0,0.0,0.0,0.0,0.0,0.0
49,-0.13189596,0.14163008,0.35961133,-0.18347085,-0.1799221,0.10120719,-0.106847,0.24895376,0.029034888,0.01680134,0.17737803,0.034464657,0.3402806,-0.0010837261,0.1521524,-0.31756136,0.14070487,0.16074698,-0.50181836,0.1318857,0.16932158,-0.04361948,0.14770705,-0.040547315,0.11889337,-0.08615212,-0.03283905,-0.37226558,0.16382483,-0.08921175,-0.005355346,0.5485173,0.059017066,0.11896491,0.15101035,0.31466186,-0.11422601,0.27305096,0.056863964,-0.17544867,-0.3937762,-0.16178414,0.1301596,-0.36608517,-0.1298247,0.024376985,0.15560275,-0.3583871,-0.069157936,-0.8232309,0.07947144,0.037930492,0.22345306,0.9543163,-0.24062714,-2.162423,-0.035162766,-0.13238575,1.6156415,0.51096445,-0.14413543,0.73684007,-0.31380895,0.057608306,0.7619936,0.0038777972,0.41640326,0.3702769,0.119290024,-0.18776923,-0.05752938,-0.23927782,0.018767852,-0.47747874,0.2556938,0.08549207,-0.04949668,-0.046134,-0.8662901,-0.048837934,0.48990077,-0.10874369,-0.5081686,0.04430217,-1.447169,-0.21891241,0.16640963,-0.0952708,-0.25665146,-0.31056285,-0.15158471,-0.031978834,-0.011238426,0.0038136856,-0.46120375,0.0003328951,-0.13728428,-0.28776565,0.4551996,0.20928197
50,-0.19465324,0.39000753,0.72595495,-0.381286,-0.156245,0.222015,-0.12117701,0.16333553,-0.1812935,-0.22076726,0.27404,0.00031724945,0.41720247,0.18601725,0.06418525,-0.327303,0.0238105,0.42151424,-0.1833475,0.638395,0.042055003,0.1911095,0.10677999,-0.40665746,0.22222999,0.11484,-0.16845424,-0.63023996,-0.25092673,-0.2871815,-0.25005248,0.634595,0.024335008,0.035652503,0.21507451,0.25993,-0.039504744,0.24711575,-0.17024496,-0.35100976,-0.28881449,-0.121215,0.3423325,-0.43567502,-0.310839,-0.019512504,0.13481951,-0.34078425,-0.09357375,-0.9568825,0.1058695,-0.1792975,0.07512,1.0973325,-0.30655897,-2.5228748,0.15362501,0.23152727,1.612125,0.351385,-0.058653,0.8486475,-0.50838774,-0.09360351,0.82956004,0.1427115,0.8188725,0.26965424,0.1672,-0.27753,0.16542526,-0.33334702,0.16351925,-0.1285625,0.66162,0.1709725,-0.143062,-0.064890996,-0.7866025,-0.023694495,0.56686,0.101339854,-0.610915,0.27990326,-1.472325,0.006068751,-0.105569996,-0.24200524,-0.2455,-0.486795,-0.20577975,-0.19312574,-0.1375445,0.102532,-0.6400703,-0.09768999,-0.28130826,-0.5249125,0.5094775,0.742555
51,-0.110657774,0.24417877,0.5157519,-0.30316907,-0.31731156,0.30034044,-0.18599138,0.16587523,0.208555,-0.14075488,0.32279631,0.13489683,0.30691218,-0.12416114,0.08306472,-0.28853083,0.01039228,0.10173804,-0.41200382,0.29071778,0.29414862,0.16486242,0.109238125,-0.0053234976,0.17017956,0.10636825,-0.055333372,-0.4840089,0.16236757,-0.22624297,0.033768564,0.65481514,0.076536715,0.02431406,0.03947959,0.24093775,-0.17146622,0.1732584,0.10563919,-0.20265178,-0.29607472,-0.19437796,0.09306846,-0.47582024,-0.23550695,-0.1234199,0.15546949,-0.35940972,-0.050986476,-0.84580284,0.010884119,0.03830196,0.14890534,0.91233623,-0.33499646,-2.2501338,0.06716045,-0.037249774,1.5429003,0.42852512,0.011968344,0.73149204,-0.25679323,0.10833772,0.73807216,0.09568888,0.54466146,0.303827,0.05851938,-0.2512698,0.074410856,-0.31953636,-0.015833262,-0.41314393,0.16332386,0.10950029,-0.07766172,-0.017569559,-0.8106721,-0.12815051,0.5130695,-0.20400633,-0.51502764,0.17923832,-1.4534253,-0.17941837,-0.028178759,-0.22547945,-0.25336376,-0.26369673,-0.0685448,-0.04581467,0.14378095,0.108665004,-0.46430737,-0.0062653753,-0.12658061,-0.25036675,0.47052073,0.23784259
52,0.061945,0.24000874,0.233855,-0.17907876,0.48485124,-0.055047497,0.17910275,-0.29601002,-0.14769998,0.163756,0.09162074,-0.6193275,-0.08787375,-0.3537373,0.014882501,0.047743753,0.740265,0.27856526,-0.10617001,0.60681725,-0.010588748,-0.147765,0.17232974,0.213983,0.09542751,-0.0048675016,0.24362975,-0.2410825,-0.37203,-0.11759275,-0.1672658,0.7691425,-0.12164199,-0.124595,0.588745,0.4860875,-0.335612,0.34235153,-0.44933498,-0.419285,0.118990004,0.044212505,-0.21487626,-0.09892826,-0.14892228,0.13425499,-0.2271125,-0.77030003,-0.022255018,-0.74206,0.24642426,-0.037628748,-0.08631775,0.85041505,-0.16213074,-2.2845252,-0.039198495,-0.11460074,1.8679,0.21701977,-0.27636498,0.344365,-0.27249125,0.094390005,0.78154504,-0.03528149,0.61941254,0.11449999,0.690405,-0.21385,-0.016115002,0.2482675,-0.068923,-0.0681312,-0.02725251,0.13286623,-0.283003,-0.0723025,-0.79549074,-0.3366625,0.5129775,0.007738253,-0.4288165,0.19302475,-1.4430001,-0.299035,0.10029,-0.2584375,-0.24296248,-0.38287675,-0.04633975,0.52100253,0.19717501,-0.2552585,-0.24075001,-0.021694995,-0.07102841,-0.117372245,1.110535,0.405629
53,-0.2994095,-0.234205,0.45136,-0.495385,-0.11241001,-0.117601,0.206138,-0.234073,0.31411502,-0.12703499,0.346695,-0.47077,0.38164502,-0.5127905,0.24766499,0.158044,0.039993003,0.133813,-0.249055,0.87899005,-0.136622,-0.10547,0.111795,0.3888,0.026889,0.74493,0.009450018,-0.093964994,-0.417185,-0.025584996,-0.051369995,1.23938,0.034208,0.045434996,0.683965,0.275675,-0.84156,0.342915,0.1199751,-0.54969,0.057253,0.21222499,0.063264996,-0.329355,-0.255835,-0.34859002,-0.082642,-0.3987,0.1584645,-0.48291498,0.070845,0.021495,0.31208,0.4953,-0.215413,-1.709815,-0.17958999,0.21070951,1.242835,-0.16703999,-0.32022,0.3127085,-0.588615,0.249538,0.42558002,0.1497405,0.369468,0.10952,0.57473505,-0.548835,0.58201003,0.35964102,0.568245,-0.56939,0.437235,0.52229,-0.12757,-0.116438,-0.54758,-0.38858,0.17973,-0.23212,-0.357745,0.028545499,-0.8090085,0.14717,0.2647715,-0.1612605,-0.43826997,-0.17229001,0.4190255,0.42398503,0.027246,-0.08843999,-0.28149,0.13292,0.012779996,-0.40337,0.82197,0.55018
54,-0.034378517,0.087300114,0.35897696,-0.23100792,-0.1517221,0.054309733,-0.20962808,0.25141433,-0.048139308,0.117675856,0.105878934,0.14002652,0.2683161,0.074757904,0.07790467,-0.19473687,0.2122265,0.05822954,-0.4584821,0.12786669,0.31075045,-0.10815677,0.22187567,0.04121133,0.21230981,-0.077653,-0.17807399,-0.45206323,0.06950957,-0.19880596,-0.035052918,0.4151986,0.025250183,0.17138585,-0.092506304,0.36568207,0.07568472,0.18707338,-0.08745698,-0.17352445,-0.355722,-0.27223417,0.21908952,-0.3854047,-0.102766566,0.044435922,0.093931325,-0.31744617,0.028298544,-0.8129683,0.13074885,0.0069942465,0.15173651,1.0308473,-0.22333977,-2.2808282,-0.098998316,-0.22756442,1.6217893,0.43483904,-0.15533376,0.7259775,-0.2281955,0.05737964,0.68849975,-0.02097131,0.39679703,0.32877252,0.05677934,-0.25281703,-0.019571988,-0.2722371,-0.08134326,-0.41783163,0.13748294,0.11898543,-0.1974954,0.02261227,-0.9378321,0.045634087,0.53625417,0.10349005,-0.35274237,0.010294185,-1.3162929,-0.27353606,0.13715765,-0.06934381,-0.14797983,-0.2827171,-0.09622693,-0.049426552,-0.067442015,0.046673093,-0.60273653,-0.015792374,-0.12538852,-0.23754252,0.5281516,0.17974709
55,-0.18624,-0.01015085,0.49474669,-0.33488667,0.08241332,0.28536466,-0.039399665,0.100224674,0.5057704,-0.18915667,0.38310996,0.016646663,0.115854,-0.14060335,-0.03814,-0.083293326,-0.058553997,0.58654666,-0.50553334,0.99888664,0.16446333,0.050438344,0.12616567,-0.036659997,0.19051935,0.8620033,0.26488832,-0.11296934,0.037766654,-0.17060335,-0.037463326,1.0445466,0.14662267,0.08989,0.46552435,0.20639999,-0.3606937,0.15813667,0.22765334,-0.58416337,0.09644467,0.5278547,0.076482564,-0.28901002,-0.12714334,-0.34330332,-0.15571332,0.135774,0.02684333,-0.5486766,0.26544002,0.17838998,0.54881334,0.3752233,-0.24799334,-1.6676766,0.13654333,0.26881632,0.7538967,0.038389,-0.078316666,0.3733357,-0.57338,-0.24332334,0.43059668,0.22527365,0.58497196,0.11515034,0.15470903,-0.37147,0.44018066,0.20180334,0.34088668,-0.152591,0.31130335,0.5553067,0.04887667,-0.07797533,-0.79372,-0.32020998,-0.12382,-0.10392334,-0.119683325,0.17420483,-0.8610723,-0.14005333,0.04381,-0.22990668,-0.53868,-0.13658668,0.10633067,0.28687268,0.0070333346,0.007294824,-0.030450001,-0.15780334,-0.29823,-0.65581673,0.3502393,0.54063666
56,-0.053587023,0.20683658,0.3333739,-0.17488481,0.1521506,0.09177509,-0.120159335,0.125863,-0.1160465,-0.013009657,0.11220792,0.0029061916,0.086273775,0.033265498,0.012095692,-0.10485999,0.22237505,0.058726974,-0.18082622,0.2495435,0.2059237,-0.022012716,0.19156142,0.105052665,0.31940877,-0.10316316,-0.1847,-0.28655314,0.070578374,-0.29941922,-0.089666985,0.31932363,-0.16826084,0.092442706,0.013685119,0.090943106,-0.011907688,0.22809793,-0.22581097,-0.07257085,-0.2974437,-0.25209764,0.09431669,-0.29572913,0.085233346,0.027741117,0.12914956,-0.25173363,-0.0678251,-0.6123628,0.06265344,-0.077167556,0.10429763,0.9931209,-0.17098773,-2.1589644,-0.10961622,-0.060187723,1.3253318,0.37534228,-0.21019424,0.69002783,-0.2567649,0.12914461,0.6287977,-0.03749655,0.28937376,0.27394882,0.22214685,-0.18257585,-0.009723705,-0.17769189,-0.097154625,-0.1934097,0.122221164,0.14969613,-0.1368609,-0.066956915,-0.70876855,0.024080971,0.6164414,0.08005996,-0.3959255,0.028620662,-1.1159159,-0.20047447,-0.042259704,-0.026928393,-0.0892358,-0.27797014,-0.0964886,-0.033189192,-0.09477023,0.14955018,-0.4122458,0.076082096,-0.14924382,-0.17535973,0.45862272,0.09940129
57,0.0,0.0,0.0,0.0,0.0,0.0,0.0,0.0,0.0,0.0,0.0,0.0,0.0,0.0,0.0,0.0,0.0,0.0,0.0,0.0,0.0,0.0,0.0,0.0,0.0,0.0,0.0,0.0,0.0,0.0,0.0,0.0,0.0,0.0,0.0,0.0,0.0,0.0,0.0,0.0,0.0,0.0,0.0,0.0,0.0,0.0,0.0,0.0,0.0,0.0,0.0,0.0,0.0,0.0,0.0,0.0,0.0,0.0,0.0,0.0,0.0,0.0,0.0,0.0,0.0,0.0,0.0,0.0,0.0,0.0,0.0,0.0,0.0,0.0,0.0,0.0,0.0,0.0,0.0,0.0,0.0,0.0,0.0,0.0,0.0,0.0,0.0,0.0,0.0,0.0,0.0,0.0,0.0,0.0,0.0,0.0,0.0,0.0,0.0,0.0
58,-0.2724304,0.06092226,0.43426588,-0.35823876,-0.12137313,0.16551267,-0.026970569,0.19242662,0.3498096,0.15043032,0.4145285,-0.09120913,0.3020518,-0.18461436,0.22909762,-0.26549074,0.14889224,0.35236,-0.4890406,0.16742839,0.047720872,-0.09320113,0.21874487,0.069704376,0.3169028,-0.014272124,-0.15922312,-0.36603814,0.13660261,-0.17677611,0.05888232,0.8196425,0.014295074,0.21721122,0.20342779,0.3553527,-0.24653812,0.11445312,0.0942157,-0.39514846,-0.24040744,0.0331954,0.16932625,-0.48651567,-0.16146015,-0.080065094,0.24030142,-0.456046,0.08962463,-0.7653463,-0.053340126,-0.049395815,0.2904964,0.86235625,-0.32010156,-2.2641976,-0.10520437,-0.012102804,1.5661526,0.45589864,0.0031587444,0.6489046,-0.19000976,0.37827617,0.73079944,0.00027387775,0.4849359,0.28980094,0.072089195,-0.21060364,0.28249076,-0.19917941,0.134866,-0.42072514,0.12473362,0.043463394,-0.010014002,0.053095248,-0.82023597,-0.11425975,0.55133057,-0.3787344,-0.62317497,0.21697357,-1.1911483,0.045867436,0.3760493,-0.13684806,-0.30979094,-0.32462284,0.13894942,-0.084279634,-0.0567097,0.01503703,-0.39807317,-0.07650548,-0.1714695,-0.38333872,0.4927804,0.1688494
59,-0.08698255,0.1144307,0.2879051,-0.19419862,-0.05114637,0.19796908,-0.12469474,0.29010537,-0.052643817,0.037667226,0.1891033,0.09012203,0.21678832,0.021343878,0.094396636,-0.29989418,0.19332336,0.14448726,-0.4678835,0.1714412,0.22902973,-0.05146617,0.18201314,0.050431296,0.239164,-0.110112615,-0.20359929,-0.4663269,0.19654989,-0.20081697,0.013531929,0.55933815,-0.035648346,0.1110939,-0.01195535,0.4037005,-0.11697857,0.17274183,-0.024071243,-0.16508894,-0.37301555,-0.22949001,0.13164867,-0.37551856,-0.12166169,0.025633741,0.13414888,-0.43113944,0.08122861,-0.8382166,0.070620276,0.020507105,0.18718493,1.1045628,-0.24740522,-2.4457176,-0.0774473,-0.15762885,1.7932138,0.55275255,-0.14239697,0.7555176,-0.3060623,0.08587934,0.7565906,-0.016145274,0.32716525,0.4002465,0.106763475,-0.23924567,0.0021949648,-0.28055665,-0.023437183,-0.48132914,0.18226416,0.18915112,-0.20605887,-0.002371341,-0.83951986,0.010721838,0.6006818,-0.046554305,-0.5047638,0.06985538,-1.4372042,-0.26672238,0.19507839,-0.1402129,-0.24757716,-0.27665386,-0.07296991,-0.07382639,-0.065188214,0.0036574795,-0.6088041,-0.036131054,-0.08661264,-0.16048713,0.48811454,0.18386002
60,-0.023635766,0.08098553,0.44393557,-0.28857246,-0.025150297,0.09198081,-0.18726484,0.1949712,-0.13517806,0.06521835,0.046943292,0.15627071,0.14125457,-0.046263006,0.124673255,-0.16991116,0.35484093,0.058813658,-0.19291271,0.21332735,0.2857459,-0.19478236,0.11524041,0.13662711,0.24011551,-0.14908688,0.04573676,-0.34187198,-0.14197484,-0.17298806,0.06635782,0.51751,0.013395849,0.074289374,-0.029937068,0.34061253,-0.036007863,0.22351708,-0.17016736,-0.17217536,-0.35015997,-0.0886206,0.16993552,-0.2526543,-0.026082005,-0.04267199,0.19669625,-0.40799767,-0.06491545,-0.60143876,0.1288554,0.060533818,0.15979548,1.0228275,-0.21827687,-2.3906727,-0.012849247,-0.21572441,1.5541277,0.4369838,-0.21667969,0.58183527,-0.187554,0.2095836,0.7827698,-0.11439366,0.38117054,0.3121927,0.038518175,-0.25699693,-0.044719297,-0.34577426,0.00893141,-0.3109939,0.2015351,0.08410087,-0.03974716,-0.08884053,-1.0270218,-0.017445704,0.5484953,-3.9058574e-05,-0.44087407,0.1011131,-1.2395029,-0.40725726,0.060956176,-0.059938416,0.009993816,-0.32713312,-0.10243431,-0.029315304,-0.16216382,-0.014835547,-0.34003705,-0.116059,-0.28458285,-0.32231164,0.47497457,0.23577674
61,-0.18187974,0.13163982,0.2570482,-0.23586464,-0.31342146,0.37400544,-0.49806157,0.314934,0.2608597,-0.07378936,0.16363163,0.1573551,0.29411727,0.005094272,0.08406255,-0.18600154,0.32488126,0.28185079,-0.47718802,0.37749854,0.10207765,-0.04879001,-0.08159454,-0.21796821,0.15599127,0.133265,-0.3484902,-0.62703156,0.67952466,-0.2983608,-0.12821509,0.4957092,0.01862073,0.119062535,-0.08098667,0.47060853,0.024715453,-0.16215326,0.20013581,-0.42484492,-0.2340038,-0.24721365,-0.21298765,-0.7112066,-0.2649294,0.13983001,-0.15599072,-0.22507745,0.006562737,-0.9931,0.16370255,0.038156513,0.053252563,0.93853915,-0.029100548,-1.9945117,-0.057248376,-0.121918514,1.6763082,0.20371953,-0.1646669,0.5505528,-0.39438474,0.016380902,0.7491381,0.063391276,0.5023235,0.35549656,-0.09190335,-0.6124696,-0.30282518,-0.32327345,-0.093521364,-0.57870466,0.051257182,0.2359907,-0.10929637,0.014832366,-0.45778435,-0.041914456,0.57209724,-0.1386196,-0.49578458,0.032753736,-1.3100327,-0.20936619,0.1377439,0.11843929,-0.28716016,-0.0510633,-0.19659175,0.11373042,0.18290181,-0.30517003,-0.48564422,-0.15905909,0.15710346,0.010623726,0.36622545,0.06734091
62,-0.22959791,0.2190779,0.25433078,-0.09057617,0.027855337,0.13325842,-0.16733222,0.24016875,0.15844822,0.042245228,0.022309998,-0.054310713,0.16065133,-0.028226933,0.23757093,-0.3905222,0.22342516,0.2136222,-0.43274674,0.14116511,0.14241253,-0.12702116,0.16759445,-0.043576162,0.12399107,-0.000332213,-0.19660543,-0.33677414,0.17314096,-0.19169952,-0.16458982,0.6434284,-0.15725163,-0.051242005,0.093540944,0.34122887,-0.026659815,0.06446383,-0.031019583,-0.110089205,-0.23929292,-0.26651618,0.05160746,-0.45083532,-0.14300035,0.14742266,0.22765101,-0.39497408,-0.049548138,-0.7213909,0.10139874,0.067442276,0.13736115,0.9778631,-0.08059112,-2.057655,0.02781527,-0.15831703,1.7016698,0.20427419,-0.2780088,0.49391532,-0.21986724,0.07535849,0.77035975,-0.08842385,0.3519615,0.31667376,0.09995279,-0.5213643,-0.22912955,-0.4348459,0.03207658,-0.48824227,0.2913951,0.11753187,-0.09663949,0.023501752,-0.6308796,-0.03218538,0.50111586,-0.17859179,-0.48669708,0.072293885,-1.3633937,-0.03070704,0.3655721,0.06207936,-0.21744591,-0.19902985,-0.15722342,0.07634658,-0.046307456,-0.30097458,-0.38736907,-0.096116245,0.109389134,-0.22471875,0.40694258,0.21176936
63,-0.05964692,0.36978784,0.27331504,-0.27381375,-0.15491225,-0.07863392,-0.2932725,0.19607241,-0.14357926,-0.1899795,0.16898626,0.078875415,0.3902218,0.12360851,0.18346833,-0.41998208,0.024851343,0.13221742,-0.365805,0.22592723,0.3113675,0.04126242,0.5132592,0.0475239,0.20451856,-0.12370642,0.096371174,-0.57925755,-0.12007851,-0.2326205,-0.08171475,0.27122137,-0.03732,0.11370716,0.23702182,0.3342737,0.19499631,0.19503532,0.10199583,-0.18941516,-0.3459667,-0.25394586,-0.1645755,-0.44492748,0.03469167,-0.048122417,0.35170254,-0.37599698,0.0051699416,-0.7330509,0.18079667,-0.3510265,0.015530252,1.0710834,-0.08770365,-2.2398248,0.09322817,-0.33447167,1.5690714,0.47129384,-0.23966815,0.62818134,-0.3368201,0.14089276,0.6496992,-0.11406583,0.57033175,0.29421383,0.16103949,-0.2962902,-0.026144423,-0.4573364,-0.1859565,-0.36065423,0.10486122,-0.072406754,-0.020115666,0.12611179,-0.90381837,-0.08067009,0.6365733,-0.012296992,-0.48045328,0.046177,-1.2860658,-0.18877752,0.1298864,-0.12707807,-0.25417233,-0.3256643,-0.32893556,-0.08634093,-0.31815258,-0.086934336,-0.7396667,0.04608001,-0.23255594,-0.55371,0.6507783,0.29657915
64,-0.09756436,0.28358307,0.28331995,-0.18532147,0.040936638,0.18634258,-0.07393163,0.11707143,0.09276178,-0.009156303,0.08213663,0.07729005,0.20970653,-0.12392285,0.09135335,-0.22613253,0.14372705,0.07608098,-0.23926182,0.20098834,0.18485677,0.0024983846,0.11754596,-0.026197812,0.19440944,-0.05837028,-0.20156102,-0.44269156,0.009422998,-0.12929805,-0.07774233,0.5471183,-0.015089697,-0.04676936,0.18810065,0.28299943,-0.15903595,0.20639512,0.0947328,-0.12677106,-0.2685514,-0.14567567,0.2034376,-0.31459188,-0.095474936,-0.014850949,0.2615968,-0.32087064,-0.03599469,-0.7039422,0.04142952,-0.11525167,0.14519837,0.9727155,-0.18017967,-2.1193738,-0.032586135,-0.22409263,1.5447905,0.43245238,-0.17309903,0.61715883,-0.3492693,0.09843425,0.7211421,0.03709778,0.45626375,0.2587572,0.109799184,-0.16274984,-0.090205394,-0.21582052,-0.1421103,-0.2544581,0.1011898,0.029510796,-0.14206094,-0.13726208,-0.82036215,-0.010703681,0.6058303,-0.021716874,-0.50131696,0.05668025,-1.2887316,-0.18313178,0.123970084,-0.06204474,-0.25152224,-0.39240906,-0.051842608,0.053433083,-0.06640821,-0.116763406,-0.3507705,-0.007585269,-0.12992106,-0.23699048,0.40719503,0.14378177
65,-0.005984377,0.09462278,0.26129916,-0.23252083,-0.12600459,0.1259831,-0.057038244,0.24753302,-0.010557896,0.0055782925,0.20632064,0.065377325,0.31684706,0.087897025,0.17407013,-0.3440897,0.17415202,0.18244363,-0.5824756,0.16991548,0.24215682,-0.030531915,0.2632391,0.04478395,0.21014395,-0.06411781,-0.14782731,-0.44446853,0.17354119,-0.1708377,-0.013183281,0.48746338,-0.01639151,0.06257811,-0.010694772,0.3553484,-0.042157743,0.2241257,0.014480082,-0.20706537,-0.3729113,-0.27586526,0.1714653,-0.4197867,-0.11507766,-0.032147683,0.17167492,-0.46258202,0.1339235,-0.8787492,0.06781434,-0.036635254,0.14859724,1.119902,-0.23443708,-2.3259268,-0.12252472,-0.19963673,1.5797318,0.64151925,-0.13590135,0.6930872,-0.3506988,0.09832148,0.70143074,-0.09881331,0.4790777,0.33453175,0.1516531,-0.151606,0.022213563,-0.3469411,-0.06789088,-0.42739278,0.1098658,0.17729124,-0.11436343,0.06059195,-0.90250534,-0.033725545,0.5776883,-0.048091892,-0.42779586,0.15659782,-1.4200201,-0.3107667,0.060213707,-0.20668098,-0.28730148,-0.30249423,-0.07966052,-0.16907658,-0.019029478,0.07024552,-0.59574294,0.046522815,-0.1330441,-0.19878948,0.4317619,0.19233878
66,-0.05205088,0.1540264,0.3936258,-0.27686727,-0.07604573,0.044795003,-0.09420269,0.2545812,0.019481594,0.015626144,0.19928302,0.115990885,0.2751989,0.01322075,0.12027084,-0.23414245,0.25388104,0.14086854,-0.53541464,0.20823984,0.21840611,-0.119699106,0.17726782,-0.06651022,0.07836077,-0.10434085,-0.031443793,-0.4852735,-0.007908774,-0.25083265,0.052476622,0.52163345,-0.08188497,0.18451822,0.004496235,0.33216414,0.00051804684,0.33529615,-0.024349926,-0.22048219,-0.4613653,-0.15484253,0.1719155,-0.41251755,-0.09513045,-0.037155014,0.2590637,-0.45035234,-0.0002193411,-0.8200985,0.112319894,0.051251363,0.21058278,0.977848,-0.30816078,-2.2302759,-0.02646077,-0.24458992,1.6701515,0.6042766,-0.16147777,0.6566502,-0.28413928,0.20832168,0.89775026,-0.13308094,0.41096005,0.4073577,-0.009161211,-0.23826136,0.012463154,-0.31766918,-0.0142395105,-0.40917102,0.17468025,0.16683464,-0.17323337,-0.028007377,-1.0488261,0.0116160195,0.6340543,-0.059190568,-0.48454598,-0.0098981485,-1.4311696,-0.32840937,0.15466294,-0.10933739,-0.2978621,-0.35999775,-0.10414342,-0.22827232,-0.12547968,0.021040395,-0.48510176,-0.06675012,-0.20523778,-0.2732015,0.44930252,0.23323728
67,-0.18554,0.047152,0.34867,-0.23114,-0.26083,0.63108,0.55687,0.61622,-0.15437,-0.38381,0.12445,-0.26999,-0.29196,0.1125,0.36035,0.70689,-0.33891,-0.2695,0.17481,0.97048,0.23014,0.63168,-0.24543,-0.7289,0.32517,-0.21118,-0.80354,-0.59863,-0.10182,-0.87826,-0.80162,0.20999,0.64598,-0.38239,0.64512,0.73046,-0.19881,0.35717,0.19135,-0.43686,0.75956,-0.66431,0.34509,-1.0383,-0.50491,0.19976,-0.041208,0.16952,0.17821,-0.84249,0.21992,-0.16474,-0.24669,0.34117,-0.59713,-2.3434,0.31484,0.69668,0.53368,-0.62857,-0.197,0.52241,-1.5903,-0.16475,0.62553,-0.094116,0.0070705,0.22617,-0.45698,-0.53268,0.11573,-0.19052,0.28086,-0.5591,0.35291,0.42552,0.47334,-0.41046,0.47275,0.22753,-0.097073,-0.11809,-0.25613,-0.10689,-1.2788,-0.085504,0.20205,0.23338,-0.52939,-0.49492,0.15289,-0.31324,0.41248,-0.10425,-0.65246,0.48348,-0.54844,0.095473,-0.1142,0.32743
68,-0.13110332,0.15664633,0.49181905,-0.3217587,-0.082923286,0.2664039,-0.18524799,0.21010251,0.12111868,0.0005039628,0.18583609,0.092524245,0.20768912,-0.081552476,0.056199644,-0.22152612,0.19243567,0.22298777,-0.33416674,0.30718994,0.18642782,-0.023036547,0.2052536,-0.07786959,0.29306486,0.070158124,-0.20483302,-0.45944834,0.034471136,-0.19038145,0.012708204,0.63287306,-0.06322635,0.0063206,0.033231027,0.3153283,-0.046419125,0.1756881,0.023696862,-0.29107407,-0.27884302,-0.092956595,0.13403514,-0.47487107,-0.17731458,0.092687644,0.18262987,-0.26402935,-0.12646078,-0.72342575,0.0419425,0.06677597,0.16286619,0.9016886,-0.2732204,-2.235588,0.07473751,-0.05897603,1.4876522,0.39028025,-0.08911695,0.7045183,-0.20267685,0.118202604,0.7899049,-0.023168946,0.4744223,0.32674575,-0.012438495,-0.3351107,0.11113846,-0.25753218,-0.05032993,-0.29761806,0.15096909,0.13687539,-0.15477248,-0.0050204867,-0.81226623,0.015216723,0.4607083,-0.005832604,-0.5375707,0.1855941,-1.2687578,-0.12289731,0.059596524,-0.12167934,-0.09422092,-0.29023716,-0.053439274,-0.045583747,-0.029225226,0.028368015,-0.5305496,-0.16408488,-0.15256678,-0.23902804,0.46374306,0.30799747
69,-0.15950501,-0.177055,0.299195,-0.388485,0.14147499,-0.026421502,0.299615,0.261057,0.396865,-0.15153,0.701765,-0.45387,0.06789,-0.95859003,0.14407244,0.47629,-0.147636,0.617415,-0.1883505,0.83694005,0.080585,-0.213425,0.050070003,0.17706001,0.362454,0.78830004,0.34803,0.31413,-0.17065501,-0.29428,-0.22101499,0.88528895,-0.0043564998,0.016124994,0.4305135,-0.100625,-0.86318505,0.279665,0.21473,-0.625845,0.2314555,0.64751995,-0.11020651,-0.017952498,-0.153128,-0.010704994,0.12533501,-0.18946001,0.21927601,-0.114015,0.069019996,0.1489625,0.6994,0.276145,-0.10354501,-1.1993151,-0.25336498,0.27441952,0.59488,-0.06876,-0.36412,0.4225735,-0.38082,0.14910501,0.30401498,0.163237,0.227663,-0.1020725,0.692195,-0.18059301,0.78014,0.576985,0.275898,-0.267955,0.43134,0.64567006,-0.140705,-0.165723,-0.311975,-0.17288499,-0.040820003,-0.30602002,0.068500005,0.008146498,-0.5337885,-0.001334995,0.49739498,-0.34389502,-0.520865,0.1425855,0.57107997,0.73587,0.14934999,-0.17761949,-0.20923,-0.28897,-0.258165,-0.73263,0.65554,0.49232998
70,-0.11770473,0.1791952,0.3170026,-0.34772837,-0.15731505,0.25208014,-0.20484789,0.24109855,-0.010385531,0.024879329,0.10194766,0.061115623,0.17090829,0.007827028,0.054482322,-0.27812204,0.24677491,0.20531397,-0.4841519,0.17541008,0.15383174,-0.08715711,0.13491575,-0.073821686,0.113199376,-0.068627894,-0.2079719,-0.47158188,0.295125,-0.20513587,-0.061501116,0.56482065,-0.06065398,0.087736994,0.08180131,0.37875697,-0.117613055,0.16093805,0.07051629,-0.2427281,-0.31453732,-0.22161917,8.329615e-05,-0.5259916,-0.1861266,0.09785544,0.06382654,-0.3382679,-0.015951382,-0.7836669,0.092210054,0.044479065,0.12881392,0.92883146,-0.1261388,-2.135549,0.008860103,-0.20188425,1.6010293,0.41327655,-0.15136862,0.67765146,-0.2945409,0.059717394,0.67153823,0.02639565,0.4342574,0.4060131,0.004027911,-0.28615367,-0.06360938,-0.31490743,-0.05823721,-0.50900185,0.1333151,0.09929752,-0.16161503,-0.060440317,-0.67951024,-0.025199298,0.5438489,0.07132252,-0.52607536,0.034417782,-1.406618,-0.25929645,0.26784864,0.024219157,-0.2302727,-0.2843039,-0.08007558,0.033303306,0.040051773,-0.16641343,-0.46951067,-0.09949424,0.010079719,-0.15988936,0.43669364,0.20926534
71,-0.11091135,0.05326781,0.37197438,-0.31996697,0.024487382,0.15205778,-0.05705827,0.24189845,0.0015072991,0.06436311,0.15494052,0.08344142,0.25303677,-0.042632088,0.040803023,-0.24621059,0.19887637,0.09467279,-0.27811265,0.22857714,0.23934509,-0.019880557,0.21031103,0.011188503,0.28304282,-0.07378559,-0.14902514,-0.3550379,0.075538345,-0.2116478,-0.044888925,0.5409874,-0.02318187,0.12651679,0.038711913,0.32339972,-0.025787773,0.23960987,-0.07178789,-0.18811098,-0.32368094,-0.18359746,0.19914006,-0.35886893,-0.014834853,0.034176275,0.16140346,-0.34927195,0.010503245,-0.6753462,0.05092331,-0.016874894,0.17904347,0.953847,-0.29836568,-2.2616897,-0.10447357,-0.12001524,1.5741705,0.5212918,-0.11709031,0.6703775,-0.23653306,0.1472343,0.71013486,-0.1036818,0.3736248,0.39232457,0.091517255,-0.22870794,-0.0086754495,-0.22101854,-0.04093138,-0.31464154,0.21425533,0.17714033,-0.13452257,0.0141517045,-0.85813564,0.03473011,0.4898582,-0.04552277,-0.4194702,0.07187129,-1.2895325,-0.24759805,0.14566834,-0.124647856,-0.16555722,-0.2740833,-0.031681746,-0.07720568,-0.058450993,0.019536354,-0.50413865,-0.014885481,-0.05924461,-0.20372412,0.44344896,0.23205349
72,-0.23604813,0.01956325,0.41415998,-0.23676501,0.014802501,0.21788499,0.0017050058,0.020658746,0.26674324,-0.11662163,0.17128225,0.0830826,0.091813885,-0.020497862,0.21837813,0.056856245,0.36695737,-0.035419874,-0.20483224,0.35196075,0.22018287,0.05733125,0.11896914,0.23893042,0.32138026,-0.139944,-0.094087735,-0.31807712,-0.004745759,-0.26441824,-0.22591673,0.55249,-0.08604486,0.08146401,0.03741956,0.21648063,-0.19833146,0.08112899,0.019460384,-0.15166876,-0.25465372,-0.16965279,0.25427002,-0.37125325,-0.2091175,0.06557352,0.17419575,-0.25147176,0.10674375,-0.63021874,0.11897512,-0.13859999,0.27861625,0.9477038,-0.3282075,-2.274748,-0.0039546248,-0.031604003,1.5619411,0.35033235,0.035011884,0.5397251,-0.30936962,-0.021510955,0.6522509,0.022448849,0.41854247,0.20403823,0.20134476,0.025931247,-0.19428612,-0.1720066,-0.040426247,-0.3499036,0.089259505,0.016601998,0.07121825,-0.10384349,-0.81134874,0.047296003,0.43992,-0.054101877,-0.33336747,0.02743838,-1.1660175,-0.13072538,0.19329202,-0.121197134,-0.109374374,-0.37409452,0.08096424,0.13520312,0.009873752,0.14152499,-0.25532576,-0.17904775,0.121126994,-0.5150675,0.36131877,0.15174001
73,-0.14188793,0.14514187,0.4043735,-0.33980727,-0.26450545,0.32179406,-0.16742061,0.15790094,0.15454562,-0.0707841,0.29080853,0.027259849,0.21645385,0.007966012,0.011619476,-0.28428662,-0.090408385,0.113546245,-0.32413933,0.4515705,0.14898367,0.17950355,0.115928955,-0.10558796,0.1271623,0.062503144,-0.08792405,-0.49677718,0.17708595,-0.15158741,-0.20409143,0.5733007,0.016560093,-0.06245596,0.13674514,0.26290306,-0.15248391,0.15948968,0.059912574,-0.2931619,-0.38194412,-0.09840863,0.124652825,-0.3497487,-0.28320917,-0.08980273,0.33243477,-0.39490217,-0.123336814,-0.8662532,0.107844606,-0.01737236,0.19439931,0.8830804,-0.3728004,-2.2821827,-0.05357399,-0.01628067,1.4130028,0.56568575,-0.116715774,0.85072947,-0.3414182,-0.24001467,0.7913024,-0.024590237,0.4713081,0.24751599,0.14503077,-0.17059056,0.05621834,-0.35073334,0.072162375,-0.51333046,0.3585434,0.15874839,-0.058797296,-0.019292375,-0.8687838,-0.03730001,0.535069,-0.2794538,-0.5413747,0.19557521,-1.3435848,-0.21734355,-0.060587816,-0.16707546,-0.26838097,-0.532093,-0.06069023,-0.12631229,0.0007398029,0.16710632,-0.44769818,0.08824672,-0.3477244,-0.32119212,0.27333084,0.3533786
74,0.08986372,-0.096397005,0.08067001,-0.13210742,-0.01622412,-0.1203,-0.19259058,0.20262858,0.15809856,0.15256943,0.24844871,0.22570844,0.20424928,-0.14020059,0.45334715,-0.038658712,0.06953417,0.21368197,-0.18586385,-0.053058766,0.39178556,-0.09141227,0.053110003,0.005690294,0.17068614,-0.0033217135,0.12474028,-0.29139158,-0.26025286,-0.34781498,0.1939143,0.41536146,-0.06347457,-0.11086284,-0.00072971836,0.33045283,-0.19368914,-0.12705784,0.034373708,-0.5375828,0.07579043,-0.16455157,-0.28539386,-0.14000145,-0.08348954,-0.044811852,0.13259572,-0.40719754,-0.19887944,-0.68785,0.4271157,0.03517318,0.10183029,0.84679806,-0.09697999,-1.7208399,-0.10753344,-0.018313859,1.2739629,0.085564144,-0.12840714,0.38436428,-0.057672586,0.14406787,0.19799115,-0.18554711,0.44174284,0.012544573,0.2633997,-0.3860214,-0.195242,-0.23644815,0.018432286,-0.2747214,-0.0036739141,0.25422844,0.1318874,-0.07732743,-0.86958283,-0.12620272,0.521019,0.069150016,-0.14713228,-0.09811093,-1.0350543,-0.45841914,0.038953003,-0.14700158,-0.024193002,-0.087618135,-0.15135,0.3024857,0.046363004,-0.13250896,-0.2814457,-0.19451286,0.10073428,-0.017413566,0.37184045,0.23784658
75,-0.042158253,0.24248311,0.28879842,-0.32176358,-0.27066043,0.0874271,-0.089428395,0.19339454,0.06933961,-4.320911e-05,0.16148469,0.012505882,0.19164377,0.018075973,0.1535456,-0.3008103,0.05926153,0.2572931,-0.34590343,0.30495661,0.18140216,0.041836545,0.07111589,-0.076246254,0.1843792,0.13077882,-0.2719287,-0.53659207,0.08250401,-0.16829164,-0.024762109,0.65962005,-0.049067643,-0.0040948084,0.22852291,0.3725026,-0.1393064,0.21671917,0.1174757,-0.3347249,-0.14937776,-0.24301054,0.23226205,-0.4957474,-0.22060345,-0.079478234,0.14092895,-0.3898082,0.020567141,-0.8894381,0.09459704,0.03687147,0.12654965,1.0135273,-0.17455378,-2.1668267,-0.018403666,-0.0029481924,1.6243685,0.41945606,-0.059162073,0.6500198,-0.39628866,-0.0035750554,0.75708824,-0.075939275,0.5802996,0.35247475,0.034543056,-0.25365606,-0.06896832,-0.2518697,0.06353689,-0.35521832,0.17298967,0.19533078,-0.13018708,-0.030940153,-0.75996405,-0.010281001,0.6404083,-0.1687337,-0.49112445,-0.108011596,-1.5133643,-0.2273112,0.095314845,-0.16713624,-0.27344927,-0.3271504,-0.09242407,-0.06270784,0.022455111,-0.0941429,-0.5301043,0.035274036,-0.03639778,-0.23378141,0.3621109,0.24368052
76,-0.021472225,0.34422603,0.41141498,-0.41965115,-0.36501244,0.056224328,-0.13417433,0.2988619,0.086533345,-0.058383226,0.15902333,0.10405009,0.3727906,-0.0024507807,0.061098415,-0.15417555,0.190983,0.2445878,-0.43584,0.30827248,0.38167265,-0.12213455,0.17909844,-0.0885069,0.19275063,0.13795611,-0.21374312,-0.5257568,0.02374666,-0.2441989,0.054972764,0.46353218,-0.037795782,0.115742445,0.08094689,0.448809,-0.06176339,0.23587312,0.013082445,-0.26264644,-0.2891811,-0.17105669,-0.04093844,-0.48815244,-0.25708234,-0.040791646,0.22384112,-0.3399922,-0.09157623,-0.92150664,0.064586215,-0.084558874,0.116788335,1.1207712,-0.051274665,-2.374201,0.08799666,-0.164285,1.5544444,0.5264097,-0.15033323,0.67504,-0.26814926,-0.017839001,0.7764335,0.10051823,0.5716933,0.41129774,0.030315224,-0.15165888,0.14064243,-0.43729168,-0.060374558,-0.26050666,-0.050658107,0.032418206,-0.24582961,-0.08178556,-0.8029559,0.123541325,0.6280458,-0.06464467,-0.6147333,0.14447188,-1.4707631,-0.19253887,0.3340632,0.01708933,-0.28794977,-0.37853825,-0.083080776,-0.29715922,-0.24350302,-0.07099934,-0.54388,-0.07339355,-0.295672,-0.4671534,0.2829453,0.36589843
77,-0.32569987,0.017933855,0.22789,-0.04140357,0.0020032865,0.016898138,-0.053348582,0.2866387,0.41271928,-0.040928572,0.41113752,-0.090238415,0.27521676,-0.35807317,0.4058374,-0.16908714,0.46652955,0.17078856,-0.24792714,0.14384614,0.1661412,-0.07033085,-0.06032143,0.32931545,-0.046775926,-0.0013042901,0.08322985,-0.35027146,0.08325857,-0.11889458,-0.3176751,0.5187086,-0.02588385,0.19307229,0.20515428,0.3729293,-0.23051956,0.11164,-0.21180402,-0.2088625,-0.108644135,-0.12920156,-0.15823957,-0.3452033,0.22681713,-0.04206585,-0.31177244,-0.34379473,-0.04306371,-0.7038229,0.027437147,0.040983,0.13304628,0.7979371,-0.14120843,-1.4961599,-0.120287836,-0.056875717,1.1939986,-0.017344285,-0.41415715,0.5131996,-0.38368288,-0.061226673,0.52215856,0.03830743,-0.03717857,0.2725473,0.21206199,-0.17061044,0.2634743,-0.0022514376,0.121470705,-0.6819911,0.06602485,0.12892285,-0.19471918,-0.031203855,-0.5532029,-0.3191877,0.3456203,-0.25215426,-0.2825229,-0.091645,-0.8366981,-0.003935712,0.07733787,-0.19433829,-0.0768617,0.062084284,0.35828283,0.18991688,0.0019221444,-0.12966856,-0.2662657,-0.16461001,-0.046615724,-0.050722845,0.55237854,0.008059995
78,-0.08721481,0.35443643,0.19813761,-0.19807364,-0.033478342,-0.06208946,-0.11144455,0.111573726,-0.22202961,-0.06065392,0.13804416,-0.21398307,0.22560273,0.0008575045,0.15022773,-0.33365,0.14624363,0.22557385,-0.29661158,0.33829814,0.18587835,0.10354038,0.14587578,-0.092659965,0.014413413,-0.0671127,-0.14181267,-0.3366145,-0.087172545,-0.18810773,-0.032621577,0.5034067,-0.1583067,-0.09445627,0.2298834,0.42617148,0.04631384,0.20845476,-0.16795899,-0.21105161,-0.22787765,-0.35512045,0.07161773,-0.353979,0.0031914052,-0.0069216182,0.24221553,-0.33953267,0.078749694,-0.8024728,0.033876497,0.028294275,0.087979905,0.90417665,-0.110634126,-2.1460998,-0.08299263,-0.11821354,1.6467692,0.33108342,-0.037738148,0.7860346,-0.27900076,0.17096546,0.68179095,-0.1106643,0.43792456,0.198025,0.36207497,-0.30329686,-0.032522313,-0.13644984,0.0010665793,-0.29992276,0.21085061,0.1140105,-0.19863622,0.056152537,-0.7199255,-0.0705285,0.69337666,0.067109935,-0.4723178,0.20305198,-1.503765,-0.16497532,0.06786854,-0.30316025,-0.30974558,-0.3252887,-0.06090922,-0.10587009,-0.1311988,-0.14973447,-0.7108338,-0.06654893,-0.36156797,-0.3293785,0.552319,0.30580014
79,0.0,0.0,0.0,0.0,0.0,0.0,0.0,0.0,0.0,0.0,0.0,0.0,0.0,0.0,0.0,0.0,0.0,0.0,0.0,0.0,0.0,0.0,0.0,0.0,0.0,0.0,0.0,0.0,0.0,0.0,0.0,0.0,0.0,0.0,0.0,0.0,0.0,0.0,0.0,0.0,0.0,0.0,0.0,0.0,0.0,0.0,0.0,0.0,0.0,0.0,0.0,0.0,0.0,0.0,0.0,0.0,0.0,0.0,0.0,0.0,0.0,0.0,0.0,0.0,0.0,0.0,0.0,0.0,0.0,0.0,0.0,0.0,0.0,0.0,0.0,0.0,0.0,0.0,0.0,0.0,0.0,0.0,0.0,0.0,0.0,0.0,0.0,0.0,0.0,0.0,0.0,0.0,0.0,0.0,0.0,0.0,0.0,0.0,0.0,0.0
80,-0.04669993,0.18809111,0.28795424,-0.25635865,-0.29659748,0.14532965,-0.095285736,0.14943117,0.12854637,0.0015057256,0.1583543,0.14922498,0.21237491,-0.028624572,0.078406364,-0.16733967,0.16584022,0.19734177,-0.42078763,0.24683128,0.19042495,0.06870263,0.08119266,-0.10150492,0.09674545,0.018663196,-0.21634059,-0.3929743,0.14961003,-0.13149083,0.024822956,0.519149,0.029553307,0.07786354,0.019513736,0.27395782,-0.13995294,0.05109969,0.22943592,-0.26308808,-0.30128944,-0.20355292,0.10725264,-0.39951783,-0.30391917,-0.06647303,0.10315289,-0.2885808,0.034916952,-0.8957538,-0.07832384,-0.022903642,0.10830139,0.9137109,-0.12379783,-1.9655983,0.057217773,-0.065799765,1.2593682,0.36774,-0.025249332,0.67066205,-0.3722917,0.014925206,0.766366,0.04479738,0.41210413,0.341957,0.051330067,-0.20108716,0.043664686,-0.21863359,-0.0152083,-0.4257621,0.031664398,0.08934845,0.00027290135,-0.10370745,-0.63839245,-0.063526005,0.5048317,-0.17234656,-0.4972263,0.02646863,-1.2143184,-0.13329251,0.18048571,-0.13054639,-0.3484139,-0.3196854,-0.047938604,0.0076387385,0.10495762,-0.1471547,-0.3430765,-0.18838516,-0.11651279,-0.330486,0.2494351,0.25457704
81,-0.11672929,0.1927808,0.42627,-0.097021505,-0.052140146,0.12121348,-0.06747415,0.17869736,0.10103506,0.032838214,0.151819,0.13162012,0.22711797,0.09524857,0.13148983,-0.19625878,0.16100752,0.1790823,-0.35687175,0.27839884,0.31433856,-0.053292815,0.08621451,0.0074125314,0.1474684,0.06806269,-0.013398092,-0.3581097,0.117808186,-0.2505741,0.06399352,0.4950679,-0.058572594,0.11580052,-0.018110732,0.402434,-0.025150454,0.13444132,-0.046248455,-0.37690768,-0.28437865,-0.19943023,0.07233416,-0.4058021,-0.1263593,0.09099349,0.092087455,-0.16031903,-0.11169538,-0.6744672,0.10577688,0.002228697,0.17352882,0.91571635,-0.23163424,-2.0197716,-0.05600555,-0.077675164,1.5395129,0.3730052,-0.33740947,0.6155626,-0.28048,0.041231148,0.70631915,0.09292963,0.48227707,0.38864604,0.09771182,-0.1251037,-0.0166457,-0.24163777,-0.054718826,-0.46881768,0.16617066,0.07357479,-0.14864184,0.011086089,-0.6913323,-0.06521236,0.39949313,-0.25007963,-0.4119087,0.10883655,-1.2205786,-0.09991478,0.18193841,-0.27008316,-0.06376305,-0.29852918,-0.16943318,0.040216215,-0.07880337,0.10485734,-0.35827652,-0.08590011,-0.12865482,-0.2340103,0.49364698,0.08763834
82,-0.03504027,0.14575593,0.30222318,-0.22398758,0.06281062,0.017509732,-0.25371534,0.21739984,-0.025965204,0.082673185,0.13173212,0.07573313,0.064722635,0.04072773,0.15379998,-0.40006062,0.24555331,0.19577813,-0.3412236,0.2913961,0.22179277,-0.06011172,0.13202798,0.07608158,0.11425199,-0.14635278,-0.13514765,-0.43319368,-0.059048668,-0.22656447,-0.0280921,0.5041798,-0.072862275,-0.01614183,0.018552562,0.35508394,0.011919204,0.10072342,-0.044065375,-0.24974597,-0.23891596,-0.3287418,0.06323891,-0.34511253,-0.14557861,-0.03711912,0.125936,-0.45942223,-0.023005955,-0.77821296,0.16857857,-0.10921078,0.10276171,1.010444,-0.2715801,-2.0410838,0.052640248,-0.29202178,1.7272025,0.45690313,-0.093425006,0.3095768,-0.2506509,0.10973072,0.68687224,-0.13199759,0.28240767,0.21167125,0.40545842,-0.30510187,0.014257287,-0.35505024,-0.10055378,-0.21794176,0.13454865,0.09764283,-0.07152822,0.03448948,-0.87846214,-0.0004858002,0.6105262,0.092525266,-0.39097488,-0.028991967,-1.3363866,-0.26171738,0.021417437,-0.28559107,-0.11627088,-0.3005511,-0.14672853,-0.1040301,-0.16007052,-0.122384526,-0.54759854,-0.06778026,0.04617454,-0.19332765,0.5752281,0.12535496
83,0.014701108,0.33514845,0.56682897,-0.4032331,-0.21932931,0.277619,-0.104177505,0.17697221,-0.18415524,-0.057764664,0.24402454,0.1744892,0.1523189,0.13779834,0.27748135,-0.25848556,-0.116002664,0.19845077,-0.3837576,0.38213956,0.27684546,0.6133727,-0.040133443,-0.33215502,0.09058167,-0.014387782,-0.12487224,-0.43720552,0.17806268,-0.24800447,-0.103307664,0.41263592,0.29651308,-0.02637977,0.06841233,0.2619742,-0.3449271,0.36464444,0.16898267,-0.14710599,-0.36617455,-0.30666545,0.19071557,-0.61502004,-0.34491435,-0.10029888,0.147984,-0.21235555,0.08486911,-0.9997489,0.12516156,-0.15172523,0.055328064,0.8396289,-0.19266666,-2.3836222,-0.059818786,0.121205345,1.5442134,0.44804096,-0.024386665,1.1759222,-0.60744107,0.06856974,0.6088645,0.055476323,0.73832446,0.22625321,0.042632002,-0.052690998,0.20127341,-0.16661035,-0.03542889,-0.20089523,0.14150399,0.32331443,-0.081678115,-0.08495167,-0.8499081,0.18866977,0.46697813,0.0019682264,-0.59246993,0.03399913,-1.4132967,-0.08165256,-0.11623977,-0.39430532,-0.55658597,-0.5377522,-0.010563459,-0.12181756,-0.063332446,0.03068855,-0.45515665,-0.07794366,-0.20321767,-0.14085266,0.47433534,0.5130577
84,-0.2065204,0.12537034,0.36535528,-0.22832674,0.21392807,0.32285076,-0.19083494,0.16604306,-0.0124327345,-0.023259921,-0.044150267,-0.02382628,0.21141315,-0.07146247,0.25432786,-0.049740124,0.24929902,0.10649406,-0.13497786,0.05972413,0.3693442,-0.097849526,0.23291199,0.086464405,0.38156784,0.053873405,-0.07314078,-0.2647913,-0.06494833,-0.067156665,-0.18029879,0.45101222,0.020510465,0.08573226,0.029990133,0.35398975,-0.12885514,0.17266446,0.14926662,-0.21859767,-0.25863796,-0.25018758,0.096573435,-0.24479733,-0.20993346,0.050002083,0.12710093,-0.20375362,0.02106961,-0.60575664,-0.049003065,-0.014306047,0.22077726,1.0594853,-0.2895436,-2.5706887,-0.072229534,-0.17417406,1.5841361,0.42840132,-0.14394636,0.7772987,-0.30336544,0.1644097,0.7336587,0.113073796,0.2940377,0.105031006,0.096078664,-0.18482646,0.012683074,-0.21225667,-0.085119344,-0.37254566,0.20445627,0.02560314,-0.190798,0.03556593,-0.62892,-0.070477724,0.3531232,0.013448596,-0.49528602,0.16260928,-1.0277878,-0.03450979,0.10417411,-0.1441334,-0.056704663,-0.19366015,-0.057796597,0.14976381,-0.14901136,0.1919128,-0.25841844,-0.04323846,-0.24603668,-0.36073616,0.6627893,0.16664402
85,-0.0242289,0.23047681,0.35890445,-0.34197062,0.14608979,0.16120903,0.00376359,0.22134264,0.03456875,-0.041590143,0.10343921,0.09246857,0.15228131,-0.028951762,0.1516963,-0.11977057,0.2518077,0.116055615,-0.4196199,0.14312485,0.20455904,0.027691085,0.0455896,-0.09493898,0.25033516,0.013437813,-0.22230329,-0.46445617,0.050536554,-0.28877184,-0.10680311,0.6706473,0.079186454,0.11734379,0.15177453,0.33665174,-0.14442271,0.29560983,-0.0629009,-0.28406763,-0.18172082,-0.17355837,0.3404532,-0.49468344,-0.075539894,-0.117172405,0.077738166,-0.32694337,0.085629515,-0.7282131,0.13782826,0.07206243,0.18785378,0.8173264,-0.32359377,-2.2584584,-0.04681263,-0.11750904,1.621459,0.3454824,-0.12866887,0.60324824,-0.37187004,0.077876985,0.7091822,-0.09094315,0.45631185,0.2638075,0.10634929,-0.33339754,-0.07128343,-0.32440886,0.038127247,-0.25650737,0.104017004,0.24417931,-0.21131346,-0.03858179,-0.84912246,-0.063072294,0.50939256,-0.02390962,-0.36369467,-0.059114337,-1.2323755,-0.24177296,0.1487204,-0.18726978,-0.17802532,-0.43011752,-0.13866948,-0.1303155,0.03127188,-0.13613223,-0.5930628,-0.06973495,-0.049191035,-0.26314944,0.49905035,0.23501186
86,-0.096406505,0.23405434,0.3963608,-0.36165974,-0.2515906,0.24869236,-0.101867855,0.25756165,0.070990406,-0.0018060143,0.20748322,0.15150377,0.2360915,0.08575044,0.07247828,-0.2592613,0.124284364,0.22479172,-0.5270606,0.2654238,0.1934299,0.037449248,0.12348538,-0.05964473,0.12462145,0.11502861,-0.15923646,-0.5622779,0.28107813,-0.2652481,0.0133432,0.59618175,0.085548244,0.122996286,0.068607375,0.3704766,-0.17655198,0.2556914,0.10957156,-0.24220158,-0.31579602,-0.11997524,0.117077924,-0.5847124,-0.1895085,0.008092267,0.0818799,-0.30030972,-0.018524196,-0.854057,0.005359804,0.042114183,0.11743405,0.9178924,-0.2768937,-2.1484778,0.027885418,-0.025149858,1.4957106,0.48138723,-0.101151,0.7763538,-0.46022278,0.055625986,0.7796105,0.05157935,0.53793,0.45328405,-0.06469023,-0.16306517,-0.024938961,-0.25681517,-0.00073386997,-0.44383147,0.1664547,0.1886882,-0.21056068,-0.0707852,-0.7313509,-0.06391137,0.5305913,-0.1550993,-0.5064535,0.0025862078,-1.3268766,-0.22917415,0.09591969,-0.16056558,-0.32550308,-0.3440489,-0.12544763,-0.1774421,0.051533125,-0.06303618,-0.4868727,-0.06988997,-0.06071022,-0.22008073,0.34658843,0.21937692
87,-0.040383,-0.2132,0.055937,-0.070654,0.4657,0.14988,0.35069,0.38861,1.0382,0.31142,0.43467,1.0776,0.20412,0.11486,-0.15259,-1.2375,0.63977,-0.40243,-0.32668,-0.16361,0.4715,0.097336,-0.3228,0.82284,-0.05374,0.72566,0.077025,0.19049,-1.011,0.063992,-0.42976,0.492,0.3961,-0.22394,-0.32937,-0.68569,-0.038767,1.2796,-0.51853,-0.14503,-0.46248,-0.021891,-0.57194,0.066688,0.36953,0.7507,-0.94705,-0.29925,0.41504,-0.50964,-0.61258,0.20794,0.51331,0.20323,-0.25576,-0.016653,0.36026,0.29747,-0.25774,-0.0073715,-0.6191,-0.16447,-0.28221,0.16458,-0.13794,-0.36302,0.32537,1.4793,0.16161,0.018392,-0.29274,0.56243,0.3591,-0.26062,0.24564,-0.39409,-0.61024,-0.23352,-0.40417,-0.46959,0.45789,-0.074916,0.12149,-0.79923,0.27619,0.19909,-1.3364,0.47668,0.9909,-0.057745,0.91582,0.46617,0.10032,0.25265,-0.36012,-0.42818,-0.3804,-1.3927,-0.015867,0.11311
88,0.022637498,0.14119801,0.2112248,-0.1340517,-0.09894161,0.11654951,-0.1087664,-0.044398505,-0.28632206,-0.06719891,0.13551329,-0.090404004,0.12690829,0.0665671,0.051798694,-0.37548417,0.1923662,0.269718,-0.3607225,0.43039617,0.0061979988,0.07072299,-0.15504959,-0.07780981,0.20611866,0.120525,-0.25662154,-0.3222723,0.0850267,-0.09752059,-0.1096067,0.5922934,-0.027060503,-0.15583959,0.024014007,0.35899717,-0.031660996,0.292571,-0.06632298,-0.268708,-0.24433699,-0.1314915,0.27663022,-0.38810605,-0.227338,0.044199597,0.1866807,-0.40487272,0.05398479,-0.713683,-0.1858519,0.0847095,0.11258141,0.93108976,-0.1933314,-2.13442,0.1270937,-0.0653442,1.4474356,0.1810154,0.034665804,0.92342395,-0.36295006,0.34760723,0.582407,-0.118485495,0.66477597,0.393103,0.10880701,-0.272955,-0.016358402,-0.1046226,0.10770389,-0.38245228,0.24336617,0.26117888,-0.087627806,0.055641502,-0.742236,0.0369438,0.666488,0.1930509,-0.1803725,0.2914742,-1.254134,-0.09591091,-0.072114706,-0.25244182,-0.315204,-0.31039423,-0.1558566,-0.263179,0.1344845,0.029601803,-0.71333814,-0.18406698,-0.36412877,-0.330752,0.479575,0.37808117
89,0.18143581,0.1960458,0.46488,-0.434338,-0.058495194,0.373862,-0.30585,0.214643,0.069959,-0.14088199,0.24080479,0.345918,0.15030761,0.15937015,-0.0494462,-0.39440802,-0.069172,0.24682398,-0.2860546,0.33639604,0.1485536,0.2827918,-0.09510781,-0.055618,0.037890196,0.2363008,-0.46239004,-0.871916,0.236004,-0.2358958,0.19437401,0.578524,-0.012703997,0.048609998,-0.148255,0.345502,-0.320872,0.29439202,-0.21115604,-0.099738,-0.27325898,-0.282938,0.410182,-0.42536402,-0.35268003,-0.20067199,-0.035404794,-0.41416565,0.0333382,-1.05795,-0.045426775,0.17619002,0.15294757,1.063916,-0.126744,-2.5499399,0.11937908,-0.218396,1.8468599,0.3955148,0.1875314,0.81972396,-0.37223202,0.23896742,0.758314,0.0877032,0.599288,0.397838,0.0268054,-0.20623179,-0.0471014,-0.2258708,-0.019252997,-0.628252,0.1317482,0.262748,-0.316714,-0.0945196,-0.78633004,0.032478202,0.656672,0.2143372,-0.488624,-0.1710722,-1.499794,-0.15420601,-0.043284,0.0055103614,-0.4444942,-0.3244952,-0.37656322,-0.1852068,0.25286,-0.16568801,-0.48853403,-0.37359437,0.0063114064,0.0049699903,0.40193862,0.3305758
90,0.03864607,0.18651137,0.123351134,-0.2670051,-0.045806,0.29883286,-0.11397515,0.3999985,0.079808176,-0.012800572,0.28984496,0.3452494,0.3447817,0.082356654,0.10650478,-0.15721464,0.17491494,0.21130012,-0.47403488,0.26655143,0.35588098,0.036762796,0.27779835,-0.122945085,0.09143226,-0.049812216,-0.13586834,-0.22643392,0.14831272,-0.18881235,0.029379291,0.1038735,0.027695205,0.0747893,0.029613594,0.21438216,-0.063058004,0.06932335,0.014487863,-0.12972572,-0.11655394,-0.20727308,-0.120841004,-0.35180518,-0.08756586,-0.093274735,0.0021414247,-0.09214307,-0.11584214,-0.4490788,-0.0075399172,-0.0209627,0.043839287,0.9492193,-0.18472077,-1.777652,-0.14834186,-0.08856658,1.1642078,0.36120078,-0.286012,0.4029843,-0.23333398,0.0835635,0.4325857,0.09173951,0.56924033,0.22213307,-0.05408851,0.034033794,-0.15479615,-0.061096866,-0.11524143,-0.4614714,0.010850425,0.057701852,-0.11124171,-0.14684549,-0.62240934,-0.004792937,0.7933053,0.14607915,-0.46436206,-0.039048392,-0.87146133,-0.21648584,0.1748383,0.011851566,-0.20811665,-0.15887073,-0.008085788,-0.15813304,0.026893688,-0.022112725,-0.4390957,-0.12925449,-0.09873899,-0.014574779,0.35635757,0.046714786
91,-0.12015651,0.27975515,0.4612786,-0.37297586,-0.31517318,0.19307025,-0.13103963,0.21476014,0.30410266,-0.085776195,0.35039324,0.14844969,0.13010007,-0.17319492,-0.04160748,-0.13104837,0.12100996,0.41733527,-0.50804687,0.34620166,0.06160401,0.085239515,0.029875288,-0.046499677,0.062454786,0.14440282,-0.21158257,-0.57133615,0.16909754,-0.26062062,-0.09162602,0.7941415,0.10191358,0.053142674,0.19375007,0.44153875,-0.19183724,0.17143767,0.26546416,-0.31145918,-0.13916615,-0.04853579,0.023932805,-0.47858912,-0.47968507,-0.038231846,0.14899059,-0.42305237,-0.06720769,-0.9287633,0.11557544,0.11904939,0.10760581,0.8141972,-0.17984553,-2.3787155,0.06900271,0.021291563,1.667408,0.44071642,-0.12782776,0.845606,-0.44006765,-0.095995836,0.8474101,0.20191158,0.4773199,0.37607858,0.003196614,-0.26717076,0.14823426,-0.15519808,0.117233574,-0.4633568,0.10517987,0.15040645,-0.111071624,-0.0761881,-0.6463771,-0.10705942,0.42248407,-0.2608319,-0.59921885,9.728613e-05,-1.4303187,-0.15877715,0.13559344,-0.16821948,-0.43017614,-0.27940175,-0.042352863,0.12582266,0.008925905,-0.18111724,-0.34511837,-0.07990668,-0.110742465,-0.3138476,0.5333999,0.40233797
92,-0.030769,0.11993,0.53909,-0.43696,-0.73937,-0.15345,0.081126,-0.38559,-0.68797,-0.41632,-0.13183,-0.24922,0.441,0.085919,0.20871,-0.063582,0.062228,-0.051234,-0.13398,1.1418,0.036526,0.49029,-0.24567,-0.412,0.12349,0.41336,-0.48397,-0.54243,-0.27787,-0.26015,-0.38485,0.78656,0.1023,-0.20712,0.40751,0.32026,-0.51052,0.48362,-0.0099498,-0.38685,0.034975,-0.167,0.4237,-0.54164,-0.30323,-0.36983,0.082836,-0.52538,-0.064531,-1.398,-0.14873,-0.35327,-0.1118,1.0912,0.095864,-2.8129,0.45238,0.46213,1.6012,-0.20837,-0.27377,0.71197,-1.0754,-0.046974,0.67479,-0.065839,0.75824,0.39405,0.15507,-0.64719,0.32796,-0.031748,0.52899,-0.43886,0.67405,0.42136,-0.11981,-0.21777,-0.29756,-0.1351,0.59898,0.46529,-0.58258,-0.02323,-1.5442,0.01901,-0.015877,0.024499,-0.58017,-0.67659,-0.040379,-0.44043,0.083292,0.20035,-0.75499,0.16918,-0.26573,-0.52878,0.17584,1.065
93,0.0031365037,0.052515946,0.31302968,-0.27582043,-0.057111096,0.25885108,-0.05539968,0.3369069,0.042436138,-0.033559617,0.22345018,0.07342322,0.18308534,0.017974729,0.13717131,-0.28685114,0.20137572,0.108690344,-0.3393449,0.21434537,0.2110283,0.112644985,0.14836162,0.020480905,0.14058864,-0.02633492,-0.21164803,-0.33186728,0.12959611,-0.20144594,-0.09321509,0.5546013,-0.0799644,-0.013455135,0.06867033,0.25120646,-0.13924773,0.12572283,0.022593344,-0.1824441,-0.28623018,-0.19525026,0.15546326,-0.34277812,-0.17600007,0.024299862,0.089765854,-0.33266726,0.13010943,-0.7749055,0.076817244,-0.042900823,0.15621586,0.9554553,-0.18373184,-2.0398595,-0.13462262,-0.10225864,1.4237436,0.37518272,-0.035853617,0.60087657,-0.31843907,0.07711035,0.62395734,-0.05254023,0.4870963,0.2896566,0.13059686,-0.19413689,-0.07678064,-0.22943887,0.0119991,-0.3600263,0.12871829,0.13521692,-0.19016215,-0.1717588,-0.6812261,-0.06282036,0.56486,0.01743723,-0.3897428,0.04937747,-1.2519544,-0.2162436,0.12841251,0.040858593,-0.25859368,-0.4159194,-0.05252085,-0.028078455,0.02198637,-0.08296479,-0.47756186,-0.05018585,-0.004496978,-0.11805563,0.3620102,0.1886691
94,-0.5891333,0.49563798,0.29616368,-0.102178,-0.13936266,0.106823005,-0.33692232,0.045785666,0.08858866,0.21367265,-0.013758992,0.15842833,-0.23914666,-0.29689667,0.07754667,-0.51189,0.15854666,0.14585,-0.39483902,0.45389664,0.22729333,-0.12192333,0.13327016,0.053910997,-0.023720501,-0.088325344,-0.05864534,-0.57853,0.26880732,-0.37362,-0.21591167,0.62547,-0.45826998,-0.11775433,-0.50139666,0.542594,0.127812,0.182317,-0.16291933,0.06752733,-0.21566999,-0.9592333,-0.34224,-0.82921004,-0.15596335,0.230249,0.25734332,-0.5098067,0.14928333,-1.238,0.076186664,0.04396357,0.06417666,1.1762899,-0.22744034,-2.6330998,-0.11912,-0.5106533,1.6470333,0.2508267,-0.061716657,0.8847933,-0.37368634,0.16607334,0.82551336,-0.14718701,0.43415332,0.39831066,0.16798766,-0.4155543,0.010439664,-0.42858732,-0.17511666,-0.30487466,0.23892899,0.08865634,-0.46786332,-0.124390006,-0.39455,0.20551533,0.54229665,-0.279223,-0.47432366,0.18703,-1.2521266,-0.016794333,0.39648965,0.26734003,-0.058830332,-0.0042566657,-0.03624,0.11587567,-0.3653667,-0.6743233,-0.57690334,-0.61984664,-0.023724994,-0.41830334,0.54787,0.29922333
95,-0.11181968,0.11734422,0.20645687,-0.29383433,-0.07479378,0.018433131,-0.162164,0.1912231,0.16735134,0.17900667,0.06216689,0.017434446,0.23797815,-0.17016722,0.0853411,-0.29158565,0.5036439,0.3639511,-0.64223886,0.246167,0.24719198,-0.22705889,0.30449513,0.2425858,0.042526707,-0.045066766,-0.048728775,-0.50098884,0.058015984,-0.1507347,-0.048050012,0.9016788,-0.27747524,0.17486021,0.20611,0.50032437,0.061882216,0.2738851,0.029813774,-0.21748456,-0.31078768,-0.11960077,-0.19254431,-0.5882033,-0.18147224,0.060866,0.15341622,-0.49786,0.021310445,-0.9568544,0.08572356,0.16995777,0.3100277,0.9974845,-0.16580218,-2.2700586,-0.085027665,-0.46569443,1.8083744,0.3436478,-0.16113444,0.547393,-0.22900844,0.21680513,0.8251722,-0.053703994,0.39020398,0.42813778,0.039757006,-0.5392945,-0.011650894,-0.48799336,-0.038823668,-0.5816365,-0.009605891,-0.024043964,-0.29329133,0.16198133,-1.0512677,-0.09123,0.67847776,-0.2417389,-0.5075,0.026613891,-1.395762,-0.16138557,0.5729978,0.08128489,-0.14703166,-0.26221147,-0.077751435,-0.00025454495,-0.14479189,-0.45381567,-0.5026033,-0.1445011,-0.10213333,-0.44631958,0.69208443,0.06710144
96,-0.09373461,0.14248028,0.43521112,-0.3696709,-0.16711643,0.25223094,-0.21862455,0.14409846,-0.080085926,0.024738602,0.14115867,-0.061766863,0.45721588,0.098092444,3.937571e-05,-0.2766466,0.23489434,0.13459359,-0.41260135,0.5269474,0.13290541,0.000795873,0.161594,-0.0032786012,0.15825778,0.069352455,-0.14275233,-0.5363906,0.14907826,-0.19950646,-0.042575996,0.60175836,-0.015932325,0.062195607,0.054534797,0.31838062,-0.14528735,0.27458847,-0.03629874,-0.29358813,-0.23325682,-0.078460254,0.13453661,-0.45917735,-0.19250758,-0.038632262,0.13396066,-0.3616696,-0.0074542006,-0.8843954,0.033053998,-0.08929681,0.09411607,1.2088394,-0.11463098,-2.5278933,0.12218208,0.00022873083,1.5827132,0.47160313,-0.14813802,0.8640687,-0.3380598,0.02448135,0.86956775,0.0052190055,0.56182134,0.31237486,0.21238436,-0.34819466,-0.007273807,-0.19756232,0.077827856,-0.43766418,0.14199187,0.22765732,-0.19294696,0.006349069,-0.7240798,-0.024236402,0.44835842,0.12521334,-0.4883085,0.089846805,-1.5640562,-0.23652047,-0.013025864,-0.14889249,-0.28682095,-0.2937835,-0.25733957,-0.10938546,0.06332758,0.0106716715,-0.4563101,0.016557328,-0.32032913,-0.5089242,0.50530964,0.41822937
97,-0.11264109,0.25119078,0.4772843,-0.30306116,-0.12306479,0.26205987,-0.16706364,0.15098445,0.066036925,-0.021191193,0.1040958,0.08744855,0.19648705,-0.039323032,0.20553969,-0.26126158,0.14646512,0.08314881,-0.4199306,0.25604638,0.13939671,0.05739893,0.1242962,-0.15039168,0.045185905,0.051854454,-0.104662724,-0.33498985,0.14683999,-0.24920239,0.01072536,0.6198653,0.14279318,0.11853496,-0.035624094,0.356174,-0.11120602,0.23109175,-0.0009372893,-0.21538617,-0.43000028,-0.15395218,0.1701169,-0.46672264,-0.2067023,-0.045575693,0.21014562,-0.21641614,-0.042044666,-0.76497966,0.12986538,-0.014948224,0.17656538,0.94523853,-0.25120935,-2.435589,0.14825392,-0.09421826,1.6963737,0.37226564,-0.106282346,0.8318196,-0.36123884,-0.011095477,0.6916055,-0.08404277,0.40338212,0.39689827,0.024988152,-0.22464116,0.024617843,-0.24109238,0.009567187,-0.51760364,0.30992907,0.17108084,-0.099898964,-0.032406315,-0.87828517,0.017065467,0.44542882,-0.10188019,-0.5980453,0.04475952,-1.4165312,-0.18989976,0.16327749,-0.19155645,-0.29978472,-0.33750898,-0.095094875,-0.049976,-0.09713633,0.009162932,-0.451071,-0.085910186,-0.15854257,-0.32317957,0.35011384,0.38532454
98,-0.10942317,0.16583852,0.41767168,-0.2697562,-0.26546264,0.0877997,-0.10592054,0.22755246,0.004260406,-0.062175926,0.25544712,0.058574103,0.22528894,-0.13559873,0.07655173,-0.20133613,0.03251114,0.15923724,-0.37715203,0.22508426,0.21258393,0.027596219,0.13311456,-0.041263968,0.27026924,0.11555575,-0.2104721,-0.48027655,0.09578999,-0.25116566,-0.12527385,0.5686626,0.06578882,0.06494271,0.08318411,0.3730235,-0.10169266,0.18201548,-0.016362365,-0.2807357,-0.20040974,-0.19260138,0.30124933,-0.42331314,-0.23674005,0.040134892,0.2038836,-0.38629276,0.093482435,-0.8414547,0.13686699,-0.062403686,0.15187697,1.010963,-0.24023503,-2.232495,0.016932938,0.021754434,1.4717839,0.41809422,-0.08821466,0.77072525,-0.36710522,0.14287296,0.74586064,-0.105588,0.4861913,0.27793947,0.13822727,-0.22879334,0.07424338,-0.32216159,0.15204766,-0.3029503,0.22968467,0.16133538,-0.25473052,-0.13052496,-0.67666405,-0.064384975,0.48231938,-0.022285365,-0.4974483,0.07955684,-1.3233941,-0.2501904,0.07926465,-0.25408143,-0.3180058,-0.39710215,-0.040464133,-0.038472872,0.03281881,-0.062254213,-0.5796781,-0.03655774,-0.067279086,-0.28592676,0.38376892,0.31322777
99,-0.0434862,0.25685197,0.34816837,-0.36558992,-0.079862505,0.13063811,-0.18861108,0.2247095,0.041898325,-0.02854759,0.21856087,0.045730725,0.2220353,0.025163861,0.09119179,-0.30866936,0.07901586,0.15707813,-0.35679296,0.182754,0.22265647,0.03986039,0.14135431,-0.15702122,0.12768017,-0.00513167,-0.1299849,-0.55288297,0.007963317,-0.24986638,0.082054995,0.4958464,-0.052448813,-0.0061609475,0.005648819,0.32973772,-0.07273629,0.1875832,0.09871342,-0.23324756,-0.2978118,-0.29235062,0.11370068,-0.4337423,-0.21031807,-0.008623726,0.09146855,-0.32838726,-0.063292354,-0.8484251,0.03370738,-0.017318709,0.11692751,1.0560079,-0.24611472,-2.259043,0.029412054,-0.12278132,1.6331241,0.47729862,-0.16449292,0.71178913,-0.29311633,0.10670125,0.75036883,0.00012307512,0.46083614,0.33649123,0.043298826,-0.31997836,0.050902247,-0.34362137,-0.11228115,-0.4043072,0.1096669,0.20308352,-0.15444987,0.0008750065,-0.74256516,0.024160339,0.55403376,-0.01302043,-0.5163877,0.0053203744,-1.3665298,-0.27122486,0.060972895,-0.056983195,-0.22214933,-0.27835685,-0.08871357,-0.11282744,0.017335756,-0.12136564,-0.5934751,-0.1098376,-0.16191217,-0.18169406,0.46738967,0.27192643
100,-0.120633826,0.15389653,0.35418496,-0.3072838,-0.0571016,0.09323669,-0.15221407,0.1486771,-0.07455063,0.07005635,0.18361142,-0.05284841,0.29072797,-0.0018940483,0.111410245,-0.30188912,0.219704,0.074101925,-0.37546128,0.23715582,0.21483451,-0.038496263,0.22766516,0.07689313,0.20453463,-0.12252801,-0.03406138,-0.39764717,0.011172685,-0.16682436,0.054142896,0.49618143,-0.032000132,0.044430356,0.07733829,0.257391,0.030812182,0.20308463,-0.04957706,-0.22798927,-0.3615492,-0.17010866,0.12011974,-0.33800125,-0.007977436,0.12645063,0.1954884,-0.3220569,-0.01684172,-0.7245714,0.05260199,0.007822804,0.13317804,0.9745667,-0.32459542,-2.1918976,-0.05719911,-0.12802526,1.598676,0.48042428,-0.11745784,0.7610006,-0.2030502,0.181946,0.7451022,-0.008506718,0.46479473,0.33110955,0.26539734,-0.20257375,-0.024223264,-0.24524471,-0.0732968,-0.30563626,0.10175254,0.04557406,-0.16972038,-0.001126338,-0.8855342,-0.028246198,0.6021926,0.037193876,-0.52478576,0.19283704,-1.3594638,-0.15605094,0.088169746,-0.16872934,-0.101750426,-0.35176995,-0.06969292,-0.06547748,-0.12537417,0.04135912,-0.5014884,0.0021125635,-0.28702796,-0.35559183,0.5323682,0.14715649
101,-0.08581945,0.298422,0.44485742,-0.27999678,-0.00089246035,0.0017977536,-0.1468085,0.15992004,0.043163955,-0.050911356,0.22008891,-0.07515194,0.2603552,-0.03408128,0.024211649,-0.16723211,0.30444402,0.26764154,-0.19307952,0.28316405,0.13999206,-0.11416505,0.15805444,-0.025452817,0.1395559,-0.0071031996,-0.0852768,-0.49712905,-0.2010146,-0.2246511,-0.021793095,0.8126671,-0.11593989,-0.022720108,0.1527349,0.34684533,0.107634604,0.25954178,0.032581795,-0.30484387,-0.23003845,-0.28308266,0.009846242,-0.41327628,-0.17628594,0.049745508,0.1892676,-0.42726976,-0.19514048,-0.87548894,0.121046126,-0.04414498,0.19291313,1.0054052,-0.34634465,-2.466975,-0.06788359,-0.19333103,1.8384113,0.5546446,0.04511215,0.64658153,-0.18645394,0.16330257,0.8942463,-0.0390489,0.5828099,0.33093268,0.23037377,-0.32428092,-0.0070152045,-0.26057002,-0.0961888,-0.20857437,0.27353555,0.04869369,-0.08160088,-0.05564966,-0.9373474,-0.009751996,0.54588586,-0.048619993,-0.6628479,0.14451145,-1.4645259,-0.34117967,0.12725188,-0.21451828,0.046555102,-0.37336633,-0.123667374,-0.11873697,-0.071227536,-0.08495201,-0.43282443,0.006306842,-0.13193057,-0.50032896,0.7001763,0.29472613
102,-0.19012003,0.24313681,0.406859,-0.17550744,0.0023383535,-0.037942693,-0.22019164,0.16287182,0.014518809,0.026889147,0.05517869,-0.00087358104,0.22122738,0.062339097,0.11096632,-0.3382531,0.15822233,0.055136837,-0.33221778,0.1819228,0.20387885,0.008674882,0.14625037,-0.070612594,0.11953912,0.05163287,-0.1257922,-0.3735709,0.053859,-0.18661326,-0.086944655,0.4887772,0.010866036,-0.06492115,-0.041637,0.33696082,-0.05006747,0.2459745,0.040460654,-0.250397,-0.2555967,-0.25255048,0.06650247,-0.47082686,-0.035551537,0.09591485,0.17792949,-0.3313822,-0.08528756,-0.6556888,0.041369367,0.04947783,0.17233661,0.8677584,-0.33523315,-1.9847641,-0.026028194,-0.14664342,1.5079633,0.3723321,-0.17734255,0.6091602,-0.3324574,-0.012164709,0.64284813,0.0018955937,0.4765299,0.2664387,0.085715935,-0.3283279,-0.052187122,-0.2661921,-0.050030068,-0.3140934,0.21929581,0.09810355,-0.17334044,0.07146138,-0.684156,-0.06277782,0.47015068,-0.033988543,-0.45464614,0.11846203,-1.183073,-0.11831112,-0.023103507,-0.22573283,-0.0625755,-0.29232928,-0.13626936,0.046499744,-0.011755528,-0.09458238,-0.5217282,-0.06013058,-0.0598263,-0.26635182,0.4465417,0.16304651
103,-0.079602085,0.21708326,0.43454602,-0.2803033,-0.09572844,0.17806701,-0.16032656,0.24574164,-0.04709564,-0.04978676,0.18847798,0.057895772,0.049642835,0.07149194,0.0111418255,-0.31130472,0.24238937,0.25090536,-0.31594726,0.20013292,0.21577741,-0.07187208,0.13521893,-0.07094594,0.14932173,-0.008039998,-0.13238785,-0.3916469,0.085742615,-0.25417188,0.018606706,0.55941164,-0.022829246,-0.05922714,0.019311128,0.2762148,-0.15175155,0.1695097,-0.04589333,-0.17323636,-0.27850634,-0.22030786,0.07199039,-0.40370554,-0.23188993,0.042557877,0.11714964,-0.36475557,-0.07309735,-0.74811566,0.14537755,0.06628572,0.1595912,0.90101314,-0.24707197,-2.1219842,0.024584072,-0.1392521,1.628048,0.40004635,-0.1301286,0.6268013,-0.28503528,0.06524092,0.65807724,-0.08803515,0.46413055,0.33935896,0.15623045,-0.21983503,-0.14069393,-0.28574434,-0.07853519,-0.41481167,0.19115807,0.17121705,-0.13511546,-0.13487959,-0.7987182,0.010882312,0.5661821,0.0039369375,-0.5772647,0.07903627,-1.367829,-0.20338853,0.12229594,-0.034790423,-0.17309128,-0.2895286,-0.1687167,-0.03329122,0.1392104,-0.07486788,-0.6124785,-0.10622384,-0.021972302,-0.25623986,0.5372241,0.27809966
104,-0.09261427,0.16819426,0.36737332,-0.27679804,-0.09037061,0.26315695,-0.24289057,0.12503293,-0.13201788,-0.008610191,0.17678407,0.05912923,0.24859905,0.02588721,0.1251655,-0.21218857,0.08744113,0.10256634,-0.35541695,0.15702456,0.25691226,0.010084967,0.21496959,-0.079065874,0.2177351,-0.015882915,-0.12834097,-0.39272016,0.067018524,-0.2168844,0.04746589,0.39755604,0.019604016,0.007808277,-0.024852235,0.24299054,-0.12500289,0.19151524,0.08493623,-0.11626247,-0.39610893,-0.1596013,0.09792157,-0.34204534,-0.18816279,0.031893633,0.1119429,-0.19640711,-0.064002804,-0.6476077,0.07042104,0.047260504,0.14461337,1.0263826,-0.24135976,-2.203746,-0.02954414,-0.16065913,1.5095189,0.4114771,-0.07346533,0.74491066,-0.19418451,0.13438998,0.7135662,0.01456214,0.4219494,0.30249566,0.10499048,-0.18616304,0.032090265,-0.24350035,-0.06164528,-0.40862656,0.071577184,0.11054494,-0.21089621,-0.054170877,-0.7958868,-0.00030332356,0.5111506,0.0946414,-0.45218343,0.041544735,-1.3490069,-0.14469537,0.017856605,-0.07803274,-0.19225258,-0.33581743,-0.12089534,0.028156841,-0.011065346,-0.022642955,-0.47006932,-0.17014775,-0.17964137,-0.24534199,0.4932258,0.21587518
105,-0.059330005,-0.016498169,0.18645,0.05070567,-0.17171484,-0.2535317,-0.10088665,0.16095851,0.13276,0.23390834,0.38757834,-0.10347351,0.21119833,-0.5845865,0.35329664,-0.09865949,-0.21024281,0.24868,-0.41340336,-0.21683355,0.11870887,-0.16695265,0.13221501,0.15905167,0.31135467,0.18648984,0.13345042,-0.19141452,-0.16109,-0.112728,0.13516967,0.7444584,0.10603067,-0.024540493,0.209445,0.284699,-0.35536167,-0.0737875,0.04628666,-0.67921335,0.10367566,-0.17537665,-0.19395669,-0.19674951,-0.257612,0.217049,-0.1146445,-0.29745018,-0.102484316,-0.47295174,0.5214167,-0.105743825,0.115992,0.5862917,-0.28411952,-1.2886783,-0.3015345,0.032188203,1.125955,-0.084653325,-0.00040500364,0.054772828,-0.19652034,0.29824498,0.05103003,-0.016554996,0.14823101,-0.09890517,0.44769487,-0.18553,-0.057262152,0.104022175,0.18750834,-0.32179236,-0.0015045678,-0.048588663,0.009020996,-0.008044835,-0.4985317,-0.30635014,0.2751495,-0.30311167,-0.18733333,-0.08844333,-0.6418462,-0.057767004,0.25149167,-0.25017002,-0.16951685,-0.17189167,0.07891834,0.5823078,-0.015327501,0.01809833,-0.409861,-0.08669666,0.42394498,0.04585417,0.64901084,0.17220934
106,-0.037098665,0.16695672,0.44415936,-0.31613627,-0.1731436,0.14601481,-0.14041643,0.17189278,0.03306867,0.012919652,0.22015628,0.120199576,0.14605218,0.035700485,0.14212601,-0.21199138,0.096517846,0.17187351,-0.35224396,0.2696904,0.26522225,0.014185008,0.10681629,-0.007455149,0.21184956,0.04557438,-0.1897854,-0.5157272,0.083919555,-0.316317,-0.05018829,0.6424172,0.01349528,0.044891313,-0.0636268,0.35624236,-0.02742549,0.17679605,-0.0036035413,-0.27411175,-0.25291902,-0.21077403,0.069491364,-0.44639432,-0.3059877,0.0056085587,0.0874068,-0.38581502,-0.06481034,-0.88824743,0.040961005,0.05590246,0.13872309,1.0023822,-0.2978233,-2.431055,-0.0670215,-0.11307511,1.6731361,0.48655623,-0.06123464,0.74006355,-0.3870595,0.06343922,0.7407362,-0.008767443,0.5558174,0.3419094,0.005865519,-0.27555716,0.013426163,-0.32777545,-0.07257147,-0.3877914,0.15940161,0.12993994,-0.19625048,-0.05485857,-0.7870984,0.07696362,0.56218714,-0.0640925,-0.51004636,0.08125132,-1.3287009,-0.26911658,0.07806812,-0.14852744,-0.15980716,-0.34376743,-0.085911885,-0.08401298,-0.13999489,-0.043093543,-0.48570758,-0.050507728,-0.13547897,-0.23638472,0.5187529,0.24317133
107,-0.18381697,0.11066015,0.39924595,-0.24703501,-0.054230962,0.26427695,-0.19507378,0.15722081,0.13705279,0.0012008565,0.23608333,0.008378587,0.17192537,-0.05897568,0.109278634,-0.15726396,0.033991657,0.15456687,-0.215483,0.1809768,0.19308908,0.13282552,0.100126415,-0.11439323,0.22670712,0.04969028,-0.1480166,-0.30718026,-0.030268127,-0.15485272,-0.005662341,0.42143586,0.059988137,0.01710887,0.07542788,0.1286313,-0.11468428,0.09234179,0.07229101,-0.15650511,-0.23133735,-0.17007233,0.052804116,-0.3006639,-0.15953459,0.038742743,0.007825699,-0.11233725,-0.053498726,-0.6952081,0.12364247,0.06752215,0.07881574,0.87010026,-0.27661818,-1.8840135,0.046703678,-0.022506393,1.483218,0.32891643,-0.080140635,0.7754858,-0.27708495,0.046831556,0.66603655,-0.033774752,0.48336992,0.20692813,0.1431487,-0.15536702,0.07287884,-0.15491739,0.060849782,-0.42308715,0.1693468,0.082893096,-0.13637756,-0.029416155,-0.57605314,-0.071882114,0.39777213,0.004581073,-0.48741433,0.021053428,-1.1943775,-0.13537988,0.14460164,-0.040308923,-0.21982509,-0.1871588,-0.054101687,0.14415596,0.038108762,-0.03124322,-0.37749994,-0.1424262,-0.16805513,-0.22061223,0.40087146,0.2835967
108,-0.086353295,0.535317,0.3199158,-0.3026387,-0.0313497,-0.014756903,-0.2346787,0.4153623,0.162518,-0.1268982,0.33933982,0.29891458,0.3708767,0.09412409,0.036875006,-0.51391095,0.3096575,0.0725258,-0.36357197,0.1214635,0.35060793,0.05865251,0.1045485,0.041530807,-0.10827271,-0.042294096,0.042106293,-0.3251714,0.135133,-0.12768309,-0.1352919,0.33669728,-0.1527047,0.038936097,0.397408,0.231265,-0.03871465,0.1895872,-0.034206904,-0.19287801,-0.3512821,-0.1416837,0.08492878,-0.394743,0.10885648,-0.1507789,-9.959936e-05,-0.202927,-0.1317434,-0.602949,-0.20353782,-0.164998,0.073294796,1.0007657,-0.32315978,-1.7422479,0.106317,-0.24383192,1.468302,0.33055228,-0.09486051,0.518687,-0.391047,0.099651895,0.70818,0.03364949,0.62179935,0.3150159,0.036465097,-0.30198804,-0.1407169,-0.40710196,-0.1515095,-0.38051918,0.18083489,0.0536416,0.032192178,0.034750834,-0.83939505,-0.17974101,0.62357205,-0.1430271,-0.515208,0.023846295,-1.222428,-0.026479501,0.190626,-0.090997115,-0.13897309,-0.1686378,0.022762407,0.014026997,0.05617992,0.17105128,-0.373516,0.1240067,-0.017179161,-0.2903741,0.4368635,0.057510607
109,-0.24160491,0.26068246,0.3857158,-0.32214478,-0.1927125,0.11429534,-0.17945929,0.19363308,-0.0075475895,-0.036882974,0.13778496,-0.067915305,0.12096512,-0.07260065,0.21814707,-0.24139425,0.18949121,0.15767497,-0.3475641,0.36626086,0.23397394,0.008638348,0.22435068,0.0018116558,0.15571183,-0.0032564558,-0.07319114,-0.52658814,0.10038981,-0.10363133,-0.057120167,0.5933023,-0.10539319,0.06811235,0.21077341,0.48688775,-0.041690886,0.20179114,-0.025409425,-0.31913018,-0.25486866,-0.10752016,-0.039588176,-0.4589499,-0.12074435,0.03445306,0.16551794,-0.35942084,0.050648388,-0.71738154,0.024702763,-0.010054107,0.12455467,0.9127381,-0.21737823,-2.1873329,0.039322622,-0.12135977,1.5456434,0.32489553,-0.22404289,0.80248964,-0.25503224,0.19856676,0.7217092,-0.053582046,0.5507746,0.30520734,0.16260323,-0.2653458,-0.03120298,-0.32889885,0.011938187,-0.31746197,0.14714675,0.064706676,-0.15367144,-0.024866454,-0.7197626,-0.10911968,0.57590115,-0.070975944,-0.53038514,0.06329191,-1.3499674,-0.21481693,0.07200706,-0.18510163,-0.27265558,-0.2775337,-0.15014677,-0.052438345,-0.17804696,-0.067279175,-0.6120672,-0.071980566,-0.2907098,-0.39180475,0.54209316,0.21908623
110,-0.14346004,0.11678043,0.34533247,-0.12193137,0.06725553,0.18495041,-0.049905024,0.101873696,0.033643045,0.086953565,0.16016212,-0.0684419,0.1952275,-0.009300404,0.14564623,-0.10720357,0.2711917,0.05576354,-0.25433382,0.059519447,0.13035713,-0.070029,0.14715731,-0.013155593,0.25666678,-0.096998975,-0.10117253,-0.27687782,-0.015321546,-0.092157714,-0.023604227,0.3832345,-0.059962712,-0.029866347,0.022876294,0.23792146,-0.08283252,0.0707652,0.028226105,-0.18953152,-0.21953213,-0.17002124,0.17276068,-0.29557595,-0.10873747,-0.005124615,0.0573072,-0.2047089,-0.06865122,-0.6408383,0.1551735,0.11352982,0.07310126,0.9155087,-0.21023461,-2.0280821,-0.06769393,-0.11515498,1.5311213,0.3417391,-0.12573473,0.5101437,-0.19390106,0.13577358,0.57933736,-0.10457891,0.3624233,0.25388783,0.14353284,-0.13842414,-0.089576855,-0.13480143,0.010735157,-0.33103412,0.2440019,0.26945361,-0.16493247,-0.08593577,-0.75851715,-0.07548927,0.50807405,-0.016305879,-0.34813502,0.06979755,-1.1491923,-0.19878349,0.16477546,-0.06708298,-0.2073725,-0.2970393,-0.047155786,-0.037975583,-0.056938566,-0.06834805,-0.3582692,-0.062660955,-0.08787978,-0.22563428,0.48049992,0.1847918
111,-0.13114932,0.2843822,0.48653367,-0.54065883,-0.29011598,0.23076795,-0.08898756,0.23738898,0.25041622,0.0120454775,0.1381587,0.18882029,0.17946741,-0.05795657,0.009117593,-0.23047276,0.21067753,0.31074855,-0.3889876,0.49327394,0.24233496,0.07064418,0.008913398,-0.09959935,0.2504378,0.11578492,-0.16551338,-0.48751256,0.14054109,-0.28665444,-0.059503976,0.61848515,0.014653332,0.07848195,0.18799827,0.3252333,-0.16898574,0.18609563,0.026462486,-0.26869985,-0.25985816,0.0009801267,0.092037484,-0.5653104,-0.16472365,-0.052322134,0.19013387,-0.27200884,-0.052439418,-0.8122696,0.049076203,-0.11486407,0.20410238,0.96591973,-0.1932417,-2.2880597,-0.121604234,0.051880036,1.5047432,0.44493794,-0.13308507,0.7882782,-0.47567132,0.1143758,0.8535833,0.000963508,0.6002984,0.40325236,-0.10365392,-0.32039702,0.035531573,-0.4060692,0.012420996,-0.38861197,0.1688874,0.026262378,-0.068636656,-0.03692766,-0.7617605,-0.021896552,0.5085819,-0.16760299,-0.51949453,-0.03281404,-1.3416891,-0.31958637,0.15490673,-0.101878345,-0.21596748,-0.3443991,-0.03951822,-0.090697765,-0.10784097,-0.16173345,-0.40297323,-0.05815952,-0.14948477,-0.32906154,0.30188504,0.31980383
112,-0.12731336,0.18397506,0.39368567,-0.30593988,-0.09739635,0.17671925,-0.09923228,0.3117344,-0.016927507,-0.0423176,0.24407019,0.11364546,0.22149335,-0.047840677,0.12943992,-0.28393167,0.15484461,0.077168986,-0.42063498,0.24396566,0.24783547,0.01750964,0.13400371,0.103015654,0.20447169,-0.04237656,-0.06834903,-0.40562907,0.11902442,-0.22557046,-0.0017660146,0.56052667,-0.04697997,0.09946166,0.021699624,0.34374928,-0.08997639,0.19767089,0.034143563,-0.21427247,-0.35982895,-0.24010496,0.0942104,-0.37245557,-0.15645744,-0.0632779,0.15470797,-0.42803574,0.062172804,-0.8423884,0.1009152,-0.047243893,0.18916146,0.9907804,-0.33496675,-2.362017,-0.05862568,-0.16956255,1.6945547,0.49505824,-0.1458984,0.7748843,-0.3664502,0.09151181,0.69418824,0.0010029329,0.42482948,0.39937598,0.13128231,-0.2546359,-0.037356853,-0.22535294,-0.07138371,-0.40016815,0.08799932,0.1734972,-0.15516652,-0.008897057,-0.9051209,-0.03856085,0.5481402,-0.0613437,-0.48669642,0.07952703,-1.3214246,-0.22827175,0.12028559,-0.17434694,-0.19216119,-0.3148149,-0.07466748,-0.009528004,-0.12312021,-0.018354215,-0.5657726,-0.02377836,-0.08242024,-0.2755124,0.542755,0.26970997
113,-0.2660703,0.0280252,0.504506,-0.279972,0.0859492,0.08785808,0.018082192,0.27034938,0.0542847,-0.0024964989,0.082626104,-0.17532212,0.2967531,-0.1050873,0.1107599,-0.1380182,0.2816108,-0.022688199,-0.0871338,0.4648816,0.0088676065,0.009490597,0.100063026,0.040941697,0.30922198,0.059940804,-0.16712658,-0.29290697,-0.24081142,-0.18341859,-0.23655817,0.937483,0.13809839,-0.038023997,0.36526704,0.3644173,-0.25426906,0.1978753,0.19804902,-0.3182949,0.015417606,-0.14991525,0.291925,-0.3722815,0.032524996,0.041200716,0.29937878,-0.28944898,-0.019064099,-0.56159604,0.16151181,-0.1835521,0.17892429,0.87875,-0.44553614,-2.5034382,-0.027377004,-0.12995009,1.775305,0.23160501,-0.032381505,0.37789768,-0.33150584,0.06150683,0.7169723,-0.078389496,0.33727315,0.18988842,0.39671084,-0.15347698,0.085405394,-0.1673058,0.077871,-0.3563169,0.534227,0.1394036,0.038208704,-0.1504856,-0.85914195,-0.0939293,0.3707857,-0.0244995,-0.460745,0.11267509,-1.2358317,-0.19126041,0.2013969,-0.2776391,-0.0617826,-0.35875818,0.1091737,0.08105461,-0.0834478,0.062085897,-0.29118672,0.1302709,-0.060091794,-0.44543925,0.552831,0.467671
114,-0.07243711,0.30548555,0.25322795,-0.28463358,-0.2015817,0.22333494,-0.086764425,0.3316696,-0.021843242,0.041634213,0.20467763,0.14634275,0.30168888,0.043610107,0.055390503,-0.4131742,0.077564575,0.24028073,-0.52927464,0.30600658,0.38742757,0.13763432,0.15539275,-0.15622549,0.22826426,0.011188214,-0.16664279,-0.5531437,0.06362778,-0.2523749,-0.04544416,0.4254703,-0.007850212,0.070852585,0.122653306,0.36043417,-0.0048345085,0.2221958,-0.07112,-0.14944552,-0.37352046,-0.26066548,0.18114415,-0.52109915,-0.07640483,-0.027833048,0.19339925,-0.31916937,-0.006071273,-0.87368625,0.06701379,-0.18076783,0.086544424,1.0768636,-0.32305408,-2.2338805,0.080495685,-0.009502996,1.6592203,0.5170224,-0.088607885,0.9495241,-0.44004956,0.047458466,0.87285155,-0.043156482,0.5028207,0.4738767,0.11996546,-0.22730227,0.18988402,-0.31751686,0.0135067925,-0.34768924,0.26489344,0.06648884,-0.25093868,0.069251366,-0.7760644,0.10697356,0.74604213,-0.12543815,-0.5682311,0.06259894,-1.4964747,-0.15256038,0.1635539,-0.18045835,-0.2984455,-0.40860313,-0.0063821613,-0.2553103,-0.10662363,-0.09006021,-0.5992955,-0.024121312,-0.25190565,-0.3736375,0.38908306,0.29113808
115,-0.19870964,0.25086197,0.3012563,-0.11033154,-0.08106092,0.03401743,-0.059371375,0.22880502,-0.07625929,0.038593322,0.04215608,0.0061595626,0.06471627,-0.02039493,0.17548114,-0.27284777,0.18839934,0.078079626,-0.16558814,0.2095119,0.33783332,-0.05179929,0.089241765,-0.08899124,0.23032774,0.04045977,-0.17410246,-0.42721653,-0.067792065,-0.1460672,-0.103342175,0.52550364,-0.033927567,-0.03919863,0.18348388,0.37829465,-0.010189871,0.15797427,0.045290176,-0.21960637,-0.101129755,-0.27086902,0.19151886,-0.35534286,0.0244525,0.094430216,0.009673591,-0.18455474,-0.134272,-0.6822816,0.15271758,-0.1255097,0.11553922,0.8788613,-0.19816004,-2.2837057,-0.1141388,-0.0999267,1.6394749,0.22476535,-0.16444305,0.59830964,-0.2830578,-0.029267501,0.6810889,-0.03370849,0.4618635,0.21862864,0.19813365,-0.20728256,-0.08666735,-0.21881296,-0.10450734,-0.26565695,0.20779236,0.04256611,-0.15866031,-0.14914252,-0.6945007,-0.027803259,0.6342822,-0.040736947,-0.5003945,-0.071013644,-1.1514817,-0.16788664,0.15492906,-0.16274586,-0.10901081,-0.32529256,0.002594655,0.010642213,0.021179598,-0.11341124,-0.49084488,0.014450209,-0.11729014,-0.30064502,0.5254109,0.14970374
116,-0.07785283,0.13753083,0.2814662,-0.3086466,-0.061088324,0.0055280826,-0.24637651,0.17122833,0.13556683,0.123850845,0.22190975,0.10326335,0.12004826,0.3397024,0.30318424,-0.20031333,0.13824399,0.12566026,-0.1696855,0.29745707,0.048866466,0.04198258,-0.095440246,-0.004321069,-0.029383337,-0.12866284,-0.06941533,-0.41844022,-0.11748249,-0.382046,0.15570702,0.3573581,-0.050032776,-0.013331081,0.052881747,0.25880817,-0.09521726,-0.08018475,0.014465083,0.04130883,-0.096888505,-0.13934599,0.29976618,-0.1667329,-0.039692428,-0.34309018,0.16227917,-0.57363224,-0.24955767,-0.8359721,0.22885166,0.007806664,0.040350255,0.7916891,-0.015968328,-1.8912826,0.4144702,-0.25378725,1.7428502,0.49764583,-0.13836558,0.08535075,-0.41792443,0.15995125,0.6289428,-0.24881293,0.36161134,0.10701425,0.23999493,-0.29915345,-0.23759669,-0.16840442,0.05483982,-0.31814057,0.4309617,0.46016335,-0.0863655,-0.08297969,-0.8976491,-0.082859665,0.6285859,-0.014812197,-0.14330907,0.024590336,-1.3668126,-0.23998226,0.18079834,-0.1943055,-0.298503,-0.31226632,-0.16054524,-0.3000193,-0.17948274,0.001258002,-0.2845033,-0.051197097,-0.020715,-0.33097407,0.45272824,0.113392174
117,-0.08053696,0.18359242,0.3815545,-0.26237616,-0.14603981,0.11069085,-0.2310557,0.19212782,0.1419529,-0.00557744,0.1903015,0.1716009,0.2523224,-0.0064651472,0.04833533,-0.3453779,0.2059071,0.22836582,-0.4226137,0.28224662,0.20192005,0.05418963,0.06865399,-0.06629188,0.13504386,0.056048024,-0.113658026,-0.484946,0.03931554,-0.2912343,0.07269268,0.3870217,-0.05174294,0.044747368,0.052547507,0.23997054,-0.054000046,0.20272452,-0.05474643,-0.20114519,-0.19586608,-0.14005426,0.08071329,-0.37960163,-0.13412538,-0.10231604,0.03163355,-0.35390687,-0.13030316,-0.8359927,0.09296438,0.0315736,0.016301807,0.98210675,-0.14548169,-1.886428,0.04539991,-0.26014358,1.5477748,0.289951,-0.12148875,0.63011205,-0.2637613,0.026719287,0.82135487,-0.021353096,0.47189823,0.2632115,0.12694237,-0.26284683,-0.02325201,-0.2636918,-0.0022298277,-0.44593555,0.18056586,0.01975258,-0.1471945,-0.105489135,-0.8121192,0.07391845,0.7318407,0.013969795,-0.44998747,-0.02143124,-1.3096325,-0.2148708,0.024548318,0.042528275,-0.18217643,-0.27836645,-0.15361217,-0.10368949,0.024138657,-0.09911559,-0.44527137,0.0033891618,-0.086636335,-0.28521657,0.50880826,0.15352304
118,-0.26079533,0.21691369,0.8984266,-0.44123998,-0.24518669,0.18200667,-0.088463336,0.4993933,0.28577867,-0.22639632,0.3425933,0.2537333,0.44870338,0.061844002,-0.14555633,-0.40102002,-0.08511666,0.20517033,0.107706666,0.48581335,0.18081999,0.22597633,0.14142668,-0.041280665,0.18232334,0.31579265,-0.134309,-0.46417332,-0.21246634,-0.279062,-0.5375367,0.80224997,0.17168666,0.07556001,0.24224,0.55598664,0.0737411,0.17745666,-0.030163338,-0.5896367,-0.22099666,0.3256389,0.17418666,-0.46683,-0.34338665,-0.049653932,0.60174,-0.23555166,-0.20238334,-0.67021996,-0.14802267,-0.25877002,0.41742668,0.96158004,-0.8024067,-2.3305366,0.08401667,-0.06270667,1.2472234,0.35404468,0.03727333,0.51308995,-0.35096702,0.036751937,0.7625,0.01146999,0.53671664,0.43583333,-0.026973328,-0.18251334,0.182917,-0.62843996,0.16973335,-0.17290334,0.71107334,-0.16843666,-0.0054326677,0.09186,-0.7995317,-0.056255996,0.06804666,-0.234865,-0.7666333,0.27735433,-1.0783033,-0.20632334,0.28496566,-0.29499,-0.15135667,-0.27080533,-0.10777667,-0.19036333,-0.277408,0.019310663,-0.09700706,0.16340934,0.09891366,-0.5780824,0.27659667,0.40782332
119,-0.13545804,0.23499444,0.41126394,-0.068849355,0.041093193,0.32464415,-0.028910061,0.18625821,-0.011710997,0.10105757,-0.07127836,0.05662247,0.22814313,-0.11291928,0.10266129,0.0070706373,0.2675663,0.21663491,-0.28437835,0.21037807,0.28676835,-0.18011634,0.055234425,-0.11451114,0.29273388,-0.16256957,-0.14460115,-0.39187628,0.0015789972,-0.21807054,-0.19197093,0.504734,-0.047730833,-0.12705459,0.1182232,0.40153408,-0.10960843,0.08935378,0.0046854955,-0.14253058,-0.26987287,-0.021148281,0.32277837,-0.3683156,-0.056772415,-0.060133703,0.2579704,-0.26346943,-0.28589267,-0.7460429,0.18766348,-0.10527063,0.23664556,0.98260707,-0.25970057,-2.575104,0.035198934,-0.20429702,1.7309849,0.33774617,-0.21863356,0.518145,-0.24223638,0.09000119,1.0244979,-0.044311646,0.36357,0.26814836,0.03394072,-0.2719975,-0.15483044,-0.21213642,0.038295783,-0.2686975,0.30199012,0.12493057,-0.21937001,-0.16053942,-0.85247713,-0.07969536,0.42358595,-0.021601284,-0.3345628,0.005087384,-1.2893842,-0.10306001,0.27636775,-0.20947127,0.050239716,-0.36186603,-0.059011076,-0.092309,-0.08563079,-0.093849845,-0.3257401,-0.14574827,-0.10031495,-0.53236896,0.49926096,0.2692752
120,-0.12881762,0.112613924,0.2962467,-0.18448263,0.10394999,0.19305979,-0.1516415,0.21975031,-0.03612323,0.013071803,0.06053785,0.025870161,0.1807562,-0.100685626,0.15894657,-0.2504509,0.28472835,0.11146768,-0.23711039,0.15314643,0.15780428,-0.08081876,0.18612064,-0.014493213,0.18957654,-0.20918609,-0.08508492,-0.3392437,-0.056009084,-0.056358453,-0.06805977,0.46738407,-0.10537049,-0.04071677,0.17940328,0.20927268,-0.09963451,0.19223177,-0.0047762543,-0.21745668,-0.21500179,-0.20142788,0.065008014,-0.25951156,-0.07287602,0.0775216,0.2729028,-0.19538434,-0.11706094,-0.60304433,-0.008460908,-0.021890532,0.16609386,0.9164265,-0.2231357,-2.183696,-0.03814869,-0.24278796,1.5287478,0.4301886,-0.1979298,0.60196257,-0.18713628,0.16445892,0.6322121,-0.0074194344,0.2871936,0.14430209,0.20015448,-0.2272353,-0.12541291,-0.22159222,-0.079331644,-0.2431116,0.08888936,0.06925727,-0.13265018,-0.07077919,-0.7918423,0.014765145,0.5767688,0.061349183,-0.51162064,0.04509966,-1.2512904,-0.07307727,0.14054473,-0.12389889,-0.123490386,-0.30111367,-0.07348194,0.04693488,-0.07075261,0.040994275,-0.30864727,-0.11553241,-0.18593857,-0.22350864,0.53393334,0.115998544
121,-0.09382249,0.17580791,0.4711616,-0.28069615,0.1300665,0.24467498,-0.03254467,0.16392417,0.35523704,-0.1849599,0.30703148,0.14952981,0.27137765,0.09154659,0.03755759,-0.47139582,-0.015459098,0.30814627,-0.18785399,0.44625583,0.07844151,0.14935917,0.11288809,-0.1474263,0.22889419,0.30058584,-0.2531993,-0.44011024,0.035297256,-0.20477217,-0.150535,0.43928742,-0.16403182,0.08998832,0.13027531,0.2206742,-0.10081283,0.02741467,0.10754322,-0.34899664,-0.2531145,-0.11320499,-0.026538914,-0.4006755,-0.20858918,0.04829575,0.045445997,-0.03766242,0.15058808,-0.8989849,0.11483539,-0.12027726,0.060461517,0.9406933,-0.06309158,-1.8805423,-0.082556084,0.13369668,1.2600092,0.44243667,-0.08704109,0.7895539,-0.21731849,0.010756747,0.6513298,0.042634416,0.5481492,0.10439732,0.0027995904,-0.067116834,0.030046917,-0.21461533,-0.11336601,-0.2531465,0.28884348,0.04150325,-0.06576442,0.047426417,-0.61598635,-0.111127324,0.4730849,-0.022125298,-0.50859123,0.055665,-1.2171558,-0.21333176,0.09615009,-0.12615405,-0.3241975,-0.28150916,-0.018724417,0.021785684,0.07777974,0.11130466,-0.35065314,-0.0072166645,-0.0979239,-0.19865417,0.29548433,0.24588923
122,0.20266001,0.16011333,0.27656665,-0.3346993,0.088888995,-0.067980014,-0.013953328,-0.056191336,0.26911667,0.29977334,0.05699633,-0.123029985,0.03130733,0.38307762,0.12326,0.3966,0.5023733,0.32283732,0.10126666,0.022113001,0.093797326,-0.24518101,-0.029067,0.031105002,-0.20380966,0.046911,0.20772667,-0.15584667,-0.074820004,-0.37683332,0.16579,0.50927335,-0.10516933,-0.13788667,0.36415634,0.11796,-0.16790666,-0.30906835,-0.26806065,-0.070553,0.07092666,-0.21366699,-0.030088998,-0.48940933,-0.10045334,-0.04503767,-0.42471334,-0.212254,-0.351401,-0.6847933,0.41818333,0.501605,0.09021133,0.41534337,-0.036569,-1.4835666,-0.279703,0.04779899,1.6536533,-0.17969434,0.13279334,0.58429664,-0.16088666,-0.083632,0.38874102,-0.130274,0.27476,0.13303335,0.36742464,-0.38709334,0.0862,0.022041658,-0.070327334,-0.33922157,0.28477898,0.69380164,-0.07129666,0.20584667,-0.67540663,-0.023466667,0.95061994,0.005601667,-0.62467337,-0.18772334,-1.0516534,-0.36321664,0.5484767,-0.04507333,-0.10516566,-0.35208333,0.11446333,0.3506303,0.08093002,-0.80292004,-0.04481933,-0.37750998,-0.24742001,0.011140008,0.48865998,-0.12726067
123,-0.24403039,0.16839023,0.37043715,-0.35043013,-0.14522849,0.25419313,-0.21391776,0.26471403,0.013891499,0.08074844,0.07570919,-0.06873135,0.18236496,-0.060364347,0.15112105,-0.20890875,0.19461332,0.13772333,-0.3812044,0.297007,0.29035607,0.060521673,0.16241157,-0.007697407,0.29241458,0.0029901457,-0.17929742,-0.594768,0.22812155,-0.15625499,-0.14992915,0.5811465,-0.050845057,-0.019060217,-0.03787281,0.38807157,-0.0734178,0.17080015,0.19566654,-0.17433396,-0.24362107,-0.32428747,0.032425456,-0.6093266,-0.24288091,0.17379782,0.185158,-0.32812545,-0.041646905,-0.87726,-0.025402749,-0.05156796,0.07016485,1.0064875,-0.10568012,-2.3774178,0.053168297,-0.0064992458,1.6555393,0.3204392,-0.15629224,0.81830704,-0.2895367,0.13867605,0.849109,-0.018507753,0.44678503,0.33380562,0.040615402,-0.39360732,-0.060217552,-0.28692213,-0.046149142,-0.39635047,0.115002096,0.15916331,-0.16194788,0.0011095606,-0.53339356,-0.04201543,0.48020667,-0.041281458,-0.47351208,0.12033894,-1.4195849,-0.042924702,0.18959895,-0.007739596,-0.19863762,-0.28255323,-0.12185834,0.05718745,-0.0646261,-0.13340679,-0.5568484,-0.23883364,-0.24317496,-0.34120005,0.59378135,0.35533616
124,-0.10076632,-0.159647,0.19349998,-0.2790619,-0.005773008,-0.24383666,-0.09970134,-0.17175667,0.07613001,-0.32146034,0.19829671,-0.7026866,-0.18191667,0.21005966,-0.14659666,-0.25791734,0.32053933,-0.07038467,-0.28015,0.40116334,0.24367534,0.18279,0.053663332,-0.017310014,-0.3121133,0.14431667,-0.004353327,-0.17678332,-0.19182001,-0.36571002,-0.04381333,0.64604336,0.18602999,-0.19466333,0.15437333,0.029523328,-0.07281966,0.17501666,0.052223403,0.20038001,-0.134524,-0.5365933,-0.18170667,-0.28797,-0.11583,-0.16216335,-0.460418,-0.37281668,0.27997634,-0.8168734,0.41163,0.11068401,0.118669994,0.023529997,-0.30974868,-1.8818666,0.01335,0.38430667,1.7817334,0.14495967,-0.63862664,0.12250332,-0.51550967,-0.5478413,0.17801334,0.053481,0.7753,0.43002,0.9007667,-0.07664666,0.23777501,0.25432333,0.30228332,-0.86263996,0.2711067,0.17678666,-0.052019995,-0.167695,-0.79367,-0.33776334,0.50688,-0.14418167,-0.51869994,-0.27025867,-1.23934,-0.039203335,0.074053325,-0.44367698,-0.14055334,-0.7510667,0.0067970157,0.281946,0.28798732,0.3071,-0.13731234,0.24463333,-0.08713346,-0.60404664,0.37354365,0.27246267
125,-0.1764753,0.060601003,0.125721,0.08941114,-0.19519101,-0.16631286,-0.032270003,0.23671901,0.09541787,0.24450935,0.031554285,-0.13961284,-0.00361658,0.26876423,0.18816659,-0.29799148,-0.060633566,-0.21392271,-0.13527715,0.1034956,0.31366587,0.053572714,0.29856434,-0.03185285,0.255935,-0.18263386,-0.30821857,-0.2285243,-0.25877714,-0.0037802905,0.039199572,-0.06959135,-0.044393573,-0.024377126,0.0420788,0.2132467,0.03865471,0.040634282,-0.02976999,-0.47235283,-0.22885215,-0.017271431,-0.054553133,-0.359178,0.3427301,-0.09051586,0.28467998,-0.23934571,-0.06698415,-0.57867426,0.18761386,0.0037825874,0.1334196,0.7775115,-0.47743002,-1.6097558,-0.055852853,-0.35658845,1.3821157,0.24743088,-0.09298029,0.26400414,-0.023989145,-0.30428442,0.13800427,0.08839143,0.1847877,-0.089903004,0.3531983,-0.246336,0.09004114,-0.37720147,0.19462813,-0.09798514,0.108612,0.16905543,-0.08060742,0.12124082,-0.551278,-0.0623,0.6246414,0.34273046,-0.31844544,0.1801757,-0.67177,-0.14740314,0.115597144,-0.14179286,0.021808568,-0.3136957,-0.31262854,0.23450999,-0.075627565,0.22802855,-0.66258854,0.06227372,0.075579286,-0.20929042,0.61259645,-0.09126972
126,-0.2985311,0.4040523,0.4598897,-0.34268707,-0.07652121,0.13836119,-0.03217951,0.24616408,0.22556107,-0.036716644,0.22515193,0.08237357,0.30143353,-0.13469237,-0.0058444333,-0.27238926,0.27201277,0.4144957,-0.32952386,0.19821785,0.20072344,-0.121206574,0.09914975,-0.02328668,0.1753799,-0.115622774,-0.12030167,-0.5627398,-0.06574351,-0.30384728,0.13733672,0.71069777,-0.22132434,-0.05561921,0.138562,0.59269583,-0.08291042,0.070950136,-0.0734995,-0.29132777,-0.032337148,-0.35671738,0.16778001,-0.721745,-0.22572373,0.12924744,-0.013106425,-0.409163,-0.10506593,-0.941933,0.21971174,0.11673019,-0.024728715,0.9152443,-0.103245854,-2.0102215,-0.08798434,-0.09765528,1.6508785,0.37235513,-0.08078616,0.64022714,-0.17120573,0.16992995,0.8976492,-0.031720433,0.41253218,0.28228083,0.0213836,-0.42719793,-0.11032401,-0.3751816,0.0023413599,-0.2621638,0.11563693,0.18863928,-0.27721363,-0.09983885,-0.7051636,-0.12516126,0.5087048,-0.24388894,-0.4372837,-0.06174286,-1.2224869,-0.16447212,0.2209676,-0.108558014,-0.06895177,-0.24973078,-0.3634405,0.12483531,0.11225713,-0.43847483,-0.67797786,-0.16890813,0.062544934,-0.30468288,0.7111702,0.30480328
127,-0.21844515,0.21980639,0.38537443,-0.36703777,-0.10214606,0.270327,-0.18790106,0.22616604,0.15642369,-0.033448268,0.13050514,0.058357,0.22111626,0.050657924,0.117443666,-0.2830943,0.124494635,0.1657017,-0.4726512,0.16723314,0.23921023,-0.13335188,0.14877133,0.040660996,0.15460315,0.016413137,-0.26220155,-0.35219777,0.21727172,-0.30154526,-0.0054129083,0.5410613,-0.17172617,0.094370395,0.015261859,0.34950137,-0.022465339,0.0038357964,-0.13544162,-0.30149105,-0.3972173,-0.22404855,-0.010534752,-0.42295784,-0.2119435,-0.038492262,0.069441,-0.39865834,0.05170484,-0.8008902,0.13008109,0.10919092,0.15879065,1.0231278,-0.159777,-2.037054,0.0040257866,-0.15907308,1.5134339,0.38575846,-0.13503118,0.6554169,-0.2997506,-0.017452547,0.6646921,-0.08727496,0.46217263,0.44469732,0.081551634,-0.2732675,-0.014453083,-0.39889562,-0.032341078,-0.4796441,0.13992094,0.1905277,-0.15280084,0.07634648,-0.7120838,-0.119706646,0.5569376,-0.07174197,-0.6475626,-0.014907699,-1.2725365,-0.347386,0.27454627,-0.02096954,-0.24127811,-0.35186347,-0.14305136,-0.14846303,-0.0017994129,-0.18775578,-0.56367177,-0.08536181,-0.042678334,-0.19237998,0.38567573,0.20080376
128,-0.101985164,0.12886485,0.3339802,-0.2876798,-0.18500905,0.17023487,-0.14812155,0.24488766,0.014805035,0.04811586,0.15672281,0.07461879,0.16695422,0.1068964,0.10227911,-0.29558375,0.27909,0.14368954,-0.49345797,0.1418202,0.26365912,0.07522102,0.025579002,-0.016379803,0.14772855,-0.10735843,-0.09921424,-0.54870635,0.20811489,-0.26984754,-0.023959037,0.5463396,0.042390976,0.11231481,-0.045782436,0.3932933,-0.16369286,0.27714422,0.015765168,-0.19606288,-0.324753,-0.24825746,0.16061406,-0.4458303,-0.17002025,0.030918833,0.09181959,-0.46352616,0.02493614,-0.8518086,0.020248452,-0.0018726962,0.18717317,1.0014194,-0.23026036,-2.3698478,-0.060832903,-0.14882198,1.6980271,0.44164753,-0.098317266,0.801809,-0.3593536,0.11306936,0.6117962,-0.056139145,0.34890184,0.37621814,0.10330801,-0.30800697,-0.005033217,-0.3195985,-0.024193497,-0.4994308,0.24517041,0.26560453,-0.22048849,0.009644596,-0.9257596,-0.022750864,0.63667136,-0.016573835,-0.34408918,-0.015306635,-1.4002289,-0.18569152,0.14157446,-0.09878531,-0.31067306,-0.3988099,-0.09981353,-0.08598867,-0.0352173,-0.0863544,-0.6086571,-0.106487624,-0.0743867,-0.16080429,0.4518771,0.15677997
129,0.05045317,0.24608667,0.62422496,-0.4686167,-0.6584833,0.29068166,-0.098586,0.15384834,0.0058808327,-0.16897333,0.40172568,0.1614605,0.39802667,-0.002898379,0.08161267,-0.41344532,-0.25354367,0.32129782,-0.41550818,0.65261006,0.026814668,0.69243336,-0.19274367,-0.32601833,0.14529164,0.51471096,-0.37517667,-0.8262333,0.43716002,-0.12007483,-0.087463506,0.7561917,0.43410003,0.060626823,0.25724164,0.275722,-0.48856834,0.36204746,0.2486067,-0.23449002,-0.26149246,-0.10757599,0.48442003,-0.7489333,-0.524505,-0.18281479,0.123909354,-0.43648967,0.015184832,-1.4444499,0.030953335,-0.16949618,0.0053753406,1.0002233,-0.27934268,-2.5429833,0.35910007,0.39629164,1.5592667,0.406289,0.07682633,1.0383183,-0.91370827,-0.003691097,0.8289683,0.12100917,0.83343154,0.5232367,-0.23915513,-0.27779666,0.18392833,-0.17082469,0.31426668,-0.4811475,0.23172675,0.4046867,-0.14005066,-0.10754317,-0.56789166,-0.14077835,0.37220916,-0.017586658,-0.65064996,-0.01827117,-1.7926167,-0.25697336,-0.06872117,-0.28738093,-0.7774767,-0.52359104,-0.21616252,-0.26068833,0.29972252,0.022700502,-0.5559251,-0.049582664,-0.15210666,-0.22200668,0.21096085,0.71885675
130,-0.3262,0.37663,-0.46472,-0.1021,-0.082114,0.46611,0.38964,-0.49173,0.11437,-0.30457,0.69878,-0.46911,0.10706,-0.93919,0.53677,-0.46456,0.048025,-0.90023,-0.063472,-0.057981,0.83849,0.50636,-0.46021,0.83971,-0.48749,-0.34951,0.75697,0.45814,-0.42016,-0.52367,0.64469,0.7775,0.11531,-0.11416,-0.43301,0.30022,-1.2184,-0.55637,0.25102,0.40906,0.010065,-0.050318,-0.53732,-0.2262,-0.62358,-1.0399,-0.17378,-0.92626,-0.38557,-0.51243,-0.21508,0.82102,0.23098,0.58865,-0.98223,-2.1593,-0.55874,-0.1892,0.67469,-0.37234,0.16377,-0.027408,0.71412,0.10459,0.42032,-0.079834,0.21681,-0.39733,-0.36657,0.080474,1.0219,-0.11701,-0.15058,-0.39003,-0.060789,-0.48433,-0.37578,0.23487,-0.96411,-0.25904,0.10793,-1.0883,0.37011,-0.18112,-0.96882,-0.36024,-0.56617,-1.5054,0.53818,-0.35668,0.40988,0.48873,0.78906,-0.27525,0.026356,-0.33824,-0.34155,-0.02032,0.81153,0.0076092
131,-0.094019,0.402714,0.574152,-0.35829479,-0.52388203,0.41419202,-0.14369519,0.27281642,-0.07071401,-0.24628182,0.46919936,0.106437586,0.404562,-0.09111722,0.051869404,-0.36447397,-0.2540248,0.29130602,-0.41562405,0.5751405,0.14004801,0.579526,-0.13948199,-0.43843198,0.2411222,0.371698,-0.26384822,-0.611856,0.34708998,-0.183781,-0.346848,0.75464803,0.4240082,-0.0381208,0.2924604,0.23598818,-0.15976779,0.2821586,0.25754005,-0.46104202,-0.08667379,-0.25802723,0.35799602,-0.61863,-0.5663462,-0.123841,0.019085396,-0.27347118,-0.039996598,-1.258414,0.0832676,-0.15789542,0.18756242,0.933276,-0.33703402,-2.50292,0.214714,0.5244042,1.2163479,0.5276626,0.035365395,0.99413997,-0.81397665,-0.20715794,0.62709093,0.11241879,0.94498193,0.58306944,-0.21639399,-0.15598401,0.258648,-0.23416898,0.137537,-0.387769,0.32392603,0.525378,-0.0284778,-0.11667119,-0.4747706,-0.14063402,0.54121745,-0.15650551,-0.49518195,0.2913766,-1.45084,-0.2119484,-0.23798001,-0.26724002,-0.848296,-0.49068004,-0.154296,-0.2846466,0.139406,0.031911496,-0.613152,-0.17948279,-0.30130678,-0.13571002,0.2071884,0.51516724
132,-0.16229479,0.15734778,0.2641582,-0.1847551,0.02230337,0.2682708,-0.14267893,0.1748814,-0.0062071355,0.0008341037,0.01710881,-0.17831405,0.21313457,0.078127764,0.13338591,-0.24998902,0.23271757,-0.063878946,-0.39773864,0.18053295,0.15311383,0.0054043652,0.29566744,0.15993358,0.11267197,0.11675788,-0.103203274,-0.27380496,0.101494595,-0.09014582,0.008367586,0.6238076,-0.12612337,-0.010300503,0.123060875,0.275272,-0.20267345,0.17304087,-0.010734718,-0.076911815,-0.41106418,-0.10352924,0.04608868,-0.39598858,-0.08481178,0.0386845,0.094305545,-0.41585037,-0.08345541,-0.8092718,0.041849073,0.19698401,0.06125631,0.93799764,-0.2693223,-2.1511314,-0.108091734,-0.26147997,1.71721,0.2593808,-0.23332535,0.4438154,-0.18898048,-0.0015176698,0.68967474,0.12174909,0.30854246,0.31020138,0.29243195,-0.22839971,0.02612282,-0.2683461,-0.030089693,-0.57401997,0.2164941,0.13951086,-0.04950876,0.14370051,-0.8249376,-0.086778,0.6029041,-0.13753296,-0.46910858,0.06420819,-1.3199277,-0.07699222,0.16592188,-0.13296534,-0.21683927,-0.28314394,-0.031464223,0.034816876,0.074264534,-0.10855016,-0.39386407,-0.07392619,-0.16523138,-0.27079332,0.4959438,0.2170175
133,-0.067127794,0.24469672,0.5138524,-0.42294526,-0.42168865,0.14168492,-0.19742556,0.3581586,-0.069402926,-0.040321536,0.26164192,0.24750714,0.09801286,-0.020786503,0.04550543,-0.2501953,0.1434385,0.27988994,-0.3760307,0.4066,0.15084343,0.21584372,-0.2122753,-0.05285992,0.31525367,0.14616457,-0.20846322,-0.5838441,0.42556152,-0.39632645,-0.02029193,0.5345124,0.24665417,0.18335862,0.0012832923,0.32236186,-0.25350702,0.17754999,0.06496785,-0.27029806,-0.29656503,-0.2190212,0.06847742,-0.61949664,-0.31549135,0.08573822,-0.04052199,-0.50165355,0.139185,-1.0175065,0.08734699,-0.027410503,0.17597714,0.8938243,-0.21930006,-2.2600763,0.10167358,0.094661355,1.7119664,0.49319747,-0.023532141,0.88061506,-0.57788336,0.11319748,0.81831646,0.045971572,0.43399748,0.4838074,-0.11916421,-0.17044285,0.1760641,-0.23830007,-0.0041079586,-0.39705247,0.036308777,0.1713605,-0.21924557,-0.17705746,-0.53589576,-0.13241921,0.44386858,-0.06484093,-0.4466486,-0.06958914,-1.3513521,-0.30445215,0.1696427,-0.23328777,-0.33088335,-0.40643272,-0.2713747,-0.0073929345,-0.059568286,-0.14544514,-0.36446315,-0.06705472,0.064832844,-0.007920434,0.36228734,0.35508114
134,-0.08273823,0.22167999,0.35771555,-0.18810381,-0.058000013,0.2808192,-0.0031233004,0.28658643,0.0664398,-0.03478517,0.2810462,0.0396981,0.26699105,0.08843563,0.096362606,-0.3200569,0.15872301,0.12746361,-0.50273687,0.10847562,0.30302602,0.026108272,0.2513048,0.015220699,0.21273644,-0.109653465,-0.085117,-0.47357515,0.1877127,-0.20015062,-0.05349597,0.6771944,0.024429832,0.092331395,0.03751479,0.31381184,-0.14521287,0.24898866,-0.014445339,-0.2606441,-0.48447445,-0.20539303,0.240944,-0.3029331,-0.11177877,0.08233306,0.20299949,-0.44366866,0.030349541,-0.68061626,-0.06742326,-0.045290094,0.1911574,1.1232316,-0.341344,-2.472788,-0.0640041,-0.098478526,1.5468266,0.737818,-0.13101606,0.74294144,-0.26633978,0.20072974,0.7663535,-0.09566106,0.46544996,0.4333593,0.033091646,0.019434355,-0.014649135,-0.25190723,0.014846038,-0.44469443,0.19566634,0.18947892,-0.1563241,-0.2071354,-0.8796196,-0.050101615,0.5476193,-0.12355633,-0.54393256,0.13677756,-1.3442028,-0.21856353,0.037956335,-0.28430685,-0.2365414,-0.2602442,-0.10149083,-0.15975715,-0.1512513,0.15866388,-0.58580863,0.010327169,-0.3018846,-0.12933579,0.33222398,0.25315085
135,-0.15140624,0.26727825,0.38220304,-0.31488952,-0.24383394,0.27998248,-0.24034375,0.17746463,0.06728014,-0.07690897,0.13448775,0.053324543,0.30610457,0.08673961,0.08631,-0.24890962,0.11037161,0.2623967,-0.4616397,0.3049712,0.21482353,0.033388447,0.123164415,-0.24698444,0.14874384,0.08985837,-0.20455842,-0.51292735,0.19553335,-0.20927271,0.0048720366,0.59520733,0.008893842,0.04027681,0.15085904,0.3275674,-0.062268924,0.12713291,0.27206334,-0.29554152,-0.37911588,-0.16953711,0.07409191,-0.5682283,-0.34804362,0.0070569688,0.069120616,-0.2574795,-0.039119933,-0.8265213,0.11757951,0.017826362,0.106333196,1.0132568,-0.17029847,-2.2072408,0.10276288,-0.095720746,1.5989716,0.42413345,-0.11800373,0.8155465,-0.33760437,0.016163483,0.8256472,0.02622387,0.50965333,0.39671564,-0.040805675,-0.24411039,-0.006026371,-0.31484184,-0.048690002,-0.46734133,0.13433771,0.19513124,-0.09513687,-0.009947752,-0.6830198,0.0011921031,0.5325196,-0.001240479,-0.5802172,0.015724057,-1.499145,-0.21464376,0.16469462,-0.008288015,-0.30624333,-0.42877895,-0.124444775,-0.084131375,0.00853377,-0.13123398,-0.41100582,-0.12690979,-0.17961168,-0.33201137,0.41613278,0.29216358
136,0.0534965,0.27758127,0.4699989,-0.6012881,-0.50630313,0.26585189,-0.059661873,0.20902413,0.117204376,-0.15463038,0.28148124,0.22292912,0.35128364,0.13723788,0.007822872,-0.28541002,-0.07931575,0.47384623,-0.4964025,0.4528286,0.32442376,0.20515999,-0.0037541096,-0.21896225,0.14500065,0.13153914,-0.30385938,-0.62692,0.23251063,-0.37094626,0.22385976,0.54119873,0.15510213,0.202724,0.08071762,0.36973,-0.2644695,0.35222876,0.086024985,-0.31678575,-0.29364997,-0.1915245,0.1824885,-0.57682776,-0.36018232,-0.15749638,0.18502738,-0.3487975,0.1707755,-1.0658787,0.12164238,0.042585123,0.028736498,1.031175,-0.0581595,-2.3878748,0.08465699,0.22220664,1.4463938,0.610404,0.047048748,1.1449687,-0.6190063,-0.04230999,0.82750124,-0.0323275,0.7297618,0.47141373,-0.20153725,-0.262285,0.12511113,-0.113127485,0.121736616,-0.53458875,0.0035324953,0.3767778,-0.22020036,-0.16785687,-0.7225916,0.024023749,0.5134866,-0.08908301,-0.57025,-0.1597699,-1.7234626,-0.35920486,0.113963746,-0.055404,-0.5861348,-0.24158074,-0.11191038,-0.30914953,0.11884883,-0.12109124,-0.6116888,-0.086483754,-0.3603775,-0.228752,0.24436024,0.5767262
137,-0.052109096,0.1267109,0.26431274,-0.20175864,-0.04601164,-0.17648755,-0.049207095,0.17602092,0.19544691,0.22379895,0.3599912,0.06527428,0.04937748,-0.19507842,0.30045378,-0.46182272,0.397103,0.11096463,-0.07889262,0.40325615,0.20105773,0.19354981,0.050904706,0.058695354,0.274553,0.05948646,-0.21676308,-0.5243154,-0.3780749,-0.02020455,-0.104615636,0.7191374,0.039470002,-0.12469272,0.11194355,0.33382893,-0.009099706,0.15789819,0.04550362,-0.42454097,0.088650994,-0.19507137,-0.041963827,-0.5451084,0.10288844,0.079737835,-0.15555273,-0.45837262,-0.04047,-0.4701762,0.06641818,-0.046558175,0.20069982,0.6501563,-0.3366691,-1.8148309,-0.15954301,-0.12412966,1.7164509,0.03762691,0.04203364,0.35524607,-0.167706,-0.046708357,0.31190664,-0.070390634,0.5205232,0.3497001,0.27347443,-0.2808036,0.07697364,-0.14023545,0.07361282,-0.3075663,0.06040219,0.09565919,-0.062030587,-0.04490374,-0.7985294,-0.029235732,0.7971356,-0.2516724,-0.28277636,-0.04087446,-0.8823751,-0.091133,0.06813364,-0.23848528,0.07428729,-0.04256272,-0.10599863,0.047952093,0.053370632,-0.41581848,-0.59674,0.0044727107,-0.012171973,-0.21641183,0.58155435,0.042085096
138,-0.242935,0.22773512,0.33899537,-0.10267088,0.09852874,-0.18014726,-0.19274387,0.19498125,-0.042681877,0.11042251,-0.036154322,-0.18302052,0.09857452,0.001997497,0.17165725,-0.18469313,-0.042979248,0.11908275,-0.023610126,0.231445,0.21129751,-0.016693756,0.4534064,0.18040375,0.2626956,-0.0015276282,0.049265366,-0.61328006,-0.38153037,-0.036117002,-0.24533501,0.6683751,-0.13482624,-0.039097995,0.31351,0.45179874,0.14075962,0.21775436,-0.035371438,-0.52187,-0.173515,-0.19000074,0.08531612,-0.37121373,-0.027265996,-0.121606246,0.35603598,-0.3812725,0.053183123,-0.76656246,0.17375973,-0.06740625,0.24749652,1.0163387,-0.31711864,-2.413045,-0.044896126,-0.27109388,1.7339625,0.06275912,-0.17055675,0.49553624,-0.37771398,0.14977288,0.8586025,-0.21159813,0.6264975,0.018507868,0.43491077,-0.33515775,-0.0781735,-0.33858088,-0.049387753,-0.13054127,0.31161487,0.072755754,-0.1552985,-0.008950999,-0.87427133,0.035342745,0.6647038,0.100219876,-0.5623925,0.03093762,-1.2376437,-0.12832801,-0.005272031,-0.36909464,-0.17238139,-0.42495885,-0.016976375,-0.07307888,-0.16381526,0.14006248,-0.32495642,0.19067624,-0.21984115,-0.46755287,0.5503713,0.17689452
139,-0.46316335,0.30513,0.23901667,-0.21774332,-0.37009335,-0.07044266,-0.189722,0.39854,-0.046610016,-0.18813966,0.054013327,0.28654,0.38902664,-0.063982666,0.05208667,-0.36342335,-0.07106001,-0.13803333,-0.036818508,0.17639,0.44751668,0.31856635,0.20435779,-0.09867401,0.431735,0.259146,-0.4910767,-0.57157,-0.13359167,-0.0067720064,-0.28379333,0.7061966,0.096370004,-0.14027333,0.34298,0.35711333,0.15851676,0.11086,-0.092039995,-0.11581334,-0.21415667,-0.21166076,0.31366667,-0.31175998,-0.14388268,-0.2846749,0.84976333,-0.14892666,-0.02102,-0.60046667,0.19368799,-0.35564336,0.42267,1.1738566,-0.26401666,-3.0384333,0.17610998,-0.11927867,1.8094667,0.39224336,-0.017687334,1.07578,-0.25256,0.0010366688,0.86537,-0.22905667,0.70069665,0.37699333,0.19755334,-0.26366666,0.20489664,-0.32509336,0.17601335,-0.31015,0.5227054,-0.29078665,-0.4223977,-0.15311566,-0.89051336,-0.021800006,0.53981,-0.02798033,-0.69749,0.2800367,-1.5715666,-0.10881666,0.034220606,-0.21002066,-0.32351533,-0.30475464,-0.099561,-0.040567,-0.32041332,-0.014446001,-0.42398334,0.025492003,-0.56923336,-0.49405667,0.16547666,0.40620336
140,-0.57069,0.11777499,0.50558996,-0.46385503,-0.365275,0.33764,0.031355,0.16822301,-0.09183499,-0.041660003,0.206325,-0.19145499,0.17894399,-0.24281001,-0.013735004,-0.286515,-0.357495,-0.010505006,-0.14929101,0.1475135,0.268325,0.38571,0.19114,-0.45679998,0.111765,0.44917348,-0.48552498,-0.685035,-0.2274765,-0.27107,-0.045842003,0.582355,-0.171576,0.011095498,0.0062200055,0.686195,0.194683,-0.3664574,0.08569499,-0.579075,-0.1614245,-0.64234,-0.16306311,-0.396,-0.10203,-0.23735,0.124035,0.1005255,0.540125,-1.062075,-0.055587,-0.363985,0.26635998,0.983675,-0.251585,-2.5175,0.387915,0.183856,1.174695,0.1647505,0.035595004,1.22105,-0.66522,0.24057499,0.79375,0.08558,0.838745,0.06689501,0.310545,-0.53751004,0.2850345,-0.3604135,0.14096999,-0.1272,0.3199285,0.14324999,-0.020595,-0.250695,0.16786003,-0.14118999,0.61141,-0.057621498,-0.888235,0.249495,-1.095535,-0.0975685,0.1391975,0.13975,-0.37537798,-0.327865,-0.074085,0.400692,-0.1193645,-0.2069045,-0.46077502,-0.061368503,-0.432085,-0.191645,-0.1347595,0.28108
141,-0.10772882,0.1511234,0.4421394,-0.24025454,-0.0389426,0.1094163,-0.12229425,0.3120903,0.10857718,0.039307177,0.27357602,0.18958771,0.1566218,0.024959944,0.013838412,-0.22658935,0.29542798,0.21214472,-0.39265323,0.0070076436,0.22014956,0.080394536,0.07133771,-0.13354407,0.06229934,-0.0011618803,-0.13581347,-0.33553457,0.13962524,-0.19551957,0.014061069,0.38940707,-0.0025615816,0.14271413,-0.046816874,0.29842576,-0.08506233,0.17729795,0.060018707,-0.1819825,-0.3696809,-0.28027532,0.3053361,-0.35607332,-0.1155717,-0.04876141,0.03078959,-0.3111024,0.07468565,-0.74647886,0.26614615,-0.008887065,0.17905842,0.8317693,-0.3606711,-1.87424,-0.077578865,-0.18084845,1.3374095,0.54477865,-0.073461875,0.6535941,-0.26123744,0.113635145,0.7101453,-0.050209116,0.2881858,0.23959951,0.025080936,-0.22546747,0.14780983,-0.34590134,-0.012524123,-0.11899672,0.12052871,0.2025543,-0.15996559,0.035839763,-0.8276942,0.104004174,0.5165877,-0.016190244,-0.484507,0.070351176,-1.1999023,-0.27398953,-0.047878634,-0.2888638,-0.24977261,-0.3660374,-0.17206553,-0.21021098,0.029820459,0.06114518,-0.4564529,-0.07373423,-0.13485444,-0.22769623,0.376713,0.2863567
142,-0.030768143,0.069341,0.25486642,0.021584287,0.089637145,0.3996043,0.20047371,0.5111443,-0.12389786,0.0021839966,0.29886457,0.09647397,0.19339357,0.08967586,0.3300643,-0.27159426,0.10779999,0.20752428,-0.20802543,0.15123442,0.3362114,0.12627672,0.14360799,0.06776272,0.18193385,-0.24673428,-0.16425073,-0.3449814,-0.10198314,0.1280017,0.066534705,0.52271944,0.0050940025,-0.12287428,0.08617572,0.35074785,-0.06597615,0.09663486,0.27046713,-0.24138315,-0.07315713,-0.3850956,0.19725142,-0.14058271,-0.071082845,-0.062401433,0.1353,-0.27011573,0.08408471,-0.6983557,0.18487087,-0.17801714,0.17262173,0.85188144,-0.028836137,-2.3630428,-0.25831342,-0.11722622,1.8646858,0.3810167,0.17583343,0.92842424,-0.27767,-0.057259377,0.5371223,0.11746156,0.275319,0.14597972,0.33709425,-0.020204717,-0.15701,0.31052002,0.22940972,-0.2186114,0.19332656,0.27322328,-0.09404343,-0.4215886,-0.75145143,0.003639715,0.48606816,0.214295,-0.24006571,0.1227087,-1.2105685,-0.13610284,0.31392288,-0.17439874,-0.08028199,-0.091642275,0.007095558,0.11132071,0.027912859,-0.114312135,-0.49959642,-0.10817357,0.018255277,-0.12405573,0.51922786,0.18980129
143,-0.023878798,0.259271,0.60039604,-0.22681649,-0.83970594,0.2511372,-0.019756038,0.46560797,0.289808,-0.233306,0.761366,0.36382937,0.409972,-0.1553792,-0.1672788,-0.641362,-0.27543396,0.23436001,-0.422676,0.37144598,0.11499641,0.82541,-0.26750603,-0.3515225,-0.09276339,0.3125454,0.15485208,-0.40942064,0.42589155,-0.0008719891,-0.26634863,0.83373594,0.3408224,-0.018477384,0.2843684,0.259484,-0.18083958,0.1899748,0.29622403,-0.561908,-0.266022,-0.21730399,0.255866,-0.528508,-0.47950858,-0.4191652,0.38034457,-0.3355178,-0.111868,-1.2474941,-0.10386281,-0.3025434,0.30745903,0.67404956,-0.56962,-1.8675461,0.18625203,0.27198023,1.111,0.25079018,0.12670639,0.63336,-0.8693412,-0.28141853,0.599376,0.047629405,0.490808,0.651612,-0.5032666,-0.024555404,0.347578,-0.30807,0.14336002,-0.40976,0.327198,0.24423802,0.10858701,0.0319092,-0.54226196,-0.49057603,0.2817554,-0.45370564,-0.45923463,0.0872162,-1.266208,-0.089095615,-0.1667811,-0.22421399,-0.62955004,-0.2707128,-0.028312001,-0.1484586,0.22511618,0.23941723,-0.48171383,0.21327241,-0.127681,-0.355578,0.1874862,0.35857877
144,-0.37628,0.37102,0.32594,-0.085084,-0.55012,-0.10441,0.20578,0.028909,-1.8407,0.081913,1.2134,-0.4567,-0.9334,-0.19151,-0.1152,0.58407,-0.69723,0.21457,-0.21608,0.41879,0.55475,0.29149,0.045214,1.0378,0.0015325,0.98789,0.74764,0.18687,0.45627,0.26539,0.37998,0.50505,-0.30507,-0.066636,0.33587,0.14825,0.67327,1.0297,-0.18765,0.62991,1.4595,-0.8292,0.45825,-0.6766,-0.41949,0.26539,-0.7623,-0.023719,0.25843,0.19986,-0.60288,-0.13189,0.30819,0.014331,-0.41035,-1.5426,-0.53611,0.17539,0.93878,0.4134,-0.49988,-0.4687,-0.32286,0.17851,1.1341,0.57721,0.2941,0.74367,0.49498,0.25438,-1.0924,-0.54461,-0.38894,0.74861,1.1122,-0.067949,0.34129,-0.6351,0.043718,-0.50877,-0.54271,-1.1272,-0.82029,0.036131,-0.47575,0.30262,-0.12555,-1.1586,-0.093576,0.36616,-0.87637,0.25128,0.1292,0.29042,0.061772,0.092755,-0.2546,-0.8799,0.055301,-0.38686
145,0.041975,0.56665,0.55495,-0.79539,0.011599,0.042316,-0.47193,0.16728,-1.03,-0.42708,-0.042261,-0.93797,0.01764,0.24681,0.24844,-0.74971,0.75269,0.24294,0.4173,1.089,-0.10551,0.29419,-0.84321,0.25104,1.2688,0.26621,0.4935,-0.12787,0.41448,-0.37376,0.36673,0.05751,-0.34514,-0.0082621,0.74975,-0.53979,0.42224,0.74624,-0.64641,0.046788,0.23655,0.26706,-0.63018,0.39395,0.65331,-0.29825,-0.84473,0.10571,0.31079,-0.049061,0.09755,-0.41271,-0.15946,0.91942,0.80997,-2.2296,-0.76507,0.86158,0.55543,0.75676,-0.83314,1.7212,-0.1477,0.34273,0.50468,0.025164,0.46121,0.89271,-0.38666,0.43921,0.18902,-0.25856,-0.23932,0.21862,-0.098173,-0.64256,0.28659,-0.39449,-0.048029,-0.41707,0.023152,-0.090341,0.011254,-0.34894,-0.91081,-0.36158,-0.33487,0.13672,0.026403,-0.36497,-0.66273,0.18363,-0.49008,-0.24731,-0.55261,-0.29198,-1.0498,0.048084,-0.038734,0.20852
146,-0.25215966,0.28032002,0.32293665,-0.17241101,-0.49020335,-0.13905932,0.019082,-0.12200666,-0.110920005,-0.40575334,-0.09511604,-0.09452667,0.3432033,-0.12814766,-0.04385333,-0.24799733,-0.22305067,0.01421534,-0.145692,0.69202,0.176772,0.14846332,-0.07980333,-0.40101334,-0.014208336,0.221022,-0.27474666,-0.45429334,-0.17552866,-0.042029988,-0.16795665,0.60162663,0.018553339,-0.25005665,0.50590664,0.30856666,-0.15134266,0.22130264,-0.014764935,-0.37703666,-0.15242167,-0.075876005,0.28261468,-0.33056268,-0.22037001,-0.41885003,0.6912453,-0.025365934,-0.130227,-1.07,0.24598335,-0.2681474,0.19524665,0.9218567,-0.067464,-2.4598668,0.2810473,0.160206,1.2846466,0.024829999,-0.24770068,0.9548133,-0.7022133,-0.124201335,0.85268,-0.11573199,0.6292433,0.33326334,0.19922733,-0.4197,0.23163335,-0.18700266,0.3113993,-0.23883599,0.6367533,0.065696664,-0.18164967,-0.22309333,-0.42376336,-0.06504333,0.4715233,0.22032833,-0.5234633,-0.018376663,-1.5135001,-0.21394001,-0.022737065,-0.20481034,-0.53477997,-0.5859167,-0.009553533,-0.28959033,-0.007401665,0.184175,-0.46459332,0.12694533,-0.5021966,-0.59528,-0.0075106644,0.63805
147,-0.14633888,0.22335437,0.30837747,-0.21936992,-0.044864196,0.034434795,-0.1984851,0.29734212,0.0068853474,0.07550394,0.17807636,-0.035053633,0.12242235,-0.0059288065,0.09474166,-0.29359034,0.24968997,0.18741211,-0.37309012,0.27542943,0.19744562,-0.14784375,0.15426387,0.08401231,0.10741353,-0.053963993,-0.112033404,-0.3967817,-0.01616477,-0.28259617,-0.033532865,0.6045849,-0.13145067,-0.0069579487,0.108437695,0.392154,-0.036767703,0.31223938,-0.032247555,-0.29966238,-0.22255594,-0.25461432,0.04068091,-0.37415922,-0.12599468,0.047979575,0.082206406,-0.45979267,-0.095961384,-0.69953734,0.10436714,0.056525707,0.11753331,1.0474638,-0.30222893,-2.1881769,-0.05437455,-0.3330912,1.8183777,0.3952526,-0.1833001,0.5187335,-0.29585165,0.11559442,0.75204253,-0.011957086,0.35109383,0.35929024,0.14074267,-0.36599392,-0.020503135,-0.3833186,-0.03670225,-0.37688696,0.26422122,0.16944724,-0.20096548,-0.055436816,-0.8330749,0.031750962,0.6378899,-0.122073255,-0.5374559,0.06233918,-1.3444606,-0.1122593,0.21017464,-0.08485708,-0.12963513,-0.28883237,-0.13059667,-0.013542428,-0.112092204,-0.1782884,-0.49086207,-0.1298234,-0.029415783,-0.1323993,0.64421946,0.13588563
148,-0.042625204,0.20749927,0.32478926,-0.2723131,-0.124424234,0.20839746,-0.09741825,0.19935754,0.050978303,0.0826925,0.21297558,0.10287292,0.19885303,0.10521674,0.15438747,-0.2745071,0.13187769,0.15619263,-0.42411143,0.19761567,0.23264667,0.1539496,0.17093407,-0.097206526,0.104852326,-0.042766716,-0.12776916,-0.40180457,0.11025878,-0.17378159,0.052956946,0.48885858,0.03385742,0.09638239,0.02430657,0.3532489,-0.11866313,0.21903759,0.05626643,-0.23612544,-0.3408292,-0.17424858,0.16945735,-0.45855525,-0.12106245,-0.011487933,0.102511086,-0.22751203,0.093511656,-0.72662836,0.026109602,0.039571434,0.1161043,0.88831633,-0.27586132,-2.1239,-0.03843173,-0.039727937,1.5169586,0.5009861,-0.13159993,0.6952475,-0.33753535,0.122643635,0.6441626,-0.07034013,0.5327112,0.32214856,0.031164287,-0.08931448,-0.00980738,-0.23767446,-0.009238752,-0.3936247,0.12414073,0.28772828,-0.08522714,0.0019460401,-0.874106,0.06279694,0.56572133,-0.11129447,-0.44943056,0.085638136,-1.2589256,-0.2752079,0.008990404,-0.24326615,-0.3563217,-0.3163507,-0.038734466,-0.21161091,-0.014393708,0.017945431,-0.52918476,-0.024488185,-0.20081449,-0.14773649,0.36361042,0.2166069
149,0.098766,0.38397,0.26227,-0.058741,-0.20597,0.19129,0.031302,0.4311,-0.14923,0.26468,-0.063913,-0.094587,0.19793,-0.096618,0.24348,-0.31467,0.097675,0.24724,-0.32368,0.047118,0.45458,-0.38223,0.1306,0.080704,0.13255,-0.44639,0.26547,-0.61557,0.063596,-0.08303,0.41454,0.68674,0.020873,-0.27769,0.1425,0.33237,-0.022684,0.32512,-0.0078992,-0.15809,0.11388,-0.20844,0.3988,0.12267,0.017449,-0.040645,0.30873,-0.44941,-0.35171,-0.8214,0.24074,-0.015392,0.39307,1.0094,-0.27229,-2.8493,-0.092518,-0.19689,1.7606,0.46902,0.1608,0.9059,-0.37837,0.11984,0.79972,0.10071,0.13774,0.044494,0.15176,0.22861,-0.64129,-0.13822,0.11375,-0.29933,0.28768,0.19966,-0.21373,-0.53014,-0.73647,-0.13001,0.14474,-0.1926,-0.46546,0.18238,-1.3896,0.032834,0.04814,-0.47467,-0.025645,-0.40943,-0.25694,-0.027033,-0.17771,0.26613,-0.2861,-0.20019,-0.80291,-0.40619,0.61264,-0.1077
150,0.075235,0.1481655,0.64966,-0.6385975,-0.3624075,0.436652,0.051356755,0.19634797,0.1592585,0.0725385,-0.31944752,0.16360995,0.08250475,-0.034271,0.27453,0.26657975,0.15652099,-0.011931251,-0.111195505,0.47151148,0.45944852,0.22505425,-0.213815,-0.5609703,0.30523747,0.16046825,-0.48649,-0.21270251,-0.08216251,-0.15772249,-0.20704125,0.6041825,0.43075225,-0.1630293,-0.016834997,0.3622275,-0.46447927,-0.051612496,0.49238998,-0.2995725,-0.10728,0.34448776,0.23044248,-0.20437975,-0.40456247,-0.00456075,0.19255224,-0.16608499,-0.2040125,-0.666595,-0.12674248,-0.06188849,0.1433425,0.71664995,-0.5388125,-1.995465,0.014761994,0.146115,0.98193586,0.32851,0.02925625,0.7442225,-0.28321773,-0.09962593,0.890615,0.024534002,0.7841825,0.09725502,-0.047097497,0.07917042,-0.047735002,0.059877504,-0.056016,-0.18825975,0.04976217,0.19428399,0.284765,-0.21703449,-0.6016275,0.129745,0.39095202,-0.15802775,-0.2172775,-0.1829538,-1.09511,-0.0965985,-0.026942503,-0.18405,-0.3083185,-0.5136375,0.21667498,0.03216675,-0.18136725,-0.13281173,-0.19412625,-0.220521,-0.10607725,-0.26401126,0.11940501,0.41161
151,0.031861972,0.02779347,0.29299283,-0.21969262,0.075899385,0.24534899,-0.09211815,0.24742971,0.046971556,-0.10896866,0.14005838,0.06283553,0.21445388,0.041134607,0.11116266,-0.07483715,0.050342042,0.04085584,-0.27923533,0.11371043,0.1419976,-0.005679249,0.008195402,0.033442263,0.30649075,0.018146107,-0.22600125,-0.23050666,0.013233637,-0.1300281,0.13947068,0.2698698,-0.19644836,-0.022058887,0.027863245,-0.012904471,-0.11990507,0.081409805,-0.17222749,-0.20670465,-0.16326761,-0.22425143,0.18243614,-0.21012485,-0.05321198,-0.024985211,0.20764561,-0.2342475,0.030816248,-0.6327182,0.11847934,-0.0041369647,0.14601469,0.8600447,-0.22813438,-1.8969985,0.07299928,-0.114512436,1.3782884,0.39916253,-0.09179553,0.5462087,-0.39238313,0.11378384,0.5432,-0.019007362,0.29687124,0.22547728,0.19100899,-0.1538681,-0.19089612,-0.15465179,-0.045325126,-0.3125895,0.14147706,0.2963876,-0.20731713,-0.07042125,-0.6893736,-0.033532694,0.5084806,-0.012836377,-0.39384434,0.081028,-1.0905572,-0.15184343,0.17564361,-0.07682759,-0.16617447,-0.27498657,-0.107745506,-0.0671235,0.005327251,0.074221045,-0.4540521,-0.14162378,-0.061398115,-0.1429135,0.46493095,0.06442382
152,0.06853591,0.16461876,0.2809253,-0.090332046,-0.21274497,-0.10133538,-0.17282955,0.03520347,-0.17034376,-0.060454886,0.17944553,0.06947752,0.27339882,-0.14128314,-0.066725746,-0.4003712,0.25357792,0.17089991,-0.3541942,0.30551904,0.07737467,0.11689509,-0.027646175,-0.13222374,0.13214175,-0.041205745,-0.13650933,-0.29518533,0.117543474,-0.24454992,-0.03320615,0.62638867,0.024019912,-0.15553528,0.0678462,0.31345508,-0.058920287,0.23199458,0.032518573,-0.23609616,-0.17675243,-0.18055566,0.16606553,-0.28725523,-0.23358844,0.06967691,0.27428287,-0.3705939,0.13583915,-0.705207,0.026442006,-0.09318432,0.11164471,0.9182673,-0.04755538,-1.9364835,0.013298191,-0.07587975,1.4777038,0.4069533,0.018979188,0.62112474,-0.19684032,0.07465669,0.53236073,-0.016306534,0.43347985,0.26175368,0.21291777,-0.05746438,0.067369424,-0.12254416,-0.08135386,-0.3072285,0.1461633,0.09978652,-0.04970971,-0.18189247,-0.819549,0.068899855,0.5217009,-0.083553575,-0.37667543,0.15799215,-1.3539567,-0.20039126,-0.11921826,-0.29061237,-0.23105288,-0.42110226,-0.045626048,-0.05700622,0.023309002,-0.036168378,-0.4972867,0.03734527,-0.24191791,-0.2768456,0.36320862,0.404382
153,0.03072294,0.15117101,0.35210088,-0.4027154,-0.30895913,0.06517793,-0.3043466,0.18068682,0.3089491,-0.18577035,0.26751584,0.203055,0.124702655,-0.050699465,-0.00018580754,-0.24705067,-0.019016592,0.42400122,-0.13951685,0.31100044,0.031928793,-0.047906734,-0.115092665,-0.21611367,0.12730253,0.109183334,-0.4063621,-0.5760863,0.21617547,-0.23317745,0.07904747,0.55871135,0.04073727,-0.014391598,0.17283773,0.2291062,-0.018464064,0.035998132,0.16146712,-0.40543163,-0.11283159,-0.14437221,-0.0402766,-0.37611625,-0.32005233,0.027432991,0.033154663,-0.47414997,-0.11423941,-0.94563144,0.23321247,0.16387767,0.0011492034,0.78906035,-0.07864828,-1.8671187,-0.018912932,-0.031071868,1.5974755,0.23109944,-0.075948015,0.6207638,-0.3792383,-0.002930351,0.6609449,0.1472016,0.61075896,0.36900285,-0.2891016,-0.30895168,-0.09483827,-0.2978398,-0.029650334,-0.35409304,0.18928102,0.20115177,-0.08679481,-0.021467794,-0.5049015,0.022529332,0.5979179,-0.2921,-0.55969226,0.035586067,-1.3198687,-0.22453451,0.124883845,-0.020813942,-0.17265575,-0.21843947,-0.12544478,-0.026506064,0.077418335,-0.34789196,-0.35331532,-0.1686252,0.11038574,0.061627936,0.3623626,0.22135882
154,-0.19405383,0.16534548,0.2638489,-0.2209754,-0.033878088,0.17920691,-0.19452964,0.13395038,0.07979668,0.011115001,0.19716467,-0.013097602,0.07967624,-0.19058084,0.20427929,-0.2215011,0.27495793,0.097033024,-0.48271415,0.38176537,0.39630422,-0.095122434,0.29442617,0.08024163,0.1293193,-0.0956791,-0.11820249,-0.5133583,0.20756969,-0.14409214,-0.13572885,0.58758765,-0.1276899,0.03761759,0.07164877,0.50531954,-0.10432487,0.10436463,0.070004456,-0.21987782,-0.34917405,-0.16528517,-0.20072237,-0.55903554,-0.24977645,0.08001528,0.15472423,-0.29877633,-0.079596095,-0.8224426,0.065317266,-0.023904584,0.22585134,1.0331659,-0.32555482,-2.5141146,-0.1408704,-0.34660524,1.7537845,0.3321149,-0.211902,0.69806856,-0.2706714,0.19522762,0.6739513,-0.053980313,0.445942,0.31642953,0.08046145,-0.33953252,-0.085471265,-0.38721755,-0.12865083,-0.5066462,0.04528854,-0.014065769,-0.23767842,-0.0032942323,-0.75335866,-0.094947316,0.58504504,-0.011627097,-0.42769367,0.01654789,-1.3742257,-0.20094611,0.25763825,0.048895024,-0.15203571,-0.2500324,-0.06995232,0.10839121,-0.07093445,-0.27667525,-0.5450436,-0.20725054,-0.15259892,-0.30121496,0.6177343,0.13369791
155,-0.057445183,0.20575248,0.6136838,-0.3618838,-0.11942468,0.0766372,-0.25341475,0.24350026,0.23856845,0.07813469,0.18057562,0.0049281223,0.33093178,-0.033543497,-0.060378883,-0.15642905,0.31287864,0.2254851,-0.35378873,0.23503968,0.10553313,-0.16049263,0.2857255,0.08203162,0.16053586,0.16848099,-0.13156426,-0.44536003,0.04270581,-0.20166948,-0.03241124,0.7034838,0.061286055,0.16606924,0.1984525,0.3931761,-0.032640714,0.09455811,0.004087642,-0.30441597,-0.34861577,-0.0017015934,0.1602098,-0.3046497,-0.21595174,-0.0516821,0.11437662,-0.28546682,-0.051823884,-0.6921969,0.13265589,-0.10904887,0.12671688,0.94903195,-0.31361434,-2.0692732,-0.0025808066,-0.13491407,1.5098608,0.36822134,-0.14072187,0.4511293,-0.3091438,0.034081236,0.75238144,0.080920324,0.5054023,0.39064556,0.18495624,-0.2368405,0.15002182,-0.24587259,0.14945601,-0.37564063,0.1847665,-0.029141597,-0.09398294,0.027637873,-0.80221665,0.05854875,0.6279331,-0.15319492,-0.5953865,0.21449886,-1.2138016,-0.04668513,0.15913464,-0.08566037,-0.09590444,-0.22075063,0.12599911,-0.099770755,-0.18963493,-0.0060072504,-0.3434332,0.036347,-0.2565212,-0.58120567,0.37983873,0.28412563
156,-0.0034655598,0.30394334,0.13029955,-0.16423911,-0.057341114,-0.1483019,-0.19324833,0.36308223,-0.19170777,-0.07181345,-0.042537116,0.00067694735,0.3748802,0.049778555,0.05638567,-0.2269138,0.030636556,0.08591889,-0.007955988,0.20600024,0.42388365,-0.0060081133,0.29856464,0.027618777,0.2950561,0.16395688,-0.05621779,-0.6672445,-0.2503059,0.022344446,0.09176222,0.36099002,-0.056782227,-0.10309744,0.4426633,0.23048633,0.092564434,0.2243539,0.14694221,-0.33684444,-0.11113111,-0.23245221,0.07822256,-0.44114447,0.048527323,0.028307889,0.2782071,-0.26888853,-0.032248225,-0.8757478,0.09178444,-0.21935545,0.05483344,0.9255578,-0.2723156,-2.4700556,-0.014072001,-0.087950215,1.7796214,0.27235132,-0.13005298,0.63810664,-0.4494498,0.11862826,0.60261995,-0.16517112,0.7536056,0.3504702,0.34136468,-0.28256556,-0.11278122,-0.34098977,-0.07309622,-0.09228422,0.061500113,-0.04268378,-0.057553887,-0.04158811,-0.9285066,0.0041421186,0.9046266,0.080651335,-0.5774589,-0.18794067,-1.1719966,-0.38959,0.1848552,-0.3193378,-0.16779344,-0.41104767,-0.3149548,-0.016159447,-0.19304518,-0.18010645,-0.70729834,-0.017695222,-0.2940079,-0.35579175,0.62854785,0.24019511
157,-0.015310434,0.18531111,0.24070485,-0.3359957,-0.113494165,0.18670402,-0.031941336,0.31701222,0.061763622,0.018516963,0.21548009,0.1260408,0.29008135,0.092862636,0.15220417,-0.35288993,0.14566953,0.23148789,-0.41742316,0.16481157,0.3154188,0.10181089,0.10262923,-0.07168246,0.11972237,-0.051977776,-0.1642211,-0.43388525,0.1032348,-0.31198695,0.095744416,0.4651503,-0.049798395,0.1078836,0.13880612,0.33027366,-0.040588308,0.22478808,0.01871753,-0.24228585,-0.26211956,-0.19685403,0.18245067,-0.41380814,-0.07338796,-0.06916001,0.14542922,-0.33266217,0.03673664,-0.87219495,0.11159339,0.020451628,0.11382753,0.918518,-0.23708631,-1.981393,-0.023843287,-0.09612255,1.4739509,0.49236816,-0.056501273,0.6224391,-0.452757,0.20576358,0.68871033,-0.1789467,0.53139794,0.3624235,0.06496315,-0.28793484,-0.05402248,-0.25180888,0.027755415,-0.18287568,0.1110984,0.27140084,-0.15333636,0.03728889,-0.84455407,-0.036151793,0.6010798,-0.0540286,-0.36203316,0.06363644,-1.3637573,-0.3258191,0.12428189,-0.20767698,-0.34278446,-0.34135553,-0.09607907,-0.26892337,0.0012043279,-0.10620202,-0.54276484,-0.026625901,-0.12418042,-0.14747947,0.408231,0.12269171
158,-0.058574803,0.111346796,0.37991866,-0.24785589,-0.042147815,0.1206751,-0.14073452,0.29030877,-0.06301245,-0.004952975,0.15701719,0.025663957,0.24432604,0.091583736,0.088410884,-0.38670892,0.2749628,0.110064946,-0.27270103,0.059876893,0.2122247,0.027756907,0.2580765,0.051096264,0.21907909,-0.08031298,-0.15593886,-0.42250457,0.13553432,-0.11035956,-0.07770179,0.43883696,-0.024449516,0.020529352,0.02076759,0.2858663,-0.096947834,0.14263229,0.027161475,-0.17632146,-0.27787462,-0.2587836,0.2208559,-0.3390875,0.040670868,0.06610375,0.1740983,-0.28447205,0.06523837,-0.67181444,0.058143284,0.055098828,0.08240098,1.0072265,-0.27255806,-2.1385746,-0.050430506,-0.12771076,1.6223332,0.42441338,-0.1311722,0.63391894,-0.2532067,0.17972934,0.6061883,-0.06979653,0.28004968,0.23964101,0.12663779,-0.11967184,-0.07512847,-0.3016014,-0.09964541,-0.45313218,0.17480253,0.09694015,-0.070643134,-0.010523046,-0.8008696,-0.046153117,0.51298255,0.056928508,-0.4482575,0.1391025,-1.2136467,-0.28544345,0.10489525,-0.14481242,-0.19709988,-0.18889883,-0.10150596,-0.06205289,-0.023117432,0.12425556,-0.5818486,-0.021874104,0.012268675,-0.11931056,0.50850755,0.22067972
159,0.19334875,0.055897504,0.10912,-0.0678225,-0.07765249,-0.115644425,-0.085766,-0.1820075,-0.09102249,-0.1706225,-0.053597752,-0.21099,0.18492499,-0.09340826,0.05162999,0.03337023,0.128512,0.20001376,-0.40114,0.38967553,0.058511753,0.24782749,-0.20279,-0.332555,0.076479994,0.086975,-0.4029375,-0.18059075,-0.10055001,-0.10654451,-0.0663175,0.39672825,0.02291175,-0.10004251,0.163095,0.2097852,-0.22502825,0.028869994,0.112669796,-0.61653996,0.47706878,-0.0767985,0.215998,-0.4063638,-0.003597498,0.06690501,0.14013901,-0.204584,0.33968475,-0.41521496,-0.044226997,-0.0794075,0.0361375,0.45140278,0.13449974,-1.77906,-0.09531751,-0.083102494,1.1065149,-0.088085756,-0.0194405,0.39559495,-0.28428,0.14989649,0.44096252,-0.1120905,0.4528475,0.047945503,0.29291922,-0.24538448,0.061520003,0.042885255,0.27474624,-0.1352,0.34551698,0.20150724,0.16155726,-0.2508675,-0.182735,0.13898425,0.35150552,0.10931374,-0.16446999,0.1591975,-0.7841125,-0.10564925,-0.12025775,-0.29959527,-0.27970502,-0.13450001,0.23765276,0.044520006,0.26846373,0.022826005,-0.5035625,-0.2522925,-0.0654475,-0.250255,0.42128477,0.56464255
160,-0.1394526,0.19620422,0.27684018,-0.2935783,0.23966388,0.270504,-0.0152010005,0.13591199,0.035202,0.1687428,-0.18619491,0.10685376,0.2534732,0.119979404,0.16411021,-0.0707157,0.20424299,-0.06302141,-0.19399212,0.29858643,0.16978738,-0.03213407,0.16479819,-0.0429309,0.30283058,-0.100174405,-0.115609095,-0.35421795,-0.20810321,-0.13353482,-0.0739796,0.66557103,-0.090331994,-0.10819219,0.14874119,0.189099,-0.082781345,0.001512009,-0.0174965,-0.25377402,0.012571496,-0.04283046,0.23099442,-0.3453196,-0.0684731,0.104731835,0.1941938,-0.12758312,-0.21871701,-0.46992502,-0.112283304,0.092003204,0.339104,0.907499,-0.4361713,-2.393981,-0.1638249,0.0288951,1.347091,0.425565,-0.10591199,0.86157906,-0.1352248,0.12351097,0.7146205,-0.08332801,0.5346417,0.2919128,0.15043299,-0.10607793,-0.24164471,-0.16233718,-0.108633,-0.2499738,0.21588588,0.06631629,-0.0940721,-0.22176051,-0.89149904,0.025373006,0.6073424,-0.184629,-0.39788386,0.01951303,-1.05142,-0.1286971,0.1284686,-0.31414908,-0.1583508,-0.33544043,0.02987799,-0.12129019,-0.2487526,-0.060845137,-0.111177996,-0.14265242,-0.400174,-0.3248535,0.429547,0.17748839
161,-0.10644691,0.29128668,0.4928091,-0.36929542,-0.43663025,0.1295541,-0.15046763,0.023002546,0.04353636,-0.25378135,0.19115628,-0.077426344,0.3461751,-0.08022164,0.10979727,-0.13089655,0.0357821,0.21765874,-0.22502546,0.45341203,0.19791101,0.13677292,0.012478363,-0.04259579,0.16085857,0.017577272,-0.17460926,-0.55368906,0.20467654,-0.30263263,0.048186723,0.60551995,0.056488637,0.04115847,0.17378065,0.38389552,-0.110996895,0.3098291,0.045742754,-0.4114524,-0.14937028,-0.11504538,0.071882725,-0.5100418,-0.3167246,-0.16607262,0.10397506,-0.4347965,0.076388545,-0.94793737,-0.0061568185,-0.008401367,0.005260733,0.95393944,-0.04893545,-2.2788281,0.1839219,0.024875348,1.5228854,0.33316457,-0.13822909,0.85023904,-0.48139647,0.06670967,0.7899795,-0.054242913,0.6808746,0.37643793,0.0741509,-0.2584421,0.028721547,-0.16007154,0.13626717,-0.5611318,0.12894936,0.12945546,-0.09814454,-0.27613148,-0.65679157,-0.18822609,0.64936644,-0.044373635,-0.62868094,0.09858527,-1.5307664,-0.23958145,-0.03731264,-0.2420721,-0.5173492,-0.37115088,-0.13410264,-0.09577737,-0.039352264,-0.045634184,-0.59548724,0.0627691,-0.25547287,-0.33030412,0.42854565,0.4502149
162,0.34387,0.4,0.53077,0.14903,-0.16918,0.46398,0.64121,0.083478,-0.87273,0.13816,0.063238,-0.18772,0.21109,0.052083,0.37241,0.36676,0.31645,0.2737,0.0019642,0.63023,0.074313,0.11802,0.18097,-0.31217,0.59224,0.20421,-0.59093,-0.072567,-0.21964,-0.63466,-0.47913,0.39836,0.32182,-0.32726,0.80218,-0.057734,-0.4329,0.15283,0.16311,-0.33627,0.47031,-0.020949,0.15135,-0.05581,-0.1065,-0.13374,0.18218,-0.19652,-0.10542,-0.75879,-0.077691,-0.36668,0.13958,0.79238,-0.08903,-2.5757,0.54487,0.94479,0.92003,0.327,-0.57815,0.39241,-0.97087,-0.41719,0.64458,-0.38418,0.26705,-0.12659,-0.46835,-0.64215,-0.35124,0.52667,0.26696,-0.31706,0.89674,0.38551,-0.36199,-0.76544,0.35917,-0.022716,-0.013267,0.4515,-0.78154,-0.11746,-0.82477,0.055252,0.80472,0.17552,-0.15795,-0.29723,0.22361,0.34893,0.37673,0.0099208,-0.1905,-0.46051,-0.4978,-0.41526,-0.087968,0.30271
163,-0.14198332,0.11491089,0.32941622,-0.09856025,0.036058903,-0.035237048,-0.15896617,0.13066798,-0.052376352,0.090202846,0.06588485,-0.04887933,0.21708126,-0.13639386,0.113878325,-0.14097823,0.15708947,0.10362812,-0.26815826,0.22377701,0.15750381,-0.1361943,0.10461546,0.03226813,0.090852454,-0.009076518,-0.09199431,-0.38978165,-0.06747074,-0.18474881,-0.019132068,0.48798847,-0.13034882,-0.014208442,0.13272288,0.34338358,0.010498666,0.110007875,-0.13159454,-0.236352,-0.20489523,-0.23639524,0.12828575,-0.30175802,-0.03937834,-0.0066958377,0.16377084,-0.36949667,-0.08726297,-0.7618106,0.1690383,-0.019366708,0.03005282,0.9430747,-0.110827364,-2.1405666,0.07398751,-0.29544562,1.7296591,0.26685008,-0.11657368,0.3870013,-0.2845442,0.14881077,0.76763296,-0.09370961,0.34889692,0.26563028,0.16273797,-0.32841048,-0.020986017,-0.14218597,-0.08912749,-0.326152,0.156401,0.15716016,-0.23785053,-0.0954749,-0.77587646,-0.13433088,0.5406712,0.09048182,-0.48839068,0.14222713,-1.268401,-0.20120321,0.12516521,-0.07000733,-0.21565628,-0.30004042,-0.08003675,-0.02608725,-0.12663727,-0.06548497,-0.3506499,0.0680654,-0.05908559,-0.21137497,0.4948443,0.19613254
164,-0.1192018,0.485524,0.17698202,-0.2076014,-0.172735,0.0563056,-0.038549006,0.2919324,-0.051817797,-0.16832747,0.1235366,0.013091999,0.337471,0.023515204,0.024363006,-0.2202758,0.295979,0.2855942,-0.4960432,0.3027792,0.094802,0.20479314,0.065089,0.0679086,0.273646,0.1520606,-0.3073936,-0.52641803,0.2765748,-0.2813342,-0.047253,0.49167594,-0.034644,0.076523796,0.053139992,0.459452,-0.18623881,0.40960997,0.031589996,-0.23989801,-0.25426596,-0.2511963,-0.007483983,-0.489798,-0.37174943,0.0062679993,0.21303959,-0.692354,0.20133321,-0.9038781,-0.18364361,-0.0601634,0.0924584,1.2683179,-0.15205918,-1.9733999,0.027393008,0.087639,1.493266,0.5320638,-0.040504016,0.8157319,-0.509668,0.23605148,0.826646,0.12669,0.4179234,0.39166036,0.07009,-0.35107997,-0.059376,-0.41477603,-0.084500805,-0.314276,0.103064016,-0.108918,0.011158999,0.025136802,-0.716572,-0.006611198,0.7104,-0.06995739,-0.729646,0.1855026,-1.16344,0.08628459,0.21612401,-0.27112597,-0.41678277,-0.43612996,-0.32092962,0.039557397,-0.1362634,0.11435521,-0.44249,-0.07905459,0.048493266,-0.086746015,0.44148964,0.12107722
165,0.36417326,-0.26224586,0.10894672,-0.15018,0.05401957,0.2887713,-0.09842814,0.23219757,0.47024816,0.10061057,0.14786556,0.5021314,-0.09310167,0.12789428,0.4174657,-0.21455112,0.2452633,0.13412572,0.13053158,0.06156871,-0.062564276,0.4696586,-0.22904573,0.072201155,0.076575704,0.121858425,-0.31644288,-0.47384143,0.22926429,-0.22313987,0.24886858,0.7025829,0.07570859,0.06576085,0.046289854,-0.13231714,-0.09388187,0.07293017,-0.13525157,-0.45388147,0.36920857,-0.450223,0.35748556,-0.009786144,-0.016878698,-0.2127643,-0.13105857,-0.37403727,-0.21410145,-0.77920854,-0.00814171,0.15947428,-0.038157854,0.5573343,-0.15398929,-1.2127286,0.2504293,-0.091164865,1.2643887,0.19225056,0.17226712,0.24020584,-0.12318485,-0.10365327,0.2070205,-0.18222001,0.39314905,0.381203,0.44407368,-0.138167,-0.4254957,0.12905772,0.04315144,-0.51280844,-0.020194719,0.57848006,-0.23456143,0.016938144,-0.7074214,0.049305286,0.8448157,-0.23686215,-0.4608843,-0.42063856,-1.1130573,-0.10139652,-0.22255541,-0.36360544,0.0034208638,-0.11669021,-0.28095457,0.49998197,0.31673652,-0.294959,-0.19338344,0.02723429,0.060750008,0.10721058,0.3617343,0.021089282
166,-0.16746792,0.21107747,0.30395508,-0.21876043,-0.10138786,0.21629947,-0.18978685,0.25832072,0.016786573,-0.039079424,0.110625,0.018797135,0.12160757,0.014766589,0.024668407,-0.2115784,0.19437154,0.148621,-0.38747212,0.13024813,0.13986386,-0.010147955,0.06075969,-0.089745365,0.14260887,-0.0803685,-0.185117,-0.37835142,0.12453005,-0.16384995,-0.049849376,0.4724332,0.0096884705,-0.00920151,0.074544154,0.29591572,-0.12889345,0.14420901,0.06318361,-0.12342078,-0.28529775,-0.2096917,0.09126147,-0.39966342,-0.10259493,-0.00109196,0.16150461,-0.32060355,-0.033232417,-0.7218225,0.15757078,0.01441358,0.13563138,0.9134622,-0.1418892,-2.2225409,0.06530415,-0.1612702,1.7073891,0.37003654,-0.15293114,0.60168713,-0.3280234,0.037879903,0.69469285,-0.09751877,0.37676424,0.33429894,0.05351515,-0.16395277,-0.10754756,-0.26597205,0.0051406412,-0.45737875,0.23031987,0.19152598,-0.20727395,-0.045339674,-0.7253783,-0.04938657,0.5764969,-0.0541508,-0.5003393,0.0018999494,-1.4015532,-0.18635066,0.19352336,-0.07065858,-0.27377075,-0.3029303,-0.092067994,-0.017425202,-0.004562663,-0.05654425,-0.47465813,-0.13025886,-0.043647714,-0.21936843,0.39273372,0.22152741
167,-0.09247468,0.11782706,0.33232012,-0.3035392,-0.23471305,0.2085894,-0.2499628,0.2691446,0.16575903,-0.048487365,0.3516398,0.17926519,0.25501484,-0.0712257,0.11205845,-0.15303895,0.16893876,0.26244098,-0.43813813,0.323318,0.08132882,0.043215424,0.22515376,-0.06984812,0.11859057,-0.03959936,-0.13673365,-0.45516285,0.38957256,-0.29710913,0.038045034,0.53839236,-0.08319042,0.12303442,0.22651044,0.2399016,-0.12561157,0.10839255,0.11407836,-0.28273532,-0.3287057,-0.1189731,-0.015923085,-0.52174634,-0.300908,-0.05899852,0.21072046,-0.3851615,0.061993644,-0.90152943,0.29761004,0.006345938,0.13621056,0.9639055,-0.0874132,-2.0064294,-0.019459017,-0.10642274,1.5109191,0.2860939,-0.16162007,0.76692945,-0.44630232,0.02043781,0.78151214,0.01835079,0.54976445,0.37670135,-0.10317085,-0.35867438,0.009943496,-0.26213148,0.1573409,-0.4797188,0.10916507,0.17360553,-0.18598497,-0.16451992,-0.6310678,-0.027358795,0.43715847,-0.121777706,-0.4073378,-0.04195603,-1.4433956,-0.17060836,0.29364693,-0.07235289,-0.18768029,-0.26861867,-0.2837555,-0.097061254,0.02506213,-0.21124402,-0.38505682,-0.07570358,-0.11635726,-0.24335031,0.43790916,0.18926136
168,-0.11690936,0.011276363,0.31254452,-0.33049545,0.04681246,0.28184798,-0.3422138,0.09110136,0.11743507,-0.021501357,0.18508972,-0.07762189,0.29493454,-0.020868622,-0.050893914,-0.2806092,0.2201311,0.16908246,-0.005536273,0.011949918,-0.13309102,-0.0063041924,-0.018376732,-0.014511094,0.23650545,0.17728482,-0.42396545,-0.41344616,0.17724656,-0.20731626,0.114378735,0.4770455,0.062772915,0.042495362,0.17885055,0.12111729,-0.24804334,0.023567347,0.0091825435,-0.23633064,-0.07413809,-0.09039,0.2735259,-0.26263273,-0.02088991,-0.06715155,0.048333358,-0.06386001,-0.040585756,-0.6307027,0.16988543,0.12577564,0.051383544,0.9355819,-0.27363536,-2.0871582,-0.04882028,0.03959355,1.6529218,0.17062518,-0.09321637,0.6410506,-0.19348,0.28069082,0.6414006,0.09933981,0.30969983,0.2137656,0.06725555,-0.17453828,0.037061717,-0.10893453,-0.0028466394,-0.49317217,0.2586222,0.38589782,-0.045751914,0.009966728,-0.62510276,0.106970355,0.39366272,-0.39541653,-0.40174896,0.19673191,-0.8544979,-0.023158817,0.1804861,-0.08341446,-0.037979364,0.020229546,-0.007024998,-0.12066455,-0.00086176937,-0.15360802,-0.33953974,-0.27266327,-0.18509763,-0.12032862,0.5655491,0.17386629
169,-0.21074858,0.15235895,0.5632349,-0.35693026,-0.10444449,0.16830608,-0.21912056,0.21771,-0.018518217,0.037604168,0.16343312,-0.014374651,0.28747055,-0.003929084,0.19676039,-0.19999,0.08245959,0.04514435,-0.26112533,0.18877265,0.12424173,-0.11772995,0.34950238,0.16308896,0.26257244,0.021018319,-0.115589336,-0.31531554,-0.14347132,-0.25365376,-0.058455084,0.49131012,-0.043300495,0.16110343,0.030739177,0.19975527,0.024753276,0.023887562,-0.13764584,-0.110923775,-0.40932012,-0.21842667,0.20859466,-0.24640334,-0.12387618,0.014727982,0.25985137,-0.2471956,0.057106074,-0.7225877,0.13754657,-0.07525197,0.101041526,1.0381703,-0.3079983,-2.2845752,0.026731318,-0.25275555,1.5915598,0.6375159,-0.11446098,0.64389443,-0.14021608,0.20823146,0.79050404,-0.07701036,0.3493318,0.26812285,0.2317302,-0.25672832,-0.05638808,-0.41377863,0.0018368837,-0.40701115,0.38594764,0.15661454,-0.18760192,-0.0074745608,-0.8944276,-0.1810868,0.52668285,-0.05851763,-0.4610988,0.26208,-1.4586807,-0.091469325,0.13087457,-0.16046715,-0.136874,-0.3052891,-0.07470276,-0.12978819,-0.29680362,0.19453783,-0.46409118,0.01317121,-0.15288608,-0.39280203,0.4092216,0.28446496
170,-0.25314942,0.20060802,0.3494102,-0.580142,-0.2735144,0.3114548,-0.354484,-0.3248272,0.1848332,0.072117604,0.1227674,-0.045103997,-0.046334594,-0.116606876,0.19037199,-0.34572405,-0.009518003,0.022859197,-0.11215601,0.339436,-0.034644008,0.14667884,0.39095563,0.21741399,0.027555402,0.3626148,-0.204178,-0.16399802,-0.2041444,-0.39293998,0.2729864,0.5085,0.22391601,0.1140974,0.131966,0.1966328,-0.06602441,-0.13226,-0.208106,0.020791743,-0.13205,-0.20936719,-0.10051221,-0.3529604,-0.211646,-0.1610014,0.13152403,-0.091184,0.333066,-0.7031959,0.384076,0.1744122,-0.095573,0.719352,-0.52094585,-1.4167792,0.1162706,-0.39289537,1.3763239,0.3785372,-0.024780195,0.7178566,-0.25748223,0.11376001,0.617792,-0.021066606,0.358816,0.22903998,0.583242,-0.2474446,-0.2847042,-0.59944403,0.26520282,-0.17744362,0.19551598,0.2513726,-0.38412398,-0.17466399,-0.803368,-0.1324978,0.63258743,-0.24176578,-0.324442,0.138434,-1.5773399,0.0606908,0.2667888,-0.2611934,-0.3902552,-0.356498,0.0168778,-0.042719282,-0.24024601,0.184046,-0.21776402,-0.17525399,-0.149961,-0.3361218,0.164764,0.22035602
171,-0.002530879,0.15368584,0.21684092,-0.39029828,-0.13204627,0.33930844,-0.14221501,0.25557876,-0.033340126,-0.049943,0.26003745,0.11529042,0.21465676,0.0673357,0.12837552,-0.2953637,0.042449944,0.18818496,-0.43809617,0.25070077,0.24355024,0.12032845,0.056852516,-0.020164303,0.23592845,0.029596733,-0.31471422,-0.5347791,0.29718018,-0.27110007,0.037267316,0.53802603,0.021481091,0.21353626,-0.04378957,0.42213616,-0.1648858,0.26867542,-0.051583476,-0.17229825,-0.34926283,-0.208777,0.23785703,-0.431039,-0.24779487,-0.033367813,0.11431054,-0.34264934,0.14345229,-0.8851176,-0.041355062,0.014043581,0.12624767,1.0945022,-0.18352151,-2.349865,-0.020395236,-0.06202677,1.5087448,0.49935132,0.047207724,0.8975569,-0.46462828,0.14061902,0.6911291,-0.128323,0.52469087,0.42448196,0.08811507,-0.1390825,0.02314209,-0.18919645,0.048527636,-0.49581608,0.11990296,0.3206807,-0.1712158,-0.039434843,-0.7481006,-0.0073099714,0.55529493,-0.0047179693,-0.41201693,0.010165786,-1.4198027,-0.26462713,0.04435528,-0.19014014,-0.3916789,-0.31408682,-0.15634704,-0.24709828,0.071331024,-0.012347304,-0.56289136,-0.12396808,-0.20541966,-0.05061671,0.3447198,0.28811246
172,-0.10218727,0.20718804,0.36758924,-0.31537363,-0.1164424,0.30270305,-0.08446526,0.32860765,-0.044173937,-0.015481432,0.15762594,0.092343315,0.21463124,0.05603843,0.1293536,-0.32426608,0.04471255,0.15172876,-0.5032207,0.23340034,0.2875536,0.034084477,0.15730035,0.029172918,0.19701801,-0.028530462,-0.16466849,-0.39034435,0.15080492,-0.23201162,0.0037815543,0.5059789,0.0042498624,0.107969984,0.021775829,0.3731194,-0.098048866,0.16904423,0.00865078,-0.18025452,-0.38320142,-0.15839928,0.15642396,-0.39395776,-0.10661942,-0.019831587,0.14315894,-0.39498132,-0.023591485,-0.8568269,0.120724134,-0.036797713,0.20867412,1.0629046,-0.23697168,-2.3415902,-0.034741886,-0.17583391,1.6892304,0.4680219,-0.06672087,0.7743872,-0.36893106,0.047598343,0.65694314,0.05763718,0.4376608,0.3536244,0.10991286,-0.21364939,-0.005791993,-0.26144016,-0.017599199,-0.47731182,0.20365642,0.25883755,-0.20940392,-0.08864789,-0.8534922,-0.039645407,0.599912,-0.108692,-0.5131281,0.07809701,-1.3780619,-0.21473911,0.13079861,-0.10966897,-0.2186963,-0.33722922,-0.05775357,-0.09488742,-0.09133604,-0.05976678,-0.53548586,-0.0072259987,-0.10617094,-0.1952971,0.44096217,0.21928601
173,-0.06711382,0.272397,0.3191815,-0.3939401,-0.26194614,0.1467606,-0.21988653,0.3982941,-0.0944664,-0.07362467,0.23242605,0.10897332,0.26831612,0.08370012,0.080335885,-0.31598905,0.18442844,0.17541446,-0.35508692,0.24390604,0.288505,0.14354815,0.10834171,-0.14818457,0.21104765,-0.004569524,-0.26777643,-0.48566535,0.1596174,-0.23548037,-0.08009822,0.5649203,-0.010629594,0.10311352,0.11184649,0.312573,-0.10166572,0.15388228,0.0145848915,-0.21870817,-0.26096398,-0.26534757,-0.06819104,-0.27204087,-0.04003989,0.046221636,0.050007414,-0.3119407,0.013232338,-0.6896477,-0.060048237,0.051211506,0.0697453,0.92805034,-0.24841645,-2.1929119,-0.05720492,-0.1964032,1.680203,0.43772224,-0.14599746,0.7675503,-0.29075935,0.11097537,0.53785425,0.05966408,0.44313806,0.26049998,0.15311359,-0.15752861,0.012337821,-0.3441086,-0.081055224,-0.34014508,0.10629348,0.1648533,-0.20636119,-0.0012282586,-0.65104675,0.010637962,0.58166856,-0.015737226,-0.44170225,0.045897417,-1.3071879,-0.1145507,0.1403274,-0.16733572,-0.2068839,-0.2446338,-0.1348156,0.03878314,-0.0013413429,-0.127134,-0.5936035,-0.14435636,-0.1296477,-0.22053507,0.587664,0.28205082
174,0.65419,0.27746,-0.10547,-0.91779,0.41839,0.41272,-0.015927,-0.20756,0.51649,0.32003,0.060362,1.2766,-0.39098,0.093695,-0.18712,0.54698,-0.1702,-0.031614,0.019324,0.43524,-0.50269,0.053173,0.032153,-0.55947,0.011944,-0.26976,0.33463,0.36227,-0.80659,-0.6987,0.010814,0.42031,0.49334,-0.22102,-0.12886,-0.51986,-1.0425,-0.54203,0.27784,-0.48354,0.59781,0.17374,-0.33161,-0.80505,-0.31165,0.020492,0.031517,-0.12905,0.09742,-0.17376,-0.4088,0.51236,0.75736,0.63394,-0.99226,-0.02157,-1.0345,0.26853,0.93837,0.2285,-0.45301,0.10052,0.16203,-0.12295,0.3645,-0.15087,0.15521,-0.45257,0.54531,-0.30648,-0.58681,-0.16892,-0.89386,0.2354,-0.35604,-0.14752,0.52714,0.33882,-1.101,0.37775,1.1269,0.36949,0.49661,-0.60963,-0.98564,-0.32771,-0.48614,-0.080631,-0.61911,-0.40472,-0.2963,0.26597,0.023906,-0.80799,1.1643,0.32044,-0.02485,0.21798,-0.23912,-0.33895
175,0.32757,0.098489,-0.38282,0.1308,0.30208,0.46264,-0.13238,-0.57959,0.74412,-0.037371,-0.46107,0.83021,-0.25515,-0.37936,0.25909,-0.070827,-0.37833,-0.17626,-0.26578,-0.40935,0.37753,0.11043,-0.47461,0.34588,0.26918,-0.33795,0.23793,-1.1022,-0.69611,-1.0447,0.15334,-0.16601,0.39407,0.17936,0.3216,0.53282,0.49177,-0.4322,0.034779,-0.70078,0.81694,0.22931,0.1802,-0.87987,0.8736,0.10485,-0.38402,-1.6401,-0.16726,-0.22341,0.50902,-0.065332,-0.16188,0.42868,-0.15075,0.38466,0.11605,0.035314,0.1484,0.063306,-0.19137,0.066366,-0.93663,-0.92783,-0.44878,0.038539,0.075391,0.79115,-0.067508,1.9253,0.88653,-0.49316,-0.029179,-0.81005,-0.32568,-0.39318,-0.57203,0.15395,0.44768,-0.080149,0.27617,-0.28994,-0.57308,0.076768,-0.10478,0.13592,-0.46514,0.50242,-0.027358,-0.51477,-1.0412,0.79424,0.17989,0.63,0.07016,-0.67528,0.60467,-0.36823,0.16692,-0.17899
176,-0.030769,0.11993,0.53909,-0.43696,-0.73937,-0.15345,0.081126,-0.38559,-0.68797,-0.41632,-0.13183,-0.24922,0.441,0.085919,0.20871,-0.063582,0.062228,-0.051234,-0.13398,1.1418,0.036526,0.49029,-0.24567,-0.412,0.12349,0.41336,-0.48397,-0.54243,-0.27787,-0.26015,-0.38485,0.78656,0.1023,-0.20712,0.40751,0.32026,-0.51052,0.48362,-0.0099498,-0.38685,0.034975,-0.167,0.4237,-0.54164,-0.30323,-0.36983,0.082836,-0.52538,-0.064531,-1.398,-0.14873,-0.35327,-0.1118,1.0912,0.095864,-2.8129,0.45238,0.46213,1.6012,-0.20837,-0.27377,0.71197,-1.0754,-0.046974,0.67479,-0.065839,0.75824,0.39405,0.15507,-0.64719,0.32796,-0.031748,0.52899,-0.43886,0.67405,0.42136,-0.11981,-0.21777,-0.29756,-0.1351,0.59898,0.46529,-0.58258,-0.02323,-1.5442,0.01901,-0.015877,0.024499,-0.58017,-0.67659,-0.040379,-0.44043,0.083292,0.20035,-0.75499,0.16918,-0.26573,-0.52878,0.17584,1.065
177,-0.265316,0.18593001,0.82511497,-0.34449,0.17015499,-0.042332202,0.270385,-0.17587301,0.6446685,-0.23705,0.453307,-0.25906,0.06347,-0.716175,0.260865,0.06956,0.01057405,0.229785,0.434735,0.644755,-0.073695,-0.143885,0.08821501,1.008925,0.50349396,0.60431504,0.46778,0.238045,-0.18420002,-0.15469499,-0.05218999,0.93839496,0.421898,0.078245,0.64945,0.12891899,-0.94462,0.037609994,0.01348,-0.573375,0.1532355,0.393425,0.009374991,-0.306505,-0.123401,-0.339245,-0.22751999,0.0042349994,-0.24494499,0.019484997,-0.217805,0.168239,0.584315,0.24581501,-0.235832,-0.66488,-0.39449048,0.2592395,0.78626,0.24169499,-0.3424,-0.3991865,-0.601515,0.343405,0.40061998,0.019535005,0.208268,0.13784501,0.35203,-0.300785,0.024104983,0.26107502,-0.065505,-0.15609,0.0737415,0.46928,-0.23059002,-0.274353,-0.21849999,-0.19848499,0.030944996,-0.514835,-0.34602502,-0.022589497,-0.3318935,-0.336465,-0.204195,-0.057729997,-0.0641,-0.030955002,0.16234499,0.72015,0.19103499,0.14005,-0.266875,0.310755,0.589605,0.047244996,0.7138735,0.0036210008
178,-0.021820026,0.17499381,0.36401567,-0.20544899,-0.16928837,0.13269176,-0.13000594,0.19697538,0.03733515,-0.023945654,0.15081757,0.06703084,0.11986029,-0.05049985,0.15186995,-0.25740376,0.112642646,0.19964758,-0.43592018,0.19543563,0.23928063,0.038041335,0.1636916,-0.09854889,0.21466178,-0.0009719349,-0.1495269,-0.4608296,0.1002521,-0.20178796,-0.058578987,0.5512433,0.05502366,0.07524186,0.08135931,0.27736568,-0.09374699,0.23961505,0.05629262,-0.2364004,-0.36150515,-0.22408967,0.11208733,-0.4166231,-0.14820577,-0.015535548,0.22104588,-0.24871552,-0.0077018267,-0.8639259,0.08445261,-0.07344015,0.09265297,1.0197979,-0.30502468,-2.323817,-0.02333048,-0.16658044,1.6029146,0.47283676,-0.18245889,0.6176297,-0.33153284,0.15537661,0.70205224,-0.018598828,0.43423438,0.30144638,0.05690529,-0.24713229,0.03566086,-0.34877747,-0.06917333,-0.43046626,0.09612821,0.13174555,-0.1227675,-0.1067853,-0.84461725,-0.03634798,0.5074667,-0.0828763,-0.52400464,0.13099746,-1.4024884,-0.18608403,0.14969276,-0.118346356,-0.22892448,-0.35489404,-0.14007145,-0.10704795,-0.05074909,-0.010310741,-0.41357133,-0.07132932,-0.05169584,-0.14200212,0.42121813,0.28790253
179,-0.029951066,0.2994554,0.42884853,-0.43992695,-0.24964835,0.2093712,-0.06763454,0.186296,0.00910346,-0.09470077,0.21161145,0.11598615,0.21723069,0.09287676,-0.05728685,-0.36386153,-0.025289616,0.27754867,-0.30054814,0.3674566,0.13803491,0.19086038,-0.03171254,-0.18283607,0.13434847,0.31211954,-0.26178706,-0.5805408,0.204148,-0.21464899,-0.045183077,0.4743151,0.11645161,0.0041546132,0.019512234,0.383826,-0.19201753,0.021953996,0.15785393,-0.3551722,-0.15450186,-0.13670331,0.17286769,-0.58632237,-0.26934853,-0.08567115,0.0993393,-0.11987361,0.10406499,-0.8386861,-0.013960998,0.07860778,0.16977261,0.8587586,-0.21327376,-2.072397,0.10078247,0.17866376,1.5123378,0.33188313,-0.005402473,0.8436743,-0.4880504,0.10899334,0.65313923,-0.008879233,0.48788765,0.34283307,0.1232407,-0.2075831,0.087487385,-0.2682125,0.03843777,-0.38979572,0.28283176,0.26115307,-0.14676839,0.07252523,-0.6227138,0.022156693,0.52647406,0.0013713802,-0.46290925,-0.05755792,-1.3708978,-0.1967187,-0.008653169,-0.25095648,-0.33636218,-0.36705953,-0.27500716,-0.062531486,0.270968,-0.18295768,-0.36750937,-0.14011267,-0.21675983,-0.2763807,0.30717933,0.2961952
180,-0.11871313,0.32720405,0.28895912,-0.2583644,-0.013412347,-0.006440303,-0.16443418,0.100690305,0.021707384,0.029301472,0.09619467,0.01004422,0.31958222,0.09198903,0.24572547,-0.12226539,0.19223991,0.18338604,-0.10125577,0.1628366,0.23241732,-0.110346176,0.29547563,-0.077360444,0.03186165,-0.15874708,-0.097269714,-0.45132878,-0.21502528,-0.24481897,0.19775262,0.35433346,-0.21670966,-0.07478456,0.26963305,0.33458546,0.032774605,0.1269799,-0.024181863,-0.23206557,-0.16046213,-0.18871287,-0.004095789,-0.25819585,-0.10810114,-0.045287486,0.26038644,-0.33906937,-0.19901171,-0.73612505,0.16019188,0.031121103,0.2544663,1.0134147,-0.14512222,-2.0368173,0.00085475005,-0.139909,1.5476972,0.27572098,-0.2500172,0.66936976,-0.25598255,0.19960138,0.85351133,-0.124505766,0.5262528,0.1453908,0.1893966,-0.3196386,-0.22726694,-0.27673793,-0.0046944325,-0.2538278,0.18308528,0.036319107,-0.0025723425,0.03312778,-0.8173981,-0.049079936,0.58786684,-0.044210393,-0.53360885,-0.06874726,-1.5394826,-0.23772356,-0.01228593,-0.18124852,-0.16052602,-0.25367513,-0.12864183,-0.09179479,-0.030321147,-0.20662643,-0.3838605,-0.14085348,-0.34338856,-0.3461201,0.5151787,0.20800135
181,-0.02494133,0.31972834,0.66819835,-0.253945,-0.32780668,0.22922333,0.076757334,0.13060932,-0.028961658,-0.16366734,0.17399533,0.062212717,0.27417082,-0.14132138,0.17935316,-0.24322666,0.10660001,0.31168666,-0.47311428,0.492945,0.34008232,0.2359745,0.17189665,-0.26607868,0.37567663,0.138514,-0.40321335,-0.45275664,0.012541664,-0.45804667,-0.20712501,0.5503772,0.038536664,-0.06842516,0.13005365,0.2772389,-0.15319508,0.22694834,-0.16441001,-0.27810198,-0.267925,-0.07565438,0.27171335,-0.42352998,-0.10366168,-0.113079794,0.6654983,-0.42542002,0.015609499,-0.841275,-0.0137580065,-0.18063168,0.20553501,1.1665751,-0.286941,-2.8525667,-0.047653276,0.0268235,1.5391717,0.5921033,-0.17722666,0.818655,-0.53946,0.104956724,0.8930633,-0.15616468,0.6074,0.34737667,-0.054778326,-0.35271648,-0.0221525,-0.37814167,0.16914885,-0.42896834,0.38556,0.013210828,-0.19205399,-0.21863694,-0.6494217,0.11721551,0.44210383,-0.033861667,-0.61790997,0.15746915,-1.4263949,-0.2095225,0.217022,-0.19006824,-0.24076499,-0.39652565,-0.02947384,-0.20664018,-0.1294145,0.09502713,-0.62618667,-0.07853533,-0.31324834,-0.47069004,0.1810565,0.4441717
182,0.0,0.0,0.0,0.0,0.0,0.0,0.0,0.0,0.0,0.0,0.0,0.0,0.0,0.0,0.0,0.0,0.0,0.0,0.0,0.0,0.0,0.0,0.0,0.0,0.0,0.0,0.0,0.0,0.0,0.0,0.0,0.0,0.0,0.0,0.0,0.0,0.0,0.0,0.0,0.0,0.0,0.0,0.0,0.0,0.0,0.0,0.0,0.0,0.0,0.0,0.0,0.0,0.0,0.0,0.0,0.0,0.0,0.0,0.0,0.0,0.0,0.0,0.0,0.0,0.0,0.0,0.0,0.0,0.0,0.0,0.0,0.0,0.0,0.0,0.0,0.0,0.0,0.0,0.0,0.0,0.0,0.0,0.0,0.0,0.0,0.0,0.0,0.0,0.0,0.0,0.0,0.0,0.0,0.0,0.0,0.0,0.0,0.0,0.0,0.0
183,-0.1390481,0.16645148,0.35793903,-0.22478363,-0.037263274,0.21521164,-0.23440342,0.121559106,0.04990235,0.11490269,-0.0044669188,0.0718334,0.2019446,0.048821073,0.19843894,-0.26627013,0.20758972,0.14015336,-0.48091942,0.14085129,0.23565987,-0.16910331,0.21232097,0.05872741,0.15195666,-0.07897066,-0.057370957,-0.5057185,-0.06551212,-0.16323073,0.05471129,0.57113487,-0.0024462265,0.07420004,0.09977576,0.23605722,-0.055497892,0.008010707,-0.0009019993,-0.11424579,-0.38777444,-0.16781768,0.14646533,-0.43811032,-0.16296205,-0.15387581,0.18835457,-0.27986515,-0.19316131,-0.7522464,0.048526663,0.043964837,0.08293916,1.1014476,-0.23297252,-2.4067366,0.06655297,-0.26953244,1.7462773,0.42727265,-0.16278088,0.5498761,-0.23655681,0.08814915,0.79808354,0.04973899,0.41412377,0.3072373,0.011985742,-0.12780134,0.018320968,-0.33882478,-0.062508434,-0.41814697,0.15446417,0.04615979,-0.11749598,-0.063539565,-0.8946289,-0.000109183566,0.704404,-0.14859582,-0.39458314,0.10134276,-1.4030305,-0.17607959,0.18725832,-0.07426096,-0.09580168,-0.3951048,-0.04232414,-0.1245493,-0.15652138,0.0067209327,-0.34826908,-0.1594411,-0.21812052,-0.33576763,0.60254925,0.19977087
184,-0.050414342,0.025165029,0.26176506,-0.12279081,0.06284177,-0.029101303,0.06660403,0.2104497,-0.059851743,-0.0056902287,0.33189842,-0.022400303,0.21387786,0.010014847,0.26784575,-0.40416738,0.28255975,0.15768157,-0.41826072,-0.04722599,0.26016104,-0.104552224,0.30078804,0.07749177,0.15274748,-0.07767614,-0.118024826,-0.25119516,0.22599664,-0.054709382,-0.06026005,0.3618538,0.09170005,-0.0032206853,-0.08135851,0.32793677,-0.053170662,0.18985762,-0.12605885,-0.19865601,-0.33238903,-0.18329081,0.24526428,-0.3012502,0.07595369,-0.06294071,0.096915774,-0.44979376,0.08632207,-0.617227,-0.08566593,-0.05555627,0.23854814,0.8931118,-0.3667877,-2.157406,-0.19779037,-0.23589,1.6585376,0.44316503,-0.26541498,0.5616442,-0.33198836,-0.017346565,0.64042974,-0.0064563137,0.17719129,0.21261874,0.11279381,-0.12243246,0.07711882,-0.16458951,-0.11534747,-0.27828228,0.105792314,0.11948313,-0.1418628,0.05495669,-0.8491977,-0.10061885,0.41993174,-0.09230419,-0.43785092,0.15044405,-1.0718938,-0.2412592,0.113522805,-0.16989258,-0.03119366,-0.08225942,-0.025236348,-0.006858898,-0.02349831,0.22511655,-0.5434417,-0.0088747125,-0.15136217,-0.15024133,0.35950077,0.08049376
185,-0.15266678,0.19467467,0.32739544,-0.13381727,-0.042446285,0.20507126,-0.14806487,0.12525468,0.040539276,-0.009488198,0.05633519,-0.019304678,0.27943754,0.03287883,0.13707459,-0.23247759,0.15285356,0.10757041,-0.24129152,0.18155406,0.14176676,-0.010943942,0.17652684,-0.041867595,0.18074493,0.04251652,-0.12726738,-0.40290135,-0.011710612,-0.15280207,0.012996449,0.47794318,-0.008031249,-0.018002328,0.040794346,0.24766283,-0.004955334,0.13079122,0.0478122,-0.20444013,-0.31029335,-0.10641264,0.12740542,-0.35771742,-0.048838753,-0.06436878,0.22683954,-0.29293585,-0.08735167,-0.69648445,0.15657917,-0.08757543,0.16469565,1.0289474,-0.11697292,-2.1250234,0.048516914,-0.27524424,1.5188284,0.34795442,-0.07406537,0.4866495,-0.18031226,0.033778004,0.7796513,-0.022968007,0.47613412,0.15881665,0.23210615,-0.20746726,-0.05958331,-0.24331234,-0.03931705,-0.27824378,0.24373022,0.048916876,-0.118267484,-0.09394679,-0.8634952,-0.010454833,0.561079,0.047371656,-0.5149156,0.105923265,-1.3506073,-0.19622676,0.093654886,-0.11858824,-0.247628,-0.39578047,-0.15955643,-0.054935686,-0.16166164,0.049924586,-0.24738735,0.002666,-0.12585591,-0.28947857,0.4143733,0.19488253
186,0.12380669,0.092775,0.2553161,-0.35788262,0.014583698,0.2230119,-0.038239602,0.2960621,-0.013663501,0.11765029,0.368879,0.1533163,0.1456354,0.19629121,-0.0381486,-0.22161901,0.2118541,0.1998774,-0.36029652,0.1416533,0.23203878,-0.046798,0.08871789,-0.1287599,0.067989,0.0568829,-0.21749401,-0.48987156,0.1381885,-0.27241397,0.1969788,0.525278,0.02971808,0.18408301,-0.16867162,0.30379128,-0.192048,0.16040167,-0.126076,-0.0818582,-0.26939553,-0.29039583,0.3225507,-0.46571702,-0.0988924,-0.04777171,-0.05121868,-0.380396,0.2721681,-0.77934897,0.1569368,0.1589078,0.1945812,0.874976,-0.28331092,-2.06245,-0.052693896,0.0016720003,1.537564,0.48957402,0.11662181,0.7918311,-0.2750712,0.21350212,0.799579,-0.2746,0.35064182,0.24688499,0.1594498,0.02370729,0.030794496,-0.21349797,0.028001975,-0.12059369,0.063633546,0.44013697,-0.3372322,0.0011545032,-0.8213213,0.082967706,0.60003924,0.044282,-0.301462,-0.13182679,-1.3352691,-0.29647034,-0.038422287,-0.25243515,-0.23698457,-0.3848126,-0.15335432,-0.26216885,0.18494299,0.044588603,-0.547415,-0.059090007,-0.114116,-0.10604639,0.42425203,0.28073084
187,-0.26973718,0.07886501,0.43893066,-0.2771294,-0.06413837,0.2793979,-0.17305589,0.16039923,-0.1282363,-0.110979,0.17077348,-0.017032105,0.25519848,0.023282075,0.13961281,-0.17898878,-0.1350121,0.2076801,-0.183073,0.4296275,0.2358706,0.02309671,0.0993634,-0.214185,0.2255675,0.273733,-0.245525,-0.35950738,-0.1373932,-0.21180367,-0.07140219,0.57925904,0.0673687,-0.11285241,0.252563,0.1992672,-0.1861418,0.07416861,0.03941487,-0.33189607,-0.10865082,-0.022740394,0.2372292,-0.39842,-0.23311952,-0.19188562,0.1852372,-0.14121869,0.045358397,-0.750343,0.2195046,-0.147583,0.11424899,0.87251794,-0.2598376,-2.1547627,-0.0674652,0.04964661,1.4456991,0.3577872,-0.14557078,0.7876287,-0.283921,0.0669964,0.65095276,0.04156006,0.5234784,0.057926845,0.15120411,-0.2352012,0.014534992,-0.16436371,0.043940797,-0.1926795,0.29729018,0.2497479,-0.17073019,-0.049220197,-0.6671186,0.007945699,0.38238773,-0.0452996,-0.70535195,0.03827431,-1.3223069,-0.21840021,0.11515379,-0.24238566,-0.1895904,-0.38170403,0.017697096,0.041679908,-0.1145198,-0.0646389,-0.2798309,-0.07759211,-0.27388394,-0.32126412,0.434873,0.41337729
188,0.0,0.0,0.0,0.0,0.0,0.0,0.0,0.0,0.0,0.0,0.0,0.0,0.0,0.0,0.0,0.0,0.0,0.0,0.0,0.0,0.0,0.0,0.0,0.0,0.0,0.0,0.0,0.0,0.0,0.0,0.0,0.0,0.0,0.0,0.0,0.0,0.0,0.0,0.0,0.0,0.0,0.0,0.0,0.0,0.0,0.0,0.0,0.0,0.0,0.0,0.0,0.0,0.0,0.0,0.0,0.0,0.0,0.0,0.0,0.0,0.0,0.0,0.0,0.0,0.0,0.0,0.0,0.0,0.0,0.0,0.0,0.0,0.0,0.0,0.0,0.0,0.0,0.0,0.0,0.0,0.0,0.0,0.0,0.0,0.0,0.0,0.0,0.0,0.0,0.0,0.0,0.0,0.0,0.0,0.0,0.0,0.0,0.0,0.0,0.0
189,-0.14194784,0.07022923,0.31511387,-0.08448123,-0.21451744,-0.19090356,-0.16270031,0.24614567,0.04972048,-0.059961632,0.09842609,-0.005496612,0.12130169,-0.064185075,0.16543993,-0.15271118,-0.3586001,0.23435466,-0.044444755,0.1510477,0.22344533,-0.17136383,0.012863845,-0.14796993,0.25942564,0.30493405,-0.17699446,-0.3320915,-0.1961101,-0.034414306,-0.039878234,0.29452103,0.03050624,0.023779007,0.3982734,0.42042923,0.019867655,-0.14440314,0.08973946,-0.24240777,-0.12124068,-0.1838813,0.18746755,-0.38417435,-0.07638146,-0.024745308,0.03540768,-0.11090999,0.0030645377,-0.6581122,0.11302062,0.090021916,0.01497354,0.7171231,-0.2678667,-1.7686481,0.09507339,-0.20960999,1.347393,-0.033504847,-0.09855562,0.2448062,-0.30672395,0.114315316,0.5910493,-0.13700545,0.23352553,0.18517691,0.00087353814,-0.19722416,0.0931497,-0.2212248,0.11197607,-0.35011926,0.42047283,-0.0105099995,-0.06878678,-0.16866884,-0.4419862,-0.36022523,0.44525295,0.13445547,-0.28310892,-0.154469,-1.0769944,-0.1736723,0.2095085,-0.10868076,-0.14591162,-0.3498035,0.060789447,0.16153122,0.017118532,-0.043291613,-0.06713174,0.028276157,-0.027587537,-0.3602641,0.30382177,0.24823937
190,-0.06750726,-0.086270005,0.36911586,-0.3543495,-0.09169376,0.29962,-0.21799493,0.30577427,0.27372417,0.039544914,0.3965678,0.048979163,0.081169,-0.2760192,0.19695228,-0.1103825,0.23119564,0.2119204,-0.36056647,0.30721432,0.045621503,-0.044634413,0.13022101,0.1024341,0.09080746,0.067704596,-0.07844792,-0.30065498,0.3126321,-0.22842741,0.06949092,0.7765625,-0.10429492,0.2393518,0.19293942,0.25243434,-0.18429303,0.15022251,0.244295,-0.43696928,-0.15272993,-0.011306529,-0.060321584,-0.39893925,-0.25707516,0.00081166625,0.010429707,-0.5027125,0.13382034,-0.7114429,0.19164193,0.062331825,0.26839548,0.6578489,-0.20720474,-1.9199301,-0.052627172,-0.15223108,1.5440035,0.31380832,-0.13056834,0.61530226,-0.34754968,0.10146606,0.6626276,0.04013491,0.38182762,0.35638693,-0.012389839,-0.23041248,0.064206995,-0.095754236,0.114513,-0.47301683,0.07530975,0.37395087,-0.15952109,-0.1678675,-0.66656584,-0.17016591,0.45650735,-0.24078292,-0.35881415,-0.07613333,-1.201044,-0.17636001,0.34864226,-0.18711977,-0.20450874,-0.20981123,0.00063533086,0.09969526,0.0027531693,-0.27737358,-0.2427591,-0.20492472,0.062288087,-0.10323,0.5021121,0.07977501
191,-0.098138765,0.2095067,0.3293299,-0.28443295,-0.06972045,0.21273877,-0.083631694,0.28413174,0.018988779,0.06833526,0.24855101,0.07426619,0.16618884,-0.051460765,0.18720971,-0.13667785,0.13220672,0.11179288,-0.27769384,0.27684143,0.2429789,-0.12201041,0.17461956,-0.0390714,0.23116344,0.028945325,-0.10787482,-0.39286098,0.118071735,-0.23446539,-0.023666242,0.47139785,-0.08483181,0.09232127,0.056419197,0.31214678,-0.07062312,0.18496227,0.020246789,-0.12741767,-0.24007878,-0.18211162,0.042777836,-0.33509013,-0.16436878,-0.06089629,0.20725824,-0.34106994,0.008744452,-0.7310661,0.010482973,-0.06680713,0.15710807,0.9965924,-0.20136149,-2.2043347,-0.043745637,-0.16660976,1.5475624,0.38560507,-0.06920274,0.62049085,-0.27908963,0.10924301,0.7190336,0.012659736,0.43195912,0.35851562,0.08462758,-0.1387675,0.087841325,-0.23194233,-0.020869669,-0.20164944,0.14594513,0.21341829,-0.14917253,-0.020718154,-0.73018205,0.02614156,0.5917836,-0.06090048,-0.4636385,0.022807373,-1.3326306,-0.14011827,0.21469371,-0.1284445,-0.14560461,-0.27790767,0.022540629,-0.06946975,-0.08249196,-0.116069786,-0.3716758,-0.119219616,-0.1184349,-0.27832022,0.41612968,0.101368666
192,0.3027304,0.06355715,0.5794957,-0.41652513,-0.026315378,0.2661454,-0.21235599,0.06319173,0.10979784,0.011405572,0.2749513,0.5000233,0.19205885,0.083161436,-0.072548576,-0.2306746,0.055041432,0.17338414,-0.25580287,0.36562285,0.16010585,0.25253946,-0.15447572,-0.2734086,0.1616557,0.18161345,-0.22689144,-0.51038396,0.0043814266,-0.40379858,0.22159901,0.47221425,0.08766287,0.005684282,0.016740004,0.11618285,-0.17994285,0.25766143,0.15832315,-0.15145014,-0.034218006,-0.20660341,0.278594,-0.39499998,-0.1563667,-0.06620457,-0.22238342,-0.18005729,0.10395115,-0.62768924,-0.09967715,0.20185855,-0.091199,0.57870233,-0.24474931,-1.5917007,0.0081137335,-0.12900361,1.1904801,0.16043201,0.14370428,0.64483577,-0.48107576,0.2854407,0.64796007,-0.06514,0.5565257,0.21072857,0.20525384,-0.16761573,-0.13943872,-0.11435286,-0.13948072,-0.23778225,0.10439615,0.39535278,-0.05852299,-0.20632458,-0.8719243,-0.0776283,0.6388157,0.28845143,-0.60300004,-0.18137215,-0.9488818,-0.4079914,-0.2971414,-0.08717573,-0.35689813,-0.49215657,-0.15969558,0.007050293,0.5689972,-0.21090142,-0.5124786,-0.15976028,0.12148858,0.09020905,0.31891343,0.20594084
193,-0.030769,0.11993,0.53909,-0.43696,-0.73937,-0.15345,0.081126,-0.38559,-0.68797,-0.41632,-0.13183,-0.24922,0.441,0.085919,0.20871,-0.063582,0.062228,-0.051234,-0.13398,1.1418,0.036526,0.49029,-0.24567,-0.412,0.12349,0.41336,-0.48397,-0.54243,-0.27787,-0.26015,-0.38485,0.78656,0.1023,-0.20712,0.40751,0.32026,-0.51052,0.48362,-0.0099498,-0.38685,0.034975,-0.167,0.4237,-0.54164,-0.30323,-0.36983,0.082836,-0.52538,-0.064531,-1.398,-0.14873,-0.35327,-0.1118,1.0912,0.095864,-2.8129,0.45238,0.46213,1.6012,-0.20837,-0.27377,0.71197,-1.0754,-0.046974,0.67479,-0.065839,0.75824,0.39405,0.15507,-0.64719,0.32796,-0.031748,0.52899,-0.43886,0.67405,0.42136,-0.11981,-0.21777,-0.29756,-0.1351,0.59898,0.46529,-0.58258,-0.02323,-1.5442,0.01901,-0.015877,0.024499,-0.58017,-0.67659,-0.040379,-0.44043,0.083292,0.20035,-0.75499,0.16918,-0.26573,-0.52878,0.17584,1.065
194,-0.20527628,0.048279,0.34503573,-0.37946802,-0.073409714,-0.08974887,-0.31097957,0.29105473,0.08930613,-0.048601944,0.25382513,0.09177215,0.13701513,-0.20254663,0.10053643,-0.49431422,0.028533425,0.10709572,-0.17637627,0.21969,0.36104855,0.32817718,0.21246712,-0.25012258,0.16607742,-0.035925712,-0.2830164,-0.481489,-0.25021857,-0.27469558,0.011139005,0.39080027,-0.06866572,-0.3803553,0.14527114,0.27435714,-0.119456574,0.22583672,-0.07649915,-0.41158885,-0.07323285,-0.18656015,-0.04158185,-0.30027574,0.06072144,-0.04568428,0.16398714,-0.16032958,0.01876895,-0.4191629,0.42240825,-0.07426728,0.17826928,0.9187514,-0.5000129,-1.7530943,0.23441572,-0.08503888,1.6402298,0.28438255,-0.207247,0.4822996,-0.19821087,-0.034305718,0.54401046,-0.15581015,0.32230625,0.33896,0.13322686,-0.4199686,-0.16866614,-0.4276314,0.09031785,-0.32017303,0.14734285,-0.10299985,-0.05470472,0.0013769695,-0.6775929,0.09831214,0.73506194,0.020450175,-0.27531716,-0.06554587,-1.54534,-0.25175413,-0.0137044275,-0.18228087,-0.16513987,-0.23136714,-0.39270857,0.0153595675,-0.25015756,-0.23257874,-0.35777715,-0.15877686,-0.3006023,-0.29437572,0.6082614,0.14110716
195,-0.094968654,0.2882812,0.35552368,-0.1902208,-0.02953378,-0.08280894,-0.20687313,0.09352617,-0.17182045,0.002340511,0.16519316,-0.084060125,0.23224029,0.005437595,0.0829809,-0.35566965,0.26700786,0.016105998,-0.25733843,0.24724892,0.2960093,0.04778526,0.200476,-0.008742671,0.19245882,0.0066392575,-0.07906714,-0.43422619,-0.071388416,-0.19928701,-0.11639312,0.44293064,-0.09659696,-0.02228947,0.009193855,0.3342617,0.10374245,0.27131954,-0.039168783,-0.2570055,-0.3204597,-0.42757985,0.119896345,-0.27945548,0.021991452,0.029462228,0.1579295,-0.4472277,0.08017438,-0.75472283,0.16363232,-0.018765412,0.12117715,1.1285257,-0.2303399,-2.2807162,-0.05491132,-0.18211754,1.704408,0.4456311,-0.08985924,0.6748122,-0.2174304,0.09777773,0.5703948,-0.061236516,0.509598,0.26561236,0.41118494,-0.3317106,-0.04988441,-0.24436873,0.01277851,-0.2610222,0.187732,0.16165048,-0.1288231,0.0590392,-0.8745379,-0.053394,0.597816,0.09742127,-0.44780704,0.20776643,-1.378424,-0.22716187,-0.013708186,-0.21425177,-0.1883045,-0.3645612,-0.121548794,-0.0045788796,-0.16213582,-0.016336704,-0.6303159,0.064645484,-0.21734266,-0.47806793,0.6709878,0.27395043
196,-0.08947132,0.2030983,0.36696306,-0.22923994,-0.089686796,0.12962472,-0.16176873,0.24485232,0.027165227,0.0025364873,0.165633,0.018933253,0.15827754,-0.026008094,0.02575791,-0.31606,0.201807,0.11872793,-0.33699986,0.28154284,0.15949562,-0.007487992,0.17548512,0.04238809,0.14042747,0.022690792,0.015032663,-0.34307036,0.084390186,-0.24669586,-0.056085113,0.549632,-0.104659766,-0.018745353,0.15542871,0.2949152,-0.002231631,0.33759686,-0.03539226,-0.30107173,-0.23477109,-0.18222542,0.0670859,-0.44461274,-0.15595083,0.026043387,0.13384843,-0.29747102,-0.03195185,-0.6975,-0.05216269,0.09462439,0.15085718,0.91432947,-0.22322653,-2.1062295,-0.12386839,-0.1904845,1.5312285,0.33046058,-0.164702,0.50374776,-0.28435406,0.090882055,0.6824636,0.026685484,0.37314913,0.39893037,0.19694228,-0.28095955,0.013258028,-0.31767738,-0.04999227,-0.44538507,0.21719109,0.08760932,-0.11874022,0.038011003,-0.77304596,-0.048041668,0.60915434,-0.18578976,-0.45713013,0.058682404,-1.2714958,-0.11126332,0.09886376,-0.14975637,-0.114269145,-0.2912019,-0.072119676,0.072155416,-0.014726482,-0.0615484,-0.5208846,-0.08654408,-0.067567654,-0.23421139,0.54246867,0.14102754
197,0.1830266,0.106226504,0.3329845,-0.014227045,0.053900193,-0.07500251,-0.15963349,-0.058854293,-0.24564669,0.162465,0.1458243,0.10343641,0.15641579,-0.038528502,-0.0586885,-0.15343203,0.44457203,-0.006716004,-0.3160603,0.09274207,0.49391198,-0.174627,0.2011816,0.014550781,0.22249547,-0.21765372,0.044696994,-0.48789898,-0.0968307,-0.18521751,-0.2637102,0.48968777,-0.0587932,-0.019287791,0.0856289,0.3912633,0.031238403,0.23031649,-0.18316577,-0.371336,-0.11973421,-0.414117,-0.094066486,-0.43890324,0.063225195,0.1898669,-0.09716251,-0.4322648,-0.1577846,-0.872709,0.090538606,0.013413009,0.0817876,0.861742,-0.2990141,-2.3376567,-0.2316421,-0.10651751,1.761776,0.07954891,-0.19898681,0.602603,-0.3212768,0.2606565,0.35199338,-0.1403261,0.2717548,0.30846798,0.23924765,-0.3071192,-0.086092696,-0.2239177,-0.13479888,-0.149623,0.0677246,0.2944807,-0.30022803,-0.011472498,-0.8452363,-0.0755187,0.897925,0.07154389,-0.400729,-0.011310101,-1.087551,-0.16424951,0.08061169,-0.092711106,0.12246331,-0.22662899,-0.0843122,0.0822538,0.064051196,-0.21449499,-0.6943834,-0.12572701,-0.18851101,-0.1824309,0.63552105,0.2188066
198,-0.16111225,0.3210625,0.1089675,-0.09538751,-0.30517504,-0.0404545,0.088264,0.091004506,-0.4673225,-0.077555,-0.022785505,-0.25452,0.3704475,-0.0922935,-0.03284,-0.1015105,0.1319295,0.079689,-0.08363044,0.6441675,0.12158984,0.2246905,0.0931775,-0.3683075,0.26879376,0.055459995,-0.40728498,-0.47013676,-0.135505,-0.1737275,-0.57082,0.56667745,0.048297502,-0.21079275,0.33125752,0.3137815,-0.26405227,0.20429425,0.008848473,-0.342215,-0.04434625,-0.025987001,0.212415,-0.21859749,-0.2637675,-0.289745,0.2339865,-0.24268499,-0.02807275,-0.883885,0.06764224,-0.2991805,0.05791,1.0731125,-0.1616115,-2.6527002,0.31279248,0.22556975,1.3827575,0.167505,-0.19944474,0.92712,-0.77963996,-0.153703,0.8492675,-0.19662401,0.5678675,0.25946748,0.1449375,-0.49101,0.09607751,0.028114498,0.29089475,-0.3768675,0.7981475,0.146205,-0.284955,-0.27629,-0.2606675,-0.125739,0.38233823,0.4062975,-0.5797375,0.049312506,-1.5799174,0.06312549,0.2686712,-0.10680275,-0.562085,-0.6226775,0.07119925,-0.18306774,0.136158,0.13981019,-0.354895,-0.04061044,-0.5179925,-0.5592675,0.116363004,0.5378775
199,-0.17007072,0.06689885,0.13458237,-0.23089041,0.08600272,0.15087985,0.01593664,0.1252512,0.17420734,0.15469423,0.34839144,0.047977574,0.10677057,-0.13720264,0.15141384,-0.021998953,0.29584298,0.19384143,-0.10364999,0.22227843,0.031802606,-0.01976842,-0.0770468,-0.16839564,0.12431132,-0.01525185,-0.09061486,-0.31532702,-0.31366712,-0.209216,-0.087873355,0.5397693,-0.20781007,-0.13583213,0.3526136,0.31533653,-0.19848636,0.004212787,-0.10245603,-0.26871294,0.08490936,0.10252064,0.07697521,-0.2901493,-0.068192855,-0.19997714,-0.09979486,-0.35943326,-0.21394895,-0.6876748,0.20675458,0.057860572,0.20758441,0.6890786,-0.2670885,-1.7135199,0.032260787,-0.13744707,1.3293749,0.09304921,-0.07371865,0.4936891,-0.1530364,0.117123365,0.6125563,-0.18974979,0.3577917,0.17084558,0.109787144,-0.2687783,-0.05379593,-0.09097833,0.15191558,-0.15364514,0.21070172,0.15348963,-0.116920866,-0.117313005,-0.6297245,-0.12836993,0.41471985,-0.18025427,-0.243805,-0.100986935,-1.2450418,-0.16610657,0.20209071,-0.01730866,-0.12842342,-0.16260557,-0.18438779,-0.024328997,0.09016429,-0.23576435,-0.28571942,-0.04186827,-0.23604278,-0.38465825,0.5473847,0.022619803
200,-0.030769,0.11993,0.53909,-0.43696,-0.73937,-0.15345,0.081126,-0.38559,-0.68797,-0.41632,-0.13183,-0.24922,0.441,0.085919,0.20871,-0.063582,0.062228,-0.051234,-0.13398,1.1418,0.036526,0.49029,-0.24567,-0.412,0.12349,0.41336,-0.48397,-0.54243,-0.27787,-0.26015,-0.38485,0.78656,0.1023,-0.20712,0.40751,0.32026,-0.51052,0.48362,-0.0099498,-0.38685,0.034975,-0.167,0.4237,-0.54164,-0.30323,-0.36983,0.082836,-0.52538,-0.064531,-1.398,-0.14873,-0.35327,-0.1118,1.0912,0.095864,-2.8129,0.45238,0.46213,1.6012,-0.20837,-0.27377,0.71197,-1.0754,-0.046974,0.67479,-0.065839,0.75824,0.39405,0.15507,-0.64719,0.32796,-0.031748,0.52899,-0.43886,0.67405,0.42136,-0.11981,-0.21777,-0.29756,-0.1351,0.59898,0.46529,-0.58258,-0.02323,-1.5442,0.01901,-0.015877,0.024499,-0.58017,-0.67659,-0.040379,-0.44043,0.083292,0.20035,-0.75499,0.16918,-0.26573,-0.52878,0.17584,1.065
201,-0.1764625,-0.155575,-0.0316675,-0.025842495,0.18486202,0.16592503,-0.4851325,0.139624,-0.313816,0.0033000112,0.10945547,0.20597276,0.4441975,0.06986976,0.00044225715,-0.38508248,0.13230601,0.286095,-0.09343801,-0.11500201,-0.12229225,-0.20955999,0.052010257,-0.18816501,0.36023295,0.36100018,-0.38411698,-0.11530003,0.1618775,0.16101825,-0.07413525,0.1603425,0.035568494,0.04888425,0.029232755,0.0010195011,0.1131705,-0.367355,-0.039139986,-0.3407875,-0.4612375,-0.21451601,0.27678725,-0.051652506,0.0043074973,-0.04541725,-0.023583999,0.051376503,-0.09850384,-0.6980325,0.093241006,-0.026415005,0.104474746,1.3064724,-0.15826476,-1.9423499,0.1289935,-0.14732,1.6575,0.030307503,-0.17276847,0.847475,-0.1397875,0.096625,0.4475875,0.30768824,0.07160498,0.22254801,-0.24109225,-0.25570774,0.080869995,-0.127554,-0.018377513,-0.434726,-0.094523,0.15652499,0.11492249,0.07449,-0.39093,0.21735597,0.47018498,-0.037207253,-0.43249926,0.099262506,-0.78349245,-0.33410326,0.2339655,0.040785,-0.03594,-0.17403124,-0.17315249,0.067073494,0.23212752,-0.06453776,-0.18999425,-0.32743677,-0.0039385,0.1146395,0.5911275,-0.02452175
202,-0.07139527,0.11698024,0.4624538,-0.28597808,-0.021335183,0.1393799,-0.17328346,0.23944841,0.023593431,0.008824625,0.13660361,0.08019312,0.27953562,0.08935425,0.12550113,-0.26804247,0.17381872,0.040087778,-0.40864483,0.1775102,0.33036232,-0.01515775,0.25466096,0.026543904,0.10395982,-0.027152,-0.0983353,-0.5039823,0.03150979,-0.23684713,0.026640631,0.5456397,-0.012618387,0.16492105,-0.07207361,0.36740208,-0.08158517,0.21612659,-0.13804905,-0.24320818,-0.41348594,-0.15396206,0.22951867,-0.3337069,-0.07696884,-0.050655264,0.18783404,-0.3449315,0.06430491,-0.74322575,0.03134626,-0.02516875,0.21510318,1.1027609,-0.28862122,-2.480398,-0.040140353,-0.17047293,1.7087742,0.4952563,-0.15018462,0.6802488,-0.19815752,0.15349044,0.71808016,-0.12821908,0.48778138,0.40109032,0.062113818,-0.11917627,-0.007271434,-0.19813922,-0.043516286,-0.5628436,0.19772033,0.048767198,-0.13823661,-0.020716378,-1.0507941,0.026317587,0.56362563,0.019900717,-0.44970286,0.06124431,-1.329425,-0.35295826,0.0722008,-0.08510863,-0.26074666,-0.27992257,-0.014132951,-0.12461684,-0.09774031,0.14567514,-0.51409215,-0.051055055,-0.17750725,-0.26830247,0.48133427,0.26787648
203,-0.15980634,0.26297683,0.39871922,-0.38481826,-0.15178363,0.21931712,-0.022126108,0.31479114,0.0076148068,-0.026268696,0.22126916,0.041548863,0.25545606,0.0076009785,0.10202366,-0.2801279,0.18925877,0.23224667,-0.46412027,0.28532982,0.22727033,0.07587532,0.08936978,-0.059200138,0.20643154,-0.0064573335,-0.115834214,-0.4598508,0.09213814,-0.24630277,-0.05762061,0.55136776,0.013833767,0.066978425,0.1532492,0.34319276,-0.13772167,0.2713834,0.109103166,-0.24147993,-0.32502595,-0.19384177,0.15174183,-0.46304238,-0.15805638,0.026389746,0.2531738,-0.35668477,-0.028379016,-0.7932523,0.093029685,-0.07298627,0.15548517,1.057533,-0.2783965,-2.3487291,-0.023535425,-0.07076274,1.6704315,0.53263724,-0.08486506,0.72822547,-0.37730345,0.1508278,0.7995644,-0.03973833,0.5072662,0.39686203,0.07057841,-0.24513297,-0.007046862,-0.2935784,0.016382659,-0.37829942,0.22171715,0.12432942,-0.092621595,-0.038683273,-0.88736963,-0.022064256,0.5797887,-0.06785629,-0.6150272,0.06627692,-1.4107132,-0.2623397,0.18516454,-0.18165389,-0.3310613,-0.35585123,-0.13491873,-0.07235051,-0.043035086,-0.0024767986,-0.48439926,-0.07045144,-0.088276505,-0.2729241,0.399953,0.31565148
204,0.05641025,-0.1825733,0.01869229,0.010844111,-0.1528986,0.05013375,0.505709,0.32698044,0.63078606,0.07667785,0.13980234,0.095637165,-0.28927156,0.32795778,0.1280729,-0.22783251,0.16088912,0.048859496,0.00391837,0.3035421,0.43259957,0.045481227,-0.291704,0.13697012,0.25914863,0.18748094,-0.15101852,-0.30054367,0.20471132,-0.2403897,-0.21275224,-0.35122865,0.05983874,0.23591445,0.301811,0.2026646,0.42290676,-0.16725178,0.18701147,0.24460258,0.25728497,0.07441351,-0.27762777,-0.36847615,0.2407915,-0.11967056,-0.52960575,-0.15361236,-0.6304055,-0.15049025,-0.4365656,0.5513573,-0.23304927,-0.2589463,-0.340131,-0.8511272,0.20428914,0.2409415,0.10619193,0.15090764,-0.347104,-0.3027611,-0.48084944,-0.5729012,0.04087451,0.012655469,0.10740865,-0.16691998,0.06737596,0.47075674,0.24745019,0.53558296,-0.10825821,-0.27585137,0.10559538,-0.27592108,0.1151211,-0.21139525,-0.3917178,-0.044088807,0.17749472,-0.46860483,0.049674444,-0.3958039,-0.12633976,0.13231547,-0.24505901,-0.28360248,0.30292627,-0.2616349,0.119274326,0.02980733,0.27985922,0.45034733,0.06765292,0.13096677,-0.26435924,-0.54710245,-0.038565256,0.030666068
205,-0.090436,0.19636,0.29474,-0.47706,-0.80436,0.3078,-0.55205,0.58453,-0.17056,-0.84846,0.19528,0.23671,0.46827,-0.58977,-0.12163,-0.24697,-0.072944,0.17259,-0.0485,0.9527,0.50629,0.58497,-0.19367,-0.45459,-0.031095,0.51633,-0.24052,-0.1007,0.53627,0.024225,-0.50162,0.73692,0.49468,-0.34744,0.89337,0.057439,-0.19127,0.39333,0.21182,-0.89837,0.078704,-0.16344,0.45261,-0.41096,-0.19499,-0.13489,-0.016313,-0.021849,0.17136,-1.2413,0.079503,-0.91144,0.35699,0.36289,-0.24934,-2.1196,0.14534,0.52964,0.90134,0.033603,0.022809,0.70625,-1.0362,-0.59809,0.70592,-0.072793,0.67033,0.52763,-0.47807,-0.67374,0.36632,-0.38284,-0.10349,-0.6402,0.18104,0.82568,0.066403,-0.40791,-0.083813,-0.36487,0.045362,-0.073527,-0.20117,0.37441,-1.4024,-0.25605,-0.4708,-0.16145,-0.87921,-0.36325,-0.17357,-0.077983,0.43273,0.0089295,-1.0316,-0.11589,-0.34524,0.11514,-0.40812,0.20203
206,-0.09682494,0.1825488,0.47102943,-0.34477967,-0.046631385,0.24751899,-0.14488535,0.2061714,-0.021069368,-0.041077685,0.2703597,0.09466807,0.22603327,0.007102811,0.14465699,-0.21977241,0.15203063,0.21854705,-0.38885778,0.22725551,0.3055434,0.069929935,0.18583928,-0.051015634,0.24348025,-0.014795352,-0.10308596,-0.47364202,0.09983541,-0.26439032,-0.029499734,0.5060196,0.06565022,0.09300008,-0.022209221,0.34999436,-0.09075494,0.21819973,0.021808123,-0.27304703,-0.34043297,-0.2016982,0.118733175,-0.43351462,-0.30560413,0.03052445,0.126212,-0.29785657,-0.04609405,-0.79474956,0.06177671,0.030511582,0.12531318,1.0255605,-0.31908473,-2.402045,-0.047050744,-0.12975621,1.6222242,0.5115053,-0.07136649,0.8204955,-0.27853006,0.16729842,0.7776082,0.027957609,0.533121,0.35455108,0.073879816,-0.21145067,0.091012515,-0.29192287,-0.07076974,-0.39511693,0.1388808,0.11970691,-0.17649175,-0.054857142,-0.81709796,0.002720667,0.53000593,-0.008711778,-0.5641047,0.14422888,-1.3568574,-0.23685797,0.050563555,-0.19920039,-0.2460321,-0.350953,-0.13027701,-0.058461513,-0.029557249,0.029159546,-0.53559417,-0.12915106,-0.17696582,-0.2624416,0.51255447,0.25688148
207,-0.15936519,0.08748497,0.35963264,-0.29792905,-0.089129746,0.24222878,-0.12676995,0.2699987,-0.045659795,-0.008467325,0.17308223,0.040108673,0.2421829,0.04773194,0.08160462,-0.26658717,0.15625618,0.09614092,-0.3575936,0.08560327,0.22901973,0.022274844,0.21189734,0.033047102,0.2062237,-0.046116114,-0.1429441,-0.3605755,0.03523412,-0.08218773,0.013944413,0.42014495,-0.05823493,0.06315638,0.026613746,0.23359363,-0.09267655,0.18656145,-0.009631042,-0.21470737,-0.31084687,-0.26702726,0.13618171,-0.29494962,-0.048163123,0.01896887,0.13907671,-0.28851467,-0.059780058,-0.75820965,0.13189387,0.020836124,0.15046394,0.98793876,-0.2914853,-2.2023053,-0.06418084,-0.15440413,1.5105498,0.5172278,-0.12420515,0.6459616,-0.2385931,0.13260043,0.65632546,-0.015693462,0.4046864,0.2749732,0.1759076,-0.13462792,-0.015394679,-0.19483045,0.0098876655,-0.39987502,0.12892058,0.18115404,-0.13621914,-0.02293959,-0.8340079,0.051789828,0.6396392,-0.029290942,-0.46401295,0.081138805,-1.2749903,-0.16612053,0.1716284,-0.055829104,-0.17111069,-0.26899382,-0.08367517,-0.044662554,-0.024801817,0.10893479,-0.46139368,-0.075368874,-0.17330046,-0.21759453,0.50902665,0.17671286
208,-0.12526657,0.20521368,0.36266267,-0.17085537,-0.09763985,0.2272678,-0.055319663,0.29081368,0.04553183,0.02064505,0.08558656,0.072215654,0.21584575,0.03412182,0.11877514,-0.2574479,0.20364724,0.19841374,-0.28270456,0.15076192,0.19040157,0.054886505,0.06075495,-0.06954992,0.20236287,-0.037079018,-0.2498377,-0.43426988,0.06270742,-0.1603618,-0.089655556,0.64742714,-0.0686825,0.007147507,0.1090623,0.25362843,-0.14677842,0.19994639,0.056586802,-0.20368177,-0.31494376,-0.18637055,0.20699133,-0.3208118,-0.112873204,-0.011468298,0.2865077,-0.3510059,-0.04844175,-0.84433836,0.107297584,-0.025958776,0.17750573,1.0061338,-0.2791964,-2.3408635,0.08301247,-0.13407463,1.6055839,0.49179885,-0.09235413,0.6514436,-0.34666693,0.09035825,0.82486814,-0.06273483,0.4590017,0.26787478,0.028194645,-0.16647603,-0.08695078,-0.20069042,2.8099004e-05,-0.22669932,0.14251491,0.121290684,-0.16653079,-0.02132375,-0.8408591,0.035172813,0.540165,-0.099881686,-0.519639,0.0937078,-1.3790023,-0.12644136,0.14193693,-0.21417712,-0.28666446,-0.3432421,-0.10426639,-0.07862263,-0.13936822,-0.008912208,-0.4058146,-0.08156787,-0.089132905,-0.21215184,0.41883934,0.22835746
209,-0.3333115,0.056092996,0.4938983,-0.14212786,0.2141995,-0.020509833,-0.05782399,0.13597451,0.08110934,-0.060945336,0.16329204,-0.41552997,0.279295,-0.491735,0.0745535,0.016098827,0.23401152,0.048170164,-0.14993165,0.49186662,-0.3106517,-0.20937717,0.05539633,0.07083017,0.0693885,0.018444387,0.061805677,-0.10678333,-0.25731835,-0.19774099,-0.24891366,0.97762007,-0.16699566,0.028992666,0.5978067,0.18365884,-0.34590998,0.27740833,0.12514667,-0.306943,-0.13523982,0.036255993,0.23115332,-0.18304498,0.053680003,0.14582467,0.24666,-0.40452835,0.111664,-0.38836718,0.17097734,-0.08416834,0.221054,0.7457183,-0.125542,-1.9599584,0.013550003,-0.2678348,1.5056449,0.14917916,-0.16271852,0.5080195,-0.16522749,0.12107333,0.639355,-0.016006667,0.35985017,-0.23586066,0.46060133,-0.12299917,0.17408049,0.14929669,0.32639334,-0.28314215,0.39242682,0.21275002,-0.19055568,-0.16854768,-0.5366247,-0.23714735,0.23161067,0.0596375,-0.48389784,0.019997329,-1.1953795,0.039534498,0.21129984,-0.31020865,-0.07371744,-0.29343835,0.0782435,0.35642517,0.047863334,0.04982928,0.01943146,0.0947305,-0.2591565,-0.66771,0.7021666,0.31249166
210,-0.39389998,0.06791,0.114731,-0.188349,0.14475,-0.5153325,-0.19623724,0.37699753,0.280064,0.17221686,0.32963002,-0.11409249,-0.027107753,-0.2502166,0.057147745,-0.6982575,0.447645,0.011525251,0.36748502,0.2830925,0.072809994,0.2230325,-0.036495,-0.16562726,0.30323124,0.019012496,-0.39298525,-0.57947755,-0.54495,-0.19863924,-0.19567148,0.6135375,-0.0067225024,-0.495635,0.4569645,0.47620496,-0.053199995,0.07242,-0.07630925,-0.5283625,0.3276475,-0.22505274,0.233102,-0.4578925,0.35204527,-0.06955901,0.04576999,-0.337175,0.19976002,-0.176735,0.5787895,-0.16487376,0.18240726,0.67905474,-0.5318423,-1.5220051,-0.13457,-0.2430138,1.826625,0.021582484,0.0038149953,0.035075,0.07910225,-0.14162499,0.20818827,-0.23058501,0.14884722,0.129845,0.4788425,-0.52043754,-0.25725502,-0.39463502,0.21983749,0.14960499,0.19275,-0.210095,0.050528996,0.0027047023,-0.70015,0.14881524,0.9450475,-0.076002,-0.120041594,-0.06929852,-1.293895,-0.09180726,0.00957175,-0.36956343,0.046227485,-0.3262375,-0.45850453,0.053743254,-0.001048252,-0.62969005,-0.2180578,0.098709956,0.11893899,-0.26471502,0.88907504,-0.23706998
211,-0.026176682,0.194094,0.35636702,-0.19643314,-0.12816976,0.099399544,-0.032229703,0.20930342,-0.08447069,0.005654591,0.1981541,0.06382992,0.12144654,0.027552433,0.23730388,-0.27723053,0.20022672,0.1113855,-0.31884927,0.14504321,0.22626975,-0.048368406,0.09538214,0.060008526,0.27342996,-0.10067504,-0.08266955,-0.40383953,0.03404783,-0.1234414,-0.20467563,0.5282589,-0.020199265,0.08859245,0.044136677,0.3001523,-0.029414264,0.17890686,-0.04116894,-0.28154176,-0.2329517,-0.19494763,0.16534463,-0.33675447,-0.10390257,-0.01498759,0.1956938,-0.4469228,-0.09020102,-0.7623952,0.017392684,-0.12362784,0.19035414,1.001903,-0.32052317,-2.2777445,-0.030214984,-0.23455761,1.6243833,0.51328945,-0.19273767,0.59572995,-0.35709453,0.11057398,0.7304918,0.010969433,0.41903827,0.32211006,0.20743175,-0.15689234,-0.08537873,-0.2562255,-0.025054136,-0.2895663,0.12795578,0.0824497,-0.19944042,-0.06876679,-0.841972,-0.043849606,0.49204192,0.021802861,-0.58719814,0.05640695,-1.215485,-0.13593209,0.15820208,-0.11857404,-0.08973237,-0.27157798,-0.13273434,-0.007268647,-0.11319226,0.13123138,-0.54535085,-0.033771764,-0.09017759,-0.25892916,0.44856644,0.15264212
212,-0.16026168,0.010145004,0.48691002,-0.23538667,-0.12986517,0.29113218,-0.18173502,-0.046077568,0.03942666,0.007496501,0.3106695,0.0021483402,0.22318499,-0.375275,0.3606383,-0.26456332,-0.07644082,-0.050780486,0.030704265,-0.0127668455,0.0299595,0.056854505,0.14924668,0.13716017,0.27118835,-0.12446433,0.18017165,-0.09567666,-0.0942375,-0.23782718,0.27133483,0.30914,0.13478467,-0.13808884,-0.234231,0.13863717,-0.26293167,0.045508325,0.046854,-0.08425317,-0.34555766,-0.007716337,0.08904997,-0.22585283,-0.18874316,0.026842674,0.26613733,-0.25611165,-0.22426884,-0.53565496,0.17446633,0.074220166,0.069025494,0.48214832,-0.4092212,-1.7046217,-0.083234504,-0.15601166,1.1639043,0.15345168,0.0482,0.49135372,0.14408083,0.26932335,0.49039337,-0.12861232,0.43022916,-0.12518716,0.14112617,-0.13144433,0.24630351,-0.21270166,0.048093338,-0.15872301,0.102901824,0.050694834,-0.17360567,0.062250663,-0.66074616,0.04334284,0.4237902,-0.23137666,-0.37617996,0.19563,-1.1970967,-0.029348338,-0.1647905,-0.282245,-0.005330006,-0.47760662,-0.05412583,0.07529216,0.045721333,0.18428503,-0.31456366,-0.23883368,-0.37044334,-0.06825317,0.47471204,0.06998887
213,-0.13308859,0.050909996,0.46893978,-0.08909601,-0.0891456,0.2174072,-0.2517528,0.273952,-0.05726559,-0.1015622,0.163688,-0.09271167,0.12752321,-0.07810421,-0.0993962,-0.0975118,-0.09444579,0.04589921,-0.007113993,0.289678,0.1417346,0.01767399,0.1862268,-0.1854358,0.2024314,0.322682,-0.28497142,-0.41064182,-0.0763406,0.024038797,-0.2303344,0.44102797,0.09096,-0.06955536,0.072037995,0.1170686,0.18659201,-0.031078005,0.18346801,-0.24466722,-0.3685748,0.044344,0.29697797,-0.34857002,-0.105302,-0.04783799,0.45230198,-0.3139686,0.024992216,-0.84885806,0.19709781,-0.232462,0.09443161,1.027578,-0.40844125,-2.19062,0.0014960051,0.051772006,1.58736,0.45714003,-0.1114374,0.515686,-0.1024494,0.015292796,0.868278,0.13927099,0.32105058,0.188076,0.063339606,-0.268454,0.0023878007,-0.355346,-0.2410182,-0.122240804,0.3384,0.100098014,-0.16408941,0.2210702,-0.53743,0.0121032,0.5333234,0.0657718,-0.81803405,0.09834699,-1.4396499,-0.31260198,0.18228379,-0.33144403,-0.163792,-0.426548,-0.008616402,0.006460196,-0.390261,0.07961999,-0.16041276,-0.28437,-0.0985048,-0.46366817,0.424186,0.3031506
214,-0.17830496,0.33852878,0.38913423,-0.35726166,-0.14502521,0.29803765,-0.06442864,0.18983966,0.1536277,-0.064979725,0.1685394,0.07266204,0.26595584,0.015040795,0.19463472,-0.21797737,0.09107762,0.26916125,-0.35129282,0.21295962,0.19112433,0.02932418,0.11920922,-0.088132866,0.2791348,0.11966599,-0.19058247,-0.50619274,0.10348351,-0.22337365,-0.052259132,0.5957423,-0.04831832,-0.006577201,0.20198639,0.36815473,-0.13754563,0.19527356,0.1786863,-0.24466164,-0.28105685,-0.2984189,0.06225143,-0.3713917,-0.23775057,-0.03809456,0.19779901,-0.26851183,0.061664585,-0.94003356,0.10312418,-0.04884526,0.097098395,1.0384701,-0.20311461,-2.4544184,0.0056288736,0.07267563,1.5134271,0.54206264,-0.11836848,0.97929174,-0.47365594,0.034881227,0.85740215,0.02174164,0.57589525,0.30575955,-0.011540738,-0.17251751,0.06951196,-0.26078746,0.04370584,-0.36890128,0.13963388,0.08738854,-0.124196224,-0.05801646,-0.58005494,-0.05889971,0.50901085,-0.20367458,-0.52513444,0.1024055,-1.3891785,-0.16500051,0.12263553,-0.17668857,-0.2041102,-0.34238055,-0.09050471,-0.10007354,-0.08452645,0.0072486512,-0.4272245,-0.08934764,-0.25110912,-0.28609705,0.36195257,0.21864955
215,0.059738,0.211415,0.59747,0.08989,0.6624,-0.21478,0.38918,-0.751315,-0.07844499,-0.0404455,0.27938002,-0.32524347,0.133609,-0.363965,-0.34597498,0.36512002,0.80878,0.09165501,0.16409001,0.83123,0.28138,0.189135,0.09420501,0.055035,0.66946,0.19754499,0.1466995,-0.5702,-0.111075,-0.1993985,-0.015760005,0.416995,0.304015,0.03942,0.256744,0.8106,-0.39207903,0.15498,-0.13244501,-0.54122996,0.428375,0.519475,-0.102083996,-0.375075,0.14374,-0.10753499,-0.36535,-0.767785,0.07626,-0.5911,0.0047149956,0.10446499,0.136078,0.755795,-0.071361,-1.663895,-0.185147,0.37932003,1.1884999,-0.031165501,-0.0023749918,0.42117998,-0.37766,0.32874,0.85613,-0.489065,0.55910003,0.557485,0.154425,-0.30954498,0.08009501,0.2315245,-0.045712,0.360915,-0.05138001,0.15472001,-0.3034625,-0.61274505,-0.34280652,-0.492275,0.38947,0.36486,-0.538995,-0.15195,-0.917615,-0.6014,-0.502605,-0.42767498,-0.279265,-0.30524498,-0.139792,0.51145,0.3937,-0.37242,-0.60867,0.471515,0.12705502,-0.20955251,0.60712,0.51987
216,-0.17023885,0.24313478,0.29522532,-0.24312246,-0.0641075,0.056625463,-0.13012972,0.19307722,0.073259346,-0.004060234,0.15885553,-0.035361074,0.2612514,0.060615737,0.09503547,-0.31473538,0.24163328,0.14073285,-0.36057523,0.24388511,0.17068811,0.062138945,0.16706388,-0.058722164,0.08342973,-0.031542815,-0.052099306,-0.42255285,0.017833188,-0.17398824,-0.06273575,0.6116855,-0.054461673,-0.026923738,0.18622497,0.28607798,-0.11842802,0.11846745,0.026683955,-0.26206413,-0.24865416,-0.21045339,0.1234011,-0.38156864,-0.11426857,-0.078447714,0.16577521,-0.3818481,-0.010053306,-0.7751183,0.12049581,-0.028840352,0.13375475,0.99794066,-0.16144437,-2.1486201,-0.009875757,-0.14002573,1.6219728,0.39013988,-0.1776665,0.49811104,-0.29435712,0.044613715,0.7272722,-0.017967686,0.43203107,0.24681953,0.2657608,-0.18683188,-0.13674465,-0.3125115,0.00033145162,-0.33259487,0.22472836,0.081753455,-0.0218883,-0.051205482,-0.8008891,-0.0562195,0.6331666,-0.06915293,-0.46381626,0.07676066,-1.3361151,-0.20468053,0.13811144,-0.13346262,-0.27698326,-0.3021611,-0.12783034,-0.027702272,0.012911335,-0.025466273,-0.44814566,0.04158688,-0.085184515,-0.35084108,0.5246273,0.253959
217,-0.09184277,0.19481967,0.26218846,-0.24251893,-0.09490378,0.174797,-0.2069073,0.30762246,0.07075039,-0.007897082,0.02505653,0.17022572,0.1618517,-0.012276537,0.20411563,-0.26825985,0.25672534,0.08428853,-0.27264738,0.19369069,0.2709529,-0.06801569,-0.013990771,-0.17029753,0.27617484,-0.040207464,-0.31464577,-0.5680977,0.04596968,-0.13190207,-0.10164853,0.6523634,-0.045702,-0.051734492,0.057798382,0.4017059,-0.07479607,0.10283454,0.14859861,-0.1791746,-0.10969468,-0.12665008,0.14967056,-0.4788377,-0.13922074,0.1626477,0.15006126,-0.15575331,-0.09673755,-0.85305846,0.095221534,-0.13031875,0.17543584,0.9442931,-0.27410698,-2.440723,-0.025622623,-0.22586122,1.7410108,0.3410617,-0.007192309,0.70445925,-0.2974034,0.019335577,0.8604739,-0.006975614,0.4561547,0.5024623,0.07850469,-0.26792815,0.0155126145,-0.24613906,-0.109019846,-0.22801954,0.22009715,0.06919861,-0.1408343,-0.107498474,-0.78759414,-0.022703607,0.4758097,-0.0777973,-0.4546677,-0.121725544,-1.3865739,-0.29013607,0.22643301,-0.04820877,-0.1970155,-0.36254385,-0.0115293125,0.029821564,-0.11518538,-0.22466615,-0.5224671,-0.15132077,0.038065072,-0.35534656,0.47192684,0.21027471
218,-0.18906519,0.22199073,0.48678067,-0.34154078,-0.22358152,0.15824606,-0.11711604,0.23075972,0.21208993,-0.03145001,0.26370424,0.06716388,0.28592023,-0.10651109,0.03948542,-0.14696674,0.054868992,0.22331695,-0.4656365,0.3060722,0.18052103,-0.004436668,0.13335302,-0.010740068,0.18506905,0.074635155,-0.11420748,-0.46777317,0.10288537,-0.20268337,0.042692795,0.69078845,-0.0018930079,0.19897886,0.10181957,0.34333134,-0.15175524,0.1521939,0.013174832,-0.3198202,-0.25331578,-0.14103673,0.077526934,-0.4244301,-0.19815677,-0.060196143,0.1534395,-0.38975716,0.025624493,-0.853677,0.039674673,0.062408656,0.106879845,0.884436,-0.2942621,-2.2463977,0.039251342,0.053621717,1.4766016,0.45177492,-0.079330966,0.7080083,-0.38805714,0.076619945,0.8025997,0.028105902,0.44107738,0.39979485,0.09066014,-0.19032027,0.14840166,-0.1994127,0.036543593,-0.43256056,0.18164705,0.14548784,-0.10698555,0.011132331,-0.80912846,-0.07062477,0.48751083,-0.23027678,-0.49063665,0.09799259,-1.3120928,-0.18728077,0.111049265,-0.12529035,-0.33129308,-0.23844305,-0.04323031,-0.09526,-0.039712336,-0.033564653,-0.46564284,-0.070600346,-0.12975141,-0.2920497,0.42008603,0.37653562
219,-0.049697317,0.23159409,0.33144373,-0.31140578,-0.0023578939,0.2411932,-0.21431918,0.36002058,-0.08279733,-0.042923916,0.19511582,0.07369234,0.15371965,0.01096659,0.12491695,-0.2690559,0.19638994,0.20459482,-0.3831306,0.3218603,0.26971146,-0.05658071,0.08766505,-0.0888087,0.21567054,-0.06709589,-0.16483764,-0.52709067,0.12758698,-0.23449779,-0.095595986,0.4945154,0.039254475,0.08504191,0.013666346,0.42325702,-0.09526841,0.28948385,0.028804792,-0.3302953,-0.19100241,-0.23850402,0.10271681,-0.38947552,-0.20794407,0.007861621,-0.0063864603,-0.41732365,-0.11191445,-0.8117429,0.011536987,-0.016264755,0.070995115,1.088437,-0.38530192,-2.3180685,-0.036998663,-0.24014328,1.66285,0.40302852,-0.0978641,0.7191761,-0.38702416,0.118253715,0.6644356,-0.012649262,0.52530605,0.3805705,0.11099922,-0.28491798,-0.12948424,-0.24404544,-0.08370953,-0.3441154,0.10916647,0.18784343,-0.15069923,-0.046827756,-0.7919372,-0.044156294,0.5920575,0.011914281,-0.44438785,0.0149903605,-1.3221881,-0.16655904,0.031527158,-0.14123671,-0.16507973,-0.2461152,-0.16594042,-0.11574739,0.046824347,-0.1545404,-0.6035024,-0.2048364,-0.08868705,-0.17082427,0.61440957,0.20376976
220,-0.16439046,0.14178708,0.35486048,-0.20875187,-0.12730989,-0.076223925,-0.17855766,0.1917509,0.107571475,0.0395003,0.23862818,0.015378082,0.14440317,-0.11092563,0.16581981,-0.41590545,0.15587918,0.11790764,-0.2815582,0.29710558,0.19447576,0.077116504,0.081116445,-0.10275701,0.09869527,0.11031088,-0.1908225,-0.4929347,-0.14442214,-0.23532006,-0.090537265,0.68888205,-0.045285106,-0.061029628,0.13721275,0.3911355,0.04168036,0.31786776,0.015049084,-0.35753056,-0.16549899,-0.25935343,0.060158487,-0.4946505,-0.099791296,-0.06952796,0.13018024,-0.40951398,-0.019839326,-0.69926965,0.1720589,0.0025158687,0.045141663,0.88757235,-0.3283776,-2.0003693,0.030524166,-0.10411616,1.5870388,0.28946334,-0.10421004,0.48751053,-0.3168638,0.008765354,0.6380402,-0.0006079286,0.4705238,0.37767088,0.24229124,-0.40914518,0.11125723,-0.32764557,0.091300674,-0.32189018,0.22115049,0.10150866,-0.07398076,0.033502422,-0.77702594,-0.065042295,0.64098233,-0.15060565,-0.41523686,0.056806915,-1.3387797,-0.1660606,0.09629408,-0.25257733,-0.1644161,-0.2998119,-0.15428105,-0.09842502,-0.0550874,-0.179404,-0.4989789,-0.02813535,-0.033882305,-0.35478404,0.5259365,0.20367943
221,-0.15498976,0.24049115,0.36115384,-0.30857182,-0.08934726,0.11096324,-0.14442246,0.26002422,0.029157959,-0.024312364,0.2152854,0.06769972,0.19342178,-0.03063169,0.1107766,-0.30295268,0.13794716,0.19450752,-0.37873077,0.24807201,0.30479857,-0.014592323,0.12839109,-0.061522413,0.20612605,-0.04725106,-0.23014252,-0.55726844,0.072106004,-0.26351106,-0.020606684,0.59073234,-0.062714815,0.015764916,0.13543154,0.4169872,-0.06920261,0.19404206,-0.030635053,-0.22014284,-0.29836902,-0.28936884,0.14956322,-0.4749887,-0.1783605,0.033669066,0.14301082,-0.3882495,0.0027679408,-0.81041247,0.08100134,-0.020767473,0.09850762,1.0248649,-0.24003695,-2.285545,-0.043518856,-0.108730756,1.6563998,0.49645045,-0.09999085,0.7636845,-0.23638476,0.13577414,0.7306176,-0.11297179,0.5120779,0.33626193,0.13801508,-0.2825405,-0.06668445,-0.32113308,0.011606456,-0.30727398,0.18058962,0.13004544,-0.19419543,-0.10367396,-0.8175254,-0.035531737,0.676643,-0.02480623,-0.5409703,0.04691164,-1.418897,-0.23685203,0.10838814,-0.17317557,-0.25811008,-0.35058644,-0.068552084,-0.10460282,-0.015875868,-0.1581711,-0.6499366,-0.108418226,-0.10482275,-0.1873811,0.52659476,0.25343952
222,-0.07372582,0.37843636,0.40974817,-0.65227467,-0.7365709,0.16062158,-0.3181351,0.30351928,0.33903453,-0.05597218,0.1637009,0.05410436,0.21783191,0.17148918,-0.00772818,-0.25317544,0.21475874,0.7150927,-0.5548009,0.54249454,0.28624064,0.25499988,0.09753654,-0.23967022,-0.12099707,0.18908419,-0.36239234,-0.8962564,0.27372634,-0.42087638,-0.09100545,0.8113299,-0.06547081,0.059535995,0.2500562,0.48146847,-0.1553488,0.2368411,0.27914,-0.33023942,-0.24443546,-0.06273493,-0.23599276,-0.60263634,-0.59206724,-0.06318298,0.29412383,-0.6300673,-0.25273645,-1.3135582,0.123455994,0.13269365,-0.13808745,1.0340164,-0.10531965,-2.4998815,0.09338391,-0.013155268,1.7338364,0.48891544,-0.19330439,0.98818094,-0.4783427,-0.115635894,1.0770845,0.19183744,0.88333625,0.43381545,-0.24176548,-0.38224116,-0.029616999,-0.50667816,0.100532465,-0.49670094,0.012964728,-0.09200701,-0.13013384,-0.026970524,-0.67115545,0.07811027,0.68902,-0.48735362,-0.88021356,0.016378636,-1.8552998,-0.17235726,0.22813056,-0.0063425465,-0.25710762,-0.3249016,-0.10571956,-0.24012393,0.027094452,-0.31932712,-0.6374427,-0.06539554,-0.23888451,-0.4716873,0.39663535,0.48844147
223,-0.09776276,0.263692,0.35435688,-0.33035082,-0.33716303,0.18907726,-0.09848466,0.3255059,0.020616839,-0.05279032,0.25733018,0.086034745,0.21012247,0.0013992599,0.063870884,-0.36226016,0.053348508,0.12971537,-0.3949586,0.340603,0.2665581,0.15209348,0.051950525,-0.16520494,0.21749781,0.15248446,-0.17064382,-0.5356842,0.13613892,-0.104689874,-0.083604895,0.57004243,0.09093479,0.09045684,0.13674343,0.39392748,-0.114866614,0.27105322,0.05795594,-0.24955967,-0.3550385,-0.103844725,0.28260872,-0.43962544,-0.18224236,-0.0719048,0.31273094,-0.35480237,0.075985424,-0.8793226,0.06760347,-0.1258611,0.19707145,1.0520288,-0.31680354,-2.4337955,0.06801293,0.09604192,1.5190393,0.54655844,-0.092948,0.9034894,-0.42410925,0.041472506,0.78926045,-0.07048038,0.6314595,0.48618132,-0.03360165,-0.086989515,0.055800248,-0.29902068,0.07138978,-0.37198782,0.2248049,0.14735559,-0.066984095,-0.017715726,-0.88249487,-0.013275635,0.56583637,-0.17899974,-0.5675733,0.08953773,-1.4875826,-0.26981884,0.0025741577,-0.22976123,-0.37853396,-0.47050968,-0.019251198,-0.18259372,-0.02637286,0.035375733,-0.5315409,-0.0034686318,-0.22337179,-0.3065407,0.29344416,0.32093266
224,0.0,0.0,0.0,0.0,0.0,0.0,0.0,0.0,0.0,0.0,0.0,0.0,0.0,0.0,0.0,0.0,0.0,0.0,0.0,0.0,0.0,0.0,0.0,0.0,0.0,0.0,0.0,0.0,0.0,0.0,0.0,0.0,0.0,0.0,0.0,0.0,0.0,0.0,0.0,0.0,0.0,0.0,0.0,0.0,0.0,0.0,0.0,0.0,0.0,0.0,0.0,0.0,0.0,0.0,0.0,0.0,0.0,0.0,0.0,0.0,0.0,0.0,0.0,0.0,0.0,0.0,0.0,0.0,0.0,0.0,0.0,0.0,0.0,0.0,0.0,0.0,0.0,0.0,0.0,0.0,0.0,0.0,0.0,0.0,0.0,0.0,0.0,0.0,0.0,0.0,0.0,0.0,0.0,0.0,0.0,0.0,0.0,0.0,0.0,0.0
225,0.0,0.0,0.0,0.0,0.0,0.0,0.0,0.0,0.0,0.0,0.0,0.0,0.0,0.0,0.0,0.0,0.0,0.0,0.0,0.0,0.0,0.0,0.0,0.0,0.0,0.0,0.0,0.0,0.0,0.0,0.0,0.0,0.0,0.0,0.0,0.0,0.0,0.0,0.0,0.0,0.0,0.0,0.0,0.0,0.0,0.0,0.0,0.0,0.0,0.0,0.0,0.0,0.0,0.0,0.0,0.0,0.0,0.0,0.0,0.0,0.0,0.0,0.0,0.0,0.0,0.0,0.0,0.0,0.0,0.0,0.0,0.0,0.0,0.0,0.0,0.0,0.0,0.0,0.0,0.0,0.0,0.0,0.0,0.0,0.0,0.0,0.0,0.0,0.0,0.0,0.0,0.0,0.0,0.0,0.0,0.0,0.0,0.0,0.0,0.0
226,-0.15549321,0.024844687,0.29810494,-0.23802313,0.08916209,0.18890652,-0.11078773,0.17806138,0.15391688,-0.061221965,0.21922919,0.0023220691,0.16109616,-0.085495286,0.17706126,-0.006189282,0.22450337,0.081342846,-0.21716264,0.079029016,0.08628025,-0.15044641,0.1911554,0.06376406,0.30716103,0.07722669,-0.008726523,-0.1929,-0.047505416,-0.119604275,-0.044456627,0.4281052,-0.034483105,0.16828509,0.19720924,0.25691772,-0.20479684,0.16991268,0.012938101,-0.19064769,-0.17098132,-0.10122643,-0.0013416307,-0.13467896,-0.12923916,0.033507682,0.07193573,-0.31677404,0.019706918,-0.38895902,0.16121201,0.10479698,0.10852111,0.7473916,-0.22376016,-1.6918923,-0.042671017,-0.16855279,1.1973982,0.22441845,-0.2925958,0.41517192,-0.16500248,0.11357916,0.51995414,0.011244581,0.2057347,0.1788947,0.02453244,-0.19641021,-0.029844688,-0.09420917,0.09121468,-0.49463058,0.082297094,0.08030926,-0.11781047,-0.0915482,-0.510484,-0.21162088,0.43589458,-0.12515835,-0.3440963,0.10708022,-1.0251282,-0.14011645,0.21235484,0.11736383,-0.13524796,-0.18640079,-0.014241628,0.19061227,-0.053271063,0.13017651,-0.34966168,-0.016091159,-0.08483114,-0.20466153,0.31733766,0.14140841
227,-0.06063005,0.18108119,0.32620063,-0.16035992,0.06722929,0.06454297,-0.093101196,0.13639165,0.02520217,0.06284665,0.19346869,0.028916955,0.21090734,0.03316451,0.010029883,-0.26848564,0.13093092,0.040120143,-0.24419525,0.186681,0.19231069,-0.033746563,0.11832673,-0.037968047,0.0058237305,0.043242257,-0.022735637,-0.2004017,-0.02802936,-0.10452838,0.052344497,0.42069575,-0.060790896,0.050576173,0.005520146,0.22906741,-0.03244026,0.21306422,0.018894807,-0.138649,-0.26308835,-0.14985792,0.18348074,-0.3092069,-0.12636721,0.05926237,0.035974927,-0.26295236,-0.066680655,-0.6235877,-0.0026444332,0.04073384,0.06413351,0.826721,-0.2410635,-1.7401681,-0.040612645,-0.18933645,1.4401512,0.32203078,-0.13076851,0.45666856,-0.20539911,0.09008982,0.58886164,0.034373444,0.41735682,0.2581066,0.17052494,-0.108219735,-0.034050245,-0.13783598,-0.11638604,-0.31318307,0.17810589,0.2015559,-0.030068848,-0.07176424,-0.8046504,0.071824804,0.5184378,-0.0074280626,-0.41582716,0.03866348,-1.1987734,-0.16170314,0.08875328,-0.121803634,-0.28992546,-0.31631982,-0.06476347,-0.031159738,-0.052580435,-0.06778154,-0.32130876,-0.059297413,-0.118685745,-0.16751511,0.4922733,0.13157539
228,-0.2847576,0.31242165,0.58863693,-0.09589078,0.08833359,-0.15284961,-0.19148,0.19829085,-0.13832273,-0.088028096,0.059759267,-0.061103176,0.17218193,-0.007834161,0.13001773,-0.2781931,0.3114336,0.00015746156,-0.2724802,0.06877665,0.4672379,-0.012776003,0.34363,-0.05419667,0.23434462,-0.03945807,-0.03989627,-0.33048907,-0.2038153,-0.17109053,-0.10153239,0.25787535,-0.0488414,-0.10667307,0.13097546,0.36019513,0.050041877,0.12843974,-0.20799214,-0.24909286,-0.33704,-0.2796676,0.23947453,-0.40854597,0.103530146,0.06225026,0.24469641,-0.33926997,-0.056164764,-0.58293337,0.2345334,0.14943288,0.070413396,0.8723726,-0.31776538,-2.1936607,-0.31400517,-0.3460649,1.6736133,0.22370881,-0.21847747,0.50540316,-0.16788194,0.13444002,0.66455597,-0.09300253,0.34897014,0.246723,0.4225275,-0.3458344,-0.08966567,-0.34418076,-0.045940734,-0.1485246,0.18010567,0.022539202,-0.13983247,0.11933632,-0.8719728,0.04315786,0.63835603,-0.013307001,-0.31901008,0.038099077,-1.2027973,-0.23189993,-0.124084525,-0.24960606,-0.11436187,-0.4171749,-0.18609972,0.027167805,-0.018560665,-0.17714934,-0.7419774,0.043258782,-0.23253462,-0.4760837,0.756607,0.18666814
229,-0.055507075,0.10448658,0.31552956,-0.19094452,-0.07180003,0.23247848,-0.059974052,0.1969707,-0.00645197,0.09247509,0.17687204,0.06719911,0.2168528,0.09183739,0.09716494,-0.31195095,0.14643265,0.16196941,-0.40929112,0.18895629,0.190562,0.12503506,0.15174523,-0.06693652,0.15362006,-0.03929351,-0.20637915,-0.39229935,0.23349953,-0.1680261,-0.026760153,0.5495123,0.10431666,0.15608212,0.08858786,0.265433,-0.15591808,0.25191537,0.01581853,-0.124255694,-0.31911758,-0.091005996,0.15059824,-0.41775867,-0.06946259,-0.080337554,0.16782707,-0.30931687,0.081841625,-0.8137517,0.05885318,-0.0711129,0.057862174,0.9765622,-0.29064274,-2.2604659,-0.022132576,-0.100250274,1.5833818,0.6191951,-0.09903816,0.6042487,-0.41219613,0.11813045,0.6580614,-0.028018724,0.4576916,0.37607047,0.05581735,-0.041097507,-0.07549112,-0.1757331,-0.024691587,-0.4662265,0.18832265,0.20067818,-0.12468664,0.012711975,-0.79462135,-0.05835749,0.48325685,0.025156565,-0.5081122,-0.012277133,-1.3789043,-0.28234348,0.2633962,-0.14163288,-0.32388005,-0.3346143,-0.10646122,-0.1243196,-0.0805472,-0.084229216,-0.4204682,-0.018486436,-0.10275897,-0.25168598,0.2863189,0.26199389
230,0.0,0.0,0.0,0.0,0.0,0.0,0.0,0.0,0.0,0.0,0.0,0.0,0.0,0.0,0.0,0.0,0.0,0.0,0.0,0.0,0.0,0.0,0.0,0.0,0.0,0.0,0.0,0.0,0.0,0.0,0.0,0.0,0.0,0.0,0.0,0.0,0.0,0.0,0.0,0.0,0.0,0.0,0.0,0.0,0.0,0.0,0.0,0.0,0.0,0.0,0.0,0.0,0.0,0.0,0.0,0.0,0.0,0.0,0.0,0.0,0.0,0.0,0.0,0.0,0.0,0.0,0.0,0.0,0.0,0.0,0.0,0.0,0.0,0.0,0.0,0.0,0.0,0.0,0.0,0.0,0.0,0.0,0.0,0.0,0.0,0.0,0.0,0.0,0.0,0.0,0.0,0.0,0.0,0.0,0.0,0.0,0.0,0.0,0.0,0.0
231,-0.0394127,0.103881,0.1933291,-0.3135969,-0.2006804,0.1876162,-0.071031496,0.365569,0.0904399,0.068147294,0.16796161,0.23097,0.4588805,0.1102792,0.24270311,-0.4429031,0.101461396,0.2458463,-0.471698,0.28473136,0.2634117,0.11073299,0.26967102,-0.035353,0.21989694,-0.126354,-0.046820603,-0.37628597,0.06529421,-0.3751184,0.0117010055,0.4028639,-0.14061299,0.23086438,0.06239879,0.3621174,0.10634349,0.23777759,-0.1546168,-0.1694097,-0.39314002,-0.0815214,0.26291794,-0.506748,0.1124481,-0.17327979,0.2787588,-0.452506,0.15814988,-0.78628695,0.12563899,-0.11310004,0.2080706,0.9963711,-0.2949056,-2.2197418,0.071730696,-0.1746749,1.59073,0.736173,-0.11876669,0.600783,-0.4056371,0.18623984,0.902366,-0.25554243,0.327139,0.23661041,0.15316461,-0.23408511,-0.111683704,-0.4265341,0.016525298,-0.4330656,0.1871917,0.273113,-0.14183371,0.114552185,-1.1044061,-0.07339039,0.63539815,-0.297959,-0.327946,0.1219569,-1.3975189,-0.25334817,0.23897901,-0.1877615,-0.39430207,-0.367024,-0.2750133,-0.2858239,-0.14793661,-0.064898595,-0.52155244,0.047516603,-0.129436,-0.27884698,0.3773009,0.11307535
232,-0.07843468,0.089405686,0.32662153,-0.27267364,-0.18793775,0.12982105,-0.047075953,0.20999393,0.26493663,-0.01691032,0.3035172,-0.06264489,0.19455428,0.027671188,0.05317888,-0.14717454,-0.0078933695,0.29581258,-0.45390254,0.2521923,0.11596663,-0.03931624,0.2733719,0.080775276,0.181509,0.11575477,-0.32893443,-0.47008988,0.072657585,-0.22888221,-0.05051918,0.6540446,-0.16682544,0.040877655,-0.00398846,0.23446196,-0.23037146,-0.026307048,0.0013913729,-0.31722853,-0.2938059,-0.16697548,0.008480547,-0.32867947,-0.30019587,0.017874561,0.1533913,-0.43418953,0.15151627,-0.8155437,0.023110993,0.06420345,0.064955674,1.0321524,-0.19438615,-2.0264482,-0.100907184,0.018871905,1.2792159,0.4993027,-0.19448625,0.6539627,-0.23180956,0.12486458,0.6716384,0.05030668,0.5096381,0.17719042,0.13346775,-0.16891621,0.09000805,-0.25896046,0.00034891002,-0.28351226,0.13089086,0.06453999,-0.12571737,0.08675844,-0.5721251,0.05062578,0.51847446,-0.16956641,-0.5158492,0.30740622,-1.1354812,-0.11401832,0.084107645,-0.060577177,-0.36319083,-0.1846671,0.035548553,-0.161511,-0.12655315,0.091642454,-0.48441088,0.098429225,-0.051899232,-0.062216636,0.3939045,0.21382841
233,0.0,0.0,0.0,0.0,0.0,0.0,0.0,0.0,0.0,0.0,0.0,0.0,0.0,0.0,0.0,0.0,0.0,0.0,0.0,0.0,0.0,0.0,0.0,0.0,0.0,0.0,0.0,0.0,0.0,0.0,0.0,0.0,0.0,0.0,0.0,0.0,0.0,0.0,0.0,0.0,0.0,0.0,0.0,0.0,0.0,0.0,0.0,0.0,0.0,0.0,0.0,0.0,0.0,0.0,0.0,0.0,0.0,0.0,0.0,0.0,0.0,0.0,0.0,0.0,0.0,0.0,0.0,0.0,0.0,0.0,0.0,0.0,0.0,0.0,0.0,0.0,0.0,0.0,0.0,0.0,0.0,0.0,0.0,0.0,0.0,0.0,0.0,0.0,0.0,0.0,0.0,0.0,0.0,0.0,0.0,0.0,0.0,0.0,0.0,0.0
234,-0.14753109,0.11810941,0.49143258,-0.16936517,0.01825709,0.09807804,-0.23896658,0.063514166,0.09016937,-0.06676366,0.15383033,-0.013879418,0.16479917,-0.35893336,0.14519759,-0.099466436,0.2180826,0.11122606,-0.25503984,0.052105825,0.25521123,0.040249407,0.4328365,0.041590005,0.1407433,-0.19438584,-0.2965608,-0.45670858,-0.077089585,-0.14047168,-0.04794608,0.3943981,-0.07357853,-0.16513832,0.06200792,0.4596114,-0.09793433,0.019748002,-0.11268374,-0.17378207,-0.21738093,-0.34878755,-0.07069183,-0.34340498,-0.33239436,0.25148967,-0.06066549,-0.09047618,0.009917475,-0.67331433,0.26500583,0.102685995,0.18401583,0.92791915,-0.074894674,-1.7378384,0.09642249,-0.05008467,1.4518625,0.20126617,-0.2549399,0.6022467,-0.11925758,0.26975033,0.5267667,-0.2061406,0.34712708,0.070011996,0.24373616,-0.2871959,-0.34941182,-0.2192347,-0.05204183,-0.19519174,0.13839059,-0.039850507,-0.12827149,-0.011195339,-0.5975964,-0.09693063,0.41523114,-0.0053300112,-0.4308292,-0.003613159,-1.0606838,-0.22462058,-0.093797,-0.3083265,-0.3611132,-0.32302293,-0.23599674,0.18690683,-0.06566566,-0.18049423,-0.4688542,-0.04175834,-0.055621754,-0.27944532,0.5772542,0.09967478
235,-0.03648425,0.2899575,0.2787,0.085571006,0.005503498,-0.009292513,-0.2733975,0.0677125,-0.28037626,0.007650256,0.23122026,0.12218499,0.234694,0.2266325,0.059878,-0.126427,-0.0978865,0.3233325,-0.288645,0.105344996,0.59321,0.12252846,0.4299475,0.1771217,0.027493887,-0.33965623,0.11366289,-0.47092676,-0.10191501,-0.19078876,0.07901,0.06395751,0.009110004,-0.12512726,0.1355375,0.56597,0.29053223,0.29452324,0.06909001,-0.33684,-0.3074895,-0.179035,-0.12725675,-0.31363,-0.09666226,0.02760975,0.31783247,-0.22584249,-0.16298503,-0.6551,0.11692678,-0.093433246,0.19318773,1.0572575,-0.21294549,-2.2490249,-0.0228655,-0.5137975,1.68055,0.18960275,-0.20995599,0.70267993,-0.17013775,0.1764575,0.8757225,0.09887774,0.75136,0.060226746,0.40388,-0.294218,-0.299095,-0.021041254,-0.12599751,-0.1400525,0.10177401,-0.07116251,0.13390374,0.006025498,-0.76714253,0.3041125,0.76827,0.22722998,-0.506745,-0.1415475,-1.1423275,-0.3453935,-0.41171,-0.35673952,-0.20726176,-0.1816915,-0.097031,-0.065840006,-0.15722576,0.066865,-0.6954775,0.30556,-0.24041252,-0.21070173,0.47042,0.0666455
236,-0.0785489,0.23814683,0.46860284,-0.21578023,-0.16185103,-0.10861111,-0.04136442,0.15594268,-0.026347669,0.11894004,0.21478356,-0.11552629,0.14065574,0.029523937,0.10325736,-0.1566871,0.08885842,0.18525042,-0.19143309,0.3380924,0.28542352,0.017586488,0.25030312,0.09186431,0.20232035,0.20109604,-0.067970924,-0.44989577,-0.23726533,-0.24728896,-0.058484316,0.69309515,0.0031580008,0.089840434,0.16278906,0.368487,0.06321945,0.24945101,-0.18543571,-0.33000726,-0.13945095,-0.22910514,0.11297057,-0.29400566,-0.108814016,0.013919598,0.08926395,-0.3411497,0.001912744,-0.7832621,-0.022797152,-0.05866337,0.1390352,0.9564453,-0.25306958,-2.2733254,0.042669628,-0.056054153,1.5305135,0.21200235,-0.14224489,0.5898846,-0.3303408,0.11050606,0.7853527,-0.09995642,0.50141066,0.20255096,0.3802137,-0.29818854,0.22818959,-0.15109336,-0.010233216,-0.3651081,0.3957505,0.00923973,-0.16582969,-0.032008834,-0.7242495,-0.047283184,0.49329618,0.11078679,-0.5323692,0.120759524,-1.1533881,-0.18827377,-0.061268795,-0.29976618,-0.12746458,-0.2323195,0.14076787,0.03550432,-0.06570533,0.063692205,-0.5864492,0.10699763,-0.24219766,-0.42991498,0.6049748,0.27718532
237,-0.1598559,0.31044635,0.6839018,-0.45059726,-0.3815432,0.14654529,-0.1895182,0.24469353,0.31485817,-0.374561,0.29127654,0.25831902,0.29954702,0.00030017848,0.14587046,-0.23301755,0.037801616,0.4788159,-0.6414618,0.41586456,0.12618375,-0.008752643,-0.067592725,-0.37096366,0.24424635,0.15216938,-0.2534069,-0.6452872,0.24867147,-0.48555908,-0.091621906,0.8369436,0.112396725,0.11527229,0.07558546,0.28282538,-0.28963673,0.12244909,0.27125046,-0.5298949,-0.26876286,-0.0813537,-0.011636359,-0.5193791,-0.60874695,0.019007001,0.18762635,-0.43389636,-0.072312236,-1.0941436,0.1848599,-0.01483142,0.08695864,0.91539174,-0.19618945,-2.3445654,0.015282818,0.17631002,1.5915763,0.52142453,-0.22476172,1.2162954,-0.4044279,-0.18762709,0.90395826,0.2718878,0.6718349,0.42778912,-0.19874655,-0.2065898,0.13242726,-0.39594632,-0.058030806,-0.49166754,0.20108484,0.092732735,-0.024538456,-0.19325976,-0.5302807,-0.0010553572,0.47372913,-0.2622421,-0.67522544,-0.034640018,-1.4743253,-0.31891668,0.0846852,-0.16964869,-0.3255246,-0.42037535,-0.18307827,-0.044577498,0.024535459,-0.07073081,-0.4667569,-0.06734225,-0.03272191,-0.21558647,0.33292043,0.43939546
238,-0.1571815,0.13009,0.61524,-0.2377175,0.026712492,0.2045945,-0.14224401,-0.15275651,0.25539276,-0.30535474,0.14956999,-0.0657925,0.13867399,-0.14806451,0.0904525,-0.14556,0.277137,0.3707725,-0.5292725,0.8058425,0.15014525,0.0016810042,0.059425004,0.051286995,0.370242,0.60208696,-0.052326247,-0.22653824,0.12770748,-0.2663175,-0.201075,0.94643325,0.121784,0.02869,0.17312077,0.22613686,-0.32768044,0.2476,0.036782503,-0.4656825,-0.0947665,0.19078419,0.12019691,-0.4137575,-0.028582506,-0.1015587,0.21722752,-0.30934948,0.29869998,-0.39628,-0.103548996,0.19033,0.51551,0.72252,-0.25837874,-2.3750825,-0.14605999,0.01880975,1.1751475,0.225105,-0.007815506,0.79509425,-0.3870475,0.13525501,0.61202,0.068552494,0.500329,0.11685525,0.38997674,-0.3440525,0.37537053,0.04441251,0.3057675,-0.29800573,0.21060751,0.30550477,-0.019411001,-0.21690899,-0.742355,-0.022292495,0.0873275,-0.1662,-0.18849748,0.33567774,-1.0033042,-0.029189251,-0.0912875,-0.542365,-0.34051,-0.14919099,0.046050005,0.1367045,-0.1000475,0.106888,-0.38881248,-0.1331755,-0.34739,-0.6371475,0.531062,0.45834
239,-0.17399591,-0.08961481,0.23080778,0.065230206,-0.015473807,0.087741904,0.15084778,0.226986,-0.13655289,0.24791045,-0.17014852,-0.06476962,0.34144694,0.12256608,0.25223532,-0.0511552,0.1887223,-0.030447502,-0.2774198,-0.0818785,0.1566011,0.0066976966,0.1696389,0.010751197,0.0969033,0.0058336034,-0.0699353,-0.3324933,-0.1130473,0.025468504,-0.113143004,0.2807768,-0.14119141,-0.08307129,0.23894398,0.401344,0.012691999,0.3939879,-0.047547672,-0.14334719,-0.31524318,-0.107185885,0.3421252,-0.087789,-0.0122032985,-0.0390831,0.2786949,-0.2053521,-0.16688351,-0.57420903,0.27992302,-0.1671845,0.150456,0.8929121,-0.109492384,-2.159945,-0.281646,-0.40216526,1.408998,0.508227,-0.1288929,0.641374,-0.35077313,0.0037608265,0.66042197,-0.012310555,0.25994998,0.10816351,0.2912253,-0.1039802,-0.0506938,-0.06930031,-0.08116911,-0.26748902,0.44502896,0.06099409,-0.08577488,-0.127404,-0.7032962,-0.09608559,0.403064,0.2313581,-0.37073752,0.30805948,-1.010583,0.009528801,0.1403263,-0.1870995,-0.21986239,-0.31315798,0.1693188,-0.2779335,-0.19373791,0.1288357,-0.3652585,0.23589,-0.19338128,-0.3610199,0.4346179,0.09886839
240,-0.013786,0.38216,0.53236,0.15261,-0.29694,-0.20558,-0.41846,-0.58437,-0.77355,-0.87866,-0.37858,-0.18516,-0.128,-0.20584,-0.22925,-0.42599,0.3725,0.26077,-1.0702,0.62916,-0.091469,0.70348,-0.4973,-0.77691,0.66045,0.09465,-0.44893,0.018917,0.33146,-0.35022,-0.35789,0.030313,0.22253,-0.23236,-0.19719,-0.0053125,-0.25848,0.58081,-0.10705,-0.17845,-0.16206,0.087086,0.63029,-0.76649,0.51619,0.14073,1.019,-0.43136,0.46138,-0.43585,-0.47568,0.19226,0.36065,0.78987,0.088945,-2.7814,-0.15366,0.01015,1.1798,0.15168,-0.050112,1.2626,-0.77527,0.36031,0.95761,-0.11385,0.28035,-0.02591,0.31246,-0.15424,0.3778,-0.13599,0.2946,-0.31579,0.42943,0.086969,0.019169,-0.27242,-0.31696,0.37327,0.61997,0.13889,0.17188,0.30363,-1.2776,0.044423,-0.52736,-0.88536,-0.19428,-0.61947,-0.10146,-0.26301,-0.061707,0.36627,-0.95223,-0.39346,-0.69183,-1.0426,0.28855,0.63056
241,-0.030769,0.11993,0.53909,-0.43696,-0.73937,-0.15345,0.081126,-0.38559,-0.68797,-0.41632,-0.13183,-0.24922,0.441,0.085919,0.20871,-0.063582,0.062228,-0.051234,-0.13398,1.1418,0.036526,0.49029,-0.24567,-0.412,0.12349,0.41336,-0.48397,-0.54243,-0.27787,-0.26015,-0.38485,0.78656,0.1023,-0.20712,0.40751,0.32026,-0.51052,0.48362,-0.0099498,-0.38685,0.034975,-0.167,0.4237,-0.54164,-0.30323,-0.36983,0.082836,-0.52538,-0.064531,-1.398,-0.14873,-0.35327,-0.1118,1.0912,0.095864,-2.8129,0.45238,0.46213,1.6012,-0.20837,-0.27377,0.71197,-1.0754,-0.046974,0.67479,-0.065839,0.75824,0.39405,0.15507,-0.64719,0.32796,-0.031748,0.52899,-0.43886,0.67405,0.42136,-0.11981,-0.21777,-0.29756,-0.1351,0.59898,0.46529,-0.58258,-0.02323,-1.5442,0.01901,-0.015877,0.024499,-0.58017,-0.67659,-0.040379,-0.44043,0.083292,0.20035,-0.75499,0.16918,-0.26573,-0.52878,0.17584,1.065
242,-0.21994077,0.14501542,0.5556363,-0.2249241,-0.06743453,0.10551665,-0.17324658,0.13442715,-0.008753518,0.010833062,0.113409124,0.12356574,0.30755958,0.0021681553,-0.015755592,-0.103028454,0.22093274,0.10411871,-0.29235825,0.10125754,0.13706128,-0.13219054,0.096027076,-0.028146507,0.20830545,-0.0566114,-0.107344165,-0.49699107,0.040292744,-0.17463186,-0.015775997,0.41232568,-0.06556326,0.0007916419,0.014293039,0.23688915,-0.012957271,0.14602157,-0.043778688,-0.23005877,-0.32511795,-0.2684595,0.20745279,-0.34321436,-0.07758647,0.08819038,0.1753315,-0.30398387,-0.13603285,-0.7999075,0.26125008,0.11467414,0.17113185,0.9008775,-0.2543429,-2.2439053,-0.030995218,-0.23265709,1.6535512,0.48413292,-0.19356255,0.68316275,-0.20649153,0.19418128,0.75553596,-0.06731603,0.42972022,0.3442176,0.027796935,-0.26687378,-0.01607372,-0.31629425,-0.09104226,-0.362659,0.28642857,0.004351463,-0.110754825,-0.10695578,-0.87563205,0.032748684,0.5792756,-0.0034202226,-0.4920005,0.19581813,-1.1901007,-0.2701336,0.14860493,0.031079955,-0.17730848,-0.31020677,-0.090303585,-0.035232596,-0.034791876,0.07942234,-0.5122289,-0.04087837,-0.037751384,-0.23523465,0.43258697,0.18714182
243,-0.1251986,-0.087137386,0.1603282,-0.29801,-0.07397401,-0.0905064,-0.195772,0.2111088,0.323623,0.137595,0.3263922,-0.327724,0.2887861,-0.11602739,0.1620054,-0.08982001,0.165776,0.13618262,-0.46768004,0.524342,-0.186094,-0.120196,0.23403743,0.27430183,0.19180454,0.16118003,0.048582822,0.15799001,-0.033609804,-0.1545428,0.172672,0.94839,-0.059042204,-0.08462001,0.123257995,0.18936,-0.47712177,0.025142604,0.33422402,-0.3661582,0.19672589,-0.020360004,-0.065575,-0.12745899,-0.07158802,0.16068761,0.155148,-0.353162,0.18223199,-0.33808798,0.343496,0.1317678,0.03406459,0.678726,-0.099184796,-1.3690519,0.07487681,-0.0051822127,1.534672,0.291202,-0.125454,0.18913141,-0.1486702,-0.028224003,0.3538126,-0.249914,0.3560012,-0.0942872,0.7850081,-0.079436004,0.031496387,-0.16296999,0.1893296,-0.49467403,0.50132,0.47066802,0.04626,0.041426808,-0.69143593,-0.20042619,0.471112,0.090753995,-0.006147993,0.46753415,-1.1908433,-0.241038,0.0099439975,-0.3714054,-0.3549324,-0.11930361,0.3143196,0.34230804,0.098486006,-0.03808,-0.2652132,0.22127822,0.06813,-0.253085,0.562854,0.3191086
244,-0.10833619,0.26482868,0.38074175,-0.23752232,-0.14116631,0.058006875,-0.033120003,0.25386116,-0.14640619,-0.06889801,-0.008877627,-0.01785852,0.19093326,-0.053848267,0.03488797,-0.21686289,0.20833738,0.11095132,-0.34125888,0.38836792,0.3577459,0.05553119,0.19122688,-0.0919942,0.2824191,-0.0067974385,-0.24386215,-0.59916,0.085675985,-0.18781051,-0.27152258,0.66279113,0.10594643,-0.029768873,0.3375349,0.48702195,-0.1347722,0.2743034,0.06577876,-0.25542888,-0.15149856,-0.24496588,0.030359369,-0.57887125,-0.14586131,0.07810412,0.31421223,-0.1815208,-0.1827158,-0.9631474,0.003188625,-0.21803811,0.047465306,0.9859162,-0.21382645,-2.7412376,-0.012750481,-0.051014006,1.6343112,0.25202093,-0.18906587,0.68992805,-0.53018147,-0.050062463,0.7496094,-0.023071747,0.45445603,0.3774597,0.121501625,-0.323871,-0.065538965,-0.3613222,-0.052715812,-0.2524355,0.26654795,-0.018337563,-0.10980308,-0.27355468,-0.6835698,0.009884622,0.5433937,0.0073269326,-0.57550377,-0.026152184,-1.3089125,-0.21689868,0.15153706,-0.06554146,-0.09649868,-0.4769544,-0.116535686,-0.040887877,0.0055528753,-0.055907317,-0.49623132,0.038730815,-0.10980137,-0.3199801,0.49647754,0.39822224
245,-0.06560698,0.1204443,0.2223752,-0.187084,-0.08359682,0.13673784,-0.18459173,0.19365677,-0.03603004,0.02506611,0.15776245,0.12629637,0.2502153,0.048959497,0.186382,-0.25862062,0.17519753,0.13313814,-0.309378,0.19035815,0.24838513,0.062392257,0.15636784,-0.1448281,0.17537445,-0.042693507,-0.0128058335,-0.3463547,-0.027293183,-0.2092504,0.06161284,0.4226329,-0.015474954,-0.07099157,0.087376826,0.3078666,0.02021538,0.1266838,-0.01438336,-0.21599245,-0.13854253,-0.27458045,0.1359664,-0.30840307,-0.12270992,-0.023951901,0.16665412,-0.2774782,-0.0669105,-0.6473148,0.108658694,0.07269501,0.1163022,0.8752411,-0.3270485,-1.9157094,-0.006963204,-0.19713172,1.568515,0.4164077,-0.0799657,0.5676029,-0.1812948,0.15585792,0.55793285,-0.05762652,0.38155028,0.23869091,0.3135105,-0.23319435,-0.1541935,-0.27964017,-0.0024005487,-0.25330642,0.18468007,0.078713626,-0.052680697,-0.03965682,-0.8000387,-0.11347535,0.5222923,-0.05788597,-0.46271458,0.16274297,-1.2477187,-0.2122681,0.07995606,-0.19681697,-0.18980393,-0.28651035,-0.10878804,-0.009305663,-0.1308107,-0.11821517,-0.4830314,-0.068933435,-0.18345942,-0.27753752,0.44036958,0.15213375
246,-0.18769303,0.23198599,0.31917837,-0.327752,-0.18541758,0.2264683,-0.22016197,0.19910048,0.16328293,-0.08500651,0.25047415,0.04562313,0.19319679,-0.15063295,0.09023247,-0.19292961,0.10388404,0.23871195,-0.40677968,0.3165163,0.1309938,0.11926723,0.10886859,-0.062388834,0.16695204,0.057916988,-0.17544897,-0.5494365,0.15363695,-0.22351031,-0.14901432,0.60451007,0.024199028,-0.004994716,0.12515654,0.36857086,-0.0868421,0.17904286,0.15507346,-0.27211398,-0.24663441,-0.2962129,0.018904002,-0.57456183,-0.36432797,0.08597561,0.15466395,-0.29599592,-0.09958016,-0.912538,0.0374428,0.04301657,0.08386908,0.98737454,-0.24038255,-2.182328,-0.04184855,-0.030164529,1.5226668,0.3898204,-0.15299688,0.7653989,-0.24111757,0.1185182,0.70679694,0.060785,0.5514802,0.36817038,0.09111265,-0.2369299,0.019970145,-0.35590556,-0.024085745,-0.5044163,0.07290235,0.17684332,-0.11113266,-0.08412799,-0.5762092,-0.05530162,0.5075281,-0.08742228,-0.6074687,0.1628604,-1.2770191,-0.1392105,0.07587078,-0.09119007,-0.24586257,-0.29720473,-0.19356236,-0.018832741,0.020245519,-0.17008762,-0.45711377,-0.15272368,-0.11646079,-0.24562024,0.49768338,0.3068236
247,-0.12966499,0.16165741,0.31335223,-0.18858144,-0.116932765,0.26179767,-0.12564234,0.34215543,-0.1592399,-0.082696036,0.2044932,0.053804453,0.22453669,0.058021363,0.10720482,-0.4285298,0.14543,0.16721706,-0.4285198,0.17790578,0.2654502,-0.060227744,0.18749131,0.020652108,0.2141711,0.06275557,-0.30581552,-0.4609235,0.28768075,-0.12771058,-0.13754553,0.3701701,0.0011312008,0.0033087279,-0.016428517,0.31899983,-0.10206483,0.13456033,-0.036905166,-0.19268835,-0.42077336,-0.253294,0.21596792,-0.43314582,-0.0958247,0.02620004,0.02971901,-0.35671955,0.06722657,-0.80466175,0.04323878,-0.060013887,0.15698235,1.1344064,-0.27900591,-2.3630795,-0.11758485,-0.09015791,1.7015787,0.428976,-0.15105636,0.8163262,-0.29195857,0.025963001,0.5998264,0.028090745,0.33877683,0.3011474,0.1505628,-0.22552052,-0.047549892,-0.3168915,-0.061047494,-0.5246553,0.21067604,0.31695703,-0.28942093,-0.11368144,-0.724397,-0.0700961,0.5905287,0.07162068,-0.5043841,0.11107237,-1.3687654,-0.14313805,0.14317727,-0.13082474,-0.23183629,-0.28064135,-0.057682723,-0.06805304,0.089789905,0.032548144,-0.63026726,-0.09281285,0.020754486,-0.09881148,0.42105195,0.23098503
248,-0.10547684,0.17406236,0.3106837,-0.34318653,-0.31885496,0.25444233,-0.19650118,0.15286136,0.106665224,-0.048051897,0.22606577,0.027359383,0.34927845,-0.028676672,0.09940394,-0.3067322,0.24307956,0.15538692,-0.6676272,0.15104705,0.21210442,-0.07420428,0.3083504,0.009685429,0.023993455,-0.12265722,-0.10968606,-0.22463447,0.24166009,-0.32175586,0.104019456,0.4204338,-0.08658883,0.14596488,-0.017987996,0.21643084,-0.065130204,0.19890901,-0.021337328,-0.19410722,-0.5137144,-0.13660489,-0.09408538,-0.38147074,-0.1939066,0.10975294,0.1816111,-0.35474223,0.035147164,-0.76507896,0.18810324,0.09182909,0.169654,0.93700665,-0.18337822,-2.111755,-0.032371834,-0.2875031,1.4673089,0.5309566,-0.2982884,0.7424739,-0.28539184,-0.12989515,0.66503674,-0.07981556,0.42485803,0.35683414,0.17151499,-0.25652954,-0.09640228,-0.37590003,-0.018804781,-0.6814574,0.058275767,0.23134096,-0.09728854,-0.13957217,-0.96138775,-0.026312163,0.70136076,0.041822236,-0.481181,0.02364767,-1.5158366,-0.20818542,0.3717786,-0.04683228,-0.38285893,-0.28514838,-0.09217605,0.03267828,0.020149058,-0.015602227,-0.4205328,-0.102360435,-0.23590963,-0.15579326,0.3018745,0.22719707
249,-0.09357365,0.14169094,0.3743787,-0.3364144,-0.21496019,0.34027183,-0.18520828,0.05667822,0.03686197,0.05349967,0.21345775,0.06839092,0.32949403,0.038287085,0.17044608,-0.28031844,0.1296466,0.21919997,-0.37908208,0.21737042,0.06866815,-0.006382222,0.13135128,0.12535305,0.111470394,0.022855869,-0.09676853,-0.41970465,0.1677519,-0.21158855,0.1190466,0.5721337,0.0796065,0.08248168,0.06560894,0.23565367,-0.07824792,0.21446009,-0.04632994,-0.15151773,-0.33766463,-0.17442955,0.29625744,-0.4262576,-0.24431866,0.025935695,0.035766907,-0.34223577,-0.01338372,-0.8589394,0.21938854,0.09622045,0.13738354,0.9734704,-0.20028669,-2.2961004,0.06438568,-0.21461463,1.604234,0.52104753,-0.14847547,0.8199185,-0.33855113,-0.030405832,0.83078283,0.070597254,0.47607887,0.34298876,0.2257728,-0.27898434,-0.08052561,-0.2386264,0.07863303,-0.60596627,0.15013821,0.20834853,-0.054111324,-0.18465246,-0.9162411,-0.059568897,0.60760564,-0.048166614,-0.47223887,0.05918978,-1.5022216,-0.12413822,0.1281113,-0.18247817,-0.25167307,-0.36882353,-0.2096298,0.04991017,0.0591716,0.027744645,-0.3825185,-0.10863454,-0.16607216,-0.2503803,0.3733772,0.22917978
250,-0.09196743,0.26531315,0.31492746,-0.32583308,-0.02923769,0.15129107,-0.04630434,0.22094654,-0.0030774423,-0.037687354,0.18106556,-0.05811946,0.35739815,-0.041954547,0.07139894,-0.30360422,0.14435793,0.17192553,-0.5933577,0.3094213,0.21832529,0.035877693,0.14370526,-0.129168,0.1617708,0.018972619,-0.13691746,-0.49406663,0.051071752,-0.14727397,0.046367794,0.58025336,0.015696282,0.12913007,0.13789979,0.3504154,-0.062012795,0.36408362,0.065150656,-0.21697779,-0.31143388,-0.11683384,0.37459636,-0.46376878,-0.10946036,-0.02221528,0.24041997,-0.38346705,0.03445431,-0.8091051,0.056469068,-0.055375334,0.17834586,1.0288994,-0.2511352,-2.289686,-0.08839446,-0.08323713,1.4244773,0.56430984,-0.093648,0.77535784,-0.3976741,0.0020929123,0.84058195,-0.022574551,0.6402229,0.5032359,0.06972018,-0.114403196,0.029035894,-0.24551314,-0.020289136,-0.3249443,0.11460927,0.11643458,-0.15290068,-0.04158093,-0.92913187,-8.217374e-05,0.64130074,-0.17549016,-0.40048683,0.02958358,-1.3935359,-0.20022188,0.14745738,-0.18093221,-0.32167003,-0.47261018,-0.009648492,-0.08786779,-0.05186572,-0.049767572,-0.6465421,-0.035756215,-0.2156471,-0.3157886,0.51605874,0.28443414
251,-0.21491498,0.27618784,0.34362757,-0.42379457,0.01803708,0.2079584,-0.07150899,0.19249535,0.086028315,-0.008818544,0.2761438,0.014841356,0.22373082,0.016247304,0.23811117,-0.10631931,0.2654537,0.21069354,-0.46771887,0.28525198,0.2834865,-0.0049211835,0.081567876,0.08484823,0.12784083,-0.03550658,-0.042255268,-0.43782675,-0.07046978,-0.24291287,0.09132469,0.57590944,-0.031913135,0.077316314,0.10379598,0.3649802,-0.19042586,0.2349709,0.030546814,-0.22458337,-0.33686027,-0.1174325,0.009591133,-0.38738868,-0.2719469,-0.07037727,0.07816941,-0.6221631,-0.18416682,-0.8067712,0.20722099,0.04847507,0.14577278,0.9578877,-0.3544751,-2.1536372,-0.042655762,-0.09057472,1.5693573,0.5377579,-0.19228894,0.7037791,-0.2260837,0.08898414,0.7087492,-0.03877513,0.65828454,0.31347328,0.054808415,-0.22657208,0.019652586,-0.26350167,0.03709709,-0.41412908,0.1339287,0.1865261,-0.10838786,-0.025921496,-0.93556273,-0.18009697,0.65324956,-0.23648788,-0.43160728,-0.008050985,-1.3693441,-0.3134224,0.08535876,-0.17046982,-0.20510049,-0.41757634,-0.07229754,-0.041026533,0.061557997,-0.22532597,-0.50452477,-0.10559725,-0.18550158,-0.29011196,0.56244093,0.14885125
252,-0.5307267,0.10446,-0.0035800014,0.023051336,-0.18382336,-0.57647604,-0.35537335,0.04798333,0.091359995,-0.2088242,0.1016,-0.08200666,0.072503,-0.23547213,-0.22726433,-0.471763,-0.08526335,-0.30172,0.21100467,0.20143665,0.48410332,0.20747334,0.22867334,-0.27769667,0.07202666,0.35264334,-0.7148633,-0.21403001,-0.12574433,0.32426366,-0.4147477,0.45271334,0.04302333,-0.55815333,0.22384934,0.17426662,0.20176066,0.021570003,0.044936668,-0.31732932,-0.16928001,-0.334783,0.07078933,-0.19667333,0.39305332,-0.15649332,0.48345998,-0.12058666,0.28115335,-0.6300333,0.5498533,0.03223334,0.135117,0.8069534,-0.22121,-1.73833,-0.10266667,0.14765789,1.7211666,0.21763001,-0.23477067,0.47472668,-0.26664665,-0.141233,0.34208664,0.08304001,0.32398295,0.24504666,0.6449433,-0.47154668,-0.25412133,-0.28550002,0.23076332,-0.27290332,0.57201666,-0.071873,-0.34880468,0.100092925,-0.07659,-0.02992333,0.75258,0.19931467,-0.5958433,0.71699667,-1.3783933,-0.36450997,0.2664906,-0.41580665,-0.6225733,-0.40602663,-0.104232006,0.33822632,-0.34714434,-0.3226167,-0.13834752,-0.07490332,-0.29163,-0.39111665,0.40130332,0.025686666
253,-0.18215,0.24339387,0.48876747,-0.09876624,-0.020732777,0.09485756,0.06300545,0.121114,0.23601143,0.037069883,0.13587888,-0.13477378,0.27244374,-0.3360935,0.15205511,-0.12590235,0.02909355,0.2974889,-0.12360888,0.23235767,0.18200178,-0.09039989,0.16049777,0.0072813397,0.06274601,0.26281655,0.13947922,-0.3796911,-0.38188803,-0.053695776,-0.22764778,0.6343212,0.022963114,-0.23065932,0.18830422,0.2837533,-0.14953634,0.06350367,-0.08892545,-0.28806478,-0.19501908,0.013551116,0.059922535,-0.09122977,-0.176419,-0.24702212,0.24374335,-0.22713079,-0.08818001,-0.5935761,0.38340867,-0.00031833703,0.27675557,0.80205667,-0.30176708,-2.16977,-0.30179897,-0.014581551,1.55103,0.17428178,0.012285557,0.57397634,-0.15919642,0.06642023,0.8936067,-0.037013777,0.42400587,0.08826666,0.35229218,-0.077545114,0.096289635,0.054932002,-0.070426896,-0.18347165,0.31261188,-0.028155122,-0.10377666,-0.10640077,-0.66736084,-0.17187977,0.21880955,-0.1390261,-0.41289923,0.12509505,-1.1217241,-0.20628633,0.014509115,-0.30594793,-0.23161265,-0.42557776,0.13091943,0.32253668,-0.15976667,-0.18154556,-0.13515146,0.0011964408,-0.15294488,-0.4789967,0.7936744,0.38898668
254,-0.1580142,0.22758338,0.49912933,-0.27267796,-0.104456745,0.17547733,-0.13221364,0.18106873,0.0022230113,-0.0521693,0.17646296,0.08075255,0.24983203,-0.031229222,0.08665436,-0.26031062,0.10288278,0.18452437,-0.42623323,0.28470954,0.3099942,-0.035384916,0.21443819,-0.037502278,0.21330756,-0.033636905,-0.10332635,-0.4939411,0.09512771,-0.26438665,-0.08919117,0.5633494,-0.032353237,0.12583172,0.0594197,0.3822362,-0.08743176,0.26934624,-0.021744825,-0.24611978,-0.38219616,-0.25384608,0.08694087,-0.4674802,-0.14355263,-0.022394914,0.21361738,-0.33599323,-0.017255979,-0.7999113,0.009726533,-0.042850904,0.12377787,1.125478,-0.20317836,-2.4596612,0.0009855849,-0.141141,1.5920272,0.44761708,-0.084313266,0.76135087,-0.30082816,0.14374655,0.82679117,-0.039754126,0.51296186,0.41629025,0.061083343,-0.24500228,0.012649219,-0.24657795,-0.034989126,-0.4038888,0.16117759,0.10149005,-0.22825621,-0.106182195,-0.85403836,-0.023141742,0.58900684,-0.02988569,-0.597801,0.062629595,-1.4064682,-0.24776845,0.098989256,-0.052348226,-0.16437271,-0.31754896,-0.11123137,-0.104091875,-0.15835424,0.026549615,-0.5604882,-0.05566474,-0.18448128,-0.27502885,0.51050496,0.31259963
255,-0.16259049,0.113812156,0.36607498,-0.18990639,0.051659003,-0.18907113,-0.20499858,0.17328104,0.16281882,-0.0043655606,0.19946447,0.006647662,0.030823044,-0.23121767,0.2457543,-0.057771776,0.08097787,0.18479052,-0.1920098,0.2864076,0.2252411,-0.17374997,0.2475767,0.11384721,0.08836968,0.0044830055,-0.05422304,-0.3057775,0.07638774,-0.20921288,0.028679166,0.66254,-0.16807826,0.13867316,0.35015318,0.47739962,-0.10606112,-0.032568347,0.03157743,-0.39556065,-0.056841042,-0.11834145,-0.14989264,-0.26231053,-0.21673442,-0.07123752,0.0853821,-0.44072494,0.14562751,-0.7112099,0.12887998,0.03917297,0.120430306,0.7231543,-0.19811077,-1.8702648,-0.12413587,-0.1165358,1.507818,0.12825927,-0.22217442,0.37220883,-0.3555709,0.1353391,0.5351397,0.039173745,0.36288258,0.103639655,0.23057826,-0.42896745,0.036032904,-0.0765009,0.01105939,-0.23046558,0.0032714424,0.24697652,-0.18878502,0.0074274386,-0.53626996,-0.13940783,0.4783867,-0.054278743,-0.5002747,-0.09773916,-1.1503302,-0.2865427,0.18181938,0.019133044,-0.20168734,-0.14776474,-0.07117868,0.10248261,-0.09973833,-0.20964183,-0.43692082,-0.15821914,0.0030134544,-0.22374287,0.60804826,0.10577993
256,-0.030769,0.11993,0.53909,-0.43696,-0.73937,-0.15345,0.081126,-0.38559,-0.68797,-0.41632,-0.13183,-0.24922,0.441,0.085919,0.20871,-0.063582,0.062228,-0.051234,-0.13398,1.1418,0.036526,0.49029,-0.24567,-0.412,0.12349,0.41336,-0.48397,-0.54243,-0.27787,-0.26015,-0.38485,0.78656,0.1023,-0.20712,0.40751,0.32026,-0.51052,0.48362,-0.0099498,-0.38685,0.034975,-0.167,0.4237,-0.54164,-0.30323,-0.36983,0.082836,-0.52538,-0.064531,-1.398,-0.14873,-0.35327,-0.1118,1.0912,0.095864,-2.8129,0.45238,0.46213,1.6012,-0.20837,-0.27377,0.71197,-1.0754,-0.046974,0.67479,-0.065839,0.75824,0.39405,0.15507,-0.64719,0.32796,-0.031748,0.52899,-0.43886,0.67405,0.42136,-0.11981,-0.21777,-0.29756,-0.1351,0.59898,0.46529,-0.58258,-0.02323,-1.5442,0.01901,-0.015877,0.024499,-0.58017,-0.67659,-0.040379,-0.44043,0.083292,0.20035,-0.75499,0.16918,-0.26573,-0.52878,0.17584,1.065
257,-0.11884466,0.24443915,0.33643478,-0.28222513,-0.21696323,0.06447284,0.005664617,0.29022586,0.049373917,0.09159861,0.2814845,0.050852723,0.13769978,0.11522872,0.082924165,-0.3520976,0.082178116,0.1097749,-0.38833869,0.095170006,0.09194028,-0.054216124,0.085224025,0.025323803,0.08708989,0.00489153,-0.090826765,-0.40235078,0.09378572,-0.23471233,0.11370856,0.56572133,0.051450726,0.16521615,-0.04310752,0.3534672,0.06282999,0.22956377,0.025336806,-0.13363019,-0.19676699,-0.2007005,0.048876364,-0.40019783,-0.17430848,0.058901653,0.00900313,-0.33114585,0.026872965,-0.7899234,-0.016593361,0.10698119,0.2511668,0.7526892,-0.2985962,-2.0317886,0.042653196,-0.021409532,1.4087275,0.41681832,-0.036391925,0.5658219,-0.4665004,0.028950538,0.71394384,0.08106308,0.46539122,0.28250393,0.08632871,-0.1414109,-0.08875175,-0.14300604,0.007115716,-0.50381917,0.28896284,0.12560752,-0.08852712,-0.09165729,-0.8113993,0.0040440443,0.48461083,-0.16093072,-0.4993666,-0.0046284515,-1.211285,-0.17888969,0.10263863,-0.22731505,-0.22555178,-0.2520532,-0.12535991,-0.03277673,0.07946682,0.034897033,-0.39566433,-0.0030887267,-0.15583046,-0.29287392,0.39300266,0.25172263
258,-0.11841734,0.2301555,0.345666,-0.23413587,-0.23323584,0.178395,-0.23189893,0.14546163,0.080718264,0.02638999,0.03573925,-0.0756719,0.21745972,0.003718539,0.039067674,-0.18435498,0.13953198,0.21396318,-0.41719708,0.19444463,0.10296563,-0.026802361,0.06560679,-0.04920537,0.08868997,-0.0033459864,-0.12302704,-0.32168812,0.21119297,-0.20167121,-0.018890036,0.61279374,0.03420023,0.08795853,0.015888676,0.32842726,-0.07206343,0.15645394,0.117078766,-0.18328807,-0.3330206,-0.19333835,-0.002908479,-0.3641898,-0.21300194,0.014373359,0.12285682,-0.408395,-0.09816619,-0.77710783,0.1930362,0.042077564,0.121368274,0.9495031,-0.14870867,-2.111766,0.046026863,-0.23256823,1.5349602,0.3647359,-0.07761955,0.61193,-0.3034873,-0.038332276,0.7562432,-0.042521395,0.4330216,0.2724732,0.18938552,-0.1864089,-0.016838852,-0.22251697,-0.018976517,-0.5237249,0.22369885,0.17201677,-0.15120883,0.0057998234,-0.81171143,-0.028633144,0.5204042,-0.067108035,-0.43760213,0.07209395,-1.4757215,-0.16015886,0.15320186,-0.09480186,-0.21821448,-0.35991687,-0.081708595,-0.022747483,-0.026239764,-0.031749707,-0.36156362,0.021823093,-0.12185381,-0.3116726,0.44542426,0.24622281
259,-0.3895829,0.31151,0.5917922,-0.2917714,-0.017597502,0.012634002,-0.21327001,0.2466215,0.10944399,-0.058201127,0.09666417,-0.10599001,0.19045126,0.029851753,0.172334,-0.37653,0.0044562425,0.07448525,-0.011664495,0.4049375,0.398275,0.21837601,0.3892075,-0.14890176,0.26683065,0.30620822,-0.268473,-0.562365,-0.35631186,-0.060689494,-0.40123498,0.8288588,-0.13717625,-0.01673749,0.3933125,0.32669362,0.09579732,0.025894996,-0.13386151,-0.3822854,-0.23646124,-0.044547826,0.17662112,-0.43316126,-0.053048752,-0.13762581,0.56518686,-0.20880713,0.077245004,-0.69039625,-0.0132645,-0.16500875,0.2343689,1.1052738,-0.3621924,-2.7085376,-0.15242536,0.010974884,1.65435,0.22558828,-0.04294775,0.6244625,-0.16720413,0.084953874,0.87750876,-0.13352375,0.6938146,0.209194,0.4475463,-0.3430675,0.06657837,-0.52785623,0.11166475,-0.10765249,0.587435,-0.10799251,-0.1754545,0.01935375,-0.7865013,0.017799243,0.5765375,0.013024628,-0.77250373,0.19864951,-1.3145375,-0.2060375,0.09225072,-0.33637965,-0.19387001,-0.42001975,-0.059905753,-0.17554387,-0.22972125,0.053790502,-0.3855628,0.020433255,-0.25940976,-0.59699243,0.4572075,0.40027627
260,-0.003767824,0.18222196,0.33431876,-0.369514,-0.22214967,0.21392989,-0.25225028,0.20580524,0.07039646,0.0072466573,0.15092963,0.10244409,0.24597333,0.117424235,0.041841727,-0.27519298,0.29905337,0.29906353,-0.41797763,0.3736067,0.18974544,0.009603168,0.18514328,0.0016090219,0.13792999,0.07481593,-0.20488834,-0.5926101,0.21971959,-0.2240494,0.026374191,0.66069824,-0.03228622,0.085495226,0.081137456,0.47751716,-0.04925226,0.21480016,0.06659317,-0.3571851,-0.17817856,-0.2123212,-0.017278707,-0.48645642,-0.24274221,-0.027303059,0.014462144,-0.3286997,-0.009203551,-0.84618175,0.071313664,0.08712402,0.11537338,1.0160707,-0.19376312,-2.3327596,0.043794572,-0.16751035,1.7187192,0.37167743,-0.08238346,0.7394346,-0.36645034,0.08915251,0.7789313,0.04774815,0.6103222,0.43185392,0.084355,-0.23005976,-0.05226038,-0.2779483,-0.0030025088,-0.6186706,0.13797213,0.08654378,-0.10382779,-0.080175705,-0.7942976,-0.0026293024,0.64906025,-0.10221691,-0.5793595,0.07247885,-1.42202,-0.24293923,0.110598154,-0.08238772,-0.21679388,-0.29036716,-0.10123324,-0.09789614,0.08619244,-0.121403195,-0.55000997,-0.12541792,-0.20251366,-0.29092932,0.44217667,0.30225617
261,-0.040383,-0.2132,0.055937,-0.070654,0.4657,0.14988,0.35069,0.38861,1.0382,0.31142,0.43467,1.0776,0.20412,0.11486,-0.15259,-1.2375,0.63977,-0.40243,-0.32668,-0.16361,0.4715,0.097336,-0.3228,0.82284,-0.05374,0.72566,0.077025,0.19049,-1.011,0.063992,-0.42976,0.492,0.3961,-0.22394,-0.32937,-0.68569,-0.038767,1.2796,-0.51853,-0.14503,-0.46248,-0.021891,-0.57194,0.066688,0.36953,0.7507,-0.94705,-0.29925,0.41504,-0.50964,-0.61258,0.20794,0.51331,0.20323,-0.25576,-0.016653,0.36026,0.29747,-0.25774,-0.0073715,-0.6191,-0.16447,-0.28221,0.16458,-0.13794,-0.36302,0.32537,1.4793,0.16161,0.018392,-0.29274,0.56243,0.3591,-0.26062,0.24564,-0.39409,-0.61024,-0.23352,-0.40417,-0.46959,0.45789,-0.074916,0.12149,-0.79923,0.27619,0.19909,-1.3364,0.47668,0.9909,-0.057745,0.91582,0.46617,0.10032,0.25265,-0.36012,-0.42818,-0.3804,-1.3927,-0.015867,0.11311
262,-0.0352821,0.13582201,0.4254747,-0.25726363,-0.19488746,0.1251991,-0.30548897,0.1793665,-0.02193893,-0.0037170444,0.044109974,0.013359945,0.2534896,0.035269298,0.024114339,-0.2721025,0.14847353,0.15597452,-0.41486523,0.23260124,0.20187214,-0.08361915,0.24683183,-0.0491018,0.11028938,-0.022406682,-0.09174382,-0.44273648,0.007169304,-0.1631749,0.01665506,0.44541445,-0.028654696,0.07395863,-0.020044465,0.24127686,0.087953955,0.17789628,0.014881963,-0.19358075,-0.46331465,-0.19999458,0.14136064,-0.4223877,-0.15021276,0.10113586,0.28690717,-0.29845867,-0.15591355,-0.8174089,0.12550269,-0.030009814,0.10744944,1.1195024,-0.23514177,-2.3044746,0.08176487,-0.26347253,1.697972,0.51400876,-0.20825373,0.6217739,-0.23573175,0.016294044,0.9094039,-0.03759542,0.4215077,0.31666604,0.058264703,-0.278506,-0.054768156,-0.3547142,-0.090762116,-0.4295931,0.23165974,0.13422531,-0.22620128,0.004658773,-0.8493206,0.014505118,0.5882324,0.03479091,-0.43587226,0.15649329,-1.524975,-0.25188065,0.008462619,-0.047211286,-0.16601145,-0.34685,-0.10337503,-0.13270225,-0.16976972,0.08917489,-0.48448518,0.0069609177,-0.26064909,-0.33840093,0.5552891,0.24720976
263,-0.092670426,0.25084883,0.3892849,-0.18767387,-0.017803475,0.06607285,-0.07378508,0.24992983,-0.028688505,0.04483506,0.1247731,-0.04574595,0.18265028,0.026668021,0.18382487,-0.2030783,0.19126552,0.04216903,-0.33120534,0.22602086,0.27349243,-0.08192215,0.24754876,0.098220624,0.18903263,-0.045388315,-0.11604132,-0.34604895,0.036741726,-0.10037205,-0.050274786,0.45059586,-0.07898986,-0.031011451,0.1096887,0.40123913,-0.02456694,0.16234897,-0.044064887,-0.20323838,-0.32016513,-0.22582285,0.07341691,-0.31101206,0.052389465,0.03414531,0.20452344,-0.27241945,-0.0818752,-0.7195308,0.113235936,0.0030563893,0.16353719,1.0000001,-0.24425428,-2.1437087,-0.08119281,-0.21151112,1.6274372,0.35656533,-0.17072381,0.4949142,-0.3042809,0.073103264,0.6116932,-0.0061907275,0.336699,0.27455795,0.20700417,-0.21343006,-0.10238192,-0.22428636,-0.08806247,-0.27678576,0.24733318,0.09050457,-0.11449765,0.04278782,-0.78889155,-0.024258515,0.55086917,0.0020598792,-0.48887447,0.08583342,-1.2833883,-0.20961325,0.10108864,-0.09146096,-0.16447678,-0.30142,-0.06694385,-0.006575402,-0.11279239,0.0359475,-0.4601047,0.0048573287,-0.22494425,-0.33939216,0.5025267,0.07661308
264,-0.042529907,0.24155974,0.37126896,-0.43289182,-0.17550623,0.18359566,0.02076805,0.33794248,0.09803391,0.1316819,0.069628365,0.24791361,0.18177788,0.117357224,0.11680392,-0.15772152,0.15588166,0.14794283,-0.5188492,0.30796584,0.34223762,0.09240218,0.04479151,-0.006266419,0.15445246,-0.06583426,-0.29818746,-0.48605502,0.09298787,-0.30662546,0.085822046,0.60365987,-0.07215762,0.16794896,0.14263524,0.32740995,-0.017681861,0.25115517,0.15584435,-0.11413034,-0.2797246,-0.25397068,0.30512866,-0.49048206,-0.12221154,-0.082809545,0.22902946,-0.34095868,0.0354384,-0.96833664,0.10084107,-0.053129207,0.068443425,0.9372771,-0.22790186,-2.385444,0.0046273745,-0.0754318,1.6441246,0.5756203,-0.05257246,0.763716,-0.5862587,0.084674425,0.76566577,0.02179603,0.4461093,0.48723015,-0.006664168,-0.18858336,-0.026626527,-0.29179588,0.02889713,-0.29428303,0.16495617,0.24382138,-0.1580088,-0.062955715,-0.93985957,0.052378546,0.7146945,-0.06417479,-0.48227176,-0.12254862,-1.4167045,-0.33582962,0.37392974,-0.15854579,-0.3757083,-0.41281268,-0.02842041,-0.21467948,-0.07843525,-0.23534755,-0.5062924,0.02083488,-0.023980707,-0.20080586,0.39166173,0.2304188
265,-0.18044682,0.45887,0.51045597,-0.3921992,-0.011651194,0.44748098,-0.3153132,-0.016829204,0.051823188,-0.08755548,0.284595,-0.013494009,-0.093763605,-0.020479994,0.29398042,-0.338374,-0.06162859,0.20312479,-0.055580605,0.564054,0.61303,0.4061448,0.35198,-0.26132601,0.15818492,-0.026277995,-0.30158767,-0.63436204,0.230286,-0.239277,-0.0209642,0.367908,0.089913994,0.072601415,-0.0009906947,0.269072,-0.0678188,0.11650801,-0.240856,-0.25104117,-0.33758396,-0.263996,-0.15098986,-0.29128,-0.1575722,-0.15288278,0.10925399,-0.040022004,0.22828838,-0.755764,-0.033414003,-0.23966599,-0.020902399,0.96340007,-0.3703598,-2.48446,-0.16031401,0.1424028,1.6576201,0.7545156,0.17281461,1.200572,-0.370828,0.15888907,0.51514804,-0.08465941,0.787228,0.176284,0.123600006,-0.22400579,-0.1961846,-0.1620476,-0.1925872,-0.15723762,-0.022398597,0.079069994,-0.136958,-0.06219654,-0.40816003,-0.16119881,0.6493114,-0.02411,-0.28652996,0.142607,-1.5543,-0.2310524,0.039245,-0.043597005,-0.46934,-0.2952784,0.015833398,0.1405198,-0.392394,-0.2071728,-0.719,-0.2174536,-0.55841905,-0.1966066,0.49126595,0.482526
266,-0.18605454,0.18167137,0.42361712,-0.18502577,-0.1448837,0.015347782,-0.21604045,0.19066323,0.021422276,-0.0033200663,0.21008326,0.11032184,0.18146645,-0.10412076,0.15058105,-0.07803765,-0.024881775,0.21282203,-0.16184896,0.1406845,0.2246406,-0.18445753,0.11486551,-0.057999074,0.29132923,-0.047237117,-0.07216387,-0.43611696,-0.081295155,-0.28220662,0.15608983,0.5793832,-0.033810183,0.006180873,0.07236944,0.37394905,-0.00889263,0.10578466,0.12185326,-0.40172625,-0.03189274,-0.20236515,-0.00040513868,-0.35726824,-0.262741,0.105203144,0.064793624,-0.3611956,0.009406671,-0.6686025,0.28370544,0.051415067,0.14882238,0.7374049,-0.29647186,-2.1123862,-0.087466724,-0.1152289,1.7012869,0.35699484,-0.08618494,0.51951855,-0.36374402,0.11671432,0.6855324,0.014873794,0.47849837,0.2136615,0.2490897,-0.28614438,-0.1593909,-0.24546428,-0.028598709,-0.2735457,0.10657498,0.11659226,-0.05211203,-0.053546924,-0.6996924,-0.07797558,0.3520707,-0.10522309,-0.5458914,-0.041331735,-1.2364626,-0.2523796,0.08505689,-0.14635466,-0.18453622,-0.21448721,-0.24468996,0.12642811,0.04291944,-0.19347863,-0.48024443,-0.19430824,0.07608159,-0.29815218,0.5471367,0.26183015
267,-0.013786,0.38216,0.53236,0.15261,-0.29694,-0.20558,-0.41846,-0.58437,-0.77355,-0.87866,-0.37858,-0.18516,-0.128,-0.20584,-0.22925,-0.42599,0.3725,0.26077,-1.0702,0.62916,-0.091469,0.70348,-0.4973,-0.77691,0.66045,0.09465,-0.44893,0.018917,0.33146,-0.35022,-0.35789,0.030313,0.22253,-0.23236,-0.19719,-0.0053125,-0.25848,0.58081,-0.10705,-0.17845,-0.16206,0.087086,0.63029,-0.76649,0.51619,0.14073,1.019,-0.43136,0.46138,-0.43585,-0.47568,0.19226,0.36065,0.78987,0.088945,-2.7814,-0.15366,0.01015,1.1798,0.15168,-0.050112,1.2626,-0.77527,0.36031,0.95761,-0.11385,0.28035,-0.02591,0.31246,-0.15424,0.3778,-0.13599,0.2946,-0.31579,0.42943,0.086969,0.019169,-0.27242,-0.31696,0.37327,0.61997,0.13889,0.17188,0.30363,-1.2776,0.044423,-0.52736,-0.88536,-0.19428,-0.61947,-0.10146,-0.26301,-0.061707,0.36627,-0.95223,-0.39346,-0.69183,-1.0426,0.28855,0.63056
268,-0.22911721,0.2876281,0.60485846,-0.4102268,-0.20256263,0.2157589,-0.0170761,0.23043808,0.24199285,0.069161735,0.27329007,0.19919348,0.302962,-0.058830556,0.10613878,-0.20477942,0.15917382,0.3910315,-0.5108124,0.23573259,0.23082931,0.11574133,0.13064373,-0.04185748,0.10085986,0.11317191,-0.11183462,-0.43339399,0.17594694,-0.18118483,-0.14092922,0.47172937,0.13286611,0.11462712,0.21135525,0.33198288,-0.100100376,0.13967049,0.19555975,-0.2609027,-0.30752894,-0.11749121,0.07526229,-0.5632153,-0.22904599,0.0058,0.2910156,-0.22759159,-0.17776793,-0.8850871,0.18580507,-0.041265253,0.22187619,0.96254903,-0.26108155,-2.190351,-0.1325096,0.031675268,1.4857969,0.47088647,-0.16142385,0.7662572,-0.38183993,0.16206399,0.89439595,0.13031954,0.57065797,0.30560455,-0.008985943,-0.4296255,0.115303464,-0.2983365,0.2269377,-0.3272902,0.19581638,0.048602168,-0.08663711,-0.039014213,-0.7113963,0.054515682,0.43000498,-0.028577792,-0.6514395,-0.08544966,-1.2706782,-0.3784996,0.1309187,-0.23613966,-0.3883266,-0.33256894,-0.07905658,-0.08501209,-0.032733213,-0.027576093,-0.37466168,0.015653895,-0.08099642,-0.3589774,0.38765985,0.28080282
269,-0.041496087,0.08555862,0.33299604,-0.30110645,-0.114795186,0.21390767,-0.17920382,0.30814287,-0.049826916,0.031932086,0.24248073,0.164001,0.1965755,0.049351618,0.1464141,-0.3530996,0.14813386,0.14796913,-0.39411268,0.20000868,0.2835561,-0.010847089,0.23138322,0.06345064,0.19079427,-0.039143763,-0.21783777,-0.45578456,0.14830926,-0.3386555,-0.035744168,0.46666637,-0.027447898,0.07789487,-0.10778312,0.3091194,-0.032741405,0.23255363,-0.0919004,-0.16192944,-0.33961546,-0.27891278,0.24169688,-0.3926221,-0.14221711,0.022649512,0.008920077,-0.3767806,0.09938488,-0.84694177,0.042352982,0.024695547,0.09714673,1.0970179,-0.29713088,-2.287516,-0.019303942,-0.16123286,1.6432183,0.5340132,-0.07245817,0.6754355,-0.30508688,0.14142382,0.6627929,-0.06937566,0.40539634,0.32583532,0.185459,-0.22874875,-0.069041826,-0.3172284,-0.0021099902,-0.4242724,0.06533501,0.2138228,-0.23071906,-0.052401245,-0.8281347,0.015033252,0.6141754,0.06408019,-0.41071883,0.10544251,-1.3858924,-0.28927532,0.06367278,-0.14550865,-0.26732865,-0.25111094,-0.1776574,-0.12075148,0.011861486,-0.06678782,-0.61667556,-0.05424935,-0.021277929,-0.14891899,0.45205182,0.16997421
270,-0.17926627,0.22344507,0.53522116,-0.32757515,-0.1984229,0.25425968,-0.20352401,0.2192915,0.117057614,-0.06831695,0.20731464,0.069922484,0.09421677,0.044963602,0.09868188,-0.12512515,0.18793046,0.21662098,-0.38520604,0.26903868,0.22268467,-0.06018005,0.06907812,-0.008287233,0.2359189,0.03099509,-0.25843352,-0.5172689,0.19885376,-0.24170099,-0.10864117,0.6042769,-0.046294097,0.0634769,-0.042335,0.3197468,-0.20866685,0.05496253,0.03957639,-0.2860721,-0.2789307,-0.20777735,-0.03449781,-0.47291774,-0.31544653,0.1418119,0.04141028,-0.38483185,-0.018056856,-0.8392783,0.14125437,0.015690232,0.11382982,1.0392637,-0.17075485,-2.3935463,-0.048008524,-0.051615905,1.633431,0.37968528,-0.13919328,0.79856294,-0.27684498,0.11163291,0.76862913,0.09162455,0.44035402,0.30082706,0.015951365,-0.19868284,-0.07157841,-0.3100959,-0.07194365,-0.48758405,0.18896635,0.09041072,-0.18646821,-0.064943224,-0.66166866,-0.039984103,0.47810328,-0.046720095,-0.54248506,0.05777201,-1.2847286,-0.14370131,0.1474923,-0.07084107,-0.28580716,-0.26702976,-0.15510444,0.0100645535,0.03391172,-0.09315993,-0.49465033,-0.12696122,0.015265211,-0.16971593,0.45575285,0.19273095
271,0.0008507703,-0.002715649,0.25107816,-0.18779199,-0.011868571,0.21545346,-0.07547399,0.23714739,-0.075109884,-0.01605572,0.22376716,0.0017111619,0.043811228,0.015963843,0.13461119,-0.20074219,0.07024019,0.18051925,-0.30574137,0.12778665,0.20965104,0.016793862,0.1804658,-0.021315463,0.22025138,-0.07229552,-0.20551573,-0.34433615,0.2260061,-0.19419943,-0.21627592,0.49035668,-0.08771059,0.021629067,-0.038995292,0.24701892,-0.16354261,0.13446063,-0.013850509,-0.10840921,-0.33292517,-0.1676079,0.15307167,-0.34119615,-0.050530057,0.084523104,0.22352979,-0.36630398,0.030609926,-0.7659012,-0.014785095,0.020508863,0.10705062,0.9375506,-0.17691788,-2.272463,-0.11219661,-0.17635693,1.3645995,0.34214726,-0.1756372,0.7020097,-0.29188564,0.054714207,0.57342553,-0.08637853,0.42819598,0.26860148,-0.019346612,-0.14709507,-0.06327767,-0.19841708,-0.07815288,-0.34575197,0.15327898,0.16988727,-0.22391073,-0.025160355,-0.6216115,0.019039381,0.4640954,0.037746225,-0.46273273,0.1401431,-1.0986549,-0.13244146,0.11512759,-0.11757469,-0.12818284,-0.2738873,-0.11868128,-0.11289183,-0.16043118,0.14084448,-0.44607192,-0.028068129,-0.07651686,-0.13428701,0.25247434,0.04443427
272,-0.361905,-0.102929994,0.34781,-0.251185,-0.1230265,0.600385,0.2800625,0.451595,0.06654,-0.27801,-0.00211565,-0.176819,-0.184865,-0.4178,0.48009998,-0.48022503,-0.10265051,0.2446945,0.17426501,0.06389961,0.40405,-0.599065,-0.18290299,-0.210095,0.770445,0.0807025,-0.009575002,0.28205,-0.13283,0.123967,-0.504845,0.15579501,-0.25318003,0.347629,0.41273952,0.02154,-0.51274,-0.143736,0.41729,-0.49973965,0.164345,-0.354455,0.0042584985,0.224265,-0.2458295,-0.163825,-0.40504,-0.53089,0.406655,-0.5519,-0.050046004,0.031275004,0.0017749965,0.98406494,0.35386,-2.2816,0.1285665,0.22246,1.1949999,0.94461,-0.46244365,0.65528095,-0.047519702,-0.266776,0.4131165,0.2145005,0.121549994,-0.4148265,-0.15839,0.027596,-0.266395,-0.84872,0.0986985,-0.156495,0.19431001,0.27131045,-0.13722551,-0.1001605,-0.206405,-0.36773,0.19821,-0.30856502,-0.477995,-0.140265,-1.00327,0.43415,-0.083246,-0.03382501,-0.131015,-0.06686,0.14388502,0.173585,0.482305,0.77658,-0.21842,0.03757,-0.178215,0.063710004,0.649415,0.052410007
273,0.12838599,0.079064,0.43104655,-0.43936858,-0.2728891,0.09997502,-0.04400309,0.3254314,0.060059197,0.026975363,0.2162232,0.27451795,0.2581475,0.097378395,0.057590105,-0.283242,0.057457697,0.18852891,-0.377256,0.22032876,0.3043521,0.19902146,0.21949796,0.1646178,0.20954461,0.0420256,-0.3012775,-0.6180049,0.34639508,-0.34007502,0.137499,0.6753077,0.1105955,0.19962423,-0.113185406,0.40017253,-0.102255166,0.2637131,-0.152673,-0.44063115,-0.301191,-0.16835348,0.49412107,-0.42900854,-0.1841909,-0.07953848,0.1512747,-0.5086628,0.318383,-0.92555916,0.053681295,-0.1166661,0.20716779,1.020699,-0.3728755,-2.467872,0.0077670156,-0.16368112,1.71928,0.50112945,0.08507062,0.816813,-0.480769,0.12661725,0.83856994,0.0239126,0.35481668,0.3775412,0.03928999,-0.08690299,0.16584401,-0.16076252,-0.080635,-0.40264964,0.0086270925,0.06298779,-0.11932681,0.044676397,-0.97903997,0.047141697,0.49808502,-0.051580995,-0.44675097,0.1528079,-1.2312955,-0.344581,0.0791788,-0.2350342,-0.48073396,-0.282812,-0.15077768,0.021565799,-0.041316886,0.1331302,-0.6029984,0.0549796,-0.046277802,-0.045244988,0.31030148,0.16494879
274,-0.14391744,0.25567284,0.47473177,-0.27022317,-0.20364515,0.2928024,-0.41381547,0.23829323,-0.0095179435,-0.09855441,0.050205138,0.045234174,0.27897927,0.08602935,-0.040482964,-0.30606353,0.07473712,0.14956476,-0.36305463,0.45829818,0.10344933,0.030749826,0.07882847,-0.10497854,0.054153413,0.1476359,-0.18081217,-0.35752326,0.31203136,-0.11000141,-0.028581468,0.52979094,0.09766289,-0.05556354,0.09185382,0.18613109,-0.13598865,0.22354634,0.10036958,-0.30863374,-0.26992244,-0.09520411,0.23983714,-0.41631246,-0.20099828,-0.0027779674,0.04615353,-0.20543553,-0.14693317,-0.8601433,0.12450005,-0.009303061,0.17457972,0.99408174,-0.25513676,-2.1990972,0.1651522,-0.116547704,1.48463,0.13472746,0.0042704083,0.69557065,-0.39674258,-0.15632318,0.5873623,0.11538476,0.51325285,0.2693692,0.19407476,-0.23440726,0.122492984,-0.2607441,-0.07778785,-0.52310395,0.41019407,0.1978339,-0.033815414,-0.16478372,-0.6872137,-0.00903582,0.48470536,0.003960057,-0.46584827,0.14051676,-1.2990977,-0.11000287,-0.062322833,-0.07702129,-0.36019126,-0.37763616,-0.058354832,0.04380076,0.05571748,-0.14149773,-0.58768356,-0.13435218,-0.21773705,-0.33179942,0.2861116,0.33605218
275,0.057627,-0.14950779,0.0662823,0.06972942,-0.27431253,-0.009307543,0.38677263,0.30017656,0.17827871,-0.080511734,0.46684346,0.059682544,-0.032495845,0.27811772,0.021115925,-0.5019457,0.12917615,-0.025465425,-0.15933114,0.32823846,0.39406398,0.302334,-0.3660623,0.15096459,0.0110710105,0.20613591,0.069551274,-0.32110888,0.35354143,-0.020854192,-0.3676146,0.057537362,-0.016279895,0.09219635,0.116251,0.22055186,0.28678715,0.094091296,0.10552804,-0.112093374,0.16295312,-0.30138037,-0.21729994,-0.4827305,0.0314078,-0.19771804,-0.4136415,-0.15191151,-0.28433037,-0.09205572,-0.27743357,0.35194996,0.007394619,-0.04924623,-0.59165686,-1.0270498,0.21649677,0.41416803,0.42010075,0.23525912,-0.21756577,-0.10257001,-0.5738521,-0.3697994,0.24359792,0.26536793,0.10269149,0.037691377,0.15516223,0.2819347,0.36263335,0.21033612,-0.07115395,-0.33392537,0.21854424,-0.23648539,0.05889545,-0.07869826,-0.42909607,-0.17134115,0.15619124,-0.6733619,-0.25449818,-0.29391822,-0.4133081,-0.008023839,-0.3798405,-0.3641457,0.21098447,-0.19615032,-0.043339267,0.02176573,0.14889005,0.5878073,-0.07156896,0.10663012,-0.3764346,-0.57123494,0.16121846,-0.12488137
276,-0.023030892,0.02583003,0.27771962,-0.1877795,-0.058036856,0.14890474,-0.14093211,0.208487,0.035405606,0.028418763,0.13102137,0.19530004,0.2749822,-0.004388483,0.052157547,-0.33489788,0.18262663,0.07010659,-0.36972234,0.06545078,0.22969787,-0.058216274,0.23974875,0.065833084,0.17888659,-0.056497257,-0.10644123,-0.37066278,0.14205237,-0.1418588,-0.037588753,0.40948644,-0.068783365,-0.005149593,0.044494808,0.264872,0.022369722,0.13051786,-0.069451794,-0.123418555,-0.48899466,-0.21268892,0.16367164,-0.37192753,0.013324671,0.042005047,0.0812197,-0.34362513,0.04572852,-0.6619656,0.2139527,-0.006650644,0.07416969,0.98465306,-0.22452815,-2.09719,-0.058206156,-0.34377545,1.6562165,0.4787701,-0.15623276,0.5385709,-0.2769415,0.040184867,0.7193754,-0.0637286,0.37547058,0.3502733,0.048121866,-0.17122777,-0.09823773,-0.34401459,-0.16827783,-0.4778906,0.075908795,0.17789343,-0.2354842,-0.07273544,-0.8590808,-0.083006285,0.6267182,0.11979389,-0.3844641,0.08885181,-1.1725835,-0.24899,0.22934294,0.046105225,-0.15429202,-0.31608513,-0.18818757,0.0068864725,-0.11310295,-0.11135643,-0.49899286,-0.019790327,-0.026032224,-0.025370212,0.43758085,0.122335635
277,-0.23166099,0.37158126,0.31314963,-0.11539039,0.2093345,-0.08285637,0.036264494,-0.14491487,0.16430111,-0.038273,0.058383383,-0.24078125,0.14570463,-0.3681795,0.27162313,-0.11814837,0.10515849,-0.042723373,-0.13320377,0.3943546,0.19262001,-0.39807937,0.19487537,0.105198264,0.075867884,-0.20138127,0.13622688,-0.32681376,-0.404958,0.11080101,0.015991248,0.5569371,-0.15405062,0.12233639,0.35739002,0.36298388,-0.11176126,0.19127473,-0.17031226,-0.180376,-0.27459612,-4.387647e-05,-0.04224188,-0.1449575,-0.16539113,-0.078483805,0.20161,-0.054215007,-0.119653255,-0.421,-0.03514337,0.0079069175,0.21379186,0.6339812,-0.2806885,-1.7884986,0.060708877,-0.17908461,1.3086904,0.45506376,-0.26843125,0.5747655,0.1462821,0.28800237,0.71627504,-0.16753048,0.44817075,0.16290249,0.52363676,-0.28231752,0.061085533,-0.0764135,-0.059116747,-0.288775,0.074254125,0.043819264,-0.06086176,-0.25211987,-0.86584914,-0.34180784,0.4809135,-0.030516876,-0.32597336,-0.010708425,-1.1563059,-0.1589025,0.0062187426,-0.09990313,-0.2656245,-0.26931125,0.094713256,-0.0019635037,-0.24762249,-0.16913193,-0.5085412,0.0437354,-0.4996925,-0.39791098,0.65587497,0.4228975
278,-0.20838538,-0.20264202,0.300033,-0.21825612,-0.16343676,0.024652004,0.11368803,0.20692644,0.49737817,0.1352048,0.34812933,0.12985264,-0.011720759,0.08524384,0.06675669,-0.2974397,0.1610317,-0.006383632,-0.13991521,0.057731222,0.53798103,-0.103616744,-0.30999702,0.41019005,0.14600118,0.14314659,0.15679446,0.0010111044,0.25642478,0.0427047,-0.29927036,0.24046104,0.17825334,0.291795,0.040163137,0.14844097,0.27874255,0.36191437,-0.11886553,-0.12077812,-0.20111294,0.015410918,-0.21402006,-0.068644114,-0.013087688,0.063005954,-0.42150366,-0.27209574,-0.11143206,-0.21369503,-0.33481982,0.19499235,0.21587484,-0.015415739,-0.49575672,-0.794759,0.070950866,0.34657702,0.3736952,0.07572803,-0.04251252,0.13282111,-0.5149697,-0.019868758,0.17430305,0.109596126,0.16152845,0.3057089,0.16554467,0.42483708,0.077402845,0.30895406,0.036230177,-0.56067395,-0.066125624,0.03386044,-0.08696227,0.004773591,-0.3555811,-0.18916674,0.3516486,-0.5476594,-0.21503209,-0.26805645,-0.5918832,0.20013906,-0.23769952,-0.2787154,0.32029495,0.0039617065,-0.08046904,0.36185393,0.19834672,0.24079973,0.14199811,-0.17803614,-0.112356186,-0.72920746,-0.13382949,-0.19677456
279,-8.2301405e-05,0.07830277,0.24242853,-0.1641651,-0.10245132,0.22568002,-0.27411243,0.048148725,0.1705204,-0.08137614,0.1771444,-0.08892496,0.24750735,0.071762614,0.07408554,-0.12274183,0.1220303,0.18674324,-0.25348678,0.15723976,0.13989022,0.10434853,0.1737034,0.24269594,0.10074823,-0.16920751,-0.18976498,-0.30631837,0.14900655,-0.2704167,0.037299003,0.51327455,0.07416001,-0.03603146,0.043319385,0.30115908,0.01396985,0.10183305,0.16367067,-0.24218692,-0.23879154,-0.23574461,0.021849927,-0.19337375,-0.21747787,-0.014111001,0.081409015,-0.34432924,0.031956308,-0.6384885,0.07740939,0.092092,-0.0007297924,0.9480275,-0.11642731,-2.0156286,0.00033976996,-0.27798897,1.3700308,0.21643646,-0.22982454,0.6195285,-0.2582791,-0.03386599,0.5919654,0.1393519,0.5701139,0.22086379,0.16127938,-0.14699286,-0.07209998,0.036135,0.035076775,-0.5814846,0.087892994,0.19056447,0.045897763,-0.06373954,-0.5270713,0.023909919,0.5530314,-0.06037953,-0.379529,0.05719377,-0.8942657,-0.15949051,-0.0014949968,-0.2564653,-0.23182029,-0.12475863,0.00097592745,-0.007277617,0.00973539,-0.004157745,-0.332939,-0.17022607,-0.082667306,-0.25676185,0.36457852,0.11955038
280,-0.031975,0.25337794,0.2997865,-0.17684817,-0.09673534,0.11077971,0.00021242989,0.23824215,0.049791932,0.04380707,0.16312042,0.096883915,0.26937565,0.11333329,0.111878216,-0.40608785,-0.06735929,0.20515813,-0.4297983,0.14209114,0.18780017,0.015631923,0.09335715,-0.005132925,0.18764378,0.15398057,-0.27947667,-0.51505345,0.18564792,-0.17787986,0.0056782877,0.6822521,0.054499637,0.10268878,0.15190215,0.37582567,-0.110159636,0.1852803,-0.009030006,-0.12935413,-0.37952834,-0.15995896,0.34827834,-0.41923642,-0.14231716,-0.12918988,0.20659006,-0.32261568,0.11593836,-0.867258,0.19647948,-0.042467076,0.21643372,1.0703714,-0.16570255,-2.283057,-0.045659933,-0.032983575,1.526782,0.54795676,0.09542508,0.736376,-0.45673922,-0.0033830926,0.7837549,-0.095551655,0.46373305,0.31339827,0.07398828,-0.09472884,-0.02101793,-0.14245778,0.12575115,-0.29537684,0.27417892,0.17380443,-0.16267742,-0.05711815,-0.80980784,-0.024761286,0.47480896,0.05081243,-0.47046572,-0.08266915,-1.6067358,-0.28946325,0.10113021,-0.24117044,-0.35788885,-0.25588545,-0.15060379,-0.12788793,-0.024169778,0.072258286,-0.5061479,0.13294835,-0.20947123,-0.15936865,0.24932797,0.30880275
281,-0.09727229,0.24080811,0.40480182,-0.37298304,-0.19168542,0.2014597,-0.17438449,0.25248736,0.058299627,-0.024914771,0.17381483,0.13310413,0.2424126,0.03937375,0.08918789,-0.22562493,0.18149094,0.20748304,-0.42449787,0.2892539,0.21914743,0.027046489,0.17479864,-0.08723422,0.1338816,0.023926469,-0.179233,-0.544714,0.13438721,-0.278766,-0.020655628,0.5952711,-0.011867217,0.09513758,0.073583804,0.31711182,-0.109514214,0.20776708,0.07035709,-0.244994,-0.31224453,-0.21162836,0.09921017,-0.4308113,-0.19035184,0.00083223643,0.21444705,-0.3810518,-0.031888917,-0.8906431,-0.03838873,-0.0101379575,0.13641442,1.079436,-0.24072786,-2.349431,0.027172284,-0.14025137,1.6214249,0.46778765,-0.12357751,0.7210862,-0.37152296,0.12025236,0.81402373,0.011329155,0.52581763,0.43908983,0.038616404,-0.28617808,-0.021234201,-0.30229563,-0.04347573,-0.42933327,0.11701058,0.09659199,-0.14618587,-0.06299535,-0.7951783,0.020250637,0.6303942,0.024649974,-0.615043,0.056064654,-1.4463117,-0.27184832,0.1568535,-0.07077585,-0.2939413,-0.35206795,-0.07271221,-0.16717629,-0.041062683,-0.07950206,-0.47018513,-0.08696771,-0.101510204,-0.29370606,0.43396902,0.3099523
282,-0.27827522,0.17763565,0.30504498,-0.24648595,-0.041041635,0.17980857,-0.053315576,0.2704414,-0.0016455011,-0.007211719,-0.008178788,-0.019296616,0.29633,-0.08442571,0.13751936,-0.08403578,0.19807963,-0.024979355,-0.36549488,0.09720717,0.10616936,0.0097782165,-0.10931279,0.10869936,0.22551501,0.048139356,-0.07840179,-0.28615072,-0.032776903,-0.22045472,-0.2692061,0.60796016,0.17444184,0.04380992,0.0641415,0.37947074,0.07253801,0.13973358,0.13482837,-0.25820944,-0.054369926,-0.08225564,0.2481457,-0.57263786,-0.22729506,0.09728921,0.17615779,-0.18608066,-0.05408877,-0.59481186,-0.008115144,-0.19611342,0.12710008,0.9464986,-0.21107528,-2.4282358,-0.065666996,-0.034628436,1.353174,0.40312102,-0.090684846,0.65611356,-0.31187192,0.05427776,0.45081168,0.13730307,0.52445394,0.35274142,-0.007939705,-0.2257445,-0.1563957,-0.31974736,-0.021100283,-0.36302415,0.0915676,0.08930034,-0.13750172,0.029535575,-0.7371834,0.08054321,0.531184,-0.10668731,-0.44774503,0.09215108,-1.0433806,-0.11974672,0.16199441,-0.082173906,-0.19976306,-0.388365,-0.026795354,-0.068978645,-0.20070864,-0.075914495,-0.3175755,-0.040884357,-0.042217787,-0.30186698,0.6516139,0.35153198
283,-0.102116615,0.25729582,0.41986975,-0.2855625,-0.13123833,0.14506426,-0.17126289,0.13441399,0.035622515,-0.08200373,0.12544715,0.040559966,0.20478989,-0.09281698,0.08290572,-0.29190424,0.10894367,0.17328794,-0.28439552,0.30676126,0.21840282,0.014965423,0.20437981,-0.077697456,0.1621922,0.027825356,-0.18803346,-0.5323977,0.014267513,-0.12786324,-0.11015228,0.46099633,-0.0037329616,0.051806245,0.06784492,0.33441806,-0.07160997,0.18315805,-0.014386696,-0.27196044,-0.37062967,-0.12797198,0.105529435,-0.3701803,-0.19786489,-0.017059844,0.3241778,-0.19498128,-0.07897259,-0.8245333,0.07902721,-0.13545185,0.17726582,1.0585405,-0.25328234,-2.35626,0.022602024,-0.18017611,1.457277,0.42648077,-0.121348456,0.78711694,-0.3430522,0.1321391,0.8409376,-0.03189578,0.50056505,0.29416552,0.14053111,-0.23163277,0.038053527,-0.3135277,-0.037887592,-0.31741658,0.2649426,0.031214837,-0.11033763,-0.07619432,-0.7535226,-0.0012167273,0.5033905,-0.03815998,-0.5221431,0.08004534,-1.4534947,-0.17433135,0.12807488,-0.17866161,-0.2736199,-0.38823557,-0.054315247,-0.11919055,-0.15622538,0.08913763,-0.41471508,-0.08001129,-0.17733948,-0.38587752,0.32862115,0.33808336
284,-0.06734501,0.11402984,0.32202005,-0.23341484,-0.026510134,0.21730624,-0.056790892,0.25586954,0.14626127,0.01665001,0.26318488,0.11091827,0.2539223,0.067326084,0.112755686,-0.2657028,0.1473364,0.22651015,-0.46482834,0.15346459,0.152413,0.019565392,0.10619118,-0.03606386,0.14989606,-0.03823835,-0.095839046,-0.43881062,0.21272711,-0.192209,0.05556542,0.58045405,0.050575733,0.09830928,0.026270315,0.3331446,-0.24146855,0.22196464,0.088631526,-0.22577296,-0.25326034,-0.18140058,0.2069425,-0.50120074,-0.0927222,0.10691374,0.0073631536,-0.28981248,0.07289341,-0.7266358,-0.08757456,0.046090513,0.1250955,0.9431642,-0.1364912,-1.9749413,0.005179051,0.026736194,1.4799484,0.5107185,-0.08142173,0.6381211,-0.24758859,0.13647851,0.66505164,-0.04116897,0.4115905,0.2720081,0.036365524,-0.09053508,-0.05071749,-0.12016604,-0.00695145,-0.46248123,0.19144742,0.30869442,-0.062078614,-0.046447154,-0.7874652,0.024864111,0.5341852,-0.07270022,-0.45844254,0.014586898,-1.2317383,-0.2717692,0.056976598,-0.25131238,-0.32276997,-0.20369971,-0.1248523,0.01404491,0.031818725,0.01808166,-0.44529295,-0.12588453,-0.057905428,-0.15489928,0.4259102,0.17125715
285,-0.29545784,0.36991164,0.50350165,-0.26091918,-0.06524334,0.012916331,-0.42045,0.16978018,0.0013526877,0.15971968,0.019027995,0.006375005,0.057167668,0.13969651,-0.06391617,-0.32844397,-0.025830006,0.13187332,-0.41071948,0.41328833,0.44870082,0.16308068,0.299193,0.018921671,-0.08156166,-0.012944828,-0.032965332,-0.50128835,-0.21490018,-0.22028683,0.057073336,0.500455,-0.07051166,-0.19183402,-0.10345166,0.34432837,-0.11443383,0.21299751,-0.124000005,-0.13194267,-0.50792336,-0.27143002,0.34862962,-0.31540498,-0.16435952,-0.34029102,0.46885833,-0.20023648,-0.009461497,-1.01553,0.078595005,0.054457497,0.34136248,1.1411699,-0.41582164,-2.2939835,0.05790432,-0.4612697,1.6972667,0.34011698,-0.14017667,0.66754836,-0.24825166,0.07689834,0.7846566,0.12094951,0.5193246,0.31127617,0.29421833,-0.09327084,0.23005132,-0.39047337,-0.138998,-0.247975,0.11008934,0.012790833,-0.031871,-0.25932935,-0.8897333,0.24178334,0.70577,0.055219814,-0.35100338,-0.19169831,-1.25537,-0.118733,-0.18452685,-0.21411411,-0.5930416,-0.334505,0.069510005,-0.13068599,-0.28747734,-0.10381982,-0.5332317,0.09780484,0.031215003,-0.09423483,0.40814915,0.064441666
286,-0.9701,0.46821,-0.26834,0.67043,0.08871,-0.50789,0.11278,-0.46291,0.19719,-0.39083,0.11516,-0.88141,-0.095489,-0.1932,0.65421,0.16757,0.086689,0.053819,0.14595,0.52494,0.064429,-0.15729,-0.095941,-0.62295,-0.27015,-0.16057,-0.10939,0.16812,-0.41207,0.24502,-0.48753,0.35941,-0.56217,-0.52329,0.70499,0.19003,-0.5514,-0.099501,-0.31659,-0.31091,-0.18102,0.22955,0.31253,-0.7237,-0.54198,-0.090034,0.47733,0.032755,-0.52504,-0.48995,0.74818,-0.20234,0.18415,0.68781,-0.068136,-0.99438,0.10891,-0.30967,1.4043,-0.23582,-0.56765,0.82108,-0.27794,0.25087,0.99916,-0.18415,0.62771,-0.13185,0.46809,-0.49638,-0.10746,-0.34309,0.92547,-0.19316,0.44694,0.028827,-0.027924,-0.25467,-0.42717,-0.28876,0.3664,0.40122,-0.8698,-0.49363,-1.6019,0.77631,0.9808,0.35298,-0.78359,-0.35673,-0.55091,0.27107,0.69169,-0.42077,0.029862,-0.046423,-0.34432,-1.0237,0.307,1.0106
287,-0.023298435,0.31740534,0.5262236,-0.32362965,-0.042643335,0.2550009,-0.23544455,0.084103554,-0.06961201,-0.018605884,0.26856697,0.21726376,0.047787104,0.016951554,0.14887953,-0.37947223,-0.05620167,0.2856999,-0.09775389,0.5425411,0.20848721,0.1584099,-0.06352666,-0.28394267,0.043956663,0.08756135,-0.16116,-0.54956657,-0.011911558,-0.3919412,-0.0116529865,0.45382887,0.10970889,0.0407189,-0.04527333,0.25361454,-0.24077423,0.22157587,-0.07751167,-0.13168399,-0.24904174,-0.2612215,0.2328478,-0.5167011,-0.36793292,0.00058469176,0.04432066,-0.4642673,-0.013516335,-0.8209978,-0.037960224,-0.08882343,-0.024827553,0.93394494,-0.33651933,-2.2277544,0.21293534,-0.14489011,1.5810179,0.31886,0.12787555,0.8988266,-0.3546478,0.16092591,0.6634378,-0.102771,0.5984422,0.2916083,0.38974893,-0.30679446,0.10095489,-0.2987089,-0.08289833,-0.20158046,0.32376635,0.19547565,-0.22126892,-0.1364808,-0.9075115,0.12823656,0.59869796,0.15373455,-0.5209513,0.13344333,-1.3703828,0.023090776,0.037873354,-0.24409948,-0.32079,-0.4271604,-0.099986225,0.024719113,0.09172301,-0.121318236,-0.40347,-0.25052267,-0.06621852,-0.119500004,0.4963169,0.4492284
288,-0.06647593,0.26922315,0.38542017,-0.31271037,-0.19692557,0.06546061,0.024392946,0.26953223,-0.009946782,0.025995476,0.31752086,0.09896291,0.22662748,0.018637802,0.16396147,-0.30469364,0.17057177,0.21858129,-0.49566823,0.22226156,0.22835103,0.14124072,0.12291981,-0.065421574,0.22929694,0.09928645,-0.14503102,-0.41821066,0.10950092,-0.21075721,-0.036823478,0.6645843,0.08903803,0.14050294,0.049619976,0.3829716,-0.070551515,0.2526485,0.08138718,-0.20343316,-0.2701366,-0.28298533,0.23445606,-0.45018563,-0.11136033,0.034991995,0.09858576,-0.398841,0.06514325,-0.7859943,-0.043588363,0.082781725,0.1848267,1.0013392,-0.2857555,-2.331583,-0.03883118,0.011154922,1.617355,0.50598633,0.00039809942,0.70220155,-0.34893414,0.04680706,0.7120794,-0.06780262,0.4615271,0.4199372,0.10037561,-0.08343193,0.09827302,-0.2745243,-0.028866086,-0.4043018,0.26413465,0.15901496,-0.08878965,-0.009711857,-0.8449835,-0.011091688,0.53107226,-0.06019202,-0.4570902,0.015410559,-1.3574587,-0.24617031,0.134301,-0.29401976,-0.28285104,-0.30157506,-0.0868127,-0.115950845,0.0056987368,0.021964004,-0.5356452,0.0031473432,-0.10399884,-0.2360213,0.37634474,0.21368642
289,-0.0041376688,0.16811606,0.20889673,-0.1275348,0.06845586,-0.04600167,-0.09132442,0.097821444,0.23643605,0.105977505,0.19084628,0.09540889,0.21643434,0.038111433,0.11987722,-0.19980626,0.09565888,0.04610322,-0.26933664,0.21974516,-0.05268544,-0.0028719273,0.10971093,-0.009073282,0.10786131,0.032084942,-0.049032763,-0.21142118,-0.014098305,-0.13942768,0.113088764,0.5767827,-0.02995305,0.0014669017,0.150767,0.2766316,-0.07733884,0.029023234,0.005599117,-0.20300804,-0.14925943,-0.12120117,0.128066,-0.3669685,-0.012591052,-0.03394006,0.03387122,-0.332844,0.06864217,-0.45037284,0.18243933,0.065173835,0.093964934,0.8221217,-0.1912371,-1.7738882,-0.02597422,-0.12215389,1.5537372,0.39769706,-0.042674668,0.28927335,-0.23434612,0.10853936,0.67184514,-0.091667496,0.32348347,0.104961835,0.24234363,-0.14482266,-0.08741829,-0.19402406,-0.04331956,-0.19533914,0.20863575,0.22873116,-0.0075326134,0.018765995,-0.8130394,-0.10362251,0.59751964,-0.09709378,-0.40037602,0.023192227,-1.1876711,-0.1630804,-0.009299606,-0.2646632,-0.28028518,-0.33517095,-0.034197282,-0.025756422,-0.06668517,-0.05080141,-0.14938559,0.17863601,-0.05947199,-0.16815504,0.41927767,0.15150055
290,-0.051008303,0.16977797,0.34268317,-0.32558313,-0.15399933,0.16081528,-0.061648924,0.23712482,0.062167972,-0.023059873,0.17705499,0.12341386,0.34416518,0.08711327,0.096962996,-0.31006032,0.22145502,0.19607031,-0.5468008,0.2287068,0.2887542,0.03285546,0.21959272,0.047237054,0.14571664,-0.064219765,-0.17240596,-0.49768957,0.18217362,-0.2206132,0.017673846,0.5945224,-0.023536548,0.1427655,0.09717953,0.339239,-0.068561986,0.25729334,0.043745175,-0.22216855,-0.35093647,-0.17999391,0.15065935,-0.47138467,-0.12246522,0.018191082,0.22713713,-0.3779326,0.049211536,-0.8379467,0.008856001,-0.010094066,0.15035813,1.080473,-0.20002061,-2.4030392,-0.041228525,-0.13610639,1.5514064,0.6342863,-0.09985915,0.71867436,-0.34782633,0.083698764,0.80185246,-0.06395801,0.51023304,0.47664607,0.06768133,-0.14914243,-0.0019258521,-0.28714654,0.014824453,-0.49368942,0.16221063,0.12370021,-0.12591669,-0.06753808,-0.87362766,-0.0036669802,0.58996016,-0.0803458,-0.5563038,0.087967925,-1.4090223,-0.28676543,0.2040622,-0.16299039,-0.32914323,-0.26112467,-0.11872288,-0.21158457,-0.07701443,-0.05388572,-0.5045876,-0.031688485,-0.2100139,-0.25185964,0.3537776,0.22877014
291,-0.11973707,0.26338956,0.37868667,-0.3970246,-0.30089137,0.232125,-0.1983879,0.351613,-0.006961528,-0.12525629,0.25523755,0.123002596,0.20967,0.0638429,0.014735935,-0.38683954,0.004099558,0.3052864,-0.48003566,0.36188474,0.2783688,0.13154778,-0.015510599,-0.037613086,0.09373852,0.068356544,-0.23127905,-0.5569999,0.3089278,-0.28340828,-0.055585224,0.48756698,0.062194932,0.011507134,0.122171365,0.40938967,-0.1776363,0.28288165,0.116405435,-0.2927389,-0.20614676,-0.18154764,0.1701789,-0.45085594,-0.3295544,-0.031723373,0.120585665,-0.4677382,-0.038395345,-1.0182781,0.085600816,-0.06568549,0.11760366,0.9827023,-0.2666912,-2.2197874,0.10955762,-0.041862313,1.5630325,0.4894341,-0.084972516,0.83511937,-0.49680108,-0.04449133,0.7637905,0.031240065,0.59787834,0.46881783,-0.018513476,-0.31623742,0.057651907,-0.30756775,0.046360187,-0.49858752,0.12429438,0.24015523,-0.20068452,-0.06823873,-0.6568784,-0.0829366,0.5712621,-0.017980007,-0.47478738,-0.052098814,-1.4318998,-0.29167452,-0.030188004,-0.13971952,-0.35193023,-0.36123708,-0.16411015,-0.08932811,0.17752627,-0.15109798,-0.58987427,-0.13931473,-0.11090061,-0.2206359,0.39755565,0.2789472
292,-0.20283785,0.1432155,0.496898,-0.20881753,-0.018422436,0.19508016,-0.11245898,0.22236812,0.02547877,0.015131662,0.14077608,-0.021389535,0.19540516,0.03405709,0.14512184,-0.15431409,0.1490842,0.052380104,-0.15509991,0.18858306,0.056276668,-0.09825785,0.1450775,-0.00842635,0.1910149,0.06342546,-0.14003174,-0.35413203,-0.07810159,-0.17689523,-0.04447349,0.4716081,-0.010697497,0.014396116,0.09832789,0.25796402,-0.055516355,0.0919255,0.014581638,-0.21138792,-0.22014323,-0.13747543,0.2124198,-0.36937734,-0.079947844,-0.022296181,0.1274644,-0.2614275,-0.052661113,-0.6411746,0.20703456,-0.029536402,0.048796304,0.94085455,-0.24462843,-2.2092986,-1.584664e-05,-0.16708526,1.5318397,0.39752847,-0.106014475,0.63320017,-0.15137023,0.09215613,0.7675516,-0.05054131,0.41408783,0.19585964,0.16117695,-0.17233393,-0.1068465,-0.14254694,-0.007486629,-0.26441202,0.23788281,0.16521196,-0.13600774,-0.021670802,-0.7974336,-0.053043492,0.5499167,-0.023051333,-0.479285,0.014213098,-1.2447735,-0.19685404,0.09893415,-0.15197942,-0.14822948,-0.32339168,-0.07299637,-0.0027182864,-0.104630604,0.032085862,-0.4142031,-0.060032673,-0.12202446,-0.32122427,0.5771457,0.21062037
293,-0.13046438,0.16956048,0.34603587,-0.388308,-0.16176124,0.18815273,-0.15879418,0.19006942,0.078527965,-0.027260236,0.19881037,0.06652049,0.17864263,0.018325415,0.044762403,-0.27887458,0.19621374,0.17116429,-0.5178355,0.2740992,0.1376978,0.055302184,0.059139013,-0.057414412,0.15356001,0.060403083,-0.18942013,-0.54043365,0.2185929,-0.19850197,-0.05418195,0.68695664,-0.046839215,0.071722165,0.06298263,0.40019616,-0.111828625,0.14030315,0.1542464,-0.25656527,-0.28293458,-0.24615276,0.004614098,-0.44670558,-0.24709712,0.022028286,0.05610385,-0.3945018,0.023616912,-0.883685,0.02368919,0.09097181,0.18682812,0.9526405,-0.14471778,-2.222969,0.0110241175,-0.12564512,1.6694015,0.43071464,-0.03785086,0.6792464,-0.3642848,0.019996924,0.683584,-0.04356229,0.52654356,0.46981558,0.1038358,-0.2309954,-0.05765249,-0.3153077,-0.031915106,-0.5334986,0.19667266,0.16011535,-0.08477317,-0.030631322,-0.7396727,-0.0025175146,0.60634476,-0.0492959,-0.4945305,0.07168963,-1.3818717,-0.27803794,0.09570751,-0.00963029,-0.29243684,-0.3001227,-0.0779326,-0.07259089,0.035473872,-0.1304278,-0.48892766,-0.045917366,-0.025633182,-0.20846024,0.46547222,0.2570679
294,-0.14012042,0.2868555,0.47022945,-0.36219326,-0.15654024,0.23279722,-0.12551603,0.20340152,0.08963629,-0.11186627,0.25112134,0.07129661,0.28528324,-0.004865487,0.11562316,-0.26248044,0.13858204,0.20789501,-0.36626634,0.2916399,0.17873183,0.028314758,0.078344725,-0.07312702,0.1291528,0.034907926,-0.27002734,-0.49833226,0.061444215,-0.3118524,-0.056275852,0.6552996,0.0076850406,-0.046038944,0.15297396,0.3080871,-0.08888503,0.20197232,0.08644609,-0.28683913,-0.26462775,-0.12173885,0.07783207,-0.41659564,-0.20242068,0.022266733,0.19729905,-0.399923,-0.11122539,-0.76711035,0.07785417,0.01502189,0.07328587,0.98929155,-0.25799838,-2.2541099,0.025269877,-0.094646916,1.5848624,0.39306137,-0.16483179,0.6942321,-0.3004129,-0.0075229146,0.7778594,0.042013347,0.5811845,0.31442547,-0.016878378,-0.32018286,-0.018814636,-0.30380654,0.043114226,-0.37886897,0.16186155,0.054447882,-0.16328596,-0.101283886,-0.7081922,-0.011374373,0.5485858,-0.105918564,-0.52042663,0.0803887,-1.4067972,-0.18232925,0.13908795,-0.12436098,-0.22994533,-0.311517,-0.13945279,-0.075481616,-0.0357959,-0.1434514,-0.43427753,-0.06220014,-0.09936709,-0.2662504,0.4556295,0.26827997
295,-0.14395054,0.22869658,0.45206198,-0.4337137,-0.08896783,0.026343271,-0.16684926,0.14265947,0.049509,-0.024344454,0.25039148,-0.11360691,0.19658506,-0.12747897,0.10690803,-0.11985735,0.22283451,0.2744241,-0.25660005,0.33895436,0.18064427,-0.059103545,0.094620325,-0.15770857,0.20429377,0.06884264,-0.049060863,-0.49996492,0.04196145,-0.23706047,-0.04671867,0.5110033,0.005138544,0.07502354,0.14115395,0.2858354,-0.16831797,0.1975972,0.073735416,-0.27790844,-0.24235995,-0.13048984,-0.006551089,-0.3691245,-0.32403862,-0.020726841,0.15615016,-0.35563174,-0.15798073,-0.87165743,0.12646547,-0.011639617,0.11236931,0.8510019,-0.20338172,-2.2470899,-0.007365024,-0.013655487,1.6679307,0.46232292,-0.11320486,0.7439797,-0.40809095,0.17745137,0.8242094,0.03345737,0.55958956,0.27985922,-0.0136307925,-0.20191522,0.031152532,-0.2552462,-0.12431755,-0.31510285,0.21197937,0.124866255,-0.1161971,-0.070852295,-0.65242445,-0.08593308,0.35801592,-0.093736164,-0.5296982,0.00078337145,-1.3589498,-0.2098531,0.07490673,-0.041173726,-0.16547404,-0.37738714,-0.061594423,0.072548024,0.09891728,-0.06769104,-0.38723946,-0.07039125,-0.10174653,-0.2813814,0.69658524,0.3594645
296,-0.026636334,0.22587818,0.50989,-0.20580782,0.16287301,0.28941885,-0.18870668,0.20175831,-0.13406649,-0.114265345,0.13444166,-0.13222216,0.16473867,-0.07090633,0.11007949,-0.096921675,0.3280135,0.19619001,-0.46299505,0.48312664,0.44064665,0.1397675,0.087518334,-0.08651552,0.27282166,-0.08771834,0.061649,-0.5427633,0.061461672,-0.18813665,-0.3879908,0.4825575,0.26091206,0.013882016,0.22429383,0.41596887,-0.23558502,0.44131663,0.002211665,-0.36481568,-0.120036155,-0.03444666,0.16371994,-0.30665,0.13329333,0.016701663,0.086028315,-0.31345633,0.07683,-0.68546885,-0.014228498,-0.09401367,0.2435595,0.994185,-0.24577834,-2.6404335,-0.14522567,0.16647,1.4469033,0.34139147,-0.366125,0.8905017,-0.14892101,0.029613167,0.5902067,0.074006826,0.45733085,0.18107684,0.09882683,-0.22521901,-0.108479165,-0.19424833,-0.04137366,-0.20968033,0.089899994,0.34358832,-0.17658518,-0.13978234,-0.70101714,-0.12827267,0.32548833,0.21244335,-0.28029665,0.13049,-1.2289617,-0.20409383,-0.2646297,-0.24234866,-0.17456333,-0.278326,-0.031915832,0.019501833,0.10680732,0.121829666,-0.7276983,-0.017925838,-0.23414333,-0.37260666,0.5976413,0.59120494
297,-0.028306661,0.24848597,0.3498491,-0.29524112,-0.2696974,0.15252705,-0.13080704,0.25645924,0.10769631,-0.05798602,0.25852072,0.15717633,0.22750503,0.011333807,0.08064206,-0.3900047,0.06357794,0.27319294,-0.46036842,0.38708842,0.21527594,0.0896156,0.039254095,-0.085776165,0.11577116,0.11260983,-0.15513155,-0.46552926,0.19199818,-0.32416436,0.0003479502,0.6343733,0.018285422,0.07675628,0.10604149,0.38500646,-0.059717704,0.24441281,0.011802335,-0.35019553,-0.24485038,-0.19825955,0.07861246,-0.50776726,-0.2686919,-0.041547243,0.1378594,-0.35096258,-0.038006928,-0.87966585,0.027231367,0.017725993,0.13330582,0.9604048,-0.28111863,-2.1261187,0.017658751,-0.071797945,1.5971243,0.40982786,-0.11219784,0.61023766,-0.4049559,0.04821339,0.7233325,-0.04232429,0.545574,0.4821986,0.04252766,-0.28509417,0.0062241554,-0.3262176,-0.015964238,-0.5052602,0.13159685,0.15624021,-0.10270245,-0.0077415584,-0.81196815,-0.102784686,0.60536015,-0.15852632,-0.43459865,0.05423244,-1.4246105,-0.21265282,0.083004676,-0.16374473,-0.31695205,-0.33686528,-0.12208864,-0.13119492,0.017541824,-0.1110068,-0.50920683,-0.051566828,-0.10217341,-0.22128883,0.38673082,0.24487591
298,0.21295,0.03707,1.0124,-0.67493,-0.88175,0.18373,0.0004378,0.60014,0.4172,-0.19167,0.7171,0.36191,0.11145,0.14043,-0.22185,-0.27983,-0.50095,0.30039,-0.32264,0.22795,0.33832,0.93526,-0.62456,-0.30561,-0.53559,0.75834,-0.38558,-0.55745,0.09416,-0.20772,-0.55032,0.78057,0.50519,0.0070371,0.39801,0.14073,0.073522,0.012188,0.41071,-0.77171,0.22932,0.36581,-0.51284,-0.78185,-0.7812,-0.34036,-0.019167,0.031401,-0.24249,-1.2048,-0.39647,-0.12308,0.20971,-0.049102,-0.55112,-1.1077,0.25262,0.45174,0.92798,0.011731,-0.078905,0.73941,-0.81196,-0.26955,0.2769,0.27116,0.98054,0.76292,-0.88089,0.057249,0.35555,0.051699,0.1286,-0.35501,0.38306,0.57801,-0.19022,0.10603,0.1416,-0.50563,0.13599,-0.7722,-0.080773,-0.10218,-1.1811,0.0093019,0.11515,-0.10057,-0.22685,0.017916,0.18127,-0.040203,-0.031254,-0.011978,-0.093409,0.025642,0.027521,-0.26216,-0.069477,-0.070536
299,-0.1350956,-0.030195003,0.451116,-0.32108468,-0.262992,0.104949996,0.2042352,0.092360795,0.479048,-0.08267001,0.69754595,0.117086194,0.299044,-0.3497178,0.10966201,-0.123759195,0.111391805,0.16462159,-0.4588996,0.561784,-0.047157593,-0.04025001,0.20822999,0.22408637,0.24386308,0.38725582,-0.176519,-0.115816,0.11662598,-0.24822399,-0.11698439,0.58231604,-0.08583679,0.27943653,0.13989201,0.100902796,-0.294142,0.147444,0.57681525,-0.134928,-0.47725782,-0.107580006,0.1517524,-0.38830602,-0.2758906,0.28212002,-0.012792015,-0.20909202,0.28577,-0.60404193,0.13304701,0.23057215,0.19257201,0.9247681,-0.15455998,-1.9036859,-0.35122195,0.23586722,1.667094,0.510116,-0.315518,0.9051854,0.034853995,0.21310966,0.602857,0.11059719,0.088293195,0.0887526,0.051831998,0.054065995,0.0015020042,-0.170962,0.27871937,-0.384912,0.0935382,0.30072802,0.10067959,-0.068532005,-0.89068604,-0.2989966,0.378822,-0.118218005,-0.3151,-0.016571203,-1.0009574,-0.25794536,0.22390418,-0.3272332,-0.619048,-0.12752,0.2824884,0.22950402,0.050435983,0.29648402,-0.2307982,0.23668346,-0.078552365,-0.08803201,0.2782906,-0.043844007
300,-0.1455705,0.062365,0.601055,-0.23358925,-0.08882749,0.725665,-0.5111825,0.188275,0.32847998,-0.36199,0.3826175,-0.12944621,-0.057446748,0.0123787485,-0.060728252,-0.26557648,-0.4910425,0.054742746,-0.5970925,0.29664,0.2368625,0.14559749,-0.248105,-0.306805,0.15798101,0.500315,-0.43963498,-0.3632425,0.869515,-0.034240745,0.0065560043,0.4025375,0.21813,0.21679275,-0.18395752,0.1375825,-0.22279575,-0.4217775,0.38449502,-0.167559,-0.36359248,0.1474985,-0.19976474,-0.82797503,-0.156053,0.08264225,-0.2934225,-0.39866227,-0.16205499,-1.0187825,0.34438747,0.55535,-0.09679,0.7313975,-0.31960303,-1.8656325,0.164017,0.22128299,1.637,-0.07484978,0.035485,0.6569,-0.29536,-0.119353555,0.47869247,0.26427898,0.52802,0.66313,-0.026345007,-0.0723375,-0.2254525,-0.25816026,-0.2069025,-0.77081,0.38833076,0.65011,0.2191585,0.25012997,-0.52999747,-0.2326335,0.53705746,-0.27902502,-0.5856266,-0.23960498,-1.114585,-0.09653675,0.1588715,0.0120825,-0.28330427,-0.118483,-0.26209,-0.011097506,0.3328425,-0.4221275,-0.3867175,-0.378295,0.07395725,0.06043099,-0.042577736,0.3019275
301,-0.2203694,0.1696405,0.46018037,-0.20787548,0.029141104,0.09675636,-0.09571741,0.11433458,0.0712288,0.029614687,0.21664895,-0.075457856,0.20831071,-0.07424323,0.15015988,-0.12110107,0.13266662,0.12649888,-0.24477704,0.09522046,0.098678775,-0.032934837,0.22917233,0.046786744,0.19132729,-0.027157545,0.13876767,-0.31085044,-0.13763723,-0.004371262,-0.037680432,0.48278353,-0.01022762,0.098845825,0.2292088,0.2743087,-0.10270529,0.24075396,0.072675504,-0.2041643,-0.17755745,-0.18109465,0.13547719,-0.2974142,-0.14980201,-0.025362544,0.23030694,-0.32364237,0.020636646,-0.589827,0.18200609,-0.00012321414,0.17787854,0.9042148,-0.2634444,-2.1625686,-0.043456074,-0.12479064,1.5434319,0.38722092,-0.21440722,0.67933553,-0.23497884,0.02595893,0.76301175,0.034615614,0.33310536,0.12107267,0.19979002,-0.11087285,0.004699494,-0.19032164,0.02978568,-0.3334796,0.2136184,0.14319067,-0.018227976,0.012548628,-0.7503859,-0.21255903,0.4281258,-0.14505588,-0.39744878,0.16341862,-1.1994363,-0.1451914,0.0014192106,-0.30336267,-0.25133243,-0.25995338,-0.0129817305,0.12032852,-0.10676696,0.01645587,-0.29354453,0.022564353,-0.17156287,-0.3831726,0.6479259,0.25467756
302,-0.011585352,0.11931412,0.3117035,-0.29649323,-0.083488,0.25072467,-0.23548949,0.1685736,-0.026506806,-0.04585459,0.15196124,0.02627505,0.2016925,-0.036607694,0.10865788,-0.36192718,0.2223262,0.1437707,-0.33658096,0.299839,0.23391533,0.023145447,0.12202497,0.021190753,0.25562018,-0.020633552,-0.24527462,-0.49030703,0.23623915,-0.17329165,-0.014841499,0.5121389,0.04029455,0.047448352,-0.0818768,0.38510865,-0.2508863,0.12773778,0.06747605,-0.1902754,-0.2720324,-0.21796198,0.168273,-0.42248526,-0.13205227,0.06878675,-0.0008719355,-0.36517423,0.00073492527,-0.82040703,0.13918105,0.0538192,0.010204145,1.2065743,-0.13414615,-2.4701827,0.014467003,-0.22193745,1.9159849,0.3974001,-0.056431603,0.6879539,-0.22305563,0.1364358,0.62304765,0.03112555,0.4348789,0.3740387,0.10744033,-0.17226514,-0.061270732,-0.30726406,-0.032025147,-0.6438633,0.20301895,0.2689038,-0.20303293,-0.0626011,-0.7742137,-0.09494505,0.6342291,0.04070119,-0.44278732,0.079903506,-1.4138485,-0.32819182,0.1475146,-0.08886634,-0.3393367,-0.30252078,-0.092055604,0.025304597,0.0708319,-0.1562173,-0.51088053,-0.11422994,-0.060999036,-0.03984155,0.47027373,0.3218235
303,-0.2816,0.18427,-0.06755,0.27694,-0.066775,-0.41389,0.30757,-0.11097,-0.84585,-0.17047,0.0062422,-0.65395,0.28771,-0.12409,-0.26717,0.026893,0.17115,-0.46256,0.19549,1.1399,-0.46206,0.39222,-0.18622,-0.53259,0.073297,0.0045262,-0.45476,0.16952,-0.41111,-0.31766,-0.73616,0.56228,-0.26528,-0.088054,0.93175,0.46633,-0.36245,0.46954,-0.18022,-0.07036,0.55793,0.13965,0.38983,-0.04636,0.55198,0.020288,0.34741,-0.61839,0.051404,-0.83699,0.05628,-0.24738,-0.19872,0.75093,0.068948,-1.7575,0.70621,0.079792,1.1462,-0.63423,-0.68378,0.51682,-0.68141,0.29451,0.25864,-0.25839,0.36467,0.026786,0.35151,-0.13273,0.18513,0.52367,1.0416,-0.12293,0.77957,0.41305,-0.28948,0.19722,0.41088,-0.35153,0.48837,0.58854,-0.37273,-0.45631,-0.98976,-0.070993,0.48845,-0.082542,-0.49009,-0.29484,0.031072,-0.38779,0.15321,-0.0078053,-0.43276,0.37334,-0.76888,-0.82518,0.28753,0.76069
304,-0.21671513,0.29005834,0.35448503,-0.0025105695,0.03773552,-0.00601165,-0.04398312,0.13085054,0.17563005,0.036070447,0.06559211,-0.13552439,0.33796048,-0.24646203,0.20384452,0.08454925,0.35636893,0.29864955,-0.027450701,0.062282633,0.24109669,-0.24585943,0.16557741,0.035819467,0.16966361,-0.09485593,0.048258297,-0.27213892,-0.09160445,-0.10791959,-0.041198064,0.46851197,-0.16135456,-0.08954435,0.23927206,0.38529125,0.05591317,0.05059151,-0.2317402,-0.2836127,-0.038006764,-0.18084577,0.16932459,-0.2689646,-0.15191261,-0.0813036,0.029895881,-0.21136488,-0.19136357,-0.5155853,0.19027266,0.1583874,0.09348401,0.71178234,-0.117308065,-1.794571,-0.08102342,-0.2928288,1.5083765,0.15859021,-0.1066383,0.26425043,-0.2485567,0.14766032,0.6849653,0.058849588,0.22136058,0.26779342,0.13262841,-0.40267968,-0.005683823,-0.1944967,0.10169153,-0.22424828,0.07126835,-0.026387176,-0.1186193,-0.09309158,-0.68262,-0.20911825,0.4079894,-0.18445987,-0.51426125,0.034331113,-1.0854648,-0.23804165,0.018926594,-0.1133658,-0.089220524,-0.24833298,-0.16310382,0.08293778,-0.0054411823,-0.15937303,-0.19811942,0.040742353,-0.09509252,-0.35840437,0.5791771,0.22263952
305,-0.2442542,0.33598176,0.27744126,-0.25804168,-0.12813948,0.23530869,-0.21249002,0.25039044,0.08208653,-0.13153951,0.054222826,0.085955665,0.24525303,0.07645107,0.16632262,-0.28626922,0.33525681,0.30779177,-0.41431394,0.18753357,0.2691529,-0.053348556,0.16398683,-0.07869048,0.15415363,-0.06839491,-0.04432804,-0.42857304,0.22502124,-0.24843974,0.049386915,0.5511584,-0.26032805,0.086095855,0.22824971,0.35364747,-0.16530754,0.20747809,0.020336868,-0.38546935,-0.2917438,-0.25956702,-0.08599765,-0.46309215,-0.21592799,-0.054403782,0.19493528,-0.33307204,-0.23641555,-0.7706087,0.15266362,0.16431953,0.19710727,1.0800139,-0.20889431,-2.0722623,0.011932519,-0.20999004,1.6632327,0.34726444,-0.20348316,0.75341266,-0.2828123,0.25625733,0.8071404,0.01426374,0.45555234,0.38792408,-0.027628178,-0.4219728,-0.06133996,-0.3940642,0.09898284,-0.30811983,0.12652369,0.0017823473,-0.2219564,0.048567563,-0.7482948,-0.010612737,0.6044264,-0.13852057,-0.5882857,-0.041326538,-1.4024147,-0.14550123,0.25110644,-0.07358851,-0.12911774,-0.30954695,-0.2677772,-0.034343544,-0.043360304,-0.15314774,-0.51305425,-0.25164878,-0.1667508,-0.41055563,0.5122098,0.13999273
306,-0.006604504,0.23822887,0.54476,-0.40158,-0.41857496,0.17760864,-0.10471676,0.35979003,-0.024386875,-0.05215963,0.40419474,0.18564238,0.06589975,0.09715225,0.0015551187,-0.23497286,-0.015143622,0.35456625,-0.60699624,0.43832234,0.16189477,0.0629735,-0.12712912,-0.20940575,0.21067725,0.15336125,-0.3264504,-0.62479,0.26731664,-0.32644188,0.054183375,0.7034875,0.16711587,0.12673937,-0.14496462,0.5104737,-0.16902326,0.32611376,-0.06568,-0.34068716,-0.22967961,-0.327097,0.121258005,-0.481135,-0.3960295,-0.026958868,0.01119338,-0.3865179,-0.11507654,-1.062345,0.034134336,0.07901,0.022466501,0.97703,-0.24406247,-2.532425,0.07088137,0.022544868,1.6466751,0.50704336,-0.012166001,0.954085,-0.50272775,-0.021160237,0.5253266,-0.029287774,0.55450875,0.53528124,-0.094144985,-0.20446575,-0.040501,-0.19257,-0.008129117,-0.5861125,0.18007948,0.45537025,-0.22101513,-0.154928,-0.7223425,-0.118007496,0.56764627,-0.15718812,-0.41163126,-0.15121037,-1.5764873,-0.12189378,0.18801253,0.024522502,-0.365463,-0.256406,-0.15464526,-0.17186952,0.16370635,-0.06545069,-0.62785757,-0.13540688,-0.17441049,-0.110828504,0.48456112,0.4608575
307,0.03803394,0.19722362,0.46778655,-0.4009842,-0.25766316,0.19980736,-0.18552953,0.19709091,0.15765005,-0.07558679,0.3201043,0.26870653,0.17237498,0.074004576,0.04987383,-0.32462448,0.14203887,0.26509663,-0.34393513,0.3274136,0.17130709,0.23185138,0.06815382,-0.13738626,0.020836601,0.08732206,-0.23946285,-0.54227084,0.14580129,-0.18840647,0.09791216,0.5488224,0.10514044,0.089681245,-0.0023241218,0.2403965,-0.23121369,0.24201669,0.07613992,-0.12408629,-0.26929235,-0.17999609,0.16698879,-0.48409903,-0.2923902,-0.13237663,0.06611,-0.34884277,0.031824093,-0.9175501,0.015095506,0.05986129,0.12895884,0.9603458,-0.27216834,-2.1484153,0.1372384,0.014042403,1.4400939,0.47081113,0.07417237,0.90050143,-0.48362157,0.03902277,0.73266166,0.024928048,0.6864359,0.34940207,0.07759366,-0.15094821,0.038673446,-0.18438469,0.09993451,-0.43740842,0.07035879,0.2387982,-0.185735,-0.0977437,-0.777162,0.08664758,0.5237604,0.094535954,-0.52513665,-0.07177932,-1.3747412,-0.27095893,-0.012993614,-0.05604135,-0.4285972,-0.20940846,-0.17748274,-0.16593392,0.18046944,-0.014075558,-0.41193566,-0.07066416,-0.14241,-0.18858998,0.37694216,0.412315
308,0.29236293,-0.40010864,0.0018113635,0.2574182,0.0053375927,0.04214945,0.6315967,0.47788382,0.83176136,0.009087639,0.20653127,0.21549363,-0.16458419,0.21082197,0.37211734,-0.4913821,0.3377634,0.029032366,-0.09535186,0.31574345,0.48445746,0.08402835,-0.40404603,0.058718476,0.106721684,-0.07444336,-0.19477819,-0.63208556,0.3429064,-0.3486997,-0.32588065,-0.45122194,-0.03375941,0.37561038,0.19945382,0.37832677,0.48044136,-0.19744752,0.10142154,0.12877777,0.27183664,-0.16789776,-0.24868871,-0.60646725,0.5087368,-0.17860754,-0.54730284,-0.39509752,-0.671086,0.010682716,-0.38810605,0.7754128,-0.19799052,-0.21805905,-0.31082872,-1.3222146,0.2733512,0.2890925,0.24861884,0.39021558,-0.51232266,-0.2175909,-0.6878673,-0.6604707,0.031951535,-0.0029272302,0.07068031,-0.37948048,-0.01067758,0.6505968,0.34262106,0.7500914,-0.13378191,-0.5738391,0.1500391,-0.26239866,-0.024963725,-0.032534633,-0.367585,-0.045906052,0.35820553,-0.6559059,-0.03865209,-0.29041097,-0.40275395,0.017360048,-0.43596965,-0.30362016,0.42660284,-0.35093105,0.029764837,-0.24767685,0.28288186,0.43707907,-0.16399072,0.32011926,-0.7993252,-0.5657759,0.10105381,-0.16496032
309,-0.14912945,0.10390333,0.105499946,-0.2723041,0.11045857,0.039991774,-0.21009856,0.22638112,-0.11994079,-0.076952666,0.17377323,0.15693001,0.09508333,0.07589312,0.15225223,-0.08512022,0.34933034,-0.03865221,-0.18281952,-0.19446479,0.21603376,0.072238006,-0.062381107,-0.14068088,0.4370914,-0.29824865,0.026426788,-0.47537667,-0.104198344,-0.104130894,0.046191785,0.36807987,-0.10080433,0.055060223,-0.00835877,0.42661625,-0.08625456,0.08405611,0.059595414,-0.32408845,-0.09831833,-0.22213323,0.18421668,-0.123090915,-0.11880318,0.01205555,0.14176188,-0.5216351,-0.21578252,-0.6016622,0.26215422,0.12632078,0.14582524,0.8764733,-0.3533201,-2.306489,-0.042460885,-0.32539743,1.8008088,0.4637956,-0.11893,0.555082,-0.13237134,0.22535689,0.7595689,-0.047609337,0.12358999,0.26251256,0.046868224,-0.21107224,-0.08648511,-0.19093135,0.009955781,-0.16027887,0.24537577,0.14953235,-0.17395179,-0.076032214,-0.9729611,-0.13830799,0.30417213,-0.030292997,-0.27299333,-0.064851105,-1.1300645,-0.36978233,0.042441778,-0.27202922,0.020673778,-0.19206445,-0.14305788,0.10512277,-0.010792885,0.06305431,-0.5839522,-0.12035319,-0.23946309,-0.35889173,0.62751466,0.22964066
310,-0.08217243,0.13414231,0.52718186,-0.2214075,0.14478391,0.119835876,0.06909311,0.231447,-0.15156169,0.097730495,0.12007199,0.008042606,0.16038576,0.066738464,-0.041399624,-0.25120032,0.21630383,0.03413087,-0.39819217,0.15466687,0.15713944,-0.023556503,0.17097482,0.024629753,0.15911311,-0.14187957,0.08137443,-0.39967155,0.22717625,-0.16247085,-0.029171307,0.40306437,-0.036928896,0.12969841,0.08511394,0.18057393,-0.17666294,0.66739756,-0.28042728,-0.16342644,-0.4126368,-0.058683474,0.21059643,-0.39193523,0.019455258,-0.04265831,0.2714261,-0.5208475,-0.09963356,-0.5914068,-0.08362575,-0.013085565,0.26948774,0.901523,-0.35404727,-2.305435,0.0015744735,-0.19114713,1.4780064,0.48347965,-0.21157685,0.6933968,-0.35597625,0.060457308,0.7740901,0.011720686,0.417905,0.37200448,0.063814685,0.039457377,-0.039841056,-0.085851565,-0.098533325,-0.3230485,0.1805877,0.28496626,-0.23165129,-0.05238737,-1.0257401,0.040959504,0.53674877,0.0064954977,-0.5197288,-0.038918704,-1.2834568,-0.13388856,-0.16678536,-0.20319843,-0.043210693,-0.27174926,0.029781435,-0.13661818,-0.012843249,0.22952427,-0.54474306,0.12225537,-0.25100675,-0.12584788,0.54053664,0.21701862
311,-0.055643033,0.14478391,0.28526646,-0.26457173,-0.1336279,0.12759477,-0.097801864,0.25784525,0.15758845,-0.076272175,0.16224815,0.14740549,0.33709908,-0.087765396,0.033870455,-0.30309913,0.14071468,0.2008376,-0.54665726,0.055742577,0.23698401,0.09195194,0.3350189,0.046952367,0.11476305,-0.07755745,-0.16649236,-0.47877803,0.084756315,-0.20207563,0.05399691,0.5234337,-0.07595272,0.11059028,0.14840421,0.2769936,-0.0895668,0.21843678,-0.04329612,-0.18976456,-0.5023408,-0.17920437,0.12845379,-0.34496754,-0.17159799,-0.032787416,0.22991735,-0.29306334,0.07733272,-0.71387976,0.07828712,-0.0201887,0.19294803,1.0697454,-0.3002143,-2.084418,-0.1406281,-0.13145252,1.3814797,0.52181315,-0.18609725,0.7374383,-0.27874443,0.15480188,0.69807386,-0.029238332,0.4513149,0.3378148,0.08790139,-0.32544374,0.03568864,-0.3694447,0.02124112,-0.41071302,0.015582673,0.031390395,-0.21814957,0.05721242,-0.8121052,-0.04944684,0.5866482,-0.116968736,-0.5694736,0.06773467,-1.4406298,-0.09428406,0.25624147,-0.079845294,-0.41434965,-0.36174935,-0.13829727,-0.1248234,-0.25496686,0.043863285,-0.50633013,-0.036187973,-0.12388683,-0.1791436,0.39872193,0.19785166
312,0.0,0.0,0.0,0.0,0.0,0.0,0.0,0.0,0.0,0.0,0.0,0.0,0.0,0.0,0.0,0.0,0.0,0.0,0.0,0.0,0.0,0.0,0.0,0.0,0.0,0.0,0.0,0.0,0.0,0.0,0.0,0.0,0.0,0.0,0.0,0.0,0.0,0.0,0.0,0.0,0.0,0.0,0.0,0.0,0.0,0.0,0.0,0.0,0.0,0.0,0.0,0.0,0.0,0.0,0.0,0.0,0.0,0.0,0.0,0.0,0.0,0.0,0.0,0.0,0.0,0.0,0.0,0.0,0.0,0.0,0.0,0.0,0.0,0.0,0.0,0.0,0.0,0.0,0.0,0.0,0.0,0.0,0.0,0.0,0.0,0.0,0.0,0.0,0.0,0.0,0.0,0.0,0.0,0.0,0.0,0.0,0.0,0.0,0.0,0.0
313,-0.07827126,0.16252717,0.36777318,-0.2780421,-0.083146505,0.058651324,-0.19509377,0.20128432,0.030444054,0.0067297653,0.17639185,0.02169659,0.32665145,-0.002976139,0.10344594,-0.17835711,0.27797198,0.16293791,-0.32177332,0.33367494,0.034207407,-0.02209856,0.124646276,-0.0012737039,0.10570895,-0.02486495,-0.10028687,-0.2670748,0.06185144,-0.1190222,0.022749912,0.48268774,-0.02700296,0.07291709,0.13811137,0.273088,-0.18506013,0.105972864,0.17439078,-0.23650661,-0.17802851,-0.13064823,0.079904184,-0.3386091,-0.026402181,0.14895877,0.20151381,-0.256845,-0.023738677,-0.64281774,0.14868113,-0.12283737,0.1763789,0.89888364,-0.09676046,-1.9225575,-0.035318483,-0.18973309,1.5243955,0.2775407,-0.10154817,0.45662373,-0.2962948,0.0047887727,0.6701632,-0.008220082,0.3520805,0.1543182,0.14511159,-0.22081591,0.12540615,-0.33172444,-0.055771355,-0.32687607,0.29561785,0.1384427,-0.10236614,-0.10255087,-0.73961186,-0.025038546,0.5297459,0.110402316,-0.46996135,0.15421836,-1.3001161,-0.19497126,0.11197209,-0.17145707,-0.1728275,-0.29700616,0.0020380751,0.088577434,0.01034068,-0.065859534,-0.29565147,-0.069102556,-0.049149092,-0.2305709,0.34948063,0.25382292
314,-0.12475234,0.121340014,0.65575004,-0.17083335,0.21232033,-0.097184666,0.14887534,-0.443663,0.2044987,-0.087012686,0.41316566,-0.28777668,0.11487334,-0.44279802,-0.27232334,0.058778662,0.28953266,0.4224,-0.47425997,0.47848335,0.12656,0.012850006,-0.10556799,0.08429667,0.33058932,0.28875569,0.17269333,-0.02342233,0.29479998,-0.04888,0.06556033,0.6063966,0.10759866,0.39936665,0.5550867,0.04001433,-0.8103301,0.19752668,-0.16992666,-0.31748533,-0.23834966,0.5804733,0.27560666,-0.076996334,0.23495333,-0.0026685297,0.56094,-0.45355335,0.09021667,-0.41647336,0.022890002,-0.04458667,0.3886464,0.5316834,0.002976666,-1.5972433,-0.3580967,0.1389822,0.9886567,0.18827999,-0.25742134,0.62682897,-0.46535668,0.15855001,0.81322336,0.054943666,0.15126532,-0.14538667,0.44725966,-0.31564,0.6031533,0.20759332,-0.027343323,0.17992334,0.16652001,0.30861002,-0.10581667,-0.39859533,-0.56614333,-0.069819994,0.2991967,-0.29838982,0.024183324,0.019580334,-1.0235057,-0.20474334,0.007859,-0.5787733,-0.059860993,-0.12173167,0.14063835,0.5191024,-0.040031,-0.23361999,-0.29540667,0.07114666,-0.21331,-0.2878767,0.78622,0.20499532
315,-0.09517666,0.15436901,0.36278304,-0.30416766,-0.073926926,-0.012860089,-0.14352815,0.19992457,0.03130131,-0.030886473,0.23778398,0.138673,0.20122153,0.014268624,0.09876777,-0.23191956,0.07939593,0.16067703,-0.3398058,0.11083736,0.3099346,0.10838876,0.16165762,-0.14445335,0.15464655,-0.011479849,-0.14236842,-0.38192415,0.00018776926,-0.23004071,-0.085398726,0.42201954,0.027294287,-0.011894496,0.06871877,0.27972883,-0.039815247,0.2453151,0.0012541031,-0.26805595,-0.27238858,-0.20424698,0.16712824,-0.37959728,-0.04054963,0.039975077,0.13772193,-0.32294747,-0.04853634,-0.67708504,0.12027879,0.066544,0.059276056,0.8528501,-0.371362,-1.9771883,-0.057548422,-0.050657324,1.4617004,0.46779177,-0.16696264,0.636149,-0.35088518,0.11954841,0.6130874,0.0008681186,0.44017404,0.32485136,-0.0151321795,-0.25955307,-0.06570225,-0.2960409,-0.0028953385,-0.32762858,0.08202622,0.09206932,-0.16670756,-0.020233374,-0.794744,0.03805461,0.5038527,-0.10135655,-0.5020698,0.09572875,-1.1304817,-0.25324044,0.06917706,-0.17221469,-0.2127806,-0.3288199,-0.17091554,-0.06310993,-0.021151925,-0.06303459,-0.50429565,-0.064407766,-0.10264565,-0.20446354,0.4436229,0.20964685
316,-0.09124544,0.24157876,0.585985,-0.31534654,0.06328276,0.13810873,-0.16046426,0.38443875,-0.12049887,0.08092487,0.04463374,0.029157497,0.2738734,0.15131477,-0.2711424,-0.19821799,0.22574963,0.069062635,-0.32605362,0.23511662,0.21770997,0.24506937,0.5468175,0.14830887,0.28119177,0.052720368,-0.020651387,-0.633885,-0.002464991,-0.142202,-0.022723373,0.38068622,0.20659274,0.15888898,0.117805,0.2526091,-0.022739995,0.5297,-0.11071751,-0.18293098,-0.46347627,-0.08249088,0.29376,-0.37924466,0.083366625,0.102735,0.35817248,-0.40201634,-0.15104486,-0.9174613,-0.15076923,0.06295125,0.21966963,1.0531975,-0.28720388,-2.4204037,-0.09234363,-0.060608484,1.7157037,0.41817302,-0.13931625,0.72986996,-0.299295,-0.13983348,0.88710505,0.27623886,0.29625463,0.27589583,0.29812723,-0.13437526,0.090994135,-0.2543875,-0.20865007,-0.20790134,0.4360975,0.115054905,-0.17310911,-0.12648012,-0.80527747,-0.09060374,0.39407998,0.0318031,-0.50518703,0.024063878,-1.0393175,-0.155843,-0.2710364,-0.31000513,-0.13915499,-0.32579824,-0.020938504,0.11322887,-0.04118212,0.30752638,-0.46164143,0.20393124,-0.20171861,-0.42455667,0.62990254,0.31542724
317,-0.08524256,0.10801613,0.32895082,-0.08240285,-0.172892,0.084458925,-0.24114652,0.15321612,0.098888025,0.009479324,0.15668489,0.10758092,0.21641035,0.040017225,0.12671676,-0.24155927,0.17607856,0.1416737,-0.41358766,0.21768007,0.11795066,-0.13120851,0.086474076,-0.022700328,0.03379657,-0.0321418,-0.11075344,-0.36114773,0.13866955,-0.16160294,0.009832069,0.44877577,-0.068241104,0.050943565,0.0023795427,0.37098998,-0.06357817,0.10611,-0.09770708,-0.103892766,-0.29109126,-0.20000117,0.12338394,-0.46491593,-0.12772366,-0.044846363,0.12867817,-0.39622575,-0.058741022,-0.85109913,0.30973265,0.0678822,0.16256556,0.9812334,-0.14543758,-2.0684736,0.12310149,-0.2798014,1.747771,0.3312947,-0.1876134,0.47365904,-0.29636937,0.05993376,0.7876103,-0.13453934,0.30328074,0.33737928,0.088976756,-0.22034876,-0.13517697,-0.3615699,-0.0007254489,-0.4746627,0.24536367,0.27310464,-0.12821922,-0.03398562,-0.80087185,-0.093162395,0.4876329,-0.06902185,-0.31517392,0.08008132,-1.344759,-0.27986458,0.20558791,0.031227987,-0.18172842,-0.30182296,-0.15968041,-0.061350845,-0.09216437,-0.12767467,-0.37026185,0.019736331,-0.014321494,-0.19430892,0.4242645,0.18638045
318,0.0031591721,0.14365083,0.38264835,-0.2000433,0.013675,0.061736673,-0.187886,0.28954002,-0.072845004,0.05578181,-0.161325,-0.11817354,-0.028286835,-0.19597034,0.057883326,-0.058359995,0.31691682,0.05432333,-0.317703,0.40831515,0.2571435,0.1347855,0.023586651,-0.21924885,0.265405,-0.014050332,-0.23218332,-0.31394884,-0.14719068,-0.24703331,-0.3523067,0.6506121,0.013509671,0.021853337,0.024883324,0.32465127,-0.07814029,0.33080834,-0.088881664,-0.32622334,-0.1257,-0.0067393854,0.567645,-0.3658962,0.08641666,0.27082586,0.46045884,-0.18957834,0.30520168,-0.56128716,-0.0768385,-0.23461498,0.268199,0.91199327,-0.15577413,-2.9321334,0.06932883,-0.08924516,1.64425,0.31672332,-0.096293025,0.8313883,-0.046541348,0.053453553,0.6516617,-0.06501833,0.44788828,0.034588307,0.22751169,0.015821166,-0.04089667,-0.21396334,0.074459665,-0.30173033,0.1903085,-0.0041624955,-0.07593568,-0.16331182,-0.9275933,0.16667666,0.4915807,0.24447417,-0.31313452,0.31217232,-1.2398666,-0.31969616,-0.07668335,-0.3835183,-0.129414,-0.44278565,0.31182066,0.10887583,0.08722883,0.03794832,-0.54836416,-0.04405117,-0.14945,-0.558035,0.55370164,0.56554335
319,-0.26259202,0.16519001,0.665462,-0.35963535,-0.223106,0.032176003,0.09988601,0.21893601,0.30563554,-0.16336839,0.0536034,-0.1054726,-0.108658,-0.059871994,-0.04344625,-0.391758,0.111886,0.304108,-0.4194314,0.43941718,0.3515626,0.15697241,-0.0071884035,-0.13402,0.0667024,0.4810482,-0.100598,-0.651396,-0.060401,-0.155654,-0.10807379,0.351142,0.4393776,0.15414761,-0.022473997,0.3567942,-0.081098005,0.12476504,0.05245679,0.028884005,-0.280758,-0.029602002,0.10469075,0.121152,-0.37100118,-0.0781214,0.13281801,-0.2553898,0.072401986,-0.827305,0.13711241,-0.15269299,0.109113395,0.52773994,-0.0557472,-2.0933979,-0.021002483,-0.010997593,0.736818,0.31953,0.18730798,0.769684,-0.125536,0.09396401,0.64123803,-0.010997004,0.78816605,0.42688197,-0.040740002,-0.044859838,0.017879795,-0.21714199,-0.067072004,-0.10786281,0.32577997,0.1356578,0.010808122,-0.11382307,-0.3703187,0.046282,0.2989064,-0.091555595,-0.27477401,-0.002040799,-0.966722,0.0059762,-0.1825862,-0.332586,-0.451794,-0.39976397,0.011743078,-0.11753321,-0.28686398,-0.06454419,-0.569746,-0.033388995,-0.2542236,-0.1396588,0.0686076,0.4002238
320,0.30034333,0.5398434,0.029066682,-0.56705,-0.24476498,-0.35782364,-0.116551004,0.4405267,0.19269668,-0.10660335,0.4493867,-0.0033456683,0.35261,0.13554832,-0.095970005,0.04648335,0.606229,0.41882667,-0.18162997,0.36556998,0.25344682,-0.269406,0.2510467,-0.12760998,0.110484004,0.11434668,-0.28851366,-0.58326334,0.034333337,0.05635334,0.018788338,0.08679668,0.017348995,0.26895633,-0.20491,0.53862333,-0.3014303,0.23625566,0.36987457,-0.2980633,-0.28537333,-0.041709002,-0.30171666,-0.16750067,-0.28342,-0.14874734,-0.17695336,-0.36250666,0.011701331,-0.79190665,0.18963332,-0.191984,0.12212333,0.95397663,-0.09572333,-1.7223368,0.07251033,-0.20977001,1.2177666,0.32534,-0.07155701,0.46995997,-0.52103,-0.155796,1.0173967,0.063736,0.6325267,0.46497664,-0.112530015,0.070206694,0.43517736,0.019698657,-0.16946232,-0.35098663,0.03894666,-0.21499522,-0.083264664,-0.11386666,-0.69342,-0.015903996,0.61029667,0.057059992,-0.66214335,-0.015444,-1.483923,-0.20520002,0.30707666,-0.17599034,-0.44911566,-0.4285667,0.136622,-0.4209833,-0.134009,0.037339997,-0.5548666,-0.12482393,-0.21811001,-0.51727,-0.100453325,0.2658
321,0.40017,0.4083,0.0027361,-0.2679,0.15986,0.34322,-0.080405,-0.28808,0.7889,0.0053021,-0.35737,0.61335,-0.01852,-0.3333,-0.048305,0.23374,-0.34893,-0.44163,-0.11915,-0.37435,-1.0699,-0.30928,-0.28468,-0.21658,-0.035066,0.13106,-0.20477,0.016205,0.036241,-0.45262,0.23254,0.38095,-0.033195,0.14131,0.41115,-0.19043,-0.41704,-0.68507,0.53289,-0.12457,0.35438,0.057309,-0.11111,-0.021978,0.17203,-0.058609,0.083666,0.14063,-0.1134,0.34839,-0.30356,0.28894,0.17035,-0.10487,-0.043861,0.73924,-0.47551,-0.17454,-0.21695,0.084768,-0.19368,0.077156,0.08596,0.039736,0.014468,-0.066106,-0.23412,-0.049813,0.056609,-0.24087,-0.25795,-0.48904,-0.030319,0.38402,0.083532,-0.23908,0.28898,-0.42863,0.40143,-0.068507,0.25058,0.49452,-0.4527,-0.29563,0.21963,-0.27654,-0.37753,0.3139,0.34611,-0.049121,-0.14414,0.44235,0.24103,-0.67213,0.94234,-0.35264,0.59344,0.0085165,-0.68993,-0.10418
322,-0.10449087,0.16735522,0.36013108,-0.3179554,-0.12882169,0.061273057,-0.17974256,0.12591563,0.0063243075,0.023090934,0.12998809,-0.083576575,0.30813873,0.07081569,0.1396576,-0.25198808,0.22222903,0.07580874,-0.34724128,0.15292718,0.23913279,-0.0461341,0.23978408,-0.067328684,0.107702725,-0.089454874,-0.12445497,-0.42884186,-0.033679027,-0.1250672,0.03118405,0.4402077,-0.100438096,-0.06008333,0.14755072,0.27094185,0.06117999,0.22933169,-0.015542337,-0.15886328,-0.32523984,-0.25931492,0.064244635,-0.36743766,-0.075087674,0.03407204,0.14288528,-0.30574998,-0.07921683,-0.7208078,0.19553648,0.036898803,0.044701222,1.003877,-0.17901541,-2.0738811,0.01518947,-0.24368845,1.6236147,0.5006133,-0.18411954,0.71311784,-0.22562988,0.055978004,0.6907496,0.0013346422,0.54638356,0.2826384,0.2219629,-0.24009107,-0.11309352,-0.31895465,0.07827127,-0.35871,0.13397688,0.14537214,-0.09190586,-0.058657624,-0.7836713,-0.0028884073,0.62602156,-0.0005807347,-0.57284266,0.23236457,-1.4673244,-0.17839222,0.11769668,-0.11595879,-0.2719633,-0.28460777,-0.1095134,-0.10215366,-0.1294586,-0.009620227,-0.4591882,0.005809045,-0.2626436,-0.2952436,0.51610726,0.1841734
323,-0.16249357,0.32327452,0.24826165,-0.24122691,0.043076694,0.0888414,-0.1791479,0.0059084506,-0.043782253,0.12784055,0.113660835,-0.07271732,-0.01509055,-0.1773389,0.1357524,-0.25336072,-0.0023431003,0.18553856,-0.2121216,0.60269034,0.122311994,-0.039986532,-0.01128,0.10963619,0.1137599,-0.0043766014,-0.010786798,-0.2734166,-0.15526636,-0.11096425,-0.01890356,0.46520567,-0.09142704,0.12040496,0.35563403,0.3317955,-0.13843752,0.15219975,-0.2869989,-0.08202421,-0.1406266,-0.13962778,0.13785276,-0.36879984,-0.119753376,0.034457304,0.12112401,-0.39066294,-0.016166551,-0.6181251,0.0099872,-0.24771047,-0.108714655,0.8311617,-0.2030991,-1.7550637,0.13228664,-0.091667645,1.1798784,0.33924204,-0.10615425,0.681398,-0.27808255,0.23129463,0.5075444,0.04887079,0.49241048,0.3163988,0.30025253,-0.17656198,0.02477935,-0.18011896,-0.016876753,-0.22084399,0.21267366,0.121695876,-0.23838103,-0.0567299,-0.6263424,-0.18913846,0.53962564,-0.160648,-0.354498,0.09438275,-1.0498662,-0.08568456,0.11539443,-0.12577295,-0.19547929,-0.27942324,0.040171683,-0.005258605,-0.10232619,-0.2221541,-0.33609074,0.011132201,-0.27192613,-0.18367718,0.4701485,0.35091177
324,-0.317628,-0.320538,0.57931006,-0.66683203,0.07165339,0.2980422,0.03140799,0.019153811,-0.07170201,-0.024428006,0.381871,-0.023625005,0.335272,0.16006602,0.2851434,-0.2493248,-0.304818,0.0154402135,-0.22433381,0.16934578,0.529648,0.45514202,0.47325158,0.16190399,0.42941275,0.357968,-0.597756,-0.37592095,0.06819119,-0.06332196,0.1366754,-0.024239201,0.255728,0.30940422,-0.18993199,-0.14994,-0.394642,0.162321,-0.20861201,0.37226295,-0.22827382,-0.33934563,0.270764,-0.030527998,0.120256804,-0.012509758,-0.19826797,0.06316739,0.30683398,-0.261538,-0.322291,0.17111202,-0.170824,0.72203517,-0.55954397,-1.686898,-0.11419401,0.28273937,1.3908901,0.38624898,0.0893426,0.73480403,-0.039199993,0.37499198,0.12223359,0.13517757,0.43871403,0.2185766,-0.16111219,-0.24744518,-0.56072557,0.20519099,0.021808201,-0.57466805,-0.11721574,-0.16123438,-0.023604006,-0.089774266,-0.592976,0.1870704,0.596452,0.056308605,-0.559934,0.007084,-0.916568,0.008567974,0.1430568,-0.0815532,-0.688398,-0.2098434,0.1707368,-0.27713937,-0.22903982,-0.080773994,-0.25135598,-0.059784006,0.14801411,-0.046828013,0.39652,0.037353
325,-0.101293124,0.10621957,0.2630155,-0.48227406,-0.067352556,0.12651074,-0.055361215,0.17575055,0.12279021,-0.05996515,0.18677048,0.15063561,0.23595597,-0.12250324,0.2516275,-0.29191598,0.14537029,0.19694735,-0.479303,0.20850824,0.22496563,-0.0174775,0.12540175,-0.0025762282,0.046298046,-0.021429293,-0.0974435,-0.45026568,0.001654168,-0.25815874,0.0010183802,0.68046457,-0.045568254,0.092392795,0.09013366,0.28304413,-0.16114943,0.17371355,-0.048291832,-0.20048554,-0.40272298,-0.19243594,0.057732213,-0.4400642,-0.2870797,-0.117973804,0.061634567,-0.42247224,-0.1644886,-0.78668547,0.15124412,0.12105689,0.07087659,0.92584825,-0.2832866,-2.1907332,-0.030730374,-0.088944204,1.5734191,0.43732992,-0.051441,0.63478464,-0.25651947,0.0820717,0.6625263,-0.09135803,0.58344966,0.41652834,0.039162192,-0.2549601,0.0938941,-0.41269162,0.055130497,-0.41153577,0.22027962,0.14209627,-0.20165806,-0.02978803,-0.8511155,-0.08200053,0.61590207,-0.13378803,-0.55019516,-0.044684783,-1.2827644,-0.38951173,0.18042481,-0.17264867,-0.262123,-0.36279878,-0.054903913,-0.22726204,0.076899506,-0.27973172,-0.5016661,-0.15675092,-0.08960283,-0.13409175,0.43331924,0.25762072
326,-0.1807324,0.18166602,0.455196,-0.0827756,0.020179,-0.2016964,0.026709199,-0.2327712,-0.11429598,-0.164342,-0.015876606,-0.446844,0.15863839,-0.24584225,0.10874601,-0.060246,0.3316996,0.216102,-0.530434,0.38441426,-0.10709579,-0.017039996,-0.0401942,0.061458,0.3059016,0.28257203,0.029135812,-0.022023203,-0.18520801,-0.245976,-0.05011,0.7104852,0.0561698,-0.1344438,0.2610064,0.24619898,-0.17933203,0.307879,-0.17955199,-0.283368,0.0997502,-0.10053359,0.22770259,-0.3523876,0.1939714,0.034867,0.299092,-0.37842,0.10481201,-0.35557598,-0.071756005,0.18441701,0.2604924,0.77453005,-0.0792072,-2.232946,-0.32939798,-0.0213826,1.294394,0.231336,-0.02992481,0.6175114,-0.41411656,0.321184,0.610179,-0.010491798,0.44507918,0.031342007,0.634816,-0.181456,0.269286,0.20853102,0.19909158,-0.41805893,0.329218,0.27209657,-0.1410684,-0.21377921,-0.573434,-0.026827991,0.496628,-0.08262999,-0.193572,0.36734018,-1.0315235,-0.0139922025,-0.03036201,-0.5364,-0.288894,-0.36317,0.146186,0.19417998,-0.2671008,-0.018469,-0.383222,-0.251262,-0.41103,-0.618428,0.865932,0.3033812
327,-0.040133055,0.25255427,0.31254354,-0.17199393,-0.11724789,0.052824028,-0.10357148,0.19161877,-0.095957875,0.0032657743,0.11902226,0.044721268,0.16527544,-0.026191458,0.14173123,-0.3182392,0.058135226,0.0991999,-0.33244643,0.24321143,0.26344472,-0.05672048,0.15364961,0.069897585,0.20604073,-0.08266356,-0.14447762,-0.42843813,0.15828219,-0.18761669,-0.057164047,0.5258193,-0.04138571,0.059746128,0.11176467,0.27104443,-0.017700303,0.25128597,-0.13454409,-0.12425625,-0.31415147,-0.29115993,0.14653692,-0.3359766,-0.042646147,0.002212701,0.13361518,-0.33392796,-0.011195236,-0.82460314,0.08032139,-0.048455764,0.091993675,1.0148585,-0.16322719,-2.181713,0.026273383,-0.27670154,1.5247525,0.49002022,-0.16667342,0.557126,-0.37530714,0.14281219,0.5709812,0.011635943,0.3009776,0.33890906,0.16771749,-0.1587051,-0.026661566,-0.24997485,-0.056752194,-0.3509572,0.13977765,0.09325541,-0.15991147,0.0470069,-0.75772434,-0.013852749,0.56543475,0.036059145,-0.48087117,-0.009192723,-1.2892787,-0.14113216,0.1442578,-0.084632196,-0.18065329,-0.30552655,-0.18052068,-0.029980067,-0.16903518,0.068659924,-0.5262701,-0.06648223,-0.09746668,-0.16569336,0.51791584,0.12736803
328,-0.1246941,0.31431538,0.39383096,-0.35604623,-0.16721952,0.1606285,-0.12973456,0.2828242,0.026903616,0.02549436,0.07339685,0.15485488,0.15078185,0.0024027247,0.16609904,-0.29127333,0.0756432,0.21740778,-0.33947706,0.32465222,0.27561864,-0.026821608,0.12803367,-0.08307541,0.21698454,0.0032190627,-0.21631712,-0.50851506,0.0917909,-0.26228905,-0.047454186,0.7293634,0.03194007,0.040856708,0.17428038,0.41630408,-0.09602595,0.20860751,0.1876138,-0.35500807,-0.24521129,-0.25091872,0.053601664,-0.46962214,-0.20024675,0.080171965,0.11451013,-0.4104156,-0.10133605,-0.9440946,0.05502956,-0.14041774,0.12642875,1.0359994,-0.21380074,-2.299574,-0.015270695,-0.02683021,1.7399279,0.3356709,-0.028594473,0.72168905,-0.44342163,0.088357255,0.6305672,-0.049389876,0.53595537,0.31818715,0.0823572,-0.16034934,-0.06539748,-0.29122376,-0.030598395,-0.22133693,0.15020072,0.0018183922,-0.10950252,-0.022913208,-0.8349892,0.020963592,0.6673122,-0.11491743,-0.5527908,0.006761272,-1.4011985,-0.26012564,0.13842067,-0.09601061,-0.18012157,-0.38034436,-0.0549013,0.032413974,-0.03016825,-0.1972635,-0.5473852,0.03420966,-0.0027839916,-0.25389794,0.44544736,0.12787025
329,-0.2978,0.31147,-0.14937,-0.28128,-0.16966,-0.16878,-0.16187,0.55923,0.034954,-0.026216,0.42287,0.026724,0.4966,-0.09091,-0.54288,-0.32794,-0.2614,0.57559,-0.63756,0.59604,-0.01649,0.25744,-0.28617,-0.63665,-0.23149,-0.022021,-0.28631,-0.60359,-0.086679,-0.37368,-0.17426,0.76331,0.05901,0.1912,-0.07346,0.33733,-0.49396,-0.20621,-0.22396,-0.43866,-0.27371,0.15695,-0.12503,-0.051089,-0.7596,-0.16716,0.35914,-0.71649,-0.34082,-1.2409,0.039102,-0.13331,-0.057205,1.0074,-0.39901,-2.0914,-0.19794,0.14871,1.1303,0.38766,-0.25686,1.1938,-0.48125,-0.059394,0.9087,0.22843,0.53237,0.31132,-0.14168,0.006734,0.15315,-0.00087296,0.10088,-0.063593,0.78421,0.020434,-0.42461,0.24855,-0.48301,0.51638,0.48538,-0.066313,-0.34311,0.29454,-1.8706,0.14479,0.47405,-0.11059,-0.77052,-0.4589,-0.46075,-0.53166,0.017023,0.07673,-0.11541,0.009689,-0.11341,-0.22709,-0.029261,0.4585
330,-0.040383,-0.2132,0.055937,-0.070654,0.4657,0.14988,0.35069,0.38861,1.0382,0.31142,0.43467,1.0776,0.20412,0.11486,-0.15259,-1.2375,0.63977,-0.40243,-0.32668,-0.16361,0.4715,0.097336,-0.3228,0.82284,-0.05374,0.72566,0.077025,0.19049,-1.011,0.063992,-0.42976,0.492,0.3961,-0.22394,-0.32937,-0.68569,-0.038767,1.2796,-0.51853,-0.14503,-0.46248,-0.021891,-0.57194,0.066688,0.36953,0.7507,-0.94705,-0.29925,0.41504,-0.50964,-0.61258,0.20794,0.51331,0.20323,-0.25576,-0.016653,0.36026,0.29747,-0.25774,-0.0073715,-0.6191,-0.16447,-0.28221,0.16458,-0.13794,-0.36302,0.32537,1.4793,0.16161,0.018392,-0.29274,0.56243,0.3591,-0.26062,0.24564,-0.39409,-0.61024,-0.23352,-0.40417,-0.46959,0.45789,-0.074916,0.12149,-0.79923,0.27619,0.19909,-1.3364,0.47668,0.9909,-0.057745,0.91582,0.46617,0.10032,0.25265,-0.36012,-0.42818,-0.3804,-1.3927,-0.015867,0.11311
331,-0.090768605,0.2863189,0.36687803,-0.4442359,-0.12106489,0.1519012,-0.10694773,0.2229033,0.18353546,-0.073528685,0.18232852,0.10402671,0.1820472,0.015751513,0.09632143,-0.1821648,0.10095017,0.16785297,-0.30691656,0.34438682,0.2540255,0.09341138,0.10606414,0.033709377,0.11885271,0.014185996,-0.10379171,-0.38764557,0.12819244,-0.2618124,0.053159755,0.58526635,-0.025948945,0.06976709,0.10104912,0.2506534,-0.04634613,0.18808019,-0.042802144,-0.2987229,-0.265331,-0.13799827,0.037533782,-0.32185844,-0.11138311,-0.06894556,0.12863329,-0.28642777,-0.099728175,-0.7184005,0.035006475,0.028278342,0.1197564,0.84976834,-0.32313216,-1.9907117,0.0458748,-0.077336,1.3818296,0.4291413,-0.086981624,0.5561306,-0.33998874,0.0041060555,0.7202117,0.05720349,0.4416043,0.32479936,0.11155695,-0.23566657,0.068634644,-0.25039214,-0.07426037,-0.42434,0.11756875,0.11310577,-0.10755029,-0.0037950797,-0.70206016,-0.011349807,0.5496714,-0.17864123,-0.47925073,0.052230503,-1.2796143,-0.2501884,0.15017477,-0.1460501,-0.19551021,-0.14832568,-0.052627932,-0.08440402,-0.10018465,0.0794714,-0.3860548,-0.05946033,-0.09656414,-0.17763512,0.38182282,0.24397588
332,-0.15162103,0.22656605,0.3080819,-0.2093644,-0.041058183,0.08689403,-0.12463088,0.21628585,-0.102366954,0.06654675,0.13028713,-0.03477029,0.24673715,-0.021367552,0.15610993,-0.2525939,0.24587844,0.15217936,-0.37081885,0.2821269,0.15448113,-0.14561449,0.17537108,0.030728882,0.10331909,-0.08644691,-0.079737596,-0.41487935,0.05487814,-0.18128674,-0.0044083726,0.51432824,-0.081918195,0.035597682,0.1565799,0.33062363,-0.04172707,0.21657799,-0.019663002,-0.17872378,-0.36085325,-0.21987903,0.09443046,-0.39780846,-0.11338615,0.044054713,0.13986644,-0.36520946,-0.054969843,-0.740423,0.11105173,-0.021398654,0.085887,1.0413462,-0.1821499,-2.3155322,-0.010718669,-0.23375273,1.7170249,0.4518501,-0.14997661,0.6845269,-0.2522992,0.16722006,0.8184418,-0.012150062,0.3980784,0.3176067,0.19220012,-0.2613034,-0.05468158,-0.19125947,-0.008773014,-0.32771087,0.13620235,0.06867243,-0.097208895,0.001189726,-0.81610936,-0.081742056,0.587348,-0.008289895,-0.5619397,0.093009226,-1.4592471,-0.15379769,0.19146714,-0.15635067,-0.19674373,-0.33079723,-0.079329476,-0.04753783,-0.12782322,-0.07103532,-0.43966156,-0.019091709,-0.15730837,-0.34766996,0.6174159,0.1910616
333,-0.15191568,-0.07008553,0.31439933,-0.16872464,-0.051569935,0.33755368,0.01736513,0.5063366,-0.17686419,0.10354366,0.12479473,0.04891716,0.15432501,0.048264664,0.14783521,-0.46813667,0.44278583,0.043257535,-0.40416119,-0.013647085,0.3093098,-0.19228001,0.23965295,-0.00080880127,0.15411867,0.044051338,-0.19288395,-0.36823156,0.18755905,-0.075651005,-0.07580826,0.33849007,0.103521265,0.15954486,-0.14248666,0.2867798,-0.14702286,0.172988,0.22556107,-0.20613652,-0.4035884,-0.31179374,0.26666868,-0.44347087,0.13695166,0.11628055,0.16675933,-0.3730213,0.11489208,-0.5325027,-0.0746614,-0.2009926,0.21792974,0.89120793,-0.4269968,-2.0967243,-0.19378181,-0.13769643,1.5557786,0.46077004,-0.19199434,0.562142,-0.18182014,0.17399268,0.4491877,-0.107750006,0.17902102,0.29676533,0.0342812,0.14192401,-0.14391026,-0.07664,-0.13769466,-0.56993616,0.17281692,0.34144497,-0.06472914,-0.048772123,-0.872214,-0.01839227,0.519327,-0.018567733,-0.3417964,0.040773146,-1.0019397,-0.17681085,0.15494841,-0.20686278,-0.0985504,-0.21846737,0.037260924,-0.18416253,-0.051228337,0.2368372,-0.59054637,-0.026640648,0.0017604828,0.019246805,0.4355212,0.06096563
334,-0.15257628,0.18287894,0.41062218,-0.32322258,-0.05006718,0.15296695,-0.15393889,0.18794595,-0.014098855,-0.06842716,0.1600318,0.0552137,0.24198535,-0.039989106,0.10793917,-0.1425058,0.13056038,0.18645996,-0.33171085,0.142982,0.22194418,-0.049870677,0.22541828,0.022773102,0.2892075,-0.03451062,-0.14378634,-0.42899823,0.015390429,-0.21628146,-0.07034705,0.5259175,-0.0063978136,0.079469316,0.03265076,0.31592578,-0.04531958,0.19399397,-0.037769213,-0.23134096,-0.33807305,-0.21886083,0.10833138,-0.40032417,-0.120827876,0.017414857,0.2092798,-0.2860443,0.006074778,-0.73171216,0.0037962112,0.021170434,0.14985588,1.0084369,-0.28949568,-2.3374162,-0.099158436,-0.16074413,1.5801381,0.4718547,-0.11139333,0.74362206,-0.21262512,0.1821776,0.80073035,-0.0124677345,0.40085635,0.23169759,0.12260233,-0.23787257,-0.0009881675,-0.31887478,-0.021624412,-0.3639353,0.16872135,0.13096163,-0.20583376,-0.05287941,-0.77198625,-0.0024135367,0.51660657,-0.0048604566,-0.5421566,0.08902172,-1.3194306,-0.24525182,0.095013455,-0.17535877,-0.18389495,-0.29162472,-0.13631508,-0.047100954,-0.11116569,0.030337512,-0.49853453,-0.12226019,-0.17790094,-0.28723902,0.55597985,0.2231292
335,-0.15926187,0.19192484,0.23785646,-0.22773913,0.021366231,0.08510254,-0.0039635417,0.3210468,-0.015641922,0.06771862,0.22047469,-0.019923745,0.354602,0.010986675,0.09358693,-0.2646023,0.1835823,0.16154715,-0.23568615,-0.023050006,0.30815798,-0.15997654,0.31905332,-0.006531979,0.24099214,-0.16235317,-0.12720846,-0.3143269,-0.03188731,-0.23534323,0.024058066,0.3765769,-0.09582947,0.17594932,0.03994707,0.33677563,-0.04070667,0.33329675,0.110927194,-0.17992185,-0.47207144,-0.14543717,0.25248146,-0.22739694,-0.10659293,-0.061082236,0.2572023,-0.24964723,0.11826232,-0.46331924,-0.0070000794,0.079982,0.13043545,1.0767146,-0.12635782,-2.1433692,-0.27572834,-0.2641957,1.4617361,0.63166493,-0.10082046,0.6917524,-0.21302001,0.23929252,0.7038051,0.04266477,0.44529426,0.2251243,0.10813493,-0.20672753,-0.13908891,-0.2695146,0.15915725,-0.41780552,0.2590063,0.1662477,-0.04113154,-0.01511746,-0.70010734,-0.063078,0.52533144,0.04699078,-0.46711764,0.08138837,-1.3474748,-0.21023932,0.2811689,-0.11388651,-0.18272077,-0.31577063,0.07866592,-0.282399,-0.0035950954,0.11721727,-0.6302915,0.023570793,-0.26075867,-0.3472754,0.3496168,0.14043945
336,-0.03841915,0.29257315,0.40439388,-0.3669848,-0.30290604,0.23834231,-0.047765702,0.31167153,0.04278085,-0.055557653,0.21664707,0.018917229,0.23907341,0.08993979,0.10647756,-0.28179225,0.07604093,0.3231394,-0.49623436,0.32431185,0.15644825,0.10677868,0.008176313,-0.020604795,0.14651808,0.15682761,-0.19438958,-0.59545964,0.32217234,-0.26652852,0.076958835,0.6191744,0.10859016,0.042988267,0.09303592,0.44070604,-0.21727602,0.2027224,0.03541732,-0.27656075,-0.32613194,-0.17642453,0.19556181,-0.5083943,-0.21376573,-0.0038525653,0.08590543,-0.413782,-0.020521948,-1.066535,0.122470014,-0.056566484,0.108274475,1.0468402,-0.21940075,-2.3636394,0.014545862,-0.010709128,1.728167,0.47860423,0.029395068,0.9418345,-0.47361484,0.031036202,0.7939633,0.10171212,0.5753559,0.39759552,0.06918806,-0.25146055,0.03791026,-0.14478199,0.05194918,-0.4558757,0.1079327,0.24690728,-0.18753985,-0.097220555,-0.7810934,-0.09433505,0.5550135,-0.116080955,-0.57603407,0.040441655,-1.5910151,-0.21444422,0.14142248,-0.22317143,-0.3714995,-0.38368797,-0.11865503,-0.058153354,0.049142815,-0.087161094,-0.48224142,-0.05559153,-0.11285427,-0.20738608,0.41347262,0.32116315
337,-0.07522878,0.28331915,0.5121725,-0.38667142,-0.19502029,0.19057365,-0.19211672,0.28255194,0.3009905,-0.1429396,0.26099443,0.22880694,0.22564527,0.12853287,0.022850834,-0.40397176,0.077339716,0.38475284,-0.3968053,0.32514393,0.2480463,0.06942311,0.0768244,-0.26362765,0.007898527,0.14756042,-0.27624002,-0.5717943,0.041971,-0.23919906,-0.008094497,0.51577663,-0.050918892,-0.15472335,0.17546712,0.27940303,0.043149844,0.122024626,0.17990345,-0.35894284,-0.19146727,-0.17971261,-0.014150845,-0.51408404,-0.24942367,0.0068408865,0.23540503,-0.34265706,-0.07140231,-0.9411967,0.19693337,-0.13598701,0.14250804,0.97320503,-0.20101377,-2.022929,-0.0191615,-0.13800095,1.4948156,0.42952162,-0.13436812,0.7714736,-0.3899218,-0.08464856,0.73665446,0.11497184,0.5813745,0.39670408,-0.018249044,-0.15919873,-0.09934394,-0.43900946,0.0049141124,-0.31627104,0.13101345,0.08298702,-0.037004836,-0.10981098,-0.67102987,0.065512106,0.6354095,-0.036595386,-0.5983406,0.097516336,-1.3724978,-0.33401975,0.089643195,-0.11825587,-0.22114001,-0.32716638,-0.20971018,-0.1788103,0.054736257,-0.3314432,-0.47932497,-0.028327111,-0.09442397,-0.24759528,0.39129633,0.2835761
338,-0.0401188,0.06740764,0.2954977,-0.08693575,-0.0459898,0.1487472,-0.13727099,0.19600575,0.23538202,0.13774735,0.1370262,0.11699059,0.14693193,-0.0821974,0.16722642,-0.17888556,0.26782808,0.057333034,-0.16346002,0.15777785,0.05932113,-0.21474999,0.19208403,0.055050723,0.041733064,-0.23854555,-0.06195987,-0.2854057,0.12048598,-0.12899269,0.24038263,0.39364403,-0.29863602,0.05103683,0.010767561,0.283583,-0.06931727,-0.05831697,-0.12932004,-0.19978932,-0.27338284,-0.12359805,0.05153007,-0.27729017,-0.07543205,-0.09968163,0.035202198,-0.24983306,-0.060105138,-0.7023448,0.24159285,0.09350149,0.14912976,0.802977,-0.120562844,-1.8259461,0.016440202,-0.27278727,1.5529225,0.25422326,-0.1438655,0.44406757,-0.25077203,0.08827527,0.6909727,-0.12611765,0.30623072,0.26127854,-0.0461415,-0.22395971,-0.27573076,-0.011740578,-0.067519866,-0.318725,0.043193895,0.21574268,-0.22939426,0.0024317626,-0.7236127,-0.030999843,0.41239083,-0.1326373,-0.30399555,-0.04380822,-1.125338,-0.15400395,0.15147644,0.022735877,-0.10928785,-0.11280971,-0.11146907,0.0593795,-0.099104196,-0.097589,-0.24825273,-0.18951322,-0.07932578,-0.12957412,0.542051,-0.047036182
339,-0.006427315,0.32040882,0.54691625,-0.51103336,-0.29289168,0.2567459,-0.19171962,0.20653434,0.3101361,-0.09368864,0.24398945,0.2358861,0.14080514,0.12936236,0.11061612,-0.33384117,0.11318743,0.4346363,-0.44984153,0.49894187,0.16934134,0.04360672,-0.017079318,-0.26042947,0.14457351,0.12644003,-0.3867737,-0.73634773,0.29691747,-0.50193954,0.13270892,0.80729866,-0.052723907,0.0414145,0.061699033,0.40011245,-0.11224398,0.11183986,0.04593692,-0.30026972,-0.22601357,-0.17018817,-0.0220305,-0.57996863,-0.43144885,-0.07389434,0.17368528,-0.4229839,-0.004575597,-1.1415114,0.07907789,0.0499163,0.20177092,0.98639584,-0.18801904,-2.3616142,0.10390768,-0.065328866,1.6930728,0.49299365,-0.08938449,0.9720114,-0.41013137,0.0853306,0.8460586,-0.058941677,0.6774182,0.3763015,0.018233174,-0.3197283,-0.05264592,-0.39203146,-0.020806326,-0.4053689,0.116069786,0.19514145,-0.14353345,-0.17207974,-0.7649868,0.10027177,0.5934209,-0.065515526,-0.71108377,-0.05838347,-1.5798019,-0.29011858,0.2177535,-0.07884333,-0.3044003,-0.3247408,-0.14151095,-0.19530918,0.09930745,-0.29299313,-0.5266807,-0.22773595,-0.08555622,-0.14086877,0.30709952,0.32876852
340,-0.058483828,0.08498493,0.25102928,-0.06851991,0.13060224,0.035846196,-0.14361024,0.09174991,-0.08366231,0.10264517,0.15072483,-0.031093916,0.20658486,0.025561243,0.063325614,-0.29198933,0.09084409,-0.044376265,-0.094565324,0.12891518,0.1845919,-0.024811229,0.14804463,0.018284818,0.2309261,-0.06618141,-0.12639862,-0.26916865,-0.0731171,-0.15099077,0.09230038,0.23484188,-0.15087143,-0.09405183,-0.010492999,0.17029142,0.062904954,-0.004659483,-0.18753879,-0.1582479,-0.23512153,-0.2947145,0.16089633,-0.23867844,0.15950751,-0.042650357,0.028952083,-0.2873065,0.08728862,-0.6117578,0.26644105,0.01335582,0.013971197,0.88359696,-0.14401567,-1.8026333,-0.039673835,-0.21932319,1.5545557,0.38712525,-0.11179693,0.5007446,-0.17640488,0.13133496,0.4682356,-0.06688853,0.31498566,0.09696491,0.3997154,-0.19935131,-0.17812072,-0.08262239,-0.108174056,-0.17280322,0.097812906,0.27821988,-0.18958865,-0.051422656,-0.7871593,-0.014323667,0.6622191,0.034750085,-0.36249673,0.15794665,-1.1112926,-0.31362242,0.039435674,-0.15682212,-0.2193061,-0.18204188,-0.14926948,0.10637743,-0.07764574,-0.04269634,-0.54161185,0.061461717,-0.16680145,-0.052310087,0.5726064,0.021589287
341,-0.056579012,-0.027873835,0.3351067,-0.09479436,0.051422834,0.12488717,-0.24427502,0.048371002,-0.014832507,0.20809,0.21998934,-0.10424333,0.27040622,0.040065,-0.07434884,-0.36436215,0.017491003,0.21174835,-0.46453667,0.24971084,0.30116165,0.018725673,-0.22459668,-0.34912726,-0.075416654,0.44272336,-0.105482005,-0.45385826,0.66712314,0.19190049,0.19698866,0.5657504,0.0005366678,0.22801133,-0.19357567,0.14368866,-0.061649326,0.4027017,0.06617784,-0.5267365,-0.14169316,-0.20155668,0.41173217,-0.28128,-0.25804967,-0.08318618,-0.009293348,0.029217163,0.23256,-0.6547044,-0.106525,0.1159,0.5174653,0.9369843,-0.048775837,-2.0508668,-0.11408833,0.27767828,1.2116075,0.28173068,0.41703334,0.864865,-0.23481952,-0.3022813,0.56609666,0.16999517,0.569935,0.14684068,-0.14612167,-0.089671165,-0.14586417,0.21034455,0.22174497,-0.47347334,0.0019978285,0.088128,0.20163667,-0.14987838,-0.4594117,-0.23897517,0.12238967,-0.06501167,-0.12628466,-0.11900467,-0.9249329,-0.13083133,-0.31165,-0.439299,-0.18523067,0.003745665,-0.13123834,0.16321065,-0.107486665,0.28869,-0.28488734,0.049739998,-0.31425,-0.32947484,0.39050284,0.32380334
342,-0.11811025,0.22264512,0.39301214,-0.35147727,-0.13577962,0.22467723,-0.08715332,0.20545451,0.062460124,-0.08397518,0.1440895,-0.09158513,0.21536088,-0.075209126,0.11017469,-0.15543714,0.21748267,0.2784797,-0.26800063,0.17696166,0.1556564,-0.061634317,0.20173079,-0.033342436,0.1580009,0.0063651893,-0.19541585,-0.31432617,0.09709091,-0.19046022,-0.100803375,0.48967957,-0.07666398,0.049759477,0.01495791,0.29363477,-0.18346909,0.123084575,-0.046721764,-0.35295787,-0.21473698,-0.14692333,0.0704645,-0.3350202,-0.1228337,0.059796564,0.017918272,-0.29760134,-0.02874165,-0.6737256,0.033248547,0.029250253,0.11448138,0.84772587,-0.214984,-1.8661119,-0.08284156,-0.14367817,1.4045112,0.337904,-0.14060842,0.6366473,-0.25389424,0.22021227,0.6573671,-0.048363496,0.36275762,0.30854678,0.113432154,-0.29823965,-0.05611649,-0.26418772,0.07760926,-0.3746059,0.030371435,0.2742844,-0.22224687,-0.016594674,-0.6418578,-0.021220785,0.45924383,-0.018735874,-0.43133333,0.030909738,-1.2162323,-0.27906337,0.11010003,-0.08290581,-0.2767342,-0.28875408,-0.13163902,-0.03140983,-0.047192845,-0.0502878,-0.5502057,-0.1610925,-0.07830939,-0.056382008,0.46678287,0.121377446
343,0.051845156,0.1911034,0.41579816,-0.38565773,-0.23446523,0.06371239,-0.1888704,0.36603534,-0.005691079,0.045092307,0.170217,0.113953,0.38612157,0.06827039,-0.03580246,-0.38808772,0.20131084,0.14785849,-0.26632616,0.36104077,-0.013804536,0.23959383,0.12569308,0.06139954,0.19732516,-0.05144076,-0.13159598,-0.40561473,0.11073431,-0.40927157,0.19730829,0.7043938,0.077027544,0.2271995,0.07353413,0.33659485,-0.13063453,0.30043963,0.07831616,-0.23028271,-0.11335845,-0.19214907,0.17203215,-0.3533696,-0.021068241,-0.035658166,0.24349047,-0.4719423,0.21623494,-0.8284362,0.21058024,-0.11464362,0.053657547,0.9243793,-0.22917646,-2.005459,0.234295,-0.17325078,1.6069088,0.5164026,0.04939001,0.53141534,-0.34208757,0.07196672,0.7021904,-0.14097561,0.42277038,0.21402286,0.23664753,-0.1473646,-0.010601156,-0.18699008,0.05029175,-0.3307927,0.2392718,0.32130414,-0.1287953,0.015069384,-0.90367305,-0.14952101,0.59698534,0.06635085,-0.40899542,0.083117,-1.4885347,-0.34617674,0.08935685,-0.3271154,-0.34640676,-0.29457462,-0.1349706,-0.07199376,0.01594131,0.06767146,-0.4635858,0.1119154,-0.10473684,-0.27153042,0.36973035,0.40848845
344,-0.13289905,0.115807414,0.28590047,-0.2245124,-0.07034574,0.22851366,-0.120103374,0.07082281,0.006365502,0.030925592,0.09475539,-0.04402862,0.101349235,-0.06895617,0.12153179,-0.16802607,0.09826433,0.15290731,-0.29050902,0.20371933,0.20811728,-0.021829544,0.13174824,-0.052542634,0.13532606,-0.05101531,-0.136269,-0.26107642,0.16418119,-0.20829976,-0.06533647,0.5196233,0.00190139,0.082924224,0.06282151,0.23927246,-0.114112906,0.1278369,0.009881969,-0.24921851,-0.25885913,-0.11457876,0.07133552,-0.36495718,-0.14908431,-0.017110007,0.14922933,-0.21927726,-0.0402708,-0.6809986,0.108046725,0.05424992,0.13921498,0.8636704,-0.0812346,-2.1369264,-0.016430315,-0.18584672,1.5216821,0.30826667,-0.08322625,0.6168423,-0.32167673,0.0049287514,0.65946746,0.021012675,0.37477925,0.20979126,0.07113539,-0.28699896,0.024790647,-0.32529366,-0.014218756,-0.36826724,0.22170855,0.09949859,-0.11466158,-0.013186051,-0.6702296,0.019380786,0.43315032,-0.016615799,-0.45877296,0.14046457,-1.3314098,-0.12133166,0.10691031,-0.12190449,-0.1629694,-0.3370758,-0.058957577,0.11609435,-0.0065997406,-0.016342927,-0.33918074,-0.088894725,-0.16401647,-0.24089178,0.4209008,0.22474556
345,-0.04635928,0.19902015,0.2713421,-0.27064213,-0.0014989822,-0.084101774,-0.06671672,0.1819075,0.033415295,0.04951487,0.18358688,0.004191674,0.16465206,0.068751395,0.1685814,-0.292518,0.3060549,0.122151785,-0.3459682,0.15594167,0.22699638,-0.02849144,0.16483007,-0.031232508,0.05971272,-0.00047539934,-0.113377295,-0.4351538,-0.089495376,-0.16173661,-0.01210012,0.6260668,-0.044586517,-0.033007108,0.16982841,0.33250922,0.0031124498,0.3198606,-0.07213464,-0.28544813,-0.25710356,-0.22765347,0.19144458,-0.3735986,0.023037542,-0.008086873,0.0743041,-0.43481246,-0.03737369,-0.70567983,0.09819131,0.030331077,0.070646495,0.9603372,-0.34210256,-2.044321,-0.003681833,-0.12213441,1.6963168,0.5371613,-0.110778384,0.38405445,-0.3788829,0.011976077,0.6366484,0.024885762,0.4741189,0.3735316,0.134032,-0.26659954,-0.089385614,-0.26162043,-0.07314885,-0.35413083,0.13013607,0.05930074,-0.05153494,-0.006223136,-0.90983,-0.00038676208,0.64270943,-0.11354672,-0.46177855,0.11727308,-1.3318663,-0.31514183,0.109874904,-0.1815803,-0.20762679,-0.32521573,-0.13465115,-0.033824176,-0.11279732,-0.15007563,-0.3733766,-0.03420753,-0.060512945,-0.24119778,0.57772464,0.135716
346,0.054844193,0.22971408,0.46199712,-0.31103638,-0.17842409,0.1231753,-0.0027014972,0.19534789,0.13632393,0.02380209,0.29285032,0.07560344,0.37483805,-0.109013215,0.093065344,-0.12720118,0.22242239,0.1697569,-0.33526042,0.32208687,0.23463647,-0.0692386,0.22178984,0.13101627,0.12749965,0.017086005,-0.14214073,-0.26629597,-0.0021035045,-0.1063514,0.1850082,0.48908082,0.10445841,0.083953604,0.12680009,0.29438525,-0.225125,0.23505852,0.1354842,-0.24464269,-0.1945079,-0.1045035,0.14189836,-0.29699084,-0.0057039736,0.08227889,0.19146499,-0.350617,0.037885655,-0.731152,0.14796141,0.0733546,0.24120109,0.838099,-0.2706178,-1.8960552,-0.03240905,-0.07999756,1.4406402,0.35217267,-0.08969935,0.6499158,-0.4220876,-0.01947366,0.6871033,-0.0005594023,0.40460324,0.3340605,0.1289121,-0.096577205,0.14869064,-0.033043236,-0.002498494,-0.23073733,0.11760459,0.23665825,-0.15713444,-0.10264859,-0.85000503,0.074395165,0.56018853,0.004732948,-0.4373383,0.10829188,-1.2048752,-0.25225526,0.19076404,-0.2909337,-0.32999453,-0.26000744,0.024553046,0.07554011,-0.040754348,-0.1605701,-0.45500007,-0.0945093,-0.128694,-0.26716432,0.43975106,0.18457626
347,-0.3510286,0.08649029,0.45514855,-0.07432286,0.15670326,0.091471136,-0.0070114294,-0.0043302434,0.19029085,0.11842071,0.13739143,-0.29509473,0.18092144,-0.46130425,0.28702,0.10253428,0.31668773,-0.05432429,-0.34675312,0.40049317,-0.016002433,-0.26965427,0.22302544,0.21659613,0.16555879,0.023134429,-0.09482371,-0.1196543,-0.08871158,-0.18859716,-0.23801288,1.0786856,-0.08612929,-0.05500843,0.5932041,0.39246288,-0.13355859,-0.11207571,-0.068552576,-0.29555172,0.03703299,-0.22754343,0.05002001,-0.45922714,-0.2516616,0.02409186,-0.10401,-0.2316986,0.13514389,-0.5082119,0.080667295,0.16286643,0.18831119,0.83344567,0.021571597,-2.1090214,-0.03070429,-0.2669055,1.51091,0.21229784,-0.27736256,0.22066514,-0.3934904,0.07323771,0.47487354,0.06965443,0.36191514,0.30848715,0.24127057,-0.4762936,-0.014880002,-0.14004642,0.11478429,-0.7516985,0.14325054,0.25536856,-0.24610485,-0.26766655,-0.63484544,-0.08321629,0.6103129,-0.06153529,-0.25658998,0.19576871,-1.153088,0.09717186,0.21417,0.16250001,-0.42272648,-0.23817828,0.082655706,0.32872897,-0.20942,-0.32659584,-0.16447,0.020439003,-0.26487,-0.2226897,0.59932506,0.019227138
348,-0.040383,-0.2132,0.055937,-0.070654,0.4657,0.14988,0.35069,0.38861,1.0382,0.31142,0.43467,1.0776,0.20412,0.11486,-0.15259,-1.2375,0.63977,-0.40243,-0.32668,-0.16361,0.4715,0.097336,-0.3228,0.82284,-0.05374,0.72566,0.077025,0.19049,-1.011,0.063992,-0.42976,0.492,0.3961,-0.22394,-0.32937,-0.68569,-0.038767,1.2796,-0.51853,-0.14503,-0.46248,-0.021891,-0.57194,0.066688,0.36953,0.7507,-0.94705,-0.29925,0.41504,-0.50964,-0.61258,0.20794,0.51331,0.20323,-0.25576,-0.016653,0.36026,0.29747,-0.25774,-0.0073715,-0.6191,-0.16447,-0.28221,0.16458,-0.13794,-0.36302,0.32537,1.4793,0.16161,0.018392,-0.29274,0.56243,0.3591,-0.26062,0.24564,-0.39409,-0.61024,-0.23352,-0.40417,-0.46959,0.45789,-0.074916,0.12149,-0.79923,0.27619,0.19909,-1.3364,0.47668,0.9909,-0.057745,0.91582,0.46617,0.10032,0.25265,-0.36012,-0.42818,-0.3804,-1.3927,-0.015867,0.11311
349,-0.020433597,0.13674222,0.38079473,-0.31543833,-0.186217,0.11037358,-0.1338358,0.22729759,-0.06350743,0.006703651,0.3301906,0.15803356,0.21954367,0.00028050394,0.089154296,-0.33321095,0.035816737,0.13355994,-0.39649373,0.17217499,0.1800125,0.059023418,0.102818355,0.020485077,0.17395224,0.079661824,-0.17834531,-0.5015448,0.07848454,-0.282935,0.055167556,0.59310585,0.019016106,0.051265277,0.038042884,0.365621,-0.009216873,0.2947607,0.013283772,-0.14383271,-0.2106926,-0.22476473,0.23689422,-0.44363564,-0.20993575,0.0026752613,0.07340733,-0.296215,0.04501065,-0.8184773,-0.012077422,0.03980815,0.17837901,0.98434514,-0.2758294,-2.2495527,-0.014222451,-0.105616234,1.6600873,0.44011655,-0.0051822,0.6558382,-0.46184555,0.064679876,0.7506862,-0.017159227,0.5247263,0.46148872,0.024412941,-0.20990095,-0.1194216,-0.2604928,-0.05500896,-0.50456786,0.18539637,0.15619414,-0.13996956,-0.14192227,-0.8232727,-0.031949967,0.56220746,-0.08738832,-0.4916409,-0.015241779,-1.2890052,-0.19931345,0.12619881,-0.14036095,-0.29329222,-0.24761093,-0.17211796,-0.07348922,-0.027297413,0.023576971,-0.43003255,-0.07380916,-0.034095325,-0.107846536,0.41069597,0.23160413
350,-0.115892306,0.022478191,0.44504365,-0.4014283,-0.124602,0.25375032,-0.057001997,0.2949767,0.22935012,0.018765494,0.1596335,0.14365283,0.17600839,0.034871805,0.17806254,-0.2307312,0.1844334,0.29267803,-0.31917152,0.26677734,0.33053488,-0.047464907,-0.0527414,-0.0119039975,0.16618519,0.026714336,-0.1637629,-0.46322584,0.11971798,-0.3550892,0.08141709,0.42000088,-0.096950896,0.10564977,0.012508601,0.42778587,0.018405525,0.1355611,-0.1476398,-0.379458,-0.30326203,-0.1140309,0.29372543,-0.472639,-0.098649904,-0.23433657,0.094417706,-0.43451,-0.033687003,-0.912182,0.341743,0.04468448,0.28517398,0.84506,-0.28104123,-2.119668,0.10590559,-0.2821335,1.74563,0.42849603,-0.093095794,0.51434904,-0.44728762,0.080528,0.786946,-0.320507,0.368093,0.3805576,-0.020819297,-0.327032,-0.1432428,-0.3261188,0.011553198,-0.5055353,0.2263155,0.40337777,-0.30097693,-0.118159495,-0.939246,-0.21578988,0.677207,-0.2049962,-0.347414,-0.106905654,-1.133689,-0.2704897,0.3138422,-0.068654105,-0.301004,-0.39733598,-0.1100502,-0.20988509,0.02983276,-0.30336303,-0.52028334,-0.11632769,-0.10719279,-0.14757559,0.35626528,0.055333793
351,-0.07008897,0.24890146,0.35464618,-0.34577873,-0.19339873,0.1868712,-0.18533097,0.19011736,-0.040954392,-0.09773249,0.1513933,0.1458921,0.28360465,0.07750543,0.107538484,-0.3248863,0.15424928,0.20977408,-0.41947728,0.26364875,0.29638183,0.06237762,0.18488465,-0.068565965,0.14852674,-0.013756228,-0.15795685,-0.48113823,0.09990713,-0.23618318,0.014929608,0.3829788,0.0041705747,-0.016522385,0.12634207,0.2539577,-0.033505544,0.24789406,0.03160694,-0.22772193,-0.35782278,-0.1502033,0.11402011,-0.39107898,-0.10062556,-0.01595743,0.26475808,-0.25844532,-0.0959073,-0.76745397,0.058077477,-0.00934796,0.15262407,1.0133313,-0.2048528,-2.218077,0.037225813,-0.1283337,1.5701923,0.50462484,-0.21636334,0.8724747,-0.27024686,0.09814,0.8050862,-0.026224611,0.5113707,0.3565095,0.010252563,-0.26409042,-0.055559874,-0.32644442,-0.05908662,-0.38892767,0.050165173,0.1109499,-0.1863936,-0.094206765,-0.79705393,0.0222134,0.5388311,-0.02019192,-0.5196983,0.091463946,-1.4218026,-0.24470903,0.037384048,-0.10308724,-0.19685158,-0.30139264,-0.12768501,-0.1698299,-0.041459292,-0.06858521,-0.6084717,-0.1398509,-0.27128083,-0.2804829,0.47808692,0.24679357
352,0.0045494162,0.2671025,0.43933392,-0.35770655,-0.16030559,0.22320642,-0.08800916,0.20831515,0.039868508,-0.021241631,0.2638334,0.06605125,0.22431718,0.029566957,0.19774342,-0.29446214,0.08904778,0.240721,-0.37991357,0.3297506,0.2760336,0.1549804,0.11563546,-0.12919182,0.19361779,0.027767168,-0.17088917,-0.5295382,0.102063544,-0.24733563,0.021284519,0.5660837,0.04703236,-0.0140156485,0.0842578,0.34587634,-0.09506193,0.20876506,-0.007906371,-0.2271858,-0.31583995,-0.19135115,0.14579444,-0.44149786,-0.18806392,-0.033835366,0.19370688,-0.3241192,-0.032740347,-0.8776809,0.07054318,-0.010077029,0.13220845,1.0095475,-0.22744352,-2.4022844,0.017908156,-0.029445957,1.6159137,0.50559497,-0.08472729,0.78790617,-0.38683817,0.1613301,0.7583448,-0.068555705,0.60357434,0.3756371,0.0737892,-0.15166502,-0.035933997,-0.3040804,0.009595359,-0.3810198,0.16553172,0.14536393,-0.12662548,-0.09579729,-0.81887114,-0.026465014,0.56491035,-0.026571432,-0.5572291,0.11660254,-1.3803262,-0.25687727,0.04194437,-0.1680465,-0.22925448,-0.39726266,-0.116891935,-0.14904097,-0.028171323,-0.06444247,-0.5953392,-0.050878182,-0.2085381,-0.22816004,0.45283583,0.30359137
353,-0.11221001,0.26152143,0.59405285,-0.33321884,-0.04407271,0.054264452,0.074910425,-0.065611295,0.17119701,0.008400129,0.35360855,-0.027910829,0.2553497,-0.29306117,-0.08480271,0.018067855,0.13553628,0.31027785,-0.3164443,0.50745714,0.25210464,-0.15602414,0.027514001,0.15950571,0.28074828,0.021789154,-0.097330146,-0.42386287,0.20458457,-0.19649957,-0.048248567,0.71182823,0.211665,0.14951701,0.27516484,0.31685185,-0.4711683,0.30254385,-0.10071786,-0.322431,-0.2319835,0.22324887,0.08078743,-0.185289,0.046225283,-0.05379371,0.47405285,-0.4942257,0.12419814,-0.8528943,0.011714284,-0.11123514,0.3338897,0.82596284,-0.13853571,-1.9846107,-0.23432842,0.14941214,1.112235,0.34924984,-0.30138856,0.6872753,-0.36427042,0.17305171,0.7012329,-0.019280706,0.42639515,0.32756713,0.1598856,-0.28630298,0.23963499,-0.047143012,0.001384005,-0.16852328,0.08557028,0.11725086,-0.17418699,-0.30027515,-0.65830326,-0.08824716,0.15708856,-0.073879994,-0.47826147,0.11585758,-1.2737911,-0.2928417,-0.0060372525,-0.28761,-0.043133568,-0.29158428,-0.030545851,0.111745305,-0.040702853,-0.2063477,-0.38543004,0.14476572,-0.17837,-0.178923,0.40999717,0.42286086
354,-0.06750102,0.23022522,0.24270259,-0.2116917,-0.23076686,0.15818605,-0.17922746,0.27842772,-0.1028812,-0.04997438,0.23692112,0.16016261,0.23248354,0.06690271,0.11916634,-0.4146347,0.27602866,0.13959685,-0.60621864,0.23807126,0.40780973,0.113538,0.24262042,-0.0823065,0.14519772,-0.052318808,-0.2129108,-0.4748081,0.21300545,-0.23490006,-0.1510922,0.47649533,0.12710546,0.042035125,-0.043836728,0.42291066,-0.04927274,0.31353867,0.0921396,-0.30935428,-0.3647777,-0.34867057,0.13444567,-0.5888449,-0.21104208,0.048845068,0.084910005,-0.3577685,0.068876535,-0.84296006,0.086221665,0.05014614,0.120724395,1.1608773,-0.2906552,-2.4782524,-0.15085422,-0.14964063,1.6577345,0.47350493,-0.120946474,0.96020067,-0.2736409,0.10368869,0.608588,0.011617926,0.5155581,0.31294498,0.12368084,-0.23709211,-0.05268793,-0.34772596,0.07988452,-0.43112132,0.1012114,0.13543953,-0.10186713,-0.07789483,-0.78914475,0.066902466,0.62079984,0.032116935,-0.49581337,0.20366482,-1.3024267,-0.2649997,0.096945405,-0.1850498,-0.23875278,-0.25353688,-0.12900339,-0.13162914,0.10529914,-0.11677404,-0.68898666,-0.009558473,-0.22989468,-0.27269801,0.4567541,0.37513062
355,-0.10067926,0.23337273,0.41686246,-0.2833005,-0.064507686,0.20481464,-0.14943023,0.23934425,-0.02586255,-0.051756732,0.15158144,-0.012727127,0.16883665,-0.030132752,0.051047184,-0.20249583,0.28471622,0.19122693,-0.39960703,0.32942796,0.27447864,-0.0728944,0.17826931,-0.031814825,0.2630275,-0.039579004,-0.095827505,-0.47265697,0.12032542,-0.2709745,-0.17679973,0.5954566,-0.07128035,0.08593531,0.046157133,0.36698985,-0.094678275,0.20025213,-0.06935201,-0.34607857,-0.212552,-0.22989184,0.022580555,-0.41767296,-0.22438064,0.033380814,0.15040953,-0.38668188,-0.014438654,-0.7499479,0.0026045325,0.00095794856,0.1588287,1.0621859,-0.25586355,-2.4679892,-0.03517917,-0.21719885,1.6421889,0.45660877,-0.13240106,0.7853654,-0.2729545,0.13721618,0.73974454,-0.07188838,0.48595285,0.41584638,0.12199479,-0.26239917,-0.029743604,-0.25906596,0.0024635936,-0.33404002,0.16625652,0.10659093,-0.21444187,-0.10461599,-0.7781561,0.035379868,0.5352793,0.015307593,-0.5040966,0.09306089,-1.3793737,-0.23092413,0.05862855,-0.14450279,-0.19696917,-0.2720089,-0.08437958,-0.024873605,-0.08289506,-0.102247514,-0.5858571,-0.13312317,-0.20464087,-0.33586496,0.60247236,0.29333773
356,-0.24467632,0.15927066,0.48209128,-0.34921113,-0.07722602,0.14966132,-0.17132196,0.16388881,0.13879667,-0.03852883,0.24594891,0.07867101,0.26934513,-0.06268192,0.12705965,-0.129286,0.14859524,0.18432121,-0.29688546,0.21927118,0.15231542,-0.048716582,0.29443452,0.029650906,0.07131678,0.025129342,-0.11290629,-0.3167354,0.006807749,-0.1442769,-0.025497623,0.5525,-0.10104481,0.09925645,0.120824926,0.30158114,-0.14723441,0.117211856,-0.010299579,-0.2365378,-0.29163843,-0.13818438,-0.09403558,-0.37620556,-0.16465837,-0.040908102,0.12155097,-0.22802791,-0.041841764,-0.69607615,0.23484093,0.023363117,0.165702,0.9356891,-0.25374103,-2.0683024,-0.023462735,-0.09238531,1.6180054,0.42514208,-0.19103637,0.61924535,-0.27896968,0.07858543,0.7534858,0.03496092,0.3909411,0.2289607,0.1352146,-0.28795207,0.011905226,-0.29826793,0.10549742,-0.43772334,0.25271544,0.07593586,-0.14780052,-0.014926572,-0.71241975,-0.041882116,0.48020306,-0.023102976,-0.58539224,0.029687488,-1.3648022,-0.19095105,0.23380348,-0.11200913,-0.20693226,-0.19357945,-0.10231496,0.0827227,-0.15606466,-0.07251623,-0.3104505,-0.11239844,-0.07634543,-0.32632038,0.47222573,0.30149612
357,0.06588,0.28878856,0.39674145,-0.6463858,-0.22664554,-0.014730147,-0.17650081,0.2867743,0.10470172,0.13310897,0.26803443,0.08134957,0.06434043,-0.039029863,-0.013212128,-0.41252157,0.46921185,0.34898403,-0.19796215,0.37926716,0.20387124,0.24369143,0.08785301,0.017209861,-0.039538,-0.038072288,-0.26442713,-0.513959,0.061988287,-0.20290855,0.027190953,0.57329684,-0.074949004,-0.13504457,-0.08163142,0.54784286,0.089023285,0.09180767,0.13904785,-0.43513283,0.0019358566,-0.18091385,-0.32704857,-0.5010328,-0.291917,0.19374898,-0.10402157,-0.3400857,-0.15313086,-0.99879867,0.17792585,0.106076,0.12158958,0.83652574,-0.22824301,-2.2365673,-0.25016573,-0.17699899,1.8672,0.33996716,-0.0028728503,0.72710705,-0.41945067,0.1972773,0.68950856,0.06384628,0.74246997,0.36477712,0.02382633,-0.28173858,-0.14440271,-0.26969284,-0.11784942,-0.40350708,-0.0453523,0.040766332,2.3284128e-05,-0.054344278,-1.0308914,0.17293371,0.6951914,-0.11752187,-0.63938284,0.18829429,-1.2200172,-0.36217588,0.00996,-0.219086,-0.24827199,-0.39148596,-0.011970858,-0.21384357,-0.03147643,-0.35639158,-0.5951114,0.004630276,-0.07673557,-0.1797557,0.6187672,0.25130856
358,0.011216338,0.037508104,0.3792367,-0.27014667,-0.3800931,0.64502335,0.30116668,0.107102334,0.40404,-0.42387,0.094846666,0.122213334,0.01709967,-0.19562232,0.27671334,0.011380002,-0.4201633,0.22701,-0.20845668,0.61325663,0.2264,0.5680073,-0.50174665,-0.52596,0.272948,0.15174033,-0.35325,-0.22702797,0.44766334,-0.24913335,-0.099373005,0.07711166,0.40538022,-0.08905333,-0.19575197,0.7115633,-0.41301265,-0.12892,0.40951332,-0.19663,0.09365667,-0.033212993,0.10095668,-0.2687167,-0.31844866,0.009599666,0.030163327,-0.0045699975,-0.22112668,-0.5904867,-0.29014334,0.18873668,-0.0076700053,0.25574467,-0.026507676,-0.9144623,0.4327,0.40898335,0.16683002,-0.24552737,0.38785663,0.6498197,-0.61419994,-0.5521567,0.22046334,-0.09790667,0.53316003,0.30844232,-0.25202432,0.14222999,0.27478,0.36556163,0.28316334,-0.2396967,0.08415401,0.38707337,0.048974674,-0.34523332,0.41607666,-0.14333867,0.22056,-0.11675,-0.03371666,-0.11268134,-0.37410665,0.17357099,0.016867332,0.312783,-0.35764334,-0.44708332,0.098821335,-0.23742068,0.27814165,-0.20719002,0.09569866,-0.0014163256,-0.36063167,-0.23407833,-0.29282033,0.5165067
359,-0.14099239,0.23808129,0.43476406,-0.2536716,-0.08116915,0.07056179,-0.20939693,0.24162075,-0.13037634,-0.03520666,0.063342705,0.002832968,0.2085088,-0.012962242,-0.014132568,-0.3577109,0.16109608,0.16708322,-0.46638843,0.16878654,0.15107061,0.006594312,0.15910931,0.03145551,0.14570996,-0.058270715,-0.08492014,-0.41653088,0.16256016,-0.176462,-0.09457186,0.422001,0.057943914,0.08324062,-0.017217537,0.37146986,-0.00943365,0.25311494,-0.03847077,-0.23425426,-0.46259257,-0.24040522,0.18938674,-0.35364825,-0.17002143,0.060816117,0.21353872,-0.32181054,-0.10350996,-0.8009318,0.05816024,-0.04897593,0.13333032,1.041649,-0.27159917,-2.264929,0.019537669,-0.18791103,1.5956501,0.4226021,-0.20289752,0.6962836,-0.34226024,0.06869249,0.7615996,-3.4489392e-05,0.33247223,0.4626749,0.11874614,-0.3378362,0.118783765,-0.30697164,-0.086509116,-0.47636932,0.19915818,0.13225974,-0.23408136,0.04130187,-0.77804613,-0.029695908,0.5554926,0.018341562,-0.4329649,0.13354851,-1.4040906,-0.23121789,0.05659849,-0.1230496,-0.27454174,-0.426384,-0.1225506,-0.061713595,-0.16597664,0.08169166,-0.54743564,-0.04250166,-0.1617581,-0.24647418,0.47946826,0.20638008
360,-0.09886059,0.2103803,0.4919503,-0.3154841,-0.035995018,0.1444507,-0.08589715,0.18246454,-0.29462808,-0.03537991,0.15870436,-0.057280574,0.011510022,0.007875623,0.09936331,-0.21786645,0.18490455,0.1690187,-0.35331902,0.25161806,0.28882948,-0.044907026,0.1527539,0.02867705,0.36326462,-0.028296573,-0.19117105,-0.40395683,0.1752137,-0.27434438,-0.29394084,0.4103899,0.017799953,0.008023401,0.04373929,0.19090153,-0.13211535,0.24838959,-0.040410668,-0.15166143,-0.27875477,-0.23545364,0.09426845,-0.3989067,-0.06357942,0.17184788,0.26679596,-0.4082196,-0.07764618,-0.79854894,-0.054819684,-0.093768895,0.09735759,1.063191,-0.09303727,-2.4176228,0.023026308,-0.12386027,1.5542068,0.49844024,-0.34172466,0.55415183,-0.30418107,0.08697831,0.6420232,0.021304185,0.41070086,0.25004882,0.06694746,-0.25593847,-0.06570559,-0.2908202,-0.13330176,-0.27530807,0.09424678,0.115293846,-0.30512568,-0.03902215,-0.6507846,0.017436713,0.5885034,0.084045745,-0.50443226,0.13970435,-1.3703774,-0.13130377,0.028108528,-0.0100982,-0.05797904,-0.2596094,-0.1453286,-0.00931568,-0.1741092,0.06387026,-0.49993262,-0.098452896,-0.10014357,-0.18610145,0.5705222,0.21745165
361,0.007838558,0.21800888,0.2633343,-0.30872267,-0.13806349,0.16695297,-0.06446708,0.22002451,0.075947076,-0.03704086,0.071558304,0.09162989,0.33498615,0.016300973,0.009749629,-0.2808336,0.118730456,0.22196025,-0.46477368,0.27965894,0.18624057,0.0021472594,0.12212566,-0.039871175,0.042320136,-0.081167445,-0.11176701,-0.44972074,0.04504778,-0.13407148,0.10291499,0.56790316,0.055484075,0.11309893,0.17000006,0.37465355,-0.14722073,0.25644544,-0.015041306,-0.15343599,-0.39411303,-0.05896625,0.25698498,-0.45096585,-0.08905533,-0.035403114,0.19754511,-0.37588713,-0.10410565,-0.8986579,0.20819701,-0.11353136,0.17428678,0.99977505,-0.3140035,-2.1356466,-0.0037417556,-0.15726691,1.6232874,0.45179483,-0.058576412,0.6717018,-0.4345848,0.04511133,0.8926533,-0.053947706,0.4820267,0.42163727,-0.011551332,-0.21177551,0.0035911298,-0.2895174,-0.0047205505,-0.33343065,0.12715375,0.18173723,-0.15458252,-0.0057095117,-0.995136,-0.014391517,0.5353269,-0.16257471,-0.51044667,-0.04587126,-1.6247035,-0.24294586,0.17262584,-0.11037339,-0.3106788,-0.4984904,-0.12912652,-0.13571125,-0.11854352,-0.12114478,-0.32545725,0.07368354,-0.17039166,-0.23928541,0.47394317,0.2957606
362,-0.022006145,0.1665732,0.2615656,-0.101838484,0.07595962,-0.10146501,-0.043023013,0.06408145,0.26567551,0.070267834,0.21512206,-0.0028638088,0.31468573,-0.02024554,-0.1827048,-0.2823947,0.12363037,0.05088876,-0.14940229,0.14601897,0.18097004,0.045061275,0.29208192,0.13341475,-0.06027253,0.1027981,-0.045723997,-0.008049285,-0.095146485,-0.16657153,0.040652614,0.63619524,-0.0016908561,-0.060183864,0.19118874,0.2579156,-0.11744837,0.17720835,-0.09506437,-0.20541494,-0.1273231,-0.0845325,0.09117804,-0.2925462,-0.11754318,-0.080839194,0.026798243,-0.014754273,-0.06396367,-0.40356576,-0.15271719,0.069860674,0.05534238,0.6391841,-0.26507026,-1.3635206,0.013845183,-0.124416135,1.2238054,0.19436911,-0.18295346,-0.0017755168,-0.2679431,0.16518568,0.511334,0.0074388585,0.41097155,0.2950159,0.17853215,-0.20178683,-0.008615231,-0.11303185,-0.05912166,-0.24408486,0.042847626,0.119157575,-0.019510617,0.04460072,-0.7319053,-0.093458906,0.43556663,-0.10991744,-0.37411743,0.07444097,-0.9582974,-0.10119635,-0.088075146,-0.0939144,-0.2095776,-0.31110525,-0.026508758,-0.014436384,-0.044960104,-0.0025837591,-0.18459377,0.058831908,-0.19836791,-0.2345985,0.4178353,0.11445804
363,-0.3404706,0.17685549,0.32822755,-0.26638457,-0.022522591,0.066961974,-0.0670841,0.18488123,0.051871266,0.04683902,0.1675707,-0.15941598,0.2662816,-0.08662799,0.10240359,-0.19350685,0.20409016,-0.008380359,-0.11079877,0.15184869,0.04403855,-0.015931008,0.23788546,-0.1209464,0.1508169,-0.035559133,-0.21806999,-0.40037546,-0.2634226,-0.09794939,-0.16526726,0.5549866,-0.096064545,-0.05689719,0.33982378,0.2651835,-0.023822444,0.1348217,-0.05027242,-0.22995819,-0.1901732,-0.12911549,0.093688495,-0.35539043,-0.06885677,-0.09600986,0.2312451,-0.33990774,-0.02023127,-0.59637487,0.1667319,-0.06351122,0.097336285,0.89543325,-0.31998947,-2.048363,0.037652705,-0.08481142,1.4337581,0.23539153,-0.10988331,0.49296054,-0.19999515,0.084713,0.7229151,-0.06762337,0.4161975,0.19363719,0.09338083,-0.2743555,-0.09611263,-0.37790048,0.09449246,-0.2176529,0.33653498,0.025814356,-0.082567364,-0.018408822,-0.65413594,-0.14317518,0.5640389,-0.052409276,-0.5144686,0.09754919,-1.2818437,-0.0548264,0.18164708,-0.12938802,-0.21409664,-0.38438642,-0.10568858,-0.14637278,-0.11803519,-0.13430877,-0.33321962,0.03993317,-0.16369283,-0.3371972,0.39680776,0.1892512
364,-0.088852,-0.13076648,-0.14083499,0.20725998,-0.2440325,-0.0467655,0.17668,-0.012828752,0.23775725,-0.025295008,0.72186494,-0.7333925,-0.24312249,-0.34047875,0.032694247,0.36074176,-0.033803,0.09658925,-0.2213475,0.2311675,-0.06549248,-0.13679701,0.043860003,0.52654,-0.06451325,0.2916878,0.5265425,0.1813425,-0.1453725,0.052355,0.084300004,0.6581973,-0.019335996,0.036549993,0.6912224,0.048052374,-0.18922026,0.3256455,0.016873248,-0.164964,0.5314977,0.1417375,-0.4120275,-0.34446,-0.119555,0.12443,-0.27336323,0.18912174,0.10535,0.14652525,-0.047925,-0.05211,0.239915,-0.0938013,-0.30587274,0.0052874982,-0.22401999,0.23891224,0.2686075,0.092144996,-0.085842654,-0.33034074,-0.2095875,0.3290075,0.228674,0.229642,-0.19081599,0.16703501,0.4379006,0.1028955,0.34766728,0.15581976,0.333125,-0.0661975,0.3072635,0.081615,-0.010140501,-0.043059,-0.25459123,-0.229156,-0.19678998,-0.5571975,-0.1725325,-0.0759155,0.04189576,0.104045,-0.153525,-0.26124248,0.20078123,0.452955,0.1175575,0.5282595,-0.0032900125,0.28039,0.42720252,-0.31579125,0.0591655,-0.22856873,0.23743999,0.060267493
365,0.08745126,0.45725003,0.21988499,-0.14089726,-0.233215,0.1224715,0.088962555,0.13525574,0.467775,-0.1560095,0.304775,0.31145847,0.53052497,-0.12223999,0.18988474,-0.19092001,0.060845993,0.41369247,-0.50541,0.006467495,0.362355,0.23618975,0.042334005,-0.34773326,-0.02057675,-0.22790726,-0.021909254,-0.5550075,-0.043358244,-0.31944007,-0.007559495,0.35342073,0.18872726,0.28681052,0.267838,0.4057575,-0.21674125,0.039724,0.112789996,-0.3725535,-0.204725,0.0002905745,0.1045245,-0.28532273,-0.063124,-0.088250004,0.40764,-0.2480375,0.3333975,-0.7819225,0.23578551,-0.1708715,0.40141225,0.78969,-0.051330004,-1.8119376,-0.21425,-0.06936515,0.886605,0.521105,-0.053934995,0.8816575,-0.472275,-0.07653999,0.58887,-0.184353,0.620945,0.169707,-0.04004001,-0.0578645,0.156798,-0.306005,0.034951992,-0.25420326,0.037938014,0.16163453,-0.2515275,-0.27880755,-0.78908753,-0.078556,0.3778125,-0.147139,-0.40828502,0.08498226,-1.3526574,-0.45321128,0.1699411,-0.16766325,-0.662775,-0.187645,-0.0855705,-0.28996652,-0.026744992,-0.12339774,-0.62040997,0.094492495,-0.345081,-0.008410253,0.11049075,0.500675
366,-0.17004782,0.25798246,0.4427497,-0.33473828,-0.18790838,0.076043226,-0.15837348,0.25545976,0.10240419,-0.02112476,0.19063126,0.09041779,0.24921834,0.03265195,0.06663621,-0.25585127,0.113004945,0.24404031,-0.42986298,0.26376146,0.2295584,0.009529904,0.12928611,-0.0028367618,0.1349174,0.10554066,-0.18172044,-0.44266176,0.10150179,-0.2073783,-0.035637297,0.61964756,0.005661368,0.1163868,0.12531519,0.37910217,-0.07228113,0.18984723,-0.010200345,-0.25580245,-0.29476577,-0.18522993,0.11321302,-0.43729928,-0.2289315,-0.03469626,0.16241278,-0.36696327,-0.06819605,-0.80825955,0.10146903,0.011593428,0.15199222,0.97560155,-0.23773228,-2.2381516,0.008816468,-0.08867715,1.6146083,0.41049367,-0.13480264,0.7067046,-0.34151652,0.0053789006,0.78633124,0.03247583,0.5081727,0.41058517,0.08345537,-0.28625238,0.04183044,-0.33239722,-0.0027275078,-0.42727268,0.19395582,0.10890956,-0.1638092,-0.019949406,-0.7674143,0.0031820987,0.53305405,-0.20487092,-0.5318466,0.018073777,-1.3741355,-0.1608185,0.1558011,-0.097852446,-0.22293277,-0.32560754,-0.098914154,-0.048267275,-0.07052076,-0.102419145,-0.48082975,-0.032195248,-0.10705206,-0.27183622,0.47893184,0.27884993
367,-0.24491501,0.23012,0.048414,-0.29176998,-0.12665498,-0.095245,-0.052357,0.35794002,-0.096535005,-0.009065002,-0.027045,0.073271,0.19077998,0.16271001,-0.043665,-0.72925496,0.2195,0.490275,-0.58936,0.047022797,0.296659,-0.49272949,0.33694,-0.217157,-0.291954,0.028955001,-0.429185,-0.005820006,0.31732,-0.126545,0.24185,0.40999,-0.080867,0.20859501,0.35443503,0.28459,0.111545004,0.10176499,-0.156025,0.06331,-0.35642,-0.215088,0.0020714998,-0.53589,-0.182075,-0.0480505,0.219666,-0.44652,-0.02654,-0.73056,-0.142155,0.021075,0.40721002,0.994195,0.131805,-1.9021,0.087118,-0.098335005,1.6108501,0.15656999,-0.20391999,0.83273005,-0.51708,-0.3513065,0.47808,-0.19031,0.26242998,0.588685,-0.062527,-0.592345,0.2025985,-0.600115,0.1412725,-0.68824,0.061095,0.43522,-0.279935,-0.0654945,-0.632535,-0.169624,0.766165,0.045179002,-0.91459,0.0390535,-1.7038,-0.418095,0.710595,0.10633501,-0.57741,-0.096990004,0.13232501,-0.21747999,0.1260118,-0.339685,-0.744295,-0.18936999,-0.19739999,-0.07877895,0.743485,0.47573
368,0.14095001,-0.017145,0.85995,-0.50971997,-0.21917501,-0.009169996,-0.222633,0.38591,-0.016095012,0.28329548,0.047029987,0.316075,-0.06295,-0.092833996,-0.22440001,0.008330002,0.466245,-0.06177,0.058860004,0.2902825,0.44668502,-0.23994051,0.60968,0.217444,0.36571,0.18773401,-0.40636998,-0.46566498,-0.086366996,-0.40670502,-0.204275,1.15305,-0.03086,0.557595,-0.24331501,0.65603,0.27471915,0.206005,-0.5779,-0.416785,-0.4458,0.113383345,0.612625,-0.2348285,-0.219585,0.13950759,0.35915652,-0.378075,0.295845,-0.639825,-0.0040495005,-0.20296499,0.42016,1.2753,-0.67784,-3.32045,0.15659499,-0.1580205,1.73615,0.63227,0.090585,0.65446997,0.15151,0.31992,0.98082,-0.470295,0.58799,0.67263496,0.267545,0.0068449974,0.260085,-0.40110502,0.051699996,-0.52814,0.584845,-0.39346,-0.14336151,-0.1183505,-1.44015,0.383575,0.5801,0.16423,-0.71694,0.519735,-1.4106,-0.64155996,0.015544996,-0.2998,0.040299997,-0.115102,0.44656,0.17770499,-0.138645,0.29312098,-0.69622,0.0511685,-0.29704002,-0.66625,0.49359,0.47056
369,0.07306334,-0.11417534,0.35606667,-0.15925,-0.43741667,-0.27325532,-0.36663663,0.02092,0.059886675,0.08241501,0.19900034,-0.053039998,0.4375267,0.12203,0.08204567,-0.3658267,0.35665068,0.051433343,-0.015463333,0.65531665,-0.17847998,0.10262001,-0.16119666,-0.00068199885,0.044900566,-0.15734667,-0.25869396,0.101446666,0.028543001,-0.043824334,0.25681666,0.9903,0.052147996,-0.41198334,-0.036883336,0.31719932,-0.52186966,-0.10260833,0.293799,-0.27647367,0.42539933,-0.39668334,-0.091639996,-0.09378167,0.054310005,0.07745067,-0.0011433363,-0.3989123,0.27189934,-0.67148,0.44843802,0.10281533,-0.19473702,0.65269333,0.084968664,-1.7797166,0.29708233,-0.028813332,2.1660335,0.25333998,0.05822367,0.079796694,-0.21279998,-0.028270667,0.26798433,-0.303645,0.28938666,-0.21718533,0.858433,0.011803329,-0.26835668,-0.17284,-0.027886664,-0.37960336,0.62057334,0.37977,0.21142668,0.031383336,-0.7439167,-0.137877,0.66732335,0.105513334,-0.19964333,0.20143032,-1.6530333,-0.4385067,-0.26191667,-0.39328995,-0.37857735,-0.19821934,0.0062636733,0.2785667,0.17938668,-0.16635667,-0.25615665,0.38287035,0.20045668,-0.03895923,0.25944334,0.40045667
370,-0.14524718,0.27890313,0.46222323,-0.31736976,-0.19675888,0.18475926,-0.11751551,0.21663234,0.14779845,-0.08735928,0.23989478,0.08977989,0.32693204,-0.050917946,0.03074892,-0.23557174,0.13057572,0.23076461,-0.50067407,0.32634974,0.25286907,0.08046101,0.16296633,0.045753136,0.15565677,-0.017983807,-0.12836872,-0.49405393,0.18281122,-0.22987562,-0.008850563,0.6801125,0.1260546,0.1871721,0.1682593,0.33417282,-0.14362226,0.2850403,0.10410845,-0.28962454,-0.40507337,-0.07898261,0.16229951,-0.38239452,-0.18879515,0.02926702,0.35754776,-0.48257232,0.07196201,-0.9139977,0.0697693,-0.05794592,0.20152406,1.0580152,-0.2259098,-2.4018028,0.0047250665,-0.06758561,1.5558344,0.55603325,-0.12795132,0.77906436,-0.43050992,0.017642586,0.8949657,0.06221698,0.5445774,0.337266,0.10849401,-0.27967954,0.15609498,-0.25421253,0.05386915,-0.32920983,0.1467311,0.07962082,-0.1667428,-0.072867826,-0.83382785,-0.052324712,0.4672483,-0.0680786,-0.58901185,0.115419365,-1.5130136,-0.20818986,0.08763715,-0.27513838,-0.27797127,-0.3524967,-0.09286969,-0.023556197,-0.069326095,-0.042384584,-0.44735917,0.011821561,-0.16914092,-0.358432,0.425185,0.31843254
371,-0.177602,0.5037067,0.65847665,-0.18024467,-0.19459665,-0.04582666,-0.143892,-0.15081334,-0.19765,-0.3888137,0.02242666,0.11445,0.11137333,-0.28312668,-0.07918333,-0.50768,-0.094550006,0.17722966,-0.61529666,0.46067333,0.451547,0.54222333,-0.008366664,-0.36781,0.19702666,0.018405003,-0.3464267,-0.44759098,0.07028899,-0.34317335,-0.00022134185,0.23362069,0.11956934,-0.12261533,0.20222665,0.31285584,-0.091033004,0.15299506,-0.37942,-0.10015667,-0.29744,-0.15791133,0.19402327,-0.44745335,-0.007633338,-0.18997999,0.84775,-0.14888701,0.22999668,-0.57604337,0.021132668,-0.12113333,0.27954665,1.06799,-0.17871167,-2.5722666,-0.02964667,-0.09063933,1.5688,0.27213666,-0.084948994,1.285,-0.46145663,0.24197,0.7831033,-0.032596666,0.41792634,0.17018001,0.30697998,-0.13844433,0.23664634,-0.40986332,0.09855667,-0.28394666,0.4751967,-0.17325032,-0.143247,-0.20307334,-0.66312665,0.07189431,0.64974,0.17937468,-0.39988002,0.04085666,-1.5821667,-0.162819,-0.0137766795,-0.3786273,-0.41688666,-0.43492997,-0.023483336,-0.12883367,-0.23804231,0.12334,-0.66351,-0.059618335,-0.56266,-0.36037,0.26388368,0.35709998
372,-0.039236665,0.10433,-0.029321,0.025802337,-0.019673338,-0.410964,0.22737002,0.15147567,-0.42793664,0.026870003,0.02323133,-0.44164,0.0779,-0.18093567,0.5485334,-0.51027995,-0.39643732,-0.25486663,-0.07236533,0.07364399,0.3412433,-0.20710434,0.38348332,0.18577667,0.33088836,0.26625666,-0.50895333,-0.26204,-0.17798333,0.38027334,-0.22204866,0.38814998,-0.13837999,-0.20836334,0.112413324,0.37678668,-0.15854934,-0.04134,-0.055928003,-0.10025666,-0.075673334,-0.24422634,0.29285666,-0.15105335,0.103083335,-0.23478667,0.20056336,-0.26284668,0.26289332,-0.9172067,0.33894667,0.19206496,0.43022,0.8944333,-0.36752665,-2.0483,-0.7583466,-0.0023420013,1.9245001,0.34624,-0.155324,0.76945,-0.40984,0.08523067,0.4690968,-0.39301333,0.339698,0.08262333,0.19668,-0.38654336,-0.26854667,-0.18304767,-0.057843342,-0.35443,0.5240767,0.0073166587,-0.25669003,0.041235,-0.5711067,-0.24169667,0.36065963,0.18296666,-0.08171668,-0.069699995,-1.45571,-0.205446,0.26376727,-0.0003799945,-0.5743566,-0.15089665,0.14250232,0.350933,-0.07125998,0.39706,-0.74242336,0.16945,-0.12907334,-0.12792668,-0.08020333,0.090129994
373,-0.53662175,0.54517925,0.45135,0.0980675,-0.37244502,0.29433173,0.05938375,0.5377025,0.139205,-0.14017776,0.5899175,0.0076077487,0.00093349814,0.27809,0.14475875,-0.15342051,-0.11726675,-0.08340074,-0.21799201,0.36492997,0.56386304,-0.21027425,-0.1716225,0.042231485,0.17356,-0.024514988,-0.09945001,-0.33332,0.3307575,-0.22623876,-0.087468006,0.61271,-0.2967075,-0.16519749,-0.0098640025,0.44731998,0.012042135,0.325005,0.19314,-0.1634525,-0.026840001,-0.29677,0.011248503,-0.65146005,-0.3821975,-0.028745502,0.047877494,-0.15743749,-0.0024392512,-0.49089748,0.00435175,-0.036357503,-0.06741899,0.641,-0.20864066,-1.39332,0.09514424,0.012581992,1.3875251,-0.0014349967,-0.19434251,0.65991503,-0.14771499,-0.2624215,0.672835,-0.05454752,0.6369525,0.38132006,0.06906276,-0.13913499,0.11099051,-0.008759484,-0.11345275,-0.42164248,0.4197375,0.30927524,-0.16928351,0.213985,-0.37483096,-0.50032246,0.2153875,-0.7079875,-0.19138251,-0.034603506,-1.1860101,0.2960275,0.35865247,-0.37724176,0.07245001,-0.16863249,0.0128325075,0.47222,-0.215635,-0.2709625,-0.35509,-0.39704502,-0.1321825,-0.45997274,0.51167,0.22838
374,0.08412466,0.14021236,0.5606989,-0.13483445,-0.21274388,0.024769314,-0.31981555,0.20556301,-0.272796,-0.1075247,0.32651353,-0.05234244,0.24205558,-0.09874056,-0.099614434,-0.18336934,0.27682167,0.02884746,-0.4059233,0.19155765,0.29413798,-0.056457996,0.23411958,-0.06518586,0.19261332,-0.2316889,-0.08241866,-0.4542622,0.14491777,-0.19355164,0.064055234,0.40205887,0.169595,0.10574856,-0.14757222,0.12464877,-0.14545444,0.1422793,0.11431602,-0.3362173,-0.35376427,-0.23075888,-0.07229224,-0.4196521,0.069324434,0.30679035,0.36951044,-0.41902035,-0.044422217,-0.89521897,0.10233728,-0.19399397,0.24560945,1.0297555,-0.44465336,-2.5294888,-0.10293111,-0.032884665,1.8460555,0.55100226,-0.30737987,0.7528268,-0.29724094,0.07351223,0.66437674,-0.11129999,0.28823888,0.3509078,-0.11641423,0.04747523,0.038921554,-0.12447222,-0.28454778,-0.25979555,0.13820277,0.013846666,-0.101722226,-0.29294366,-0.878147,0.056480102,0.69640887,0.065869346,-0.44719395,0.21137378,-1.3915823,-0.40820488,-0.05923389,-0.2964353,0.03620033,-0.33708814,0.05427156,-0.14957517,-0.15149876,0.19983289,-0.42795336,0.08724111,-0.066291675,-0.13151278,0.6182933,0.19025178
375,-0.12575158,0.15934834,0.35459396,-0.39289784,-0.26835573,-0.026545027,-0.034773033,0.2358166,0.07987477,-0.043565605,0.1903808,0.07966105,0.36763692,-0.04748333,0.046667118,-0.41801563,0.072528236,0.2575032,-0.32392004,0.19968458,0.3069602,-0.016355114,0.2880247,-0.036249567,0.1497354,0.10922497,-0.30591395,-0.41306257,0.079014696,-0.23819222,-0.014269677,0.403982,-0.09676565,0.03088524,0.12057401,0.33338144,-0.03145696,0.06625541,-0.017038025,-0.26811135,-0.32928023,-0.22992033,0.007114615,-0.37102488,2.2211058e-05,-0.04631965,0.22559,-0.29016042,0.1374802,-0.749383,0.15322137,0.030521587,0.12109845,0.9554213,-0.20584744,-2.0563488,-0.114336416,-0.07062526,1.5847222,0.4884721,-0.22930707,0.8342412,-0.34866107,0.09335432,0.7124072,-0.004984166,0.3166314,0.26896942,0.09815405,-0.38687104,0.06721896,-0.3437329,0.031448204,-0.30021945,0.16965064,0.14295971,-0.19100176,-0.014278091,-0.65726507,0.018974794,0.49172312,-0.0602209,-0.573495,0.18097523,-1.3998398,-0.2841074,0.26092604,-0.14054944,-0.34678602,-0.23524944,-0.108539425,-0.08999942,-0.02836451,-0.032794446,-0.5802813,-0.07587296,-0.17206505,-0.16625279,0.39894658,0.25919563
376,-0.2971445,-0.054405004,0.052329987,-0.537585,0.06825,-0.0474345,0.090059504,-0.609025,-0.029345006,0.10437499,0.39756,-0.246845,0.16278,-0.2144955,0.310765,0.105819,-0.095161006,0.714933,-0.35391998,1.03371,-0.227697,-0.01684001,0.24096,0.44885,0.025344,0.341725,-0.012704998,-0.023744985,-0.49587,-0.21632999,-0.04085,0.99232996,0.29777,-0.008134998,0.82060504,0.331525,-0.82681,0.300935,-0.0969299,-0.47347,0.3562875,-0.100076996,0.1413,-0.42602998,-0.29795998,-0.12575501,-0.078397,-0.44826502,0.2627195,-0.353055,0.007615,-0.23631,-0.02901,0.399545,-0.105683,-1.448506,0.28305,0.309375,0.8126515,-0.1076525,-0.24006501,0.44847,-0.795695,0.360693,0.540215,0.4031655,0.56013,-0.063504994,0.467165,-0.66261,0.44613,0.170456,0.35266998,-0.89927995,0.33315623,0.480825,-0.174705,0.005874999,-0.238385,-0.381935,0.397145,-0.178435,-0.20038998,-0.022165,-1.09185,0.160725,0.2651715,-0.0198325,-0.373725,-0.14980501,-0.0332065,0.14559,0.282731,-0.15291,-0.24988998,0.00023500621,-0.423845,-0.13506499,0.5135,0.65480006
377,-0.1384503,0.30913782,0.36339584,-0.31732956,-0.21783407,0.054287404,-0.17903465,0.17519529,0.01958678,0.012712552,0.18937166,-0.03217973,0.1884194,0.02128006,0.1247516,-0.1406102,0.100407094,0.22307177,-0.31767002,0.28651586,0.17993303,0.04532804,0.013987589,-0.087699614,0.2719675,0.19291072,-0.12402145,-0.5322008,0.098297186,-0.29903853,-0.04722924,0.4981806,0.046226438,0.010182551,0.09407548,0.35955378,-0.08188068,0.2071452,0.105325155,-0.3167608,-0.15002595,-0.23914222,0.010000568,-0.5088019,-0.337301,0.0022590617,0.052349765,-0.39443716,-0.030431345,-0.8248065,0.065343566,0.010751863,0.07506304,0.94161254,-0.1725521,-2.0910058,0.01286741,0.005029945,1.6024851,0.3507576,-0.1336257,0.70805645,-0.40015957,0.08350117,0.65410554,0.038359676,0.57337815,0.26584163,0.1303304,-0.28691015,-0.0134190405,-0.2138188,0.002578739,-0.33196402,0.15170036,0.12578864,-0.13929875,-0.0716311,-0.6027038,-0.0190343,0.5022708,-0.12455436,-0.45562193,-0.00037382077,-1.3110254,-0.1803556,0.051209163,-0.16852891,-0.24345441,-0.27230954,-0.12690614,-0.030373698,-0.0016203057,-0.103087954,-0.43904743,-0.074055605,-0.07568551,-0.28307685,0.5329131,0.28032905
378,-0.13888077,0.21682923,0.4106987,-0.3967231,-0.053041615,0.034697846,-0.12826931,0.28498647,0.1529647,-0.08131646,0.23014386,0.04753407,0.24338153,-0.16712253,0.097926326,-0.15712692,0.22146422,0.056930926,-0.26325744,0.39021772,0.07012754,-0.07418808,0.15899894,0.056752462,0.10128784,0.14443709,-0.11135292,-0.34902695,-0.11730485,-0.086785465,-0.0032674556,0.5499208,-0.068947464,0.15591587,0.2725031,0.43644816,-0.14606737,0.25677252,0.10607539,-0.2533407,-0.25075224,-0.088462695,-0.024162922,-0.3532963,-0.19838116,-0.06618606,0.15027538,-0.27451944,0.1484326,-0.668084,0.058238395,-0.04547561,0.21475397,0.7669462,-0.3097132,-1.9439785,0.008157237,-0.10491239,1.3673608,0.2966792,-0.04960423,0.47973564,-0.25303346,0.11140773,0.7785046,0.02370985,0.38898656,0.27198163,0.14577585,-0.17859022,0.127272,-0.11469308,0.017685615,-0.4143723,0.03380585,0.09817978,-0.08550907,-0.019701304,-0.776267,-0.1362394,0.4380792,-0.11936954,-0.49477562,0.1366317,-1.0706667,-0.21595047,0.054666225,-0.19821957,-0.10501847,-0.19754663,0.14872724,-0.031943686,-0.10371976,0.069953084,-0.4055124,-0.07686354,-0.31028607,-0.33333057,0.55186754,0.29413617
379,-0.058688138,0.27949855,0.3907576,-0.41516402,-0.06624593,0.21850714,-0.28156957,0.23612651,0.14132036,-0.059975844,0.053767283,0.19050527,0.41964486,0.04778719,0.09654157,-0.2987443,0.20112035,0.35577637,-0.42155853,0.29622003,0.06508643,0.0020589998,0.20077313,-0.086304225,0.09859264,0.11393402,-0.06969165,-0.4575111,0.08160256,-0.30236483,0.061292853,0.46781716,-0.068311706,0.15431312,0.23461604,0.35877162,-0.09685119,0.199127,0.12825085,-0.2735314,-0.22447793,-0.12009995,-0.086209305,-0.4691875,-0.19855902,0.0040653036,0.074232645,-0.30069977,-0.11927421,-0.6865015,-0.055974107,0.03722388,-0.013496855,0.87350017,-0.29269075,-1.8499385,0.0644378,-0.107186995,1.4353203,0.38515988,-0.065642074,0.7389769,-0.26110545,0.16505516,0.7252303,0.036325008,0.51564896,0.31043655,0.019751927,-0.4677182,-0.047304537,-0.4528243,0.002541782,-0.32298377,0.011322285,-0.044921424,-0.054897573,-0.09493435,-0.6752127,-0.048977572,0.5251814,-0.041793726,-0.75940216,0.059933502,-1.3716671,-0.15586784,0.08302134,-0.17910661,-0.056846354,-0.3180123,-0.115471944,-0.04709155,0.013135643,-0.19768988,-0.3312107,-0.23052894,-0.046059076,-0.29328886,0.3951266,0.260317
380,-0.09038553,0.3061628,0.5053769,-0.13683388,-0.040759206,0.11978812,-0.20026328,0.18644153,-0.01435013,-0.064342976,0.15123092,-0.0022042664,0.2383438,-0.011403534,0.0850252,-0.2795734,0.19157787,0.23442914,-0.26625657,0.26474267,0.15843295,-0.026510673,0.0714798,-0.07596433,0.13754255,0.1312721,0.015957879,-0.41587403,0.07707992,-0.18272829,-0.084096335,0.49900588,0.01139786,0.10633125,0.16544592,0.33230752,0.107186586,0.22405252,0.005914721,-0.25956175,-0.3127299,-0.14233519,0.033154543,-0.35573623,-0.12671882,0.0099581,0.07451886,-0.22904156,-0.20096725,-0.7216732,0.036074862,-0.06387895,0.11416495,0.936754,-0.21989082,-2.1659431,0.005996795,-0.21774997,1.4775134,0.35672915,-0.124068625,0.7199007,-0.3667971,-0.019743478,0.8644718,0.13094105,0.39415133,0.22719344,0.16519152,-0.31193835,0.060766816,-0.28579712,0.027031414,-0.27857083,0.21737272,0.07475722,-0.16317178,-0.18812881,-0.6067686,0.016047167,0.45948085,0.09806731,-0.39491045,0.014012476,-1.2168096,-0.053651284,0.03767521,-0.19083968,-0.17349714,-0.21033917,-0.12449518,-0.091421016,-0.01782994,-0.018738346,-0.47514838,-0.11073125,-0.128924,-0.35241324,0.5048272,0.20672774
381,0.0,0.0,0.0,0.0,0.0,0.0,0.0,0.0,0.0,0.0,0.0,0.0,0.0,0.0,0.0,0.0,0.0,0.0,0.0,0.0,0.0,0.0,0.0,0.0,0.0,0.0,0.0,0.0,0.0,0.0,0.0,0.0,0.0,0.0,0.0,0.0,0.0,0.0,0.0,0.0,0.0,0.0,0.0,0.0,0.0,0.0,0.0,0.0,0.0,0.0,0.0,0.0,0.0,0.0,0.0,0.0,0.0,0.0,0.0,0.0,0.0,0.0,0.0,0.0,0.0,0.0,0.0,0.0,0.0,0.0,0.0,0.0,0.0,0.0,0.0,0.0,0.0,0.0,0.0,0.0,0.0,0.0,0.0,0.0,0.0,0.0,0.0,0.0,0.0,0.0,0.0,0.0,0.0,0.0,0.0,0.0,0.0,0.0,0.0,0.0
382,-0.14133736,0.12666419,0.32886425,-0.17661709,0.03807423,0.17101718,-0.10662466,0.23707451,-0.033088323,0.032579545,0.12920731,0.0012579734,0.22002979,0.07459801,0.114028364,-0.26481876,0.2716514,0.08059487,-0.45518377,0.064511284,0.2946275,-0.0009895556,0.198452,0.060660526,0.15507142,-0.08759957,-0.15968247,-0.37914023,0.14278117,-0.09846803,-0.136031,0.4124607,-0.016484175,0.08904072,-0.005678726,0.35847384,-0.12289774,0.20159374,-0.07454935,-0.15294911,-0.3858538,-0.24163145,0.1759871,-0.3427949,-0.050618265,-0.021845603,0.040825874,-0.35351816,0.028043294,-0.70887566,0.041205805,-0.007469663,0.124709964,0.9180721,-0.2869713,-2.1021848,-0.15385255,-0.15810078,1.6367383,0.4019671,-0.19738273,0.58672774,-0.3048342,0.114258274,0.5275086,-0.043010823,0.32933673,0.33337837,0.08459456,-0.12607437,-0.175035,-0.22914688,-0.08241654,-0.41582006,0.18695022,0.20832586,-0.121074,-0.00017471102,-0.8203744,0.005263778,0.54268,-0.046585046,-0.40286103,0.09523493,-1.1555394,-0.19629154,0.1276515,-0.02694748,-0.18471162,-0.23907797,-0.018902801,-0.07346984,-0.025568822,0.013614713,-0.4984507,0.009204957,-0.08445738,-0.135266,0.4737513,0.12727107
383,0.055195015,0.29996735,0.2893825,-0.49714324,-0.12520476,0.124497995,-0.13191465,-0.0134225,-0.29870674,-0.0828725,0.25804302,-0.06063875,0.029444998,0.20591,0.4285695,-0.3164075,0.10773749,0.16133998,-0.13384,0.521525,0.2183225,0.2118475,0.1728965,-0.24746801,0.08185001,-0.26007023,-0.1136775,-0.54093,0.016120005,0.01336975,0.1986765,0.54391956,-0.11626248,-0.34099752,0.15375751,0.487075,0.009445265,0.024775255,-0.007087499,-0.41031498,-0.026947498,-0.20836101,-0.24428502,-0.5340125,-0.363675,0.102542505,-0.26013026,-0.2681675,-0.139494,-0.66752,0.08467312,0.24639024,0.0992705,0.7383575,-0.11627299,-2.22885,-0.09961,-0.10476501,1.6615674,0.2403275,0.20965251,0.91372997,-0.33951026,0.31886476,0.605475,-0.06536876,0.63024247,0.36582202,0.12027609,-0.07453501,-0.07095249,-0.41809252,-0.2624025,-0.369705,0.1298225,0.068786,-0.035919677,0.0042022495,-0.8020675,0.12871951,0.75821495,0.0383375,-0.4911375,0.08474001,-1.114125,-0.16865826,-0.10859226,-0.28829277,-0.09283875,-0.4035045,-0.18039924,-0.1265075,0.088542506,-0.40532547,-0.79774255,0.06246373,-0.33795002,-0.17045501,0.478141,0.015150253
384,-0.16224988,0.13026005,0.44592232,-0.21034487,-0.1387902,0.14303733,-0.14028087,0.2515258,0.016690241,0.0003097421,0.17974257,0.04035066,0.12805563,-0.08377497,0.08765406,-0.21263362,0.080357164,0.08984543,-0.28266332,0.22972342,0.24478823,0.057428952,0.1400985,-0.043069415,0.14120243,-0.041414645,-0.11395686,-0.33695385,0.12130888,-0.17822854,-0.12846698,0.43888262,0.018338157,0.029243547,-0.0108081335,0.296513,-0.17550965,0.18814531,0.03747498,-0.16650492,-0.38112894,-0.14515601,0.08146727,-0.31981057,-0.1468068,0.0278529,0.21972907,-0.32505646,-0.023144081,-0.7169681,0.12559676,-0.08646502,0.08204882,0.91473114,-0.26614448,-2.2641897,0.022865271,-0.14479476,1.5545149,0.42607468,-0.15095393,0.690225,-0.2409781,0.025024159,0.6727924,-0.06749124,0.41115046,0.24907869,0.16499208,-0.17627175,0.012336913,-0.25174752,-0.0876754,-0.28404188,0.19197859,0.12402357,-0.15614922,-0.07893607,-0.7917509,-0.030076412,0.48271236,0.004292959,-0.46013916,0.11977228,-1.3374316,-0.13469173,0.059943292,-0.15591793,-0.22374338,-0.2926236,0.006062874,0.035120144,-0.15750669,-0.008150872,-0.42099592,-0.00666841,-0.12055333,-0.20440541,0.44431144,0.24908215
385,-0.25492874,0.2405635,0.36637092,-0.18040492,0.00030158833,0.11003197,-0.06550175,0.20754516,0.22354327,-0.008531588,0.16325325,0.09642591,0.109008335,-0.2736175,0.00083541713,-0.34745166,0.40844002,0.25680342,-0.3099004,0.23929282,0.23382568,-0.15521918,0.1766147,0.09663995,0.11708405,-0.22624908,-0.15874454,-0.57393235,0.10896647,-0.17794909,-0.18315065,0.66581,-0.25828925,-0.047765832,0.037930418,0.6758116,0.017322503,0.029809749,-0.03116008,-0.20092316,-0.14993916,-0.31835786,0.0709,-0.83218247,-0.17385049,0.19888665,0.08047666,-0.35301515,-0.15385498,-0.86098915,0.04367749,0.06314522,0.16214277,1.0296484,-0.03049834,-2.2257116,-0.254028,-0.33724162,1.6430253,0.26726136,-0.06974885,0.37348542,-0.13659342,0.211406,0.76750416,-0.10843808,0.3016325,0.415316,-0.0753543,-0.39490342,-0.14722551,-0.47059354,-0.191871,-0.28737193,0.126568,0.121084265,-0.2814834,0.013199077,-0.6383334,-0.12501454,0.47220394,-0.09370375,-0.52693266,-0.014934666,-1.0447037,-0.16323276,0.30386773,0.058653925,0.0052780844,-0.14797492,-0.22892183,0.05763425,-0.03688867,-0.45981205,-0.56681347,-0.17101242,0.108592175,-0.22600251,0.62807417,0.10321816
386,-0.122520365,0.16462804,0.24905682,-0.17422356,0.0011229311,0.09880315,-0.034091346,0.18886928,0.043676127,0.091334395,0.06226748,0.033753812,0.33080065,0.046719998,0.05134286,-0.19006217,0.17293632,0.09816956,-0.35456726,0.1331992,0.26664853,-0.01919651,0.21601635,0.02608646,0.19533037,-0.082680784,-0.10772898,-0.3551495,0.02999527,-0.12541987,-0.019619806,0.374611,-0.056152105,-0.017767569,0.08477774,0.27887392,-0.021784697,0.15769717,0.0025522108,-0.12199224,-0.33744773,-0.2019103,0.13682286,-0.33329353,-0.027406981,0.0052211783,0.17925471,-0.29021442,-0.04266447,-0.7157939,0.08317415,0.062858224,0.15400021,0.9526241,-0.1987039,-2.0036457,-0.032376416,-0.16232869,1.5679504,0.331145,-0.20650782,0.60186553,-0.19856746,0.10010075,0.73753583,-0.08940417,0.34496912,0.24751598,0.1190273,-0.23785636,-0.065556124,-0.23693442,-0.077086575,-0.34982115,0.16376488,0.068857275,-0.08055212,-0.018846588,-0.81508183,0.00861683,0.5422048,-0.0062545263,-0.42852145,0.099858366,-1.2512519,-0.14683042,0.14192939,-0.04994051,-0.1776849,-0.31413805,-0.09805236,-0.0048031537,-0.1424192,0.04667037,-0.38430133,-0.028568963,-0.079470865,-0.2521461,0.4379857,0.17331685
387,-0.037498053,0.11578701,0.16614124,-0.27914804,0.023572471,0.10209621,-0.014557217,0.29985276,0.050643682,0.12672924,0.24919038,0.03835806,0.13852894,0.12467688,0.046669267,-0.29910475,0.27757916,0.31743154,-0.34863052,0.3021552,0.1123931,-0.027252063,0.21023579,0.09963353,-0.08045775,0.01012179,-0.02353483,-0.36848482,-4.685082e-05,-0.2788818,0.16448946,0.46630472,-0.15051949,0.046360917,0.2209465,0.35451737,-0.020847695,0.0961689,-0.22263864,-0.15396859,-0.23142499,-0.21563362,0.07978011,-0.36970907,-0.06546873,-0.041745894,0.06447532,-0.4569942,0.09495863,-0.69207305,0.21358128,-0.093950525,0.15028237,0.8494379,-0.09267181,-1.7689303,-0.028588712,-0.23475952,1.6532631,0.4254221,-0.11478079,0.4048267,-0.29878214,0.12925565,0.6825052,-0.04118647,0.3316119,0.2525733,0.19819172,-0.20640668,-0.074279636,-0.1754312,-0.026569223,-0.33388197,0.104173034,0.24640942,-0.24423419,-0.011274154,-0.80726844,-0.08288221,0.6630832,-0.080035,-0.45106843,0.10835246,-1.3205715,-0.24860202,0.21754754,-0.080316566,-0.2910944,-0.28080723,-0.09680437,-0.052118886,-0.049461026,-0.1956921,-0.31071544,-0.03478184,-0.04811755,-0.025092388,0.4739085,0.06289705
388,-0.03926256,0.15635367,0.3289068,-0.26856607,-0.1411119,0.22822717,-0.11619317,0.15835531,5.5672142e-05,0.017730404,0.16703916,0.079047,0.19854225,-0.008912988,0.120148525,-0.2443989,0.09313315,0.22677869,-0.43860334,0.32382157,0.13099799,0.09885558,0.025028052,-0.024198754,0.18685289,0.16600369,-0.12272287,-0.43675828,0.25844765,-0.1843353,-0.07076442,0.5815192,0.07885062,0.04934294,0.062289216,0.2760076,-0.17666072,0.19396499,-0.020140616,-0.26537934,-0.2355647,-0.09608546,0.29358995,-0.443618,-0.15673772,-0.0859445,0.11574348,-0.29033023,0.012001609,-0.7799558,0.015262482,-0.024253407,0.117952526,0.8750239,-0.25555643,-2.1673331,0.0970749,-0.013397966,1.4483374,0.37653846,-0.05329518,0.68534815,-0.44080353,0.08380171,0.6677667,0.0028271459,0.49638528,0.3246732,0.0293367,-0.24904363,-0.011506736,-0.15723021,0.009671677,-0.46391857,0.13117616,0.3211508,-0.18620715,-0.04852784,-0.64960676,-0.10759981,0.45704627,-0.061225433,-0.396659,0.027581625,-1.2137783,-0.21706177,0.07882031,-0.1453013,-0.321624,-0.31765512,-0.123129666,-0.10758054,0.08745697,0.019985976,-0.4669476,-0.10670903,-0.14288059,-0.24339074,0.35276842,0.2467981
389,-0.16723977,0.35615933,0.3405077,-0.45373774,-0.27467847,0.3473935,-0.19819655,0.23894078,0.31992495,-0.048242226,0.16588432,-0.01917232,0.32066077,0.096916474,0.06764631,-0.08463269,0.21053483,0.4895997,-0.41739446,0.49888965,0.2320322,0.12752014,-0.0015696883,-0.27528623,0.09987492,0.2216182,-0.23046614,-0.5132269,0.1662753,-0.29800746,-0.0054056374,0.7766685,0.0065865517,-0.07139863,0.3101446,0.48009694,-0.18462886,0.23823747,0.32435,-0.5530063,-0.06964615,-0.100322,-0.117113225,-0.5754588,-0.34391275,-0.03889654,0.0073644626,-0.30938438,-0.107969694,-0.87403613,0.06344231,0.0020071268,0.05291992,0.81098694,-0.17451721,-2.2080677,0.05928477,0.037758622,1.7254993,0.33996075,-0.24646021,0.6744416,-0.40958345,-0.02242013,0.88521224,0.28626922,0.82832307,0.38578156,0.0021150692,-0.29485306,-0.08674069,-0.20213692,0.06750016,-0.43642458,0.070740566,0.007071401,0.053450532,-0.098724395,-0.6166098,-0.11232123,0.62405616,-0.41945502,-0.70689744,-0.0030400031,-1.5151883,-0.19793232,0.21791977,-0.19856389,-0.178497,-0.35072616,-0.15961862,0.06262537,0.13729869,-0.25025716,-0.42132345,-0.22633116,0.026843099,-0.33109072,0.48903078,0.3416195
390,-0.013278499,0.2418,0.69767,-0.427995,-0.16062,0.52405,0.06848499,-0.06737001,-0.1921375,0.1790026,0.10386499,0.282741,-0.0036599934,0.060620002,-0.29134,-0.1765035,0.208515,0.037530005,-0.090775006,0.499715,-0.071471006,0.34265,-0.1441475,0.13372,0.49769503,0.392621,-0.36283952,-0.85004497,0.4606495,-0.146395,0.086710006,0.47541875,0.744295,0.265885,-0.135765,0.65498495,-0.63175,0.27021798,0.2287215,-0.52373004,0.27847,-0.097301,0.778835,-0.67114496,-0.12679501,-0.119435,-0.44740498,-0.36619502,0.045392,-1.0373499,0.007149998,0.030792002,0.295441,0.76797,-0.043245003,-2.381,0.2798,0.70041,1.30576,0.101117,0.24584001,1.291155,0.116835,0.14184105,0.857685,0.05325,0.52727,0.17929,-0.14352,-0.21596,-0.244175,0.44834,0.35999,-0.36282498,-0.203085,0.73460996,-0.2044,-0.42457,-0.03388998,-0.008901503,0.1075695,0.142295,-0.132175,-0.23629999,-1.400465,-0.46942997,-0.60188997,0.13851498,-0.342269,-0.205498,-0.297825,0.42422998,0.90513,0.35575002,-0.98213,-0.509385,-0.48374498,-0.328955,0.443565,0.900855
391,-0.38517502,-0.64089,0.050614998,-0.527225,0.07833998,-0.327026,0.401605,-0.339543,0.883435,0.0886195,0.489195,-0.415005,0.07418,-0.539394,0.369245,0.30506,-0.15777099,0.1859625,-0.11338499,0.251215,0.36436498,-0.085585,-0.08308001,0.658855,0.037529,0.66612506,-0.057529986,0.113115,-0.51600504,-0.0039450005,0.478,0.92293495,-0.0485885,-0.080475,0.68568504,-0.417105,-0.472875,0.233915,0.051895,-0.58105505,0.21623051,0.54543495,-0.118504,0.010139998,0.15527001,-0.23253,-0.37314,-0.049640007,0.18607126,0.51367,0.29421002,0.008660004,0.25995,-0.35277,-0.511405,0.18350002,-0.28548497,0.22690949,0.37047,-0.336365,0.073944986,-0.2307765,-0.101215,-0.12081,-0.023145005,0.282525,0.45364302,-0.39453,0.39483002,-0.034140006,0.512295,0.46233,-0.027359992,-0.63438,0.172575,0.57527006,0.316555,-0.451783,-0.10293999,-0.3192334,-0.35841,-0.4784655,0.18408498,0.1845305,-0.0457745,-0.07413499,0.27167463,-0.33232498,0.032409996,0.742455,-0.057134986,0.818835,0.08608,-0.405695,0.393845,0.117265,0.39572,-0.69533,0.71988297,-0.14171
392,0.013315003,0.30455852,0.4176125,-0.049100503,-0.17055474,-0.28409553,-0.180465,-0.022018246,-0.01807475,0.15159674,0.14486575,-0.1810675,0.386465,-0.057095997,-0.11974826,-0.1968535,0.340188,0.1275375,-0.3305075,0.49550754,0.08213501,0.1383875,-0.007791003,-0.07756275,0.19499293,-0.36852252,-0.15946047,0.15493,0.18891649,-0.198641,0.24038252,0.58869255,0.2656775,-0.05996,0.13951251,0.09751824,-0.5332848,-0.11669426,0.099371016,-0.16537775,0.054844998,-0.07711751,0.12887248,-0.0027785003,0.39519498,0.45158798,0.46393502,-0.599495,0.2515775,-0.800035,0.358095,-0.075975254,-0.098791756,0.86513,0.09067375,-1.7649376,0.14035925,0.045164995,1.974175,0.4457025,-0.23388001,0.256725,-0.2950275,-0.2009925,0.47861576,-0.14723499,0.134345,-0.16282651,0.629439,0.11583001,0.02365999,-0.1675625,-0.3103425,-0.0073674917,0.366965,0.26589176,0.0065625086,-0.26942825,-0.80527997,-0.056487747,0.609065,0.18128851,-0.2147075,0.2800425,-1.4306101,-0.5200175,-0.19316326,-0.40548998,-0.186592,-0.19954525,0.167404,0.4032243,0.039877504,-0.20937349,-0.3117875,0.41093278,0.13431251,0.09938875,0.28757998,0.242154
393,-0.007761801,0.33154088,0.42418933,-0.46912774,-0.22470324,0.11668062,-0.096591465,0.23108856,-0.0040871305,-0.055486213,0.18093057,0.1520889,0.2579982,0.060670596,0.06872819,-0.2631817,0.08897841,0.18235943,-0.39392096,0.36934912,0.31759572,0.120440915,0.21366625,-0.03712035,0.23802507,0.08380497,-0.25461832,-0.55668086,0.14001867,-0.25490588,-0.09204675,0.63111126,0.049404006,0.13433531,0.0497651,0.3801231,-0.055721186,0.28305107,0.009302074,-0.25867155,-0.40603787,-0.099032834,0.23584363,-0.42006826,-0.27476096,-0.07091202,0.22161785,-0.374307,0.019954836,-0.8881068,0.040116083,-0.121095456,0.13675866,1.1050447,-0.27872533,-2.5728483,0.0781397,0.0012504325,1.5523877,0.6178929,-0.14220503,0.9433239,-0.34555763,0.08825141,0.76561224,0.05006995,0.6687225,0.4284123,0.030183937,-0.22516258,0.12128335,-0.3206883,0.0064254217,-0.37525028,0.13568401,0.095881805,-0.10607127,-0.052471578,-0.8792556,0.006927278,0.5511903,-0.04433688,-0.5973667,0.17951402,-1.4782002,-0.31055507,-0.00070589705,-0.20049074,-0.35792872,-0.36354965,0.03133912,-0.1724672,-0.071058646,0.0611511,-0.59051406,-0.0070693926,-0.27691314,-0.35485548,0.40723968,0.37282872
394,-0.06783244,0.19588894,0.3625031,-0.3165187,-0.055835534,0.1788752,-0.060642563,0.19964972,0.09440346,0.020624783,0.27980193,0.10089267,0.26614532,0.0266342,0.17069747,-0.2631336,0.19807339,0.08588187,-0.32184696,0.15168291,0.18695897,0.15237647,0.12273593,-0.011358034,0.14996502,-0.031087164,-0.09696938,-0.32717487,0.06293056,-0.13368437,0.08121383,0.42439568,0.09011236,0.02930782,0.07529431,0.29448813,-0.1552749,0.1999342,0.08621718,-0.17920133,-0.2507078,-0.2348723,0.14751686,-0.33646414,-0.05335777,0.03777092,0.04101844,-0.32624024,0.010552681,-0.72186047,0.09319368,0.15692015,0.12944339,0.9027538,-0.30921367,-1.9177121,-0.063097574,-0.11743508,1.5397056,0.42076522,-0.10957778,0.80875653,-0.24913964,0.100910455,0.6109765,0.024716513,0.45904472,0.17537227,0.19367751,-0.26062128,-0.061702713,-0.19840008,0.061020605,-0.38223335,0.063512705,0.17875005,-0.011799121,0.005828166,-0.8256301,-0.048301242,0.546796,-0.013857982,-0.46345484,0.032000966,-1.2096411,-0.16203783,-0.009721132,-0.20690721,-0.27421924,-0.254411,-0.15540792,0.030563125,0.06540721,0.040889572,-0.45803833,-0.03917178,-0.19279435,-0.20660678,0.48809078,0.19254021
395,-0.035877597,0.17854103,0.24959314,-0.31693235,-0.2587096,0.19771412,-0.15829256,0.2644712,0.019819507,-0.034013808,0.18710016,0.1309157,0.22746718,0.09516356,0.01347859,-0.32923695,0.17025098,0.3637186,-0.5078882,0.27965772,0.10330607,-0.009148569,0.10029883,-0.027346902,0.10085877,0.006014943,-0.25871858,-0.46356598,0.20143393,-0.25384814,0.002459354,0.5952514,0.06708441,0.10034759,0.017817575,0.3576949,-0.14967676,0.18362784,0.03951322,-0.25136283,-0.2857866,-0.1649388,0.083111756,-0.43155843,-0.22318092,-0.05928477,0.18133985,-0.4496773,0.051516574,-0.88618976,0.015704153,-0.039059322,0.1406698,0.9521856,-0.20932828,-2.0861793,0.0058889487,-0.026774496,1.495542,0.48310223,-0.11576082,0.7397989,-0.3865388,0.008914488,0.7660343,-0.024119655,0.43595704,0.38212594,0.069898345,-0.26997197,0.04775029,-0.30278435,-0.043496836,-0.4680768,0.10660719,0.14840421,-0.1898077,-0.036505673,-0.78318393,0.006996381,0.5999747,-0.21791928,-0.4722201,0.016158449,-1.4435265,-0.24538411,0.15777928,-0.14249028,-0.2882468,-0.25469223,-0.10971357,-0.103307396,0.043555267,-0.091398016,-0.49906796,-0.056075085,-0.10842969,-0.21100347,0.39153758,0.33895656
396,-0.17642733,0.23294884,0.5503988,-0.22768766,-0.11026311,0.116363764,-0.16219845,0.18133825,0.14643623,-0.038271528,0.15294868,0.105232656,0.29199782,-0.08549026,0.11971485,-0.23774298,0.13710545,0.0852255,-0.29401627,0.28844443,0.15006539,-0.07260952,0.13874619,-0.050423,0.14984894,0.021137847,-0.055699445,-0.48357832,-0.03545417,-0.2468862,-0.038625844,0.46362534,0.025905332,0.005694008,0.10832464,0.29133952,-0.017856902,0.111114234,0.0959608,-0.2497406,-0.37792087,-0.12732664,0.18154168,-0.40550122,-0.118390046,-0.014104888,0.24951744,-0.2872266,-0.19247498,-0.7190317,0.14994992,-0.04739983,0.19854091,0.96426374,-0.30124623,-2.2215502,0.018485911,-0.22208592,1.6208913,0.39718407,-0.14341782,0.6190298,-0.21594429,0.057828948,0.8403253,-0.056914903,0.39146832,0.26344728,0.043977395,-0.2838836,-0.029868977,-0.29071534,-0.117150344,-0.3287702,0.23997727,0.048821554,-0.13089372,-0.08459696,-0.87150615,0.0050963587,0.42901042,-0.029722847,-0.5209306,-0.023070041,-1.2289656,-0.18660049,0.14603727,-0.072046354,-0.07391797,-0.30188057,-0.095419034,-0.019516774,-0.08477247,-0.0003958579,-0.43875864,-0.06978916,-0.1455802,-0.31402984,0.48102525,0.22176063
397,-0.11570606,0.18004756,0.3473801,-0.29725662,-0.14462797,0.18405534,-0.13625023,0.29245937,0.0039821574,0.0040168627,0.16636743,0.08315842,0.30987895,0.003765007,0.06639159,-0.27610898,0.14676312,0.15044609,-0.4572517,0.2041097,0.1802346,-0.024645876,0.14407818,-0.040646017,0.18928316,0.062051743,-0.17116666,-0.4992161,0.12269131,-0.22155125,-0.02873493,0.5311665,0.022523867,0.09326038,0.11405537,0.36216408,-0.06605526,0.30624464,0.0051758084,-0.24357794,-0.36961886,-0.20863827,0.22848529,-0.39831933,-0.16510266,-0.02886367,0.1607803,-0.3638678,0.046557665,-0.79369277,0.0887223,-0.028685857,0.1952208,0.99907273,-0.32830784,-2.3046887,0.006970847,-0.07315069,1.5874374,0.56601554,-0.15318617,0.7465813,-0.36296147,0.04336133,0.77540404,-0.053599834,0.5168829,0.40908504,8.361908e-05,-0.20432569,0.002944584,-0.29346356,0.01635662,-0.39901477,0.20404726,0.17297971,-0.17923822,-0.046045896,-0.792968,-0.031019535,0.57155275,-0.06730685,-0.4292365,0.08953247,-1.3891402,-0.2363073,0.056281656,-0.1566977,-0.2573127,-0.36092627,-0.09252816,-0.14641957,-0.04598614,0.04533602,-0.5052195,-0.043072555,-0.17133483,-0.24351132,0.3946841,0.25234663
398,0.0029091032,0.0757522,0.48984137,-0.33210596,-0.18055722,0.20026405,-0.05481204,0.28854638,0.33937266,-0.091642655,0.16751352,0.23781742,0.24826878,0.19946928,0.0486181,-0.20393966,0.05953037,0.17010517,-0.36078802,0.32034743,0.23951785,0.1447405,-0.015307488,-0.06530191,0.13051362,0.15576237,-0.1955568,-0.4749032,0.09776325,-0.17886898,-0.12690705,0.5970981,0.16448869,0.049782783,0.059510354,0.30228183,-0.08071315,0.17759101,0.20750141,-0.28880858,-0.37892035,-0.061924428,0.14500594,-0.40522513,-0.16505706,-0.043304387,0.15041229,-0.31250972,0.021582862,-0.68391824,-0.07427383,-0.03585166,0.26797205,0.8425824,-0.36548433,-1.9943562,-0.00040907584,0.04884512,1.1784139,0.3803553,-0.05096559,0.6621702,-0.28298807,-0.04093742,0.63757014,0.06541339,0.52207166,0.3349151,-0.0086121755,-0.012243962,0.0652109,-0.23519173,-0.05225792,-0.2718009,0.22614479,0.07501868,-0.033507876,-0.15923312,-0.6886997,-0.014905665,0.45378283,-0.1127104,-0.47445875,-0.066663146,-1.2149961,-0.28626025,-0.053744305,-0.16736014,-0.22024536,-0.34946635,-0.008032181,-0.15922467,0.016977485,0.013461132,-0.2640311,-0.10872458,-0.15425189,-0.32941526,0.24799213,0.24326973
399,-0.14603968,0.33018327,0.35931113,-0.13304846,-0.13176224,-0.07186242,-0.028199526,0.23877332,0.0269936,0.17379813,0.14189376,-0.03594627,0.17684896,-0.044856116,0.04487966,-0.23396215,0.1517539,0.06089752,-0.19596373,0.3651635,0.20574695,-0.055071797,0.093912475,0.016018331,0.16668859,0.074390285,-0.16541302,-0.38154835,-0.031034404,-0.10020249,-0.17183203,0.598129,-0.08175915,0.035680898,0.19380677,0.29509372,-0.06583607,0.18257901,-0.008707676,-0.15987399,-0.09318703,-0.18746097,0.22713959,-0.3326401,-0.07418455,0.034469835,0.13973948,-0.24274544,0.015091427,-0.7680454,0.083415985,-0.064834625,0.16885436,0.9037788,-0.24624561,-2.141287,0.09580835,-0.119773865,1.4860489,0.27746338,-0.12807648,0.58066124,-0.3289186,0.015663574,0.73865175,0.021794239,0.41269678,0.2119362,0.20050973,-0.1429984,-0.0053757173,-0.13457182,-0.0034394846,-0.25737768,0.31714404,-0.004101286,-0.15850721,-0.015310439,-0.71197116,-0.060789425,0.4975509,-0.008238383,-0.45598072,0.14133398,-1.2256677,-0.078098364,0.1203715,-0.16913578,-0.2881365,-0.33610168,-0.0076970854,-0.009785613,0.019086173,-0.061317388,-0.34519055,0.00041822717,-0.17319934,-0.39498144,0.432943,0.16741325
400,-0.08830009,0.34464818,0.54381114,-0.34024665,-0.06563461,0.1684623,-0.21468267,0.18722317,0.27058482,-0.060801376,0.26394767,0.21300496,0.32251734,-0.10594106,-0.008254916,-0.2957775,0.16604087,0.25812113,-0.38677427,0.3288813,0.19722949,0.09895566,0.12717038,-0.12773684,-0.015726957,0.079466484,-0.12484826,-0.43853647,0.011393167,-0.3083288,0.05519703,0.5262043,0.124065876,-0.044616405,0.08014986,0.40148926,-0.10658054,0.13350782,0.16490631,-0.29114482,-0.14679922,-0.08760672,-0.004702694,-0.38238317,-0.2556791,-0.09192498,0.14021422,-0.3790655,-0.16084972,-0.704556,0.14984605,0.058999896,0.1868177,0.87805825,-0.2708572,-1.9534535,-0.035417866,-0.1530134,1.5897619,0.40735194,-0.10663752,0.7228514,-0.21405423,-0.01604952,0.7754012,0.21831037,0.5463743,0.31095362,0.17161047,-0.32281712,0.024512557,-0.3130996,0.035549123,-0.3277894,0.1314021,0.078409225,-0.082244165,-0.12055466,-0.7388843,0.09404587,0.49787387,0.018337006,-0.59626824,-0.013783577,-1.1678418,-0.25679407,-0.012566431,-0.15824011,-0.22422971,-0.30289495,-0.04770475,0.0696388,0.12101708,-0.35363612,-0.44169605,-0.08649752,-0.024844164,-0.25536603,0.5478956,0.2708214
